date,vix,brent_oil,dxy,sp500,us10y_yield,sp500_pe10,gold_usd,cpi_index,cpi_mom_pct,cpi_yoy_pct,dxy_ret,sp500_chg_30d,gold_chg_30d,real_rate,risk_regime
2013-01-01,18.02,110.8,79.80862662210106,1480.4,1.91,21.9,1672.0,230.28,0.3,1.5948646681225531,,,,0.3151353318774468,Trung tinh
2013-01-02,14.68,112.98,79.75981118930393,1480.4,1.91,21.9,1672.0,230.28,0.3,1.5948646681225531,-0.06116560936234583,,,0.3151353318774468,Risk-on
2013-01-03,14.56,113.03,80.11960988894297,1480.4,1.91,21.9,1672.0,230.28,0.3,1.5948646681225531,0.4511027474539686,,,0.3151353318774468,Risk-on
2013-01-04,13.83,112.58,80.60205733573348,1480.4,1.91,21.9,1672.0,230.28,0.3,1.5948646681225531,0.6021590063397086,,,0.3151353318774468,Risk-on
2013-01-05,13.83,112.58,80.60205733573348,1480.4,1.91,21.9,1672.0,230.28,0.3,1.5948646681225531,0.0,,,0.3151353318774468,Risk-on
2013-01-06,13.83,112.58,80.60205733573348,1480.4,1.91,21.9,1672.0,230.28,0.3,1.5948646681225531,0.0,,,0.3151353318774468,Risk-on
2013-01-07,13.79,112.49,80.29952735154691,1480.4,1.91,21.9,1672.0,230.28,0.3,1.5948646681225531,-0.375337794327546,,,0.3151353318774468,Risk-on
2013-01-08,13.62,113.03,80.42260319827314,1480.4,1.91,21.9,1672.0,230.28,0.3,1.5948646681225531,0.1532709478941241,,,0.3151353318774468,Risk-on
2013-01-09,13.81,113.07,80.46985789806337,1480.4,1.91,21.9,1672.0,230.28,0.3,1.5948646681225531,0.05875798334173954,,,0.3151353318774468,Risk-on
2013-01-10,13.49,112.97,79.88677421333583,1480.4,1.91,21.9,1672.0,230.28,0.3,1.5948646681225531,-0.7245988746073961,,,0.3151353318774468,Risk-on
2013-01-11,13.36,110.3,79.5091625976694,1480.4,1.91,21.9,1672.0,230.28,0.3,1.5948646681225531,-0.47268351912422846,,,0.3151353318774468,Risk-on
2013-01-12,13.36,110.3,79.5091625976694,1480.4,1.91,21.9,1672.0,230.28,0.3,1.5948646681225531,0.0,,,0.3151353318774468,Risk-on
2013-01-13,13.36,110.3,79.5091625976694,1480.4,1.91,21.9,1672.0,230.28,0.3,1.5948646681225531,0.0,,,0.3151353318774468,Risk-on
2013-01-14,13.52,111.32,79.50455336784492,1480.4,1.91,21.9,1672.0,230.28,0.3,1.5948646681225531,-0.00579710523150867,,,0.3151353318774468,Risk-on
2013-01-15,13.55,111.72,79.55838422200074,1480.4,1.91,21.9,1672.0,230.28,0.3,1.5948646681225531,0.0677078882598936,,,0.3151353318774468,Risk-on
2013-01-16,13.42,110.97,79.7576284572686,1480.4,1.91,21.9,1672.0,230.28,0.3,1.5948646681225531,0.25043775991211437,,,0.3151353318774468,Risk-on
2013-01-17,13.57,111.01,79.68893251922388,1480.4,1.91,21.9,1672.0,230.28,0.3,1.5948646681225531,-0.08613086844917461,,,0.3151353318774468,Risk-on
2013-01-18,12.46,111.71,80.08810042776672,1480.4,1.91,21.9,1672.0,230.28,0.3,1.5948646681225531,0.5009075864412349,,,0.3151353318774468,Risk-on
2013-01-19,12.46,111.71,80.08810042776672,1480.4,1.91,21.9,1672.0,230.28,0.3,1.5948646681225531,0.0,,,0.3151353318774468,Risk-on
2013-01-20,12.46,111.71,80.08810042776672,1480.4,1.91,21.9,1672.0,230.28,0.3,1.5948646681225531,0.0,,,0.3151353318774468,Risk-on
2013-01-21,12.46,111.71,80.08810042776672,1480.4,1.91,21.9,1672.0,230.28,0.3,1.5948646681225531,0.0,,,0.3151353318774468,Risk-on
2013-01-22,12.43,112.72,79.90620924940283,1480.4,1.91,21.9,1672.0,230.28,0.3,1.5948646681225531,-0.2271138625992708,,,0.3151353318774468,Risk-on
2013-01-23,12.46,113.68,79.92753896203094,1480.4,1.91,21.9,1672.0,230.28,0.3,1.5948646681225531,0.02669343575232297,,,0.3151353318774468,Risk-on
2013-01-24,12.69,114.59,79.92271950554498,1480.4,1.91,21.9,1672.0,230.28,0.3,1.5948646681225531,-0.006029782160876795,,,0.3151353318774468,Risk-on
2013-01-25,12.89,113.88,79.78401194472949,1480.4,1.91,21.9,1672.0,230.28,0.3,1.5948646681225531,-0.17355210342394622,,,0.3151353318774468,Risk-on
2013-01-26,12.89,113.88,79.78401194472949,1480.4,1.91,21.9,1672.0,230.28,0.3,1.5948646681225531,0.0,,,0.3151353318774468,Risk-on
2013-01-27,12.89,113.88,79.78401194472949,1480.4,1.91,21.9,1672.0,230.28,0.3,1.5948646681225531,0.0,,,0.3151353318774468,Risk-on
2013-01-28,13.57,113.92,79.77968584265275,1480.4,1.91,21.9,1672.0,230.28,0.3,1.5948646681225531,-0.005422266906973672,,,0.3151353318774468,Risk-on
2013-01-29,13.31,115.22,79.5780865932624,1480.4,1.91,21.9,1672.0,230.28,0.3,1.5948646681225531,-0.2526949652170374,,,0.3151353318774468,Risk-on
2013-01-30,14.32,115.42,79.28582415979386,1480.4,1.91,21.9,1672.0,230.28,0.3,1.5948646681225531,-0.3672649670032224,,,0.3151353318774468,Risk-on
2013-01-31,14.28,115.55,79.17751636671444,1480.4,1.91,21.9,1672.0,230.28,0.3,1.5948646681225531,-0.13660423439773028,0.0,0.0,0.3151353318774468,Risk-on
2013-02-01,12.9,115.55,78.97515306562357,1512.31,1.98,22.05,1628.0,232.166,0.82,1.9779235097490577,-0.25558177419157113,2.155498513915144,-2.631578947368418,0.0020764902509422534,Risk-on
2013-02-02,12.9,115.55,78.97515306562357,1512.31,1.98,22.05,1628.0,232.166,0.82,1.9779235097490577,0.0,2.155498513915144,-2.631578947368418,0.0020764902509422534,Risk-on
2013-02-03,12.9,115.55,78.97515306562357,1512.31,1.98,22.05,1628.0,232.166,0.82,1.9779235097490577,0.0,2.155498513915144,-2.631578947368418,0.0020764902509422534,Risk-on
2013-02-04,14.67,116.06,79.56029091175512,1512.31,1.98,22.05,1628.0,232.166,0.82,1.9779235097490577,0.7409138487459943,2.155498513915144,-2.631578947368418,0.0020764902509422534,Risk-on
2013-02-05,13.72,117.03,79.56241873580791,1512.31,1.98,22.05,1628.0,232.166,0.82,1.9779235097490577,0.00267447998041348,2.155498513915144,-2.631578947368418,0.0020764902509422534,Risk-on
2013-02-06,13.41,116.61,79.73062963510901,1512.31,1.98,22.05,1628.0,232.166,0.82,1.9779235097490577,0.21142004224337096,2.155498513915144,-2.631578947368418,0.0020764902509422534,Risk-on
2013-02-07,13.5,117.17,80.24821813715975,1512.31,1.98,22.05,1628.0,232.166,0.82,1.9779235097490577,0.6491714720171071,2.155498513915144,-2.631578947368418,0.0020764902509422534,Risk-on
2013-02-08,13.02,118.9,80.21175680347402,1512.31,1.98,22.05,1628.0,232.166,0.82,1.9779235097490577,-0.04543569257003943,2.155498513915144,-2.631578947368418,0.0020764902509422534,Risk-on
2013-02-09,13.02,118.9,80.21175680347402,1512.31,1.98,22.05,1628.0,232.166,0.82,1.9779235097490577,0.0,2.155498513915144,-2.631578947368418,0.0020764902509422534,Risk-on
2013-02-10,13.02,118.9,80.21175680347402,1512.31,1.98,22.05,1628.0,232.166,0.82,1.9779235097490577,0.0,2.155498513915144,-2.631578947368418,0.0020764902509422534,Risk-on
2013-02-11,12.94,118.29,80.21947137382325,1512.31,1.98,22.05,1628.0,232.166,0.82,1.9779235097490577,0.009617755123025873,2.155498513915144,-2.631578947368418,0.0020764902509422534,Risk-on
2013-02-12,12.64,117.89,80.02181994638264,1512.31,1.98,22.05,1628.0,232.166,0.82,1.9779235097490577,-0.24638834444515867,2.155498513915144,-2.631578947368418,0.0020764902509422534,Risk-on
2013-02-13,12.98,118.43,80.08483025303131,1512.31,1.98,22.05,1628.0,232.166,0.82,1.9779235097490577,0.07874140664496654,2.155498513915144,-2.631578947368418,0.0020764902509422534,Risk-on
2013-02-14,12.66,118.48,80.50204642875863,1512.31,1.98,22.05,1628.0,232.166,0.82,1.9779235097490577,0.5209677967838777,2.155498513915144,-2.631578947368418,0.0020764902509422534,Risk-on
2013-02-15,12.46,117.4,80.49358089702223,1512.31,1.98,22.05,1628.0,232.166,0.82,1.9779235097490577,-0.010515921162201902,2.155498513915144,-2.631578947368418,0.0020764902509422534,Risk-on
2013-02-16,12.46,117.4,80.49358089702223,1512.31,1.98,22.05,1628.0,232.166,0.82,1.9779235097490577,0.0,2.155498513915144,-2.631578947368418,0.0020764902509422534,Risk-on
2013-02-17,12.46,117.4,80.49358089702223,1512.31,1.98,22.05,1628.0,232.166,0.82,1.9779235097490577,0.0,2.155498513915144,-2.631578947368418,0.0020764902509422534,Risk-on
2013-02-18,12.46,117.4,80.49358089702223,1512.31,1.98,22.05,1628.0,232.166,0.82,1.9779235097490577,0.0,2.155498513915144,-2.631578947368418,0.0020764902509422534,Risk-on
2013-02-19,12.31,117.04,80.47672862309781,1512.31,1.98,22.05,1628.0,232.166,0.82,1.9779235097490577,-0.02093617122832514,2.155498513915144,-2.631578947368418,0.0020764902509422534,Risk-on
2013-02-20,14.68,116.23,80.72972815726442,1512.31,1.98,22.05,1628.0,232.166,0.82,1.9779235097490577,0.3143760171359533,2.155498513915144,-2.631578947368418,0.0020764902509422534,Risk-on
2013-02-21,15.22,114.19,81.28436469697888,1512.31,1.98,22.05,1628.0,232.166,0.82,1.9779235097490577,0.6870288707451211,2.155498513915144,-2.631578947368418,0.0020764902509422534,Trung tinh
2013-02-22,14.17,113.74,81.51387197233868,1512.31,1.98,22.05,1628.0,232.166,0.82,1.9779235097490577,0.28235107233152146,2.155498513915144,-2.631578947368418,0.0020764902509422534,Risk-on
2013-02-23,14.17,113.74,81.51387197233868,1512.31,1.98,22.05,1628.0,232.166,0.82,1.9779235097490577,0.0,2.155498513915144,-2.631578947368418,0.0020764902509422534,Risk-on
2013-02-24,14.17,113.74,81.51387197233868,1512.31,1.98,22.05,1628.0,232.166,0.82,1.9779235097490577,0.0,2.155498513915144,-2.631578947368418,0.0020764902509422534,Risk-on
2013-02-25,18.99,114.55,81.61365792198231,1512.31,1.98,22.05,1628.0,232.166,0.82,1.9779235097490577,0.12241591183093092,2.155498513915144,-2.631578947368418,0.0020764902509422534,Trung tinh
2013-02-26,16.87,112.96,81.82729505291833,1512.31,1.98,22.05,1628.0,232.166,0.82,1.9779235097490577,0.26176639593857853,2.155498513915144,-2.631578947368418,0.0020764902509422534,Trung tinh
2013-02-27,14.73,112.24,81.66339997707581,1512.31,1.98,22.05,1628.0,232.166,0.82,1.9779235097490577,-0.2002938942763821,2.155498513915144,-2.631578947368418,0.0020764902509422534,Risk-on
2013-02-28,15.51,112.2,81.81065248583538,1512.31,1.98,22.05,1628.0,232.166,0.82,1.9779235097490577,0.18031640710636232,2.155498513915144,-2.631578947368418,0.0020764902509422534,Trung tinh
2013-03-01,15.36,110.14,82.39855414364786,1550.83,1.96,22.42,1593.0,232.773,0.26,1.4738962125967703,0.7186126011087257,4.757497973520652,-4.724880382775121,0.4861037874032297,Trung tinh
2013-03-02,15.36,110.14,82.39855414364786,1550.83,1.96,22.42,1593.0,232.773,0.26,1.4738962125967703,0.0,4.757497973520652,-4.724880382775121,0.4861037874032297,Trung tinh
2013-03-03,15.36,110.14,82.39855414364786,1550.83,1.96,22.42,1593.0,232.773,0.26,1.4738962125967703,0.0,2.547096825386319,-2.149877149877155,0.4861037874032297,Trung tinh
2013-03-04,14.01,109.9,82.3260731881423,1550.83,1.96,22.42,1593.0,232.773,0.26,1.4738962125967703,-0.08796386812709445,2.547096825386319,-2.149877149877155,0.4861037874032297,Risk-on
2013-03-05,13.48,110.42,82.2111495073526,1550.83,1.96,22.42,1593.0,232.773,0.26,1.4738962125967703,-0.13959572750064098,2.547096825386319,-2.149877149877155,0.4861037874032297,Risk-on
2013-03-06,13.53,110.27,82.42662828885895,1550.83,1.96,22.42,1593.0,232.773,0.26,1.4738962125967703,0.2621040853918233,2.547096825386319,-2.149877149877155,0.4861037874032297,Risk-on
2013-03-07,13.06,110.42,82.143054799872,1550.83,1.96,22.42,1593.0,232.773,0.26,1.4738962125967703,-0.34403140692979006,2.547096825386319,-2.149877149877155,0.4861037874032297,Risk-on
2013-03-08,12.59,108.91,82.75781169476704,1550.83,1.96,22.42,1593.0,232.773,0.26,1.4738962125967703,0.7483978972936844,2.547096825386319,-2.149877149877155,0.4861037874032297,Risk-on
2013-03-09,12.59,108.91,82.75781169476704,1550.83,1.96,22.42,1593.0,232.773,0.26,1.4738962125967703,0.0,2.547096825386319,-2.149877149877155,0.4861037874032297,Risk-on
2013-03-10,12.59,108.91,82.75781169476704,1550.83,1.96,22.42,1593.0,232.773,0.26,1.4738962125967703,0.0,2.547096825386319,-2.149877149877155,0.4861037874032297,Risk-on
2013-03-11,11.56,108.64,82.69338953233527,1550.83,1.96,22.42,1593.0,232.773,0.26,1.4738962125967703,-0.077844207226474,2.547096825386319,-2.149877149877155,0.4861037874032297,Risk-on
2013-03-12,12.27,108.48,82.625753387127,1550.83,1.96,22.42,1593.0,232.773,0.26,1.4738962125967703,-0.08179147763899275,2.547096825386319,-2.149877149877155,0.4861037874032297,Risk-on
2013-03-13,11.83,107.51,82.92476891882389,1550.83,1.96,22.42,1593.0,232.773,0.26,1.4738962125967703,0.3618914435743692,2.547096825386319,-2.149877149877155,0.4861037874032297,Risk-on
2013-03-14,11.3,108.1,82.78270849111095,1550.83,1.96,22.42,1593.0,232.773,0.26,1.4738962125967703,-0.1713124191542792,2.547096825386319,-2.149877149877155,0.4861037874032297,Risk-on
2013-03-15,11.3,109.32,82.140294394586,1550.83,1.96,22.42,1593.0,232.773,0.26,1.4738962125967703,-0.7760244962194518,2.547096825386319,-2.149877149877155,0.4861037874032297,Risk-on
2013-03-16,11.3,109.32,82.140294394586,1550.83,1.96,22.42,1593.0,232.773,0.26,1.4738962125967703,0.0,2.547096825386319,-2.149877149877155,0.4861037874032297,Risk-on
2013-03-17,11.3,109.32,82.140294394586,1550.83,1.96,22.42,1593.0,232.773,0.26,1.4738962125967703,0.0,2.547096825386319,-2.149877149877155,0.4861037874032297,Risk-on
2013-03-18,13.36,108.54,82.58886542552338,1550.83,1.96,22.42,1593.0,232.773,0.26,1.4738962125967703,0.5461035101512302,2.547096825386319,-2.149877149877155,0.4861037874032297,Risk-on
2013-03-19,14.39,106.91,82.8869779232627,1550.83,1.96,22.42,1593.0,232.773,0.26,1.4738962125967703,0.360959671988903,2.547096825386319,-2.149877149877155,0.4861037874032297,Risk-on
2013-03-20,12.67,108.27,82.71875998679604,1550.83,1.96,22.42,1593.0,232.773,0.26,1.4738962125967703,-0.20294857006657452,2.547096825386319,-2.149877149877155,0.4861037874032297,Risk-on
2013-03-21,13.99,106.41,82.70657251522142,1550.83,1.96,22.42,1593.0,232.773,0.26,1.4738962125967703,-0.014733624605312023,2.547096825386319,-2.149877149877155,0.4861037874032297,Risk-on
2013-03-22,13.57,106.51,82.32903314175344,1550.83,1.96,22.42,1593.0,232.773,0.26,1.4738962125967703,-0.45648049724040796,2.547096825386319,-2.149877149877155,0.4861037874032297,Risk-on
2013-03-23,13.57,106.51,82.32903314175344,1550.83,1.96,22.42,1593.0,232.773,0.26,1.4738962125967703,0.0,2.547096825386319,-2.149877149877155,0.4861037874032297,Risk-on
2013-03-24,13.57,106.51,82.32903314175344,1550.83,1.96,22.42,1593.0,232.773,0.26,1.4738962125967703,0.0,2.547096825386319,-2.149877149877155,0.4861037874032297,Risk-on
2013-03-25,13.74,106.66,82.80463303095102,1550.83,1.96,22.42,1593.0,232.773,0.26,1.4738962125967703,0.577681859057777,2.547096825386319,-2.149877149877155,0.4861037874032297,Risk-on
2013-03-26,12.77,107.1,82.84678862781391,1550.83,1.96,22.42,1593.0,232.773,0.26,1.4738962125967703,0.05090970797143601,2.547096825386319,-2.149877149877155,0.4861037874032297,Risk-on
2013-03-27,13.15,108.51,83.20952376206483,1550.83,1.96,22.42,1593.0,232.773,0.26,1.4738962125967703,0.4378384971329474,2.547096825386319,-2.149877149877155,0.4861037874032297,Risk-on
2013-03-28,12.7,108.46,82.85474415707174,1550.83,1.96,22.42,1593.0,232.773,0.26,1.4738962125967703,-0.4263689887320843,2.547096825386319,-2.149877149877155,0.4861037874032297,Risk-on
2013-03-29,12.7,108.46,82.99877613698003,1550.83,1.96,22.42,1593.0,232.773,0.26,1.4738962125967703,0.1738367324328971,2.547096825386319,-2.149877149877155,0.4861037874032297,Risk-on
2013-03-30,12.7,108.46,82.99877613698003,1550.83,1.96,22.42,1593.0,232.773,0.26,1.4738962125967703,0.0,2.547096825386319,-2.149877149877155,0.4861037874032297,Risk-on
2013-03-31,12.7,108.46,82.99877613698003,1550.83,1.96,22.42,1593.0,232.773,0.26,1.4738962125967703,0.0,0.0,0.0,0.4861037874032297,Risk-on
2013-04-01,13.58,108.76,82.69146969191867,1570.7,1.76,22.6,1488.0,232.531,-0.1,1.063085381489448,-0.3702541885125865,1.2812493954849957,-6.591337099811678,0.6969146185105519,Risk-on
2013-04-02,12.78,109.66,82.8406221055181,1570.7,1.76,22.6,1488.0,232.531,-0.1,1.063085381489448,0.18037218851607584,1.2812493954849957,-6.591337099811678,0.6969146185105519,Risk-on
2013-04-03,14.21,107.82,82.71475391084324,1570.7,1.76,22.6,1488.0,232.531,-0.1,1.063085381489448,-0.15194018523246866,1.2812493954849957,-6.591337099811678,0.6969146185105519,Risk-on
2013-04-04,13.89,105.09,83.06629493063417,1570.7,1.76,22.6,1488.0,232.531,-0.1,1.063085381489448,0.42500400855916,1.2812493954849957,-6.591337099811678,0.6969146185105519,Risk-on
2013-04-05,13.92,103.98,82.35699846919445,1570.7,1.76,22.6,1488.0,232.531,-0.1,1.063085381489448,-0.8538920172520337,1.2812493954849957,-6.591337099811678,0.6969146185105519,Risk-on
2013-04-06,13.92,103.98,82.35699846919445,1570.7,1.76,22.6,1488.0,232.531,-0.1,1.063085381489448,0.0,1.2812493954849957,-6.591337099811678,0.6969146185105519,Risk-on
2013-04-07,13.92,103.98,82.35699846919445,1570.7,1.76,22.6,1488.0,232.531,-0.1,1.063085381489448,0.0,1.2812493954849957,-6.591337099811678,0.6969146185105519,Risk-on
2013-04-08,13.19,103.16,82.71587054282607,1570.7,1.76,22.6,1488.0,232.531,-0.1,1.063085381489448,0.43575176402992355,1.2812493954849957,-6.591337099811678,0.6969146185105519,Risk-on
2013-04-09,12.84,104.08,82.32936626807242,1570.7,1.76,22.6,1488.0,232.531,-0.1,1.063085381489448,-0.4672673722916798,1.2812493954849957,-6.591337099811678,0.6969146185105519,Risk-on
2013-04-10,12.36,104.8,82.51004813476392,1570.7,1.76,22.6,1488.0,232.531,-0.1,1.063085381489448,0.2194622342933883,1.2812493954849957,-6.591337099811678,0.6969146185105519,Risk-on
2013-04-11,12.24,103.62,82.13257056629203,1570.7,1.76,22.6,1488.0,232.531,-0.1,1.063085381489448,-0.457492847241292,1.2812493954849957,-6.591337099811678,0.6969146185105519,Risk-on
2013-04-12,12.06,100.58,82.23874202482067,1570.7,1.76,22.6,1488.0,232.531,-0.1,1.063085381489448,0.12926839839129123,1.2812493954849957,-6.591337099811678,0.6969146185105519,Risk-on
2013-04-13,12.06,100.58,82.23874202482067,1570.7,1.76,22.6,1488.0,232.531,-0.1,1.063085381489448,0.0,1.2812493954849957,-6.591337099811678,0.6969146185105519,Risk-on
2013-04-14,12.06,100.58,82.23874202482067,1570.7,1.76,22.6,1488.0,232.531,-0.1,1.063085381489448,0.0,1.2812493954849957,-6.591337099811678,0.6969146185105519,Risk-on
2013-04-15,17.27,99.32,82.27094659285463,1570.7,1.76,22.6,1488.0,232.531,-0.1,1.063085381489448,0.03915985001843314,1.2812493954849957,-6.591337099811678,0.6969146185105519,Trung tinh
2013-04-16,13.96,97.88,82.04552454156878,1570.7,1.76,22.6,1488.0,232.531,-0.1,1.063085381489448,-0.27399958384023426,1.2812493954849957,-6.591337099811678,0.6969146185105519,Risk-on
2013-04-17,16.51,96.84,82.50648650140056,1570.7,1.76,22.6,1488.0,232.531,-0.1,1.063085381489448,0.5618368124372664,1.2812493954849957,-6.591337099811678,0.6969146185105519,Trung tinh
2013-04-18,17.56,97.48,82.47617181914241,1570.7,1.76,22.6,1488.0,232.531,-0.1,1.063085381489448,-0.036742180577087336,1.2812493954849957,-6.591337099811678,0.6969146185105519,Trung tinh
2013-04-19,14.97,98.94,82.64437126236776,1570.7,1.76,22.6,1488.0,232.531,-0.1,1.063085381489448,0.20393701540146747,1.2812493954849957,-6.591337099811678,0.6969146185105519,Risk-on
2013-04-20,14.97,98.94,82.64437126236776,1570.7,1.76,22.6,1488.0,232.531,-0.1,1.063085381489448,0.0,1.2812493954849957,-6.591337099811678,0.6969146185105519,Risk-on
2013-04-21,14.97,98.94,82.64437126236776,1570.7,1.76,22.6,1488.0,232.531,-0.1,1.063085381489448,0.0,1.2812493954849957,-6.591337099811678,0.6969146185105519,Risk-on
2013-04-22,14.39,99.07,82.70861367843493,1570.7,1.76,22.6,1488.0,232.531,-0.1,1.063085381489448,0.07773356501585837,1.2812493954849957,-6.591337099811678,0.6969146185105519,Risk-on
2013-04-23,13.48,99.25,82.93215073825003,1570.7,1.76,22.6,1488.0,232.531,-0.1,1.063085381489448,0.27027059198960757,1.2812493954849957,-6.591337099811678,0.6969146185105519,Risk-on
2013-04-24,13.61,100.71,83.0198816075546,1570.7,1.76,22.6,1488.0,232.531,-0.1,1.063085381489448,0.10578631872391053,1.2812493954849957,-6.591337099811678,0.6969146185105519,Risk-on
2013-04-25,13.62,101.62,82.808871268835,1570.7,1.76,22.6,1488.0,232.531,-0.1,1.063085381489448,-0.2541684409007705,1.2812493954849957,-6.591337099811678,0.6969146185105519,Risk-on
2013-04-26,13.61,102.39,82.47289259609228,1570.7,1.76,22.6,1488.0,232.531,-0.1,1.063085381489448,-0.4057278738312853,1.2812493954849957,-6.591337099811678,0.6969146185105519,Risk-on
2013-04-27,13.61,102.39,82.47289259609228,1570.7,1.76,22.6,1488.0,232.531,-0.1,1.063085381489448,0.0,1.2812493954849957,-6.591337099811678,0.6969146185105519,Risk-on
2013-04-28,13.61,102.39,82.47289259609228,1570.7,1.76,22.6,1488.0,232.531,-0.1,1.063085381489448,0.0,1.2812493954849957,-6.591337099811678,0.6969146185105519,Risk-on
2013-04-29,13.71,102.88,82.19944968205026,1570.7,1.76,22.6,1488.0,232.531,-0.1,1.063085381489448,-0.331554896929831,1.2812493954849957,-6.591337099811678,0.6969146185105519,Risk-on
2013-04-30,13.52,101.53,81.72144753157849,1570.7,1.76,22.6,1488.0,232.531,-0.1,1.063085381489448,-0.5815150251257006,1.2812493954849957,-6.591337099811678,0.6969146185105519,Risk-on
2013-05-01,14.49,98.34,81.57733127677886,1639.84,1.93,23.41,1414.0,232.945,0.18,1.3619650588516885,-0.17635058990350672,4.401859043738443,-4.9731182795698885,0.5680349411483114,Risk-on
2013-05-02,13.59,100.32,82.20014531378519,1639.84,1.93,23.41,1414.0,232.945,0.18,1.3619650588516885,0.7634645890697511,4.401859043738443,-4.9731182795698885,0.5680349411483114,Risk-on
2013-05-03,12.85,104.6,82.11366374721757,1639.84,1.93,23.41,1414.0,232.945,0.18,1.3619650588516885,-0.10520853246364092,4.401859043738443,-4.9731182795698885,0.5680349411483114,Risk-on
2013-05-04,12.85,104.6,82.11366374721757,1639.84,1.93,23.41,1414.0,232.945,0.18,1.3619650588516885,0.0,4.401859043738443,-4.9731182795698885,0.5680349411483114,Risk-on
2013-05-05,12.85,104.6,82.11366374721757,1639.84,1.93,23.41,1414.0,232.945,0.18,1.3619650588516885,0.0,4.401859043738443,-4.9731182795698885,0.5680349411483114,Risk-on
2013-05-06,12.66,105.0,82.35715024977753,1639.84,1.93,23.41,1414.0,232.945,0.18,1.3619650588516885,0.2965237348433458,4.401859043738443,-4.9731182795698885,0.5680349411483114,Risk-on
2013-05-07,12.83,105.18,82.2708870960055,1639.84,1.93,23.41,1414.0,232.945,0.18,1.3619650588516885,-0.10474276187363296,4.401859043738443,-4.9731182795698885,0.5680349411483114,Risk-on
2013-05-08,12.66,103.79,81.81708890858462,1639.84,1.93,23.41,1414.0,232.945,0.18,1.3619650588516885,-0.5515902446649346,4.401859043738443,-4.9731182795698885,0.5680349411483114,Risk-on
2013-05-09,13.13,103.59,82.18829952784235,1639.84,1.93,23.41,1414.0,232.945,0.18,1.3619650588516885,0.45370792851415764,4.401859043738443,-4.9731182795698885,0.5680349411483114,Risk-on
2013-05-10,12.59,101.31,83.30650951975151,1639.84,1.93,23.41,1414.0,232.945,0.18,1.3619650588516885,1.3605464504474307,4.401859043738443,-4.9731182795698885,0.5680349411483114,Risk-on
2013-05-11,12.59,101.31,83.30650951975151,1639.84,1.93,23.41,1414.0,232.945,0.18,1.3619650588516885,0.0,4.401859043738443,-4.9731182795698885,0.5680349411483114,Risk-on
2013-05-12,12.59,101.31,83.30650951975151,1639.84,1.93,23.41,1414.0,232.945,0.18,1.3619650588516885,0.0,4.401859043738443,-4.9731182795698885,0.5680349411483114,Risk-on
2013-05-13,12.55,102.17,83.23006343804975,1639.84,1.93,23.41,1414.0,232.945,0.18,1.3619650588516885,-0.09176483583630546,4.401859043738443,-4.9731182795698885,0.5680349411483114,Risk-on
2013-05-14,12.77,102.7,83.39112934035587,1639.84,1.93,23.41,1414.0,232.945,0.18,1.3619650588516885,0.19351889888441498,4.401859043738443,-4.9731182795698885,0.5680349411483114,Risk-on
2013-05-15,12.81,101.57,83.93729301985091,1639.84,1.93,23.41,1414.0,232.945,0.18,1.3619650588516885,0.6549421788808019,4.401859043738443,-4.9731182795698885,0.5680349411483114,Risk-on
2013-05-16,13.07,104.27,83.64408709050304,1639.84,1.93,23.41,1414.0,232.945,0.18,1.3619650588516885,-0.34931544585138363,4.401859043738443,-4.9731182795698885,0.5680349411483114,Risk-on
2013-05-17,12.45,103.83,84.26156967027111,1639.84,1.93,23.41,1414.0,232.945,0.18,1.3619650588516885,0.7382262168752707,4.401859043738443,-4.9731182795698885,0.5680349411483114,Risk-on
2013-05-18,12.45,103.83,84.26156967027111,1639.84,1.93,23.41,1414.0,232.945,0.18,1.3619650588516885,0.0,4.401859043738443,-4.9731182795698885,0.5680349411483114,Risk-on
2013-05-19,12.45,103.83,84.26156967027111,1639.84,1.93,23.41,1414.0,232.945,0.18,1.3619650588516885,0.0,4.401859043738443,-4.9731182795698885,0.5680349411483114,Risk-on
2013-05-20,13.02,104.55,83.96226154895528,1639.84,1.93,23.41,1414.0,232.945,0.18,1.3619650588516885,-0.3552130852618518,4.401859043738443,-4.9731182795698885,0.5680349411483114,Risk-on
2013-05-21,13.37,103.1,83.79580660947332,1639.84,1.93,23.41,1414.0,232.945,0.18,1.3619650588516885,-0.19824970934699815,4.401859043738443,-4.9731182795698885,0.5680349411483114,Risk-on
2013-05-22,13.82,102.14,84.273201329814,1639.84,1.93,23.41,1414.0,232.945,0.18,1.3619650588516885,0.5697119458084154,4.401859043738443,-4.9731182795698885,0.5680349411483114,Risk-on
2013-05-23,14.07,100.46,83.65904868251104,1639.84,1.93,23.41,1414.0,232.945,0.18,1.3619650588516885,-0.7287638746502512,4.401859043738443,-4.9731182795698885,0.5680349411483114,Risk-on
2013-05-24,13.99,101.24,83.66134572981333,1639.84,1.93,23.41,1414.0,232.945,0.18,1.3619650588516885,0.002745724865960142,4.401859043738443,-4.9731182795698885,0.5680349411483114,Risk-on
2013-05-25,13.99,101.24,83.66134572981333,1639.84,1.93,23.41,1414.0,232.945,0.18,1.3619650588516885,0.0,4.401859043738443,-4.9731182795698885,0.5680349411483114,Risk-on
2013-05-26,13.99,101.24,83.66134572981333,1639.84,1.93,23.41,1414.0,232.945,0.18,1.3619650588516885,0.0,4.401859043738443,-4.9731182795698885,0.5680349411483114,Risk-on
2013-05-27,13.99,101.24,83.66134572981333,1639.84,1.93,23.41,1414.0,232.945,0.18,1.3619650588516885,0.0,4.401859043738443,-4.9731182795698885,0.5680349411483114,Risk-on
2013-05-28,14.48,103.77,84.10750300071646,1639.84,1.93,23.41,1414.0,232.945,0.18,1.3619650588516885,0.5332896178170676,4.401859043738443,-4.9731182795698885,0.5680349411483114,Risk-on
2013-05-29,14.83,102.14,83.60074710215667,1639.84,1.93,23.41,1414.0,232.945,0.18,1.3619650588516885,-0.6025097410815694,4.401859043738443,-4.9731182795698885,0.5680349411483114,Risk-on
2013-05-30,14.53,101.79,83.09284079663689,1639.84,1.93,23.41,1414.0,232.945,0.18,1.3619650588516885,-0.6075379983137452,4.401859043738443,-4.9731182795698885,0.5680349411483114,Risk-on
2013-05-31,16.3,100.43,83.33410401486167,1639.84,1.93,23.41,1414.0,232.945,0.18,1.3619650588516885,0.29035379692365915,0.0,0.0,0.5680349411483114,Trung tinh
2013-06-01,16.3,100.43,83.33410401486167,1618.77,2.3,22.93,1343.0,233.504,0.24,1.7544165453768912,0.0,-1.2848814518489515,-5.0212164073550225,0.5455834546231086,Trung tinh
2013-06-02,16.3,100.43,83.33410401486167,1618.77,2.3,22.93,1343.0,233.504,0.24,1.7544165453768912,0.0,-1.2848814518489515,-5.0212164073550225,0.5455834546231086,Trung tinh
2013-06-03,16.28,101.63,82.51664399203544,1618.77,2.3,22.93,1343.0,233.504,0.24,1.7544165453768912,-0.9809429554560767,-1.2848814518489515,-5.0212164073550225,0.5455834546231086,Trung tinh
2013-06-04,16.27,102.04,82.8120299218544,1618.77,2.3,22.93,1343.0,233.504,0.24,1.7544165453768912,0.357971332241136,-1.2848814518489515,-5.0212164073550225,0.5455834546231086,Trung tinh
2013-06-05,17.5,103.51,82.59352423219948,1618.77,2.3,22.93,1343.0,233.504,0.24,1.7544165453768912,-0.2638574248947978,-1.2848814518489515,-5.0212164073550225,0.5455834546231086,Trung tinh
2013-06-06,16.63,103.37,81.57868877563081,1618.77,2.3,22.93,1343.0,233.504,0.24,1.7544165453768912,-1.2287106840429995,-1.2848814518489515,-5.0212164073550225,0.5455834546231086,Trung tinh
2013-06-07,15.14,104.07,81.5686294386431,1618.77,2.3,22.93,1343.0,233.504,0.24,1.7544165453768912,-0.012330839265362048,-1.2848814518489515,-5.0212164073550225,0.5455834546231086,Trung tinh
2013-06-08,15.14,104.07,81.5686294386431,1618.77,2.3,22.93,1343.0,233.504,0.24,1.7544165453768912,0.0,-1.2848814518489515,-5.0212164073550225,0.5455834546231086,Trung tinh
2013-06-09,15.14,104.07,81.5686294386431,1618.77,2.3,22.93,1343.0,233.504,0.24,1.7544165453768912,0.0,-1.2848814518489515,-5.0212164073550225,0.5455834546231086,Trung tinh
2013-06-10,15.44,103.87,81.78697618481563,1618.77,2.3,22.93,1343.0,233.504,0.24,1.7544165453768912,0.2676847063328047,-1.2848814518489515,-5.0212164073550225,0.5455834546231086,Trung tinh
2013-06-11,17.07,101.5,81.35355036200687,1618.77,2.3,22.93,1343.0,233.504,0.24,1.7544165453768912,-0.5299447944246527,-1.2848814518489515,-5.0212164073550225,0.5455834546231086,Trung tinh
2013-06-12,18.59,103.11,80.7797598010295,1618.77,2.3,22.93,1343.0,233.504,0.24,1.7544165453768912,-0.7053048802715067,-1.2848814518489515,-5.0212164073550225,0.5455834546231086,Trung tinh
2013-06-13,16.41,103.38,80.80159766888309,1618.77,2.3,22.93,1343.0,233.504,0.24,1.7544165453768912,0.027033836083911744,-1.2848814518489515,-5.0212164073550225,0.5455834546231086,Trung tinh
2013-06-14,17.15,105.1,80.72312355477493,1618.77,2.3,22.93,1343.0,233.504,0.24,1.7544165453768912,-0.0971195079950471,-1.2848814518489515,-5.0212164073550225,0.5455834546231086,Trung tinh
2013-06-15,17.15,105.1,80.72312355477493,1618.77,2.3,22.93,1343.0,233.504,0.24,1.7544165453768912,0.0,-1.2848814518489515,-5.0212164073550225,0.5455834546231086,Trung tinh
2013-06-16,17.15,105.1,80.72312355477493,1618.77,2.3,22.93,1343.0,233.504,0.24,1.7544165453768912,0.0,-1.2848814518489515,-5.0212164073550225,0.5455834546231086,Trung tinh
2013-06-17,16.8,105.8,80.76089363564648,1618.77,2.3,22.93,1343.0,233.504,0.24,1.7544165453768912,0.046789667208457786,-1.2848814518489515,-5.0212164073550225,0.5455834546231086,Trung tinh
2013-06-18,16.61,105.21,80.60913119265865,1618.77,2.3,22.93,1343.0,233.504,0.24,1.7544165453768912,-0.18791575495995527,-1.2848814518489515,-5.0212164073550225,0.5455834546231086,Trung tinh
2013-06-19,16.64,105.56,80.5531579975179,1618.77,2.3,22.93,1343.0,233.504,0.24,1.7544165453768912,-0.06943778491667052,-1.2848814518489515,-5.0212164073550225,0.5455834546231086,Trung tinh
2013-06-20,20.49,102.72,81.95929921865151,1618.77,2.3,22.93,1343.0,233.504,0.24,1.7544165453768912,1.7456065734591464,-1.2848814518489515,-5.0212164073550225,0.5455834546231086,Trung tinh
2013-06-21,18.9,100.36,82.44077460227828,1618.77,2.3,22.93,1343.0,233.504,0.24,1.7544165453768912,0.5874566866930886,-1.2848814518489515,-5.0212164073550225,0.5455834546231086,Trung tinh
2013-06-22,18.9,100.36,82.44077460227828,1618.77,2.3,22.93,1343.0,233.504,0.24,1.7544165453768912,0.0,-1.2848814518489515,-5.0212164073550225,0.5455834546231086,Trung tinh
2013-06-23,18.9,100.36,82.44077460227828,1618.77,2.3,22.93,1343.0,233.504,0.24,1.7544165453768912,0.0,-1.2848814518489515,-5.0212164073550225,0.5455834546231086,Trung tinh
2013-06-24,20.11,99.8,82.61078436306471,1618.77,2.3,22.93,1343.0,233.504,0.24,1.7544165453768912,0.20622047961897927,-1.2848814518489515,-5.0212164073550225,0.5455834546231086,Trung tinh
2013-06-25,18.47,101.51,82.63607714776057,1618.77,2.3,22.93,1343.0,233.504,0.24,1.7544165453768912,0.030616807346484087,-1.2848814518489515,-5.0212164073550225,0.5455834546231086,Trung tinh
2013-06-26,17.21,100.62,82.88726597558546,1618.77,2.3,22.93,1343.0,233.504,0.24,1.7544165453768912,0.3039699323768019,-1.2848814518489515,-5.0212164073550225,0.5455834546231086,Trung tinh
2013-06-27,16.86,102.74,83.05792551788278,1618.77,2.3,22.93,1343.0,233.504,0.24,1.7544165453768912,0.20589355950959565,-1.2848814518489515,-5.0212164073550225,0.5455834546231086,Trung tinh
2013-06-28,16.86,102.49,83.19806355392454,1618.77,2.3,22.93,1343.0,233.504,0.24,1.7544165453768912,0.1687232556892848,-1.2848814518489515,-5.0212164073550225,0.5455834546231086,Trung tinh
2013-06-29,16.86,102.49,83.19806355392454,1618.77,2.3,22.93,1343.0,233.504,0.24,1.7544165453768912,0.0,-1.2848814518489515,-5.0212164073550225,0.5455834546231086,Trung tinh
2013-06-30,16.86,102.49,83.19806355392454,1618.77,2.3,22.93,1343.0,233.504,0.24,1.7544165453768912,0.0,-1.2848814518489515,-5.0212164073550225,0.5455834546231086,Trung tinh
2013-07-01,16.37,103.19,82.99466171581872,1668.68,2.58,23.49,1286.0,233.596,0.04,1.9606816118443948,-0.2444790532582397,3.0832051495888857,-4.244229337304539,0.6193183881556052,Trung tinh
2013-07-02,16.44,103.96,83.33887155387052,1668.68,2.58,23.49,1286.0,233.596,0.04,1.9606816118443948,0.4147373227815665,3.0832051495888857,-4.244229337304539,0.6193183881556052,Trung tinh
2013-07-03,16.2,106.12,83.24329917294887,1668.68,2.58,23.49,1286.0,233.596,0.04,1.9606816118443948,-0.1146792356792048,3.0832051495888857,-4.244229337304539,0.6193183881556052,Trung tinh
2013-07-04,16.2,106.12,83.24329917294887,1668.68,2.58,23.49,1286.0,233.596,0.04,1.9606816118443948,0.0,3.0832051495888857,-4.244229337304539,0.6193183881556052,Trung tinh
2013-07-05,14.89,107.46,84.40453906658571,1668.68,2.58,23.49,1286.0,233.596,0.04,1.9606816118443948,1.3949950388489674,3.0832051495888857,-4.244229337304539,0.6193183881556052,Risk-on
2013-07-06,14.89,107.46,84.40453906658571,1668.68,2.58,23.49,1286.0,233.596,0.04,1.9606816118443948,0.0,3.0832051495888857,-4.244229337304539,0.6193183881556052,Risk-on
2013-07-07,14.89,107.46,84.40453906658571,1668.68,2.58,23.49,1286.0,233.596,0.04,1.9606816118443948,0.0,3.0832051495888857,-4.244229337304539,0.6193183881556052,Risk-on
2013-07-08,14.78,107.75,84.2750870765255,1668.68,2.58,23.49,1286.0,233.596,0.04,1.9606816118443948,-0.15337088679330257,3.0832051495888857,-4.244229337304539,0.6193183881556052,Risk-on
2013-07-09,14.35,107.9,84.68107900806012,1668.68,2.58,23.49,1286.0,233.596,0.04,1.9606816118443948,0.48174608371032157,3.0832051495888857,-4.244229337304539,0.6193183881556052,Risk-on
2013-07-10,14.21,108.43,84.19045070595068,1668.68,2.58,23.49,1286.0,233.596,0.04,1.9606816118443948,-0.5793836212960146,3.0832051495888857,-4.244229337304539,0.6193183881556052,Risk-on
2013-07-11,14.01,108.18,82.97801958564841,1668.68,2.58,23.49,1286.0,233.596,0.04,1.9606816118443948,-1.4401052733841402,3.0832051495888857,-4.244229337304539,0.6193183881556052,Risk-on
2013-07-12,13.84,109.03,83.03709608226227,1668.68,2.58,23.49,1286.0,233.596,0.04,1.9606816118443948,0.07119535620259132,3.0832051495888857,-4.244229337304539,0.6193183881556052,Risk-on
2013-07-13,13.84,109.03,83.03709608226227,1668.68,2.58,23.49,1286.0,233.596,0.04,1.9606816118443948,0.0,3.0832051495888857,-4.244229337304539,0.6193183881556052,Risk-on
2013-07-14,13.84,109.03,83.03709608226227,1668.68,2.58,23.49,1286.0,233.596,0.04,1.9606816118443948,0.0,3.0832051495888857,-4.244229337304539,0.6193183881556052,Risk-on
2013-07-15,13.79,109.05,83.18672536146295,1668.68,2.58,23.49,1286.0,233.596,0.04,1.9606816118443948,0.18019570319804945,3.0832051495888857,-4.244229337304539,0.6193183881556052,Risk-on
2013-07-16,14.42,109.29,82.61013658158419,1668.68,2.58,23.49,1286.0,233.596,0.04,1.9606816118443948,-0.6931259493306974,3.0832051495888857,-4.244229337304539,0.6193183881556052,Risk-on
2013-07-17,13.78,109.67,82.81489265477983,1668.68,2.58,23.49,1286.0,233.596,0.04,1.9606816118443948,0.247858291571057,3.0832051495888857,-4.244229337304539,0.6193183881556052,Risk-on
2013-07-18,13.77,109.71,82.96718136085744,1668.68,2.58,23.49,1286.0,233.596,0.04,1.9606816118443948,0.18389048297440258,3.0832051495888857,-4.244229337304539,0.6193183881556052,Risk-on
2013-07-19,12.54,109.34,82.58202674041722,1668.68,2.58,23.49,1286.0,233.596,0.04,1.9606816118443948,-0.4642252685010839,3.0832051495888857,-4.244229337304539,0.6193183881556052,Risk-on
2013-07-20,12.54,109.34,82.58202674041722,1668.68,2.58,23.49,1286.0,233.596,0.04,1.9606816118443948,0.0,3.0832051495888857,-4.244229337304539,0.6193183881556052,Risk-on
2013-07-21,12.54,109.34,82.58202674041722,1668.68,2.58,23.49,1286.0,233.596,0.04,1.9606816118443948,0.0,3.0832051495888857,-4.244229337304539,0.6193183881556052,Risk-on
2013-07-22,12.29,108.82,82.1941433155905,1668.68,2.58,23.49,1286.0,233.596,0.04,1.9606816118443948,-0.46969472673027424,3.0832051495888857,-4.244229337304539,0.6193183881556052,Risk-on
2013-07-23,12.66,109.27,82.11316369764359,1668.68,2.58,23.49,1286.0,233.596,0.04,1.9606816118443948,-0.09852236994062347,3.0832051495888857,-4.244229337304539,0.6193183881556052,Risk-on
2013-07-24,13.18,108.23,82.11224556799488,1668.68,2.58,23.49,1286.0,233.596,0.04,1.9606816118443948,-0.0011181272372984274,3.0832051495888857,-4.244229337304539,0.6193183881556052,Risk-on
2013-07-25,12.97,108.1,82.03220782891653,1668.68,2.58,23.49,1286.0,233.596,0.04,1.9606816118443948,-0.09747357233346188,3.0832051495888857,-4.244229337304539,0.6193183881556052,Risk-on
2013-07-26,12.72,107.57,81.70374497495648,1668.68,2.58,23.49,1286.0,233.596,0.04,1.9606816118443948,-0.4004071847548918,3.0832051495888857,-4.244229337304539,0.6193183881556052,Risk-on
2013-07-27,12.72,107.57,81.70374497495648,1668.68,2.58,23.49,1286.0,233.596,0.04,1.9606816118443948,0.0,3.0832051495888857,-4.244229337304539,0.6193183881556052,Risk-on
2013-07-28,12.72,107.57,81.70374497495648,1668.68,2.58,23.49,1286.0,233.596,0.04,1.9606816118443948,0.0,3.0832051495888857,-4.244229337304539,0.6193183881556052,Risk-on
2013-07-29,13.39,108.1,81.6705748471668,1668.68,2.58,23.49,1286.0,233.596,0.04,1.9606816118443948,-0.04059805067667677,3.0832051495888857,-4.244229337304539,0.6193183881556052,Risk-on
2013-07-30,13.39,107.47,81.80981075863913,1668.68,2.58,23.49,1286.0,233.596,0.04,1.9606816118443948,0.1704847942271437,3.0832051495888857,-4.244229337304539,0.6193183881556052,Risk-on
2013-07-31,13.45,107.89,81.81833223309765,1668.68,2.58,23.49,1286.0,233.596,0.04,1.9606816118443948,0.010416201161578265,0.0,0.0,0.6193183881556052,Risk-on
2013-08-01,12.94,109.94,82.27641900274628,1670.09,2.74,23.36,1352.0,233.877,0.12,1.518367559543199,0.5598828002794765,0.0844979265047785,5.132192846034211,1.2216324404568013,Risk-on
2013-08-02,11.98,109.63,81.9933008279038,1670.09,2.74,23.36,1352.0,233.877,0.12,1.518367559543199,-0.34410609780310963,0.0844979265047785,5.132192846034211,1.2216324404568013,Risk-on
2013-08-03,11.98,109.63,81.9933008279038,1670.09,2.74,23.36,1352.0,233.877,0.12,1.518367559543199,0.0,0.0844979265047785,5.132192846034211,1.2216324404568013,Risk-on
2013-08-04,11.98,109.63,81.9933008279038,1670.09,2.74,23.36,1352.0,233.877,0.12,1.518367559543199,0.0,0.0844979265047785,5.132192846034211,1.2216324404568013,Risk-on
2013-08-05,11.84,109.81,81.93409452700095,1670.09,2.74,23.36,1352.0,233.877,0.12,1.518367559543199,-0.07220870522960388,0.0844979265047785,5.132192846034211,1.2216324404568013,Risk-on
2013-08-06,12.72,108.77,81.66790403091657,1670.09,2.74,23.36,1352.0,233.877,0.12,1.518367559543199,-0.3248836734220051,0.0844979265047785,5.132192846034211,1.2216324404568013,Risk-on
2013-08-07,12.98,108.39,81.32085820372731,1670.09,2.74,23.36,1352.0,233.877,0.12,1.518367559543199,-0.4249476355581261,0.0844979265047785,5.132192846034211,1.2216324404568013,Risk-on
2013-08-08,12.73,107.32,80.91617333793009,1670.09,2.74,23.36,1352.0,233.877,0.12,1.518367559543199,-0.49763968892629906,0.0844979265047785,5.132192846034211,1.2216324404568013,Risk-on
2013-08-09,13.41,108.49,81.1491218977017,1670.09,2.74,23.36,1352.0,233.877,0.12,1.518367559543199,0.2878887497543392,0.0844979265047785,5.132192846034211,1.2216324404568013,Risk-on
2013-08-10,13.41,108.49,81.1491218977017,1670.09,2.74,23.36,1352.0,233.877,0.12,1.518367559543199,0.0,0.0844979265047785,5.132192846034211,1.2216324404568013,Risk-on
2013-08-11,13.41,108.49,81.1491218977017,1670.09,2.74,23.36,1352.0,233.877,0.12,1.518367559543199,0.0,0.0844979265047785,5.132192846034211,1.2216324404568013,Risk-on
2013-08-12,12.81,109.28,81.29978535405583,1670.09,2.74,23.36,1352.0,233.877,0.12,1.518367559543199,0.1856624604565038,0.0844979265047785,5.132192846034211,1.2216324404568013,Risk-on
2013-08-13,12.31,110.69,81.80598430568456,1670.09,2.74,23.36,1352.0,233.877,0.12,1.518367559543199,0.6226325806695021,0.0844979265047785,5.132192846034211,1.2216324404568013,Risk-on
2013-08-14,13.04,110.26,81.6987930338248,1670.09,2.74,23.36,1352.0,233.877,0.12,1.518367559543199,-0.13103108870278213,0.0844979265047785,5.132192846034211,1.2216324404568013,Risk-on
2013-08-15,14.73,111.58,81.6323433440161,1670.09,2.74,23.36,1352.0,233.877,0.12,1.518367559543199,-0.08133497122922995,0.0844979265047785,5.132192846034211,1.2216324404568013,Risk-on
2013-08-16,14.37,111.82,81.34581975353484,1670.09,2.74,23.36,1352.0,233.877,0.12,1.518367559543199,-0.35099273001854003,0.0844979265047785,5.132192846034211,1.2216324404568013,Risk-on
2013-08-17,14.37,111.82,81.34581975353484,1670.09,2.74,23.36,1352.0,233.877,0.12,1.518367559543199,0.0,0.0844979265047785,5.132192846034211,1.2216324404568013,Risk-on
2013-08-18,14.37,111.82,81.34581975353484,1670.09,2.74,23.36,1352.0,233.877,0.12,1.518367559543199,0.0,0.0844979265047785,5.132192846034211,1.2216324404568013,Risk-on
2013-08-19,15.1,111.41,81.23981868962707,1670.09,2.74,23.36,1352.0,233.877,0.12,1.518367559543199,-0.13030917166848566,0.0844979265047785,5.132192846034211,1.2216324404568013,Trung tinh
2013-08-20,14.91,110.74,80.86012739108021,1670.09,2.74,23.36,1352.0,233.877,0.12,1.518367559543199,-0.46737093296262966,0.0844979265047785,5.132192846034211,1.2216324404568013,Risk-on
2013-08-21,15.94,110.82,81.22528552705164,1670.09,2.74,23.36,1352.0,233.877,0.12,1.518367559543199,0.4515923332711891,0.0844979265047785,5.132192846034211,1.2216324404568013,Trung tinh
2013-08-22,14.76,110.51,81.43981346979568,1670.09,2.74,23.36,1352.0,233.877,0.12,1.518367559543199,0.2641147289935919,0.0844979265047785,5.132192846034211,1.2216324404568013,Risk-on
2013-08-23,13.98,112.12,81.31530843223561,1670.09,2.74,23.36,1352.0,233.877,0.12,1.518367559543199,-0.1528798167081291,0.0844979265047785,5.132192846034211,1.2216324404568013,Risk-on
2013-08-24,13.98,112.12,81.31530843223561,1670.09,2.74,23.36,1352.0,233.877,0.12,1.518367559543199,0.0,0.0844979265047785,5.132192846034211,1.2216324404568013,Risk-on
2013-08-25,13.98,112.12,81.31530843223561,1670.09,2.74,23.36,1352.0,233.877,0.12,1.518367559543199,0.0,0.0844979265047785,5.132192846034211,1.2216324404568013,Risk-on
2013-08-26,14.99,112.23,81.43393273332542,1670.09,2.74,23.36,1352.0,233.877,0.12,1.518367559543199,0.14588188051782858,0.0844979265047785,5.132192846034211,1.2216324404568013,Risk-on
2013-08-27,16.77,115.21,81.21642309914708,1670.09,2.74,23.36,1352.0,233.877,0.12,1.518367559543199,-0.2670995086171635,0.0844979265047785,5.132192846034211,1.2216324404568013,Trung tinh
2013-08-28,16.49,116.27,81.48696877703324,1670.09,2.74,23.36,1352.0,233.877,0.12,1.518367559543199,0.33311695782993755,0.0844979265047785,5.132192846034211,1.2216324404568013,Trung tinh
2013-08-29,16.81,116.91,82.04344759922128,1670.09,2.74,23.36,1352.0,233.877,0.12,1.518367559543199,0.6829052921463852,0.0844979265047785,5.132192846034211,1.2216324404568013,Trung tinh
2013-08-30,17.01,115.97,82.18015895173276,1670.09,2.74,23.36,1352.0,233.877,0.12,1.518367559543199,0.16663287137725913,0.0844979265047785,5.132192846034211,1.2216324404568013,Trung tinh
2013-08-31,17.01,115.97,82.18015895173276,1670.09,2.74,23.36,1352.0,233.877,0.12,1.518367559543199,0.0,0.0,0.0,1.2216324404568013,Trung tinh
2013-09-01,17.01,115.97,82.18015895173276,1687.17,2.81,23.44,1349.0,234.149,0.12,1.184925261552161,0.0,1.0226993754827607,-0.2218934911242587,1.625074738447839,Trung tinh
2013-09-02,17.01,115.97,82.18015895173276,1687.17,2.81,23.44,1349.0,234.149,0.12,1.184925261552161,0.0,1.0226993754827607,-0.2218934911242587,1.625074738447839,Trung tinh
2013-09-03,16.61,115.49,82.37431976008915,1687.17,2.81,23.44,1349.0,234.149,0.12,1.184925261552161,0.2362623908654493,1.0226993754827607,-0.2218934911242587,1.625074738447839,Trung tinh
2013-09-04,15.88,115.65,82.11428686247383,1687.17,2.81,23.44,1349.0,234.149,0.12,1.184925261552161,-0.31567228521297563,1.0226993754827607,-0.2218934911242587,1.625074738447839,Trung tinh
2013-09-05,15.77,115.81,82.60483769591437,1687.17,2.81,23.44,1349.0,234.149,0.12,1.184925261552161,0.5974001019604769,1.0226993754827607,-0.2218934911242587,1.625074738447839,Trung tinh
2013-09-06,15.85,117.15,82.18312526641628,1687.17,2.81,23.44,1349.0,234.149,0.12,1.184925261552161,-0.5105178355903295,1.0226993754827607,-0.2218934911242587,1.625074738447839,Trung tinh
2013-09-07,15.85,117.15,82.18312526641628,1687.17,2.81,23.44,1349.0,234.149,0.12,1.184925261552161,0.0,1.0226993754827607,-0.2218934911242587,1.625074738447839,Trung tinh
2013-09-08,15.85,117.15,82.18312526641628,1687.17,2.81,23.44,1349.0,234.149,0.12,1.184925261552161,0.0,1.0226993754827607,-0.2218934911242587,1.625074738447839,Trung tinh
2013-09-09,15.63,115.2,81.76992681613171,1687.17,2.81,23.44,1349.0,234.149,0.12,1.184925261552161,-0.5027777283293733,1.0226993754827607,-0.2218934911242587,1.625074738447839,Trung tinh
2013-09-10,14.53,112.1,81.83253252794917,1687.17,2.81,23.44,1349.0,234.149,0.12,1.184925261552161,0.0765632479508449,1.0226993754827607,-0.2218934911242587,1.625074738447839,Risk-on
2013-09-11,13.82,112.37,81.59106085499133,1687.17,2.81,23.44,1349.0,234.149,0.12,1.184925261552161,-0.29508028836253697,1.0226993754827607,-0.2218934911242587,1.625074738447839,Risk-on
2013-09-12,14.29,113.11,81.41396546409884,1687.17,2.81,23.44,1349.0,234.149,0.12,1.184925261552161,-0.21705244304548454,1.0226993754827607,-0.2218934911242587,1.625074738447839,Risk-on
2013-09-13,14.16,113.31,81.59317876441807,1687.17,2.81,23.44,1349.0,234.149,0.12,1.184925261552161,0.22012599349219286,1.0226993754827607,-0.2218934911242587,1.625074738447839,Risk-on
2013-09-14,14.16,113.31,81.59317876441807,1687.17,2.81,23.44,1349.0,234.149,0.12,1.184925261552161,0.0,1.0226993754827607,-0.2218934911242587,1.625074738447839,Risk-on
2013-09-15,14.16,113.31,81.59317876441807,1687.17,2.81,23.44,1349.0,234.149,0.12,1.184925261552161,0.0,1.0226993754827607,-0.2218934911242587,1.625074738447839,Risk-on
2013-09-16,14.38,110.86,81.17803926847219,1687.17,2.81,23.44,1349.0,234.149,0.12,1.184925261552161,-0.5087919140207786,1.0226993754827607,-0.2218934911242587,1.625074738447839,Risk-on
2013-09-17,14.53,109.05,81.15553600652859,1687.17,2.81,23.44,1349.0,234.149,0.12,1.184925261552161,-0.02772087395357392,1.0226993754827607,-0.2218934911242587,1.625074738447839,Risk-on
2013-09-18,13.59,109.09,81.13573328013614,1687.17,2.81,23.44,1349.0,234.149,0.12,1.184925261552161,-0.02440095570419576,1.0226993754827607,-0.2218934911242587,1.625074738447839,Risk-on
2013-09-19,13.16,110.66,80.35099627440971,1687.17,2.81,23.44,1349.0,234.149,0.12,1.184925261552161,-0.967190378395888,1.0226993754827607,-0.2218934911242587,1.625074738447839,Risk-on
2013-09-20,13.12,110.22,80.42650547080997,1687.17,2.81,23.44,1349.0,234.149,0.12,1.184925261552161,0.093974188126289,1.0226993754827607,-0.2218934911242587,1.625074738447839,Risk-on
2013-09-21,13.12,110.22,80.42650547080997,1687.17,2.81,23.44,1349.0,234.149,0.12,1.184925261552161,0.0,1.0226993754827607,-0.2218934911242587,1.625074738447839,Risk-on
2013-09-22,13.12,110.22,80.42650547080997,1687.17,2.81,23.44,1349.0,234.149,0.12,1.184925261552161,0.0,1.0226993754827607,-0.2218934911242587,1.625074738447839,Risk-on
2013-09-23,14.31,108.56,80.34818111786046,1687.17,2.81,23.44,1349.0,234.149,0.12,1.184925261552161,-0.09738624411318453,1.0226993754827607,-0.2218934911242587,1.625074738447839,Risk-on
2013-09-24,14.08,107.68,80.50565068132721,1687.17,2.81,23.44,1349.0,234.149,0.12,1.184925261552161,0.19598398031657194,1.0226993754827607,-0.2218934911242587,1.625074738447839,Risk-on
2013-09-25,14.01,109.46,80.28603150865244,1687.17,2.81,23.44,1349.0,234.149,0.12,1.184925261552161,-0.27279969892313183,1.0226993754827607,-0.2218934911242587,1.625074738447839,Risk-on
2013-09-26,14.06,108.86,80.57351022017748,1687.17,2.81,23.44,1349.0,234.149,0.12,1.184925261552161,0.3580681547250997,1.0226993754827607,-0.2218934911242587,1.625074738447839,Risk-on
2013-09-27,15.46,109.45,80.21079175315178,1687.17,2.81,23.44,1349.0,234.149,0.12,1.184925261552161,-0.4501708638912749,1.0226993754827607,-0.2218934911242587,1.625074738447839,Trung tinh
2013-09-28,15.46,109.45,80.21079175315178,1687.17,2.81,23.44,1349.0,234.149,0.12,1.184925261552161,0.0,1.0226993754827607,-0.2218934911242587,1.625074738447839,Trung tinh
2013-09-29,15.46,109.45,80.21079175315178,1687.17,2.81,23.44,1349.0,234.149,0.12,1.184925261552161,0.0,1.0226993754827607,-0.2218934911242587,1.625074738447839,Trung tinh
2013-09-30,16.6,107.85,80.1715690022521,1687.17,2.81,23.44,1349.0,234.149,0.12,1.184925261552161,-0.04889959323726156,1.0226993754827607,-0.2218934911242587,1.625074738447839,Trung tinh
2013-10-01,15.54,107.32,80.14923166471564,1720.03,2.62,23.83,1317.0,233.546,-0.26,0.9636127046434018,-0.02786191890024048,1.947640131107109,-2.3721275018532273,1.6563872953565983,Trung tinh
2013-10-02,16.6,109.09,79.85485840182525,1720.03,2.62,23.83,1317.0,233.546,-0.26,0.9636127046434018,-0.3672814533292379,1.947640131107109,-2.3721275018532273,1.6563872953565983,Trung tinh
2013-10-03,17.67,109.49,79.64702211369541,1720.03,2.62,23.83,1317.0,233.546,-0.26,0.9636127046434018,-0.26026755577477356,1.947640131107109,-2.3721275018532273,1.6563872953565983,Trung tinh
2013-10-04,16.74,109.42,79.97980499492067,1720.03,2.62,23.83,1317.0,233.546,-0.26,0.9636127046434018,0.4178221261683879,1.947640131107109,-2.3721275018532273,1.6563872953565983,Trung tinh
2013-10-05,16.74,109.42,79.97980499492067,1720.03,2.62,23.83,1317.0,233.546,-0.26,0.9636127046434018,0.0,1.947640131107109,-2.3721275018532273,1.6563872953565983,Trung tinh
2013-10-06,16.74,109.42,79.97980499492067,1720.03,2.62,23.83,1317.0,233.546,-0.26,0.9636127046434018,0.0,1.947640131107109,-2.3721275018532273,1.6563872953565983,Trung tinh
2013-10-07,19.41,109.66,79.9987471294673,1720.03,2.62,23.83,1317.0,233.546,-0.26,0.9636127046434018,0.023683646825389815,1.947640131107109,-2.3721275018532273,1.6563872953565983,Trung tinh
2013-10-08,20.34,110.56,79.95557081234656,1720.03,2.62,23.83,1317.0,233.546,-0.26,0.9636127046434018,-0.053971241638151035,1.947640131107109,-2.3721275018532273,1.6563872953565983,Trung tinh
2013-10-09,19.6,109.02,80.4008863810319,1720.03,2.62,23.83,1317.0,233.546,-0.26,0.9636127046434018,0.5569537734030794,1.947640131107109,-2.3721275018532273,1.6563872953565983,Trung tinh
2013-10-10,16.48,111.63,80.40331439373709,1720.03,2.62,23.83,1317.0,233.546,-0.26,0.9636127046434018,0.0030198830068828286,1.947640131107109,-2.3721275018532273,1.6563872953565983,Trung tinh
2013-10-11,15.72,110.65,80.36625510358317,1720.03,2.62,23.83,1317.0,233.546,-0.26,0.9636127046434018,-0.046091744393073064,1.947640131107109,-2.3721275018532273,1.6563872953565983,Trung tinh
2013-10-12,15.72,110.65,80.36625510358317,1720.03,2.62,23.83,1317.0,233.546,-0.26,0.9636127046434018,0.0,1.947640131107109,-2.3721275018532273,1.6563872953565983,Trung tinh
2013-10-13,15.72,110.65,80.36625510358317,1720.03,2.62,23.83,1317.0,233.546,-0.26,0.9636127046434018,0.0,1.947640131107109,-2.3721275018532273,1.6563872953565983,Trung tinh
2013-10-14,16.07,110.13,80.36625510358317,1720.03,2.62,23.83,1317.0,233.546,-0.26,0.9636127046434018,0.0,1.947640131107109,-2.3721275018532273,1.6563872953565983,Trung tinh
2013-10-15,18.66,110.67,80.6209700684943,1720.03,2.62,23.83,1317.0,233.546,-0.26,0.9636127046434018,0.31694268270039405,1.947640131107109,-2.3721275018532273,1.6563872953565983,Trung tinh
2013-10-16,14.71,110.79,80.69338594511731,1720.03,2.62,23.83,1317.0,233.546,-0.26,0.9636127046434018,0.08982263121057876,1.947640131107109,-2.3721275018532273,1.6563872953565983,Risk-on
2013-10-17,13.48,109.55,79.69482159307664,1720.03,2.62,23.83,1317.0,233.546,-0.26,0.9636127046434018,-1.2374798012811605,1.947640131107109,-2.3721275018532273,1.6563872953565983,Risk-on
2013-10-18,13.04,109.4,79.57279650583588,1720.03,2.62,23.83,1317.0,233.546,-0.26,0.9636127046434018,-0.15311545317689967,1.947640131107109,-2.3721275018532273,1.6563872953565983,Risk-on
2013-10-19,13.04,109.4,79.57279650583588,1720.03,2.62,23.83,1317.0,233.546,-0.26,0.9636127046434018,0.0,1.947640131107109,-2.3721275018532273,1.6563872953565983,Risk-on
2013-10-20,13.04,109.4,79.57279650583588,1720.03,2.62,23.83,1317.0,233.546,-0.26,0.9636127046434018,0.0,1.947640131107109,-2.3721275018532273,1.6563872953565983,Risk-on
2013-10-21,13.16,109.47,79.70658120996589,1720.03,2.62,23.83,1317.0,233.546,-0.26,0.9636127046434018,0.16812869473576963,1.947640131107109,-2.3721275018532273,1.6563872953565983,Risk-on
2013-10-22,13.33,109.57,79.26855941514161,1720.03,2.62,23.83,1317.0,233.546,-0.26,0.9636127046434018,-0.5495428209001063,1.947640131107109,-2.3721275018532273,1.6563872953565983,Risk-on
2013-10-23,13.42,107.74,79.23586931148127,1720.03,2.62,23.83,1317.0,233.546,-0.26,0.9636127046434018,-0.04123968431056779,1.947640131107109,-2.3721275018532273,1.6563872953565983,Risk-on
2013-10-24,13.2,106.63,79.16964582272124,1720.03,2.62,23.83,1317.0,233.546,-0.26,0.9636127046434018,-0.08357766417593782,1.947640131107109,-2.3721275018532273,1.6563872953565983,Risk-on
2013-10-25,13.09,105.7,79.26389257495427,1720.03,2.62,23.83,1317.0,233.546,-0.26,0.9636127046434018,0.1190440493368694,1.947640131107109,-2.3721275018532273,1.6563872953565983,Risk-on
2013-10-26,13.09,105.7,79.26389257495427,1720.03,2.62,23.83,1317.0,233.546,-0.26,0.9636127046434018,0.0,1.947640131107109,-2.3721275018532273,1.6563872953565983,Risk-on
2013-10-27,13.09,105.7,79.26389257495427,1720.03,2.62,23.83,1317.0,233.546,-0.26,0.9636127046434018,0.0,1.947640131107109,-2.3721275018532273,1.6563872953565983,Risk-on
2013-10-28,13.31,108.29,79.3372252752513,1720.03,2.62,23.83,1317.0,233.546,-0.26,0.9636127046434018,0.09251715745310918,1.947640131107109,-2.3721275018532273,1.6563872953565983,Risk-on
2013-10-29,13.41,108.04,79.50321788620398,1720.03,2.62,23.83,1317.0,233.546,-0.26,0.9636127046434018,0.20922411941783903,1.947640131107109,-2.3721275018532273,1.6563872953565983,Risk-on
2013-10-30,13.65,108.41,79.49668964156571,1720.03,2.62,23.83,1317.0,233.546,-0.26,0.9636127046434018,-0.00821129611082716,1.947640131107109,-2.3721275018532273,1.6563872953565983,Risk-on
2013-10-31,13.75,107.53,80.15431283041855,1720.03,2.62,23.83,1317.0,233.546,-0.26,0.9636127046434018,0.8272334254645353,0.0,0.0,1.6563872953565983,Risk-on
2013-11-01,13.28,105.78,80.7462938961971,1783.54,2.72,24.64,1276.0,233.069,-0.2,1.2370722045339066,0.7385517321207624,3.692377458532703,-3.1131359149582427,1.4829277954660935,Risk-on
2013-11-02,13.28,105.78,80.7462938961971,1783.54,2.72,24.64,1276.0,233.069,-0.2,1.2370722045339066,0.0,3.692377458532703,-3.1131359149582427,1.4829277954660935,Risk-on
2013-11-03,13.28,105.78,80.7462938961971,1783.54,2.72,24.64,1276.0,233.069,-0.2,1.2370722045339066,0.0,3.692377458532703,-3.1131359149582427,1.4829277954660935,Risk-on
2013-11-04,12.93,104.85,80.57401036608971,1783.54,2.72,24.64,1276.0,233.069,-0.2,1.2370722045339066,-0.2133640094105993,3.692377458532703,-3.1131359149582427,1.4829277954660935,Risk-on
2013-11-05,13.27,105.01,80.714884805355,1783.54,2.72,24.64,1276.0,233.069,-0.2,1.2370722045339066,0.17483855976043738,3.692377458532703,-3.1131359149582427,1.4829277954660935,Risk-on
2013-11-06,12.67,105.46,80.44282481195494,1783.54,2.72,24.64,1276.0,233.069,-0.2,1.2370722045339066,-0.3370629767435629,3.692377458532703,-3.1131359149582427,1.4829277954660935,Risk-on
2013-11-07,13.91,103.08,80.98599211953422,1783.54,2.72,24.64,1276.0,233.069,-0.2,1.2370722045339066,0.6752215736443912,3.692377458532703,-3.1131359149582427,1.4829277954660935,Risk-on
2013-11-08,12.9,104.29,81.27899661192458,1783.54,2.72,24.64,1276.0,233.069,-0.2,1.2370722045339066,0.361796509151735,3.692377458532703,-3.1131359149582427,1.4829277954660935,Risk-on
2013-11-09,12.9,104.29,81.27899661192458,1783.54,2.72,24.64,1276.0,233.069,-0.2,1.2370722045339066,0.0,3.692377458532703,-3.1131359149582427,1.4829277954660935,Risk-on
2013-11-10,12.9,104.29,81.27899661192458,1783.54,2.72,24.64,1276.0,233.069,-0.2,1.2370722045339066,0.0,3.692377458532703,-3.1131359149582427,1.4829277954660935,Risk-on
2013-11-11,12.53,105.76,81.27899661192458,1783.54,2.72,24.64,1276.0,233.069,-0.2,1.2370722045339066,0.0,3.692377458532703,-3.1131359149582427,1.4829277954660935,Risk-on
2013-11-12,12.82,106.29,81.16804953779673,1783.54,2.72,24.64,1276.0,233.069,-0.2,1.2370722045339066,-0.13650153022628508,3.692377458532703,-3.1131359149582427,1.4829277954660935,Risk-on
2013-11-13,12.52,106.9,80.94270982949288,1783.54,2.72,24.64,1276.0,233.069,-0.2,1.2370722045339066,-0.27762119403758057,3.692377458532703,-3.1131359149582427,1.4829277954660935,Risk-on
2013-11-14,12.37,108.29,80.95290895201639,1783.54,2.72,24.64,1276.0,233.069,-0.2,1.2370722045339066,0.012600421390618344,3.692377458532703,-3.1131359149582427,1.4829277954660935,Risk-on
2013-11-15,12.19,108.25,80.88965742898667,1783.54,2.72,24.64,1276.0,233.069,-0.2,1.2370722045339066,-0.07813372471545676,3.692377458532703,-3.1131359149582427,1.4829277954660935,Risk-on
2013-11-16,12.19,108.25,80.88965742898667,1783.54,2.72,24.64,1276.0,233.069,-0.2,1.2370722045339066,0.0,3.692377458532703,-3.1131359149582427,1.4829277954660935,Risk-on
2013-11-17,12.19,108.25,80.88965742898667,1783.54,2.72,24.64,1276.0,233.069,-0.2,1.2370722045339066,0.0,3.692377458532703,-3.1131359149582427,1.4829277954660935,Risk-on
2013-11-18,13.1,108.8,80.67837542033313,1783.54,2.72,24.64,1276.0,233.069,-0.2,1.2370722045339066,-0.26119780373532464,3.692377458532703,-3.1131359149582427,1.4829277954660935,Risk-on
2013-11-19,13.39,108.29,80.70201569444097,1783.54,2.72,24.64,1276.0,233.069,-0.2,1.2370722045339066,0.02930187176513055,3.692377458532703,-3.1131359149582427,1.4829277954660935,Risk-on
2013-11-20,13.4,108.27,80.9323460574745,1783.54,2.72,24.64,1276.0,233.069,-0.2,1.2370722045339066,0.28540843875031197,3.692377458532703,-3.1131359149582427,1.4829277954660935,Risk-on
2013-11-21,12.66,109.9,81.01981803761267,1783.54,2.72,24.64,1276.0,233.069,-0.2,1.2370722045339066,0.10808037132155057,3.692377458532703,-3.1131359149582427,1.4829277954660935,Risk-on
2013-11-22,12.26,111.36,80.72368847809736,1783.54,2.72,24.64,1276.0,233.069,-0.2,1.2370722045339066,-0.3655026223063462,3.692377458532703,-3.1131359149582427,1.4829277954660935,Risk-on
2013-11-23,12.26,111.36,80.72368847809736,1783.54,2.72,24.64,1276.0,233.069,-0.2,1.2370722045339066,0.0,3.692377458532703,-3.1131359149582427,1.4829277954660935,Risk-on
2013-11-24,12.26,111.36,80.72368847809736,1783.54,2.72,24.64,1276.0,233.069,-0.2,1.2370722045339066,0.0,3.692377458532703,-3.1131359149582427,1.4829277954660935,Risk-on
2013-11-25,12.79,110.83,80.97742010847553,1783.54,2.72,24.64,1276.0,233.069,-0.2,1.2370722045339066,0.31432115548959416,3.692377458532703,-3.1131359149582427,1.4829277954660935,Risk-on
2013-11-26,12.81,112.04,80.72127783395071,1783.54,2.72,24.64,1276.0,233.069,-0.2,1.2370722045339066,-0.3163132070417851,3.692377458532703,-3.1131359149582427,1.4829277954660935,Risk-on
2013-11-27,12.98,111.32,80.77189561987217,1783.54,2.72,24.64,1276.0,233.069,-0.2,1.2370722045339066,0.06270686896903133,3.692377458532703,-3.1131359149582427,1.4829277954660935,Risk-on
2013-11-28,12.98,111.32,80.77189561987217,1783.54,2.72,24.64,1276.0,233.069,-0.2,1.2370722045339066,0.0,3.692377458532703,-3.1131359149582427,1.4829277954660935,Risk-on
2013-11-29,13.7,111.07,80.56540283833338,1783.54,2.72,24.64,1276.0,233.069,-0.2,1.2370722045339066,-0.2556492947876077,3.692377458532703,-3.1131359149582427,1.4829277954660935,Risk-on
2013-11-30,13.7,111.07,80.56540283833338,1783.54,2.72,24.64,1276.0,233.069,-0.2,1.2370722045339066,0.0,3.692377458532703,-3.1131359149582427,1.4829277954660935,Risk-on
2013-12-01,13.7,111.07,80.56540283833338,1807.78,2.9,24.86,1222.0,233.049,-0.01,1.501735619618394,0.0,1.3590948338697117,-4.2319749216300995,1.398264380381606,Risk-on
2013-12-02,14.23,111.49,80.8501902354881,1807.78,2.9,24.86,1222.0,233.049,-0.01,1.501735619618394,0.3534859717963412,1.3590948338697117,-4.2319749216300995,1.398264380381606,Risk-on
2013-12-03,14.55,113.06,80.55275075011198,1807.78,2.9,24.86,1222.0,233.049,-0.01,1.501735619618394,-0.36788965432212883,1.3590948338697117,-4.2319749216300995,1.398264380381606,Risk-on
2013-12-04,14.7,113.27,80.8026215200421,1807.78,2.9,24.86,1222.0,233.049,-0.01,1.501735619618394,0.3101952045129419,1.3590948338697117,-4.2319749216300995,1.398264380381606,Risk-on
2013-12-05,15.08,112.07,80.30337238517113,1807.78,2.9,24.86,1222.0,233.049,-0.01,1.501735619618394,-0.6178625463867271,1.3590948338697117,-4.2319749216300995,1.398264380381606,Trung tinh
2013-12-06,13.79,111.5,80.3435223542349,1807.78,2.9,24.86,1222.0,233.049,-0.01,1.501735619618394,0.04999786169777032,1.3590948338697117,-4.2319749216300995,1.398264380381606,Risk-on
2013-12-07,13.79,111.5,80.3435223542349,1807.78,2.9,24.86,1222.0,233.049,-0.01,1.501735619618394,0.0,1.3590948338697117,-4.2319749216300995,1.398264380381606,Risk-on
2013-12-08,13.79,111.5,80.3435223542349,1807.78,2.9,24.86,1222.0,233.049,-0.01,1.501735619618394,0.0,1.3590948338697117,-4.2319749216300995,1.398264380381606,Risk-on
2013-12-09,13.49,110.07,80.1979661824295,1807.78,2.9,24.86,1222.0,233.049,-0.01,1.501735619618394,-0.1811672771373507,1.3590948338697117,-4.2319749216300995,1.398264380381606,Risk-on
2013-12-10,13.91,108.91,79.98878334038184,1807.78,2.9,24.86,1222.0,233.049,-0.01,1.501735619618394,-0.26083310089413114,1.3590948338697117,-4.2319749216300995,1.398264380381606,Risk-on
2013-12-11,15.42,109.47,79.83563797074574,1807.78,2.9,24.86,1222.0,233.049,-0.01,1.501735619618394,-0.19145855611332196,1.3590948338697117,-4.2319749216300995,1.398264380381606,Trung tinh
2013-12-12,15.54,108.99,80.17694255300255,1807.78,2.9,24.86,1222.0,233.049,-0.01,1.501735619618394,0.4275090560206696,1.3590948338697117,-4.2319749216300995,1.398264380381606,Trung tinh
2013-12-13,15.76,108.08,80.26732770233473,1807.78,2.9,24.86,1222.0,233.049,-0.01,1.501735619618394,0.1127320978502322,1.3590948338697117,-4.2319749216300995,1.398264380381606,Trung tinh
2013-12-14,15.76,108.08,80.26732770233473,1807.78,2.9,24.86,1222.0,233.049,-0.01,1.501735619618394,0.0,1.3590948338697117,-4.2319749216300995,1.398264380381606,Trung tinh
2013-12-15,15.76,108.08,80.26732770233473,1807.78,2.9,24.86,1222.0,233.049,-0.01,1.501735619618394,0.0,1.3590948338697117,-4.2319749216300995,1.398264380381606,Trung tinh
2013-12-16,16.03,110.3,80.08133190495992,1807.78,2.9,24.86,1222.0,233.049,-0.01,1.501735619618394,-0.23172043058983238,1.3590948338697117,-4.2319749216300995,1.398264380381606,Trung tinh
2013-12-17,16.21,108.91,80.13439718957754,1807.78,2.9,24.86,1222.0,233.049,-0.01,1.501735619618394,0.0662642383128631,1.3590948338697117,-4.2319749216300995,1.398264380381606,Trung tinh
2013-12-18,13.8,109.56,80.06070013105622,1807.78,2.9,24.86,1222.0,233.049,-0.01,1.501735619618394,-0.09196682212130325,1.3590948338697117,-4.2319749216300995,1.398264380381606,Risk-on
2013-12-19,14.15,110.78,80.57596269168559,1807.78,2.9,24.86,1222.0,233.049,-0.01,1.501735619618394,0.6435898759140191,1.3590948338697117,-4.2319749216300995,1.398264380381606,Risk-on
2013-12-20,13.79,112.15,80.55920141763211,1807.78,2.9,24.86,1222.0,233.049,-0.01,1.501735619618394,-0.02080182909836026,1.3590948338697117,-4.2319749216300995,1.398264380381606,Risk-on
2013-12-21,13.79,112.15,80.55920141763211,1807.78,2.9,24.86,1222.0,233.049,-0.01,1.501735619618394,0.0,1.3590948338697117,-4.2319749216300995,1.398264380381606,Risk-on
2013-12-22,13.79,112.15,80.55920141763211,1807.78,2.9,24.86,1222.0,233.049,-0.01,1.501735619618394,0.0,1.3590948338697117,-4.2319749216300995,1.398264380381606,Risk-on
2013-12-23,13.04,111.58,80.39686473606095,1807.78,2.9,24.86,1222.0,233.049,-0.01,1.501735619618394,-0.20151227757283507,1.3590948338697117,-4.2319749216300995,1.398264380381606,Risk-on
2013-12-24,12.48,111.57,80.51240217258136,1807.78,2.9,24.86,1222.0,233.049,-0.01,1.501735619618394,0.14370888330001996,1.3590948338697117,-4.2319749216300995,1.398264380381606,Risk-on
2013-12-25,12.48,111.57,80.51240217258136,1807.78,2.9,24.86,1222.0,233.049,-0.01,1.501735619618394,0.0,1.3590948338697117,-4.2319749216300995,1.398264380381606,Risk-on
2013-12-26,12.33,111.65,80.49550910732638,1807.78,2.9,24.86,1222.0,233.049,-0.01,1.501735619618394,-0.020981941662556736,1.3590948338697117,-4.2319749216300995,1.398264380381606,Risk-on
2013-12-27,12.46,112.06,80.22558147914371,1807.78,2.9,24.86,1222.0,233.049,-0.01,1.501735619618394,-0.3353325311885036,1.3590948338697117,-4.2319749216300995,1.398264380381606,Risk-on
2013-12-28,12.46,112.06,80.22558147914371,1807.78,2.9,24.86,1222.0,233.049,-0.01,1.501735619618394,0.0,1.3590948338697117,-4.2319749216300995,1.398264380381606,Risk-on
2013-12-29,12.46,112.06,80.22558147914371,1807.78,2.9,24.86,1222.0,233.049,-0.01,1.501735619618394,0.0,1.3590948338697117,-4.2319749216300995,1.398264380381606,Risk-on
2013-12-30,13.56,110.47,79.93861916180929,1807.78,2.9,24.86,1222.0,233.049,-0.01,1.501735619618394,-0.35769428160397077,1.3590948338697117,-4.2319749216300995,1.398264380381606,Risk-on
2013-12-31,13.72,109.95,80.0722878188864,1807.78,2.9,24.86,1222.0,233.049,-0.01,1.501735619618394,0.1672141181304987,0.0,0.0,1.398264380381606,Risk-on
2014-01-01,13.72,109.95,80.0722878188864,1822.36,2.86,24.86,1244.0,233.916,0.37,1.5789473684210575,0.0,0.806514066977182,1.8003273322422242,1.2810526315789423,Risk-on
2014-01-02,14.23,107.94,80.53609912374307,1822.36,2.86,24.86,1244.0,233.916,0.37,1.5789473684210575,0.5792407304581637,0.806514066977182,1.8003273322422242,1.2810526315789423,Risk-on
2014-01-03,13.76,106.57,80.74258589958177,1822.36,2.86,24.86,1244.0,233.916,0.37,1.5789473684210575,0.25639033686177815,0.806514066977182,1.8003273322422242,1.2810526315789423,Risk-on
2014-01-04,13.76,106.57,80.74258589958177,1822.36,2.86,24.86,1244.0,233.916,0.37,1.5789473684210575,0.0,0.806514066977182,1.8003273322422242,1.2810526315789423,Risk-on
2014-01-05,13.76,106.57,80.74258589958177,1822.36,2.86,24.86,1244.0,233.916,0.37,1.5789473684210575,0.0,0.806514066977182,1.8003273322422242,1.2810526315789423,Risk-on
2014-01-06,13.55,106.71,80.66613781912766,1822.36,2.86,24.86,1244.0,233.916,0.37,1.5789473684210575,-0.0946812386578677,0.806514066977182,1.8003273322422242,1.2810526315789423,Risk-on
2014-01-07,12.92,107.01,80.8109553721741,1822.36,2.86,24.86,1244.0,233.916,0.37,1.5789473684210575,0.17952706917885308,0.806514066977182,1.8003273322422242,1.2810526315789423,Risk-on
2014-01-08,12.87,107.42,81.00597477105602,1822.36,2.86,24.86,1244.0,233.916,0.37,1.5789473684210575,0.2413279214232178,0.806514066977182,1.8003273322422242,1.2810526315789423,Risk-on
2014-01-09,12.89,107.49,81.00034532141447,1822.36,2.86,24.86,1244.0,233.916,0.37,1.5789473684210575,-0.006949425221358663,0.806514066977182,1.8003273322422242,1.2810526315789423,Risk-on
2014-01-10,12.14,106.44,80.66853277148678,1822.36,2.86,24.86,1244.0,233.916,0.37,1.5789473684210575,-0.40964337696467457,0.806514066977182,1.8003273322422242,1.2810526315789423,Risk-on
2014-01-11,12.14,106.44,80.66853277148678,1822.36,2.86,24.86,1244.0,233.916,0.37,1.5789473684210575,0.0,0.806514066977182,1.8003273322422242,1.2810526315789423,Risk-on
2014-01-12,12.14,106.44,80.66853277148678,1822.36,2.86,24.86,1244.0,233.916,0.37,1.5789473684210575,0.0,0.806514066977182,1.8003273322422242,1.2810526315789423,Risk-on
2014-01-13,13.28,108.02,80.66980705257741,1822.36,2.86,24.86,1244.0,233.916,0.37,1.5789473684210575,0.0015796507595311482,0.806514066977182,1.8003273322422242,1.2810526315789423,Risk-on
2014-01-14,12.28,107.12,80.5627145104116,1822.36,2.86,24.86,1244.0,233.916,0.37,1.5789473684210575,-0.132754181618433,0.806514066977182,1.8003273322422242,1.2810526315789423,Risk-on
2014-01-15,12.28,108.09,80.97751888920997,1822.36,2.86,24.86,1244.0,233.916,0.37,1.5789473684210575,0.5148838160670133,0.806514066977182,1.8003273322422242,1.2810526315789423,Risk-on
2014-01-16,12.53,107.46,80.99487698477968,1822.36,2.86,24.86,1244.0,233.916,0.37,1.5789473684210575,0.021435696978389096,0.806514066977182,1.8003273322422242,1.2810526315789423,Risk-on
2014-01-17,12.44,108.45,81.12480245230184,1822.36,2.86,24.86,1244.0,233.916,0.37,1.5789473684210575,0.16041195734708413,0.806514066977182,1.8003273322422242,1.2810526315789423,Risk-on
2014-01-18,12.44,108.45,81.12480245230184,1822.36,2.86,24.86,1244.0,233.916,0.37,1.5789473684210575,0.0,0.806514066977182,1.8003273322422242,1.2810526315789423,Risk-on
2014-01-19,12.44,108.45,81.12480245230184,1822.36,2.86,24.86,1244.0,233.916,0.37,1.5789473684210575,0.0,0.806514066977182,1.8003273322422242,1.2810526315789423,Risk-on
2014-01-20,12.44,108.01,81.12480245230184,1822.36,2.86,24.86,1244.0,233.916,0.37,1.5789473684210575,0.0,0.806514066977182,1.8003273322422242,1.2810526315789423,Risk-on
2014-01-21,12.87,109.17,81.08434667886566,1822.36,2.86,24.86,1244.0,233.916,0.37,1.5789473684210575,-0.049868563267030375,0.806514066977182,1.8003273322422242,1.2810526315789423,Risk-on
2014-01-22,12.84,109.69,81.1613616674781,1822.36,2.86,24.86,1244.0,233.916,0.37,1.5789473684210575,0.0949813271819977,0.806514066977182,1.8003273322422242,1.2810526315789423,Risk-on
2014-01-23,13.77,109.69,80.5830873654625,1822.36,2.86,24.86,1244.0,233.916,0.37,1.5789473684210575,-0.712499507320763,0.806514066977182,1.8003273322422242,1.2810526315789423,Risk-on
2014-01-24,18.14,109.14,80.4693187597564,1822.36,2.86,24.86,1244.0,233.916,0.37,1.5789473684210575,-0.14118174101487302,0.806514066977182,1.8003273322422242,1.2810526315789423,Trung tinh
2014-01-25,18.14,109.14,80.4693187597564,1822.36,2.86,24.86,1244.0,233.916,0.37,1.5789473684210575,0.0,0.806514066977182,1.8003273322422242,1.2810526315789423,Trung tinh
2014-01-26,18.14,109.14,80.4693187597564,1822.36,2.86,24.86,1244.0,233.916,0.37,1.5789473684210575,0.0,0.806514066977182,1.8003273322422242,1.2810526315789423,Trung tinh
2014-01-27,17.42,108.72,80.41282474836649,1822.36,2.86,24.86,1244.0,233.916,0.37,1.5789473684210575,-0.07020565385743582,0.806514066977182,1.8003273322422242,1.2810526315789423,Trung tinh
2014-01-28,15.8,109.1,80.58063705079611,1822.36,2.86,24.86,1244.0,233.916,0.37,1.5789473684210575,0.20868848091675218,0.806514066977182,1.8003273322422242,1.2810526315789423,Trung tinh
2014-01-29,17.35,108.83,80.52374505351683,1822.36,2.86,24.86,1244.0,233.916,0.37,1.5789473684210575,-0.0706025657794429,0.806514066977182,1.8003273322422242,1.2810526315789423,Trung tinh
2014-01-30,17.29,109.36,81.10885732192341,1822.36,2.86,24.86,1244.0,233.916,0.37,1.5789473684210575,0.7266332036813594,0.806514066977182,1.8003273322422242,1.2810526315789423,Trung tinh
2014-01-31,18.41,108.16,81.21154387968568,1822.36,2.86,24.86,1244.0,233.916,0.37,1.5789473684210575,0.1266033835918945,0.0,0.0,1.2810526315789423,Trung tinh
2014-02-01,18.41,108.16,81.21154387968568,1817.04,2.71,24.59,1300.0,234.781,0.37,1.1263492501055294,0.0,-0.291929146820602,4.5016077170418,1.5836507498944705,Trung tinh
2014-02-02,18.41,108.16,81.21154387968568,1817.04,2.71,24.59,1300.0,234.781,0.37,1.1263492501055294,0.0,-0.291929146820602,4.5016077170418,1.5836507498944705,Trung tinh
2014-02-03,21.44,106.55,81.05286872818539,1817.04,2.71,24.59,1300.0,234.781,0.37,1.1263492501055294,-0.19538497105210384,-0.291929146820602,4.5016077170418,1.5836507498944705,Trung tinh
2014-02-04,19.11,107.04,81.16114828226092,1817.04,2.71,24.59,1300.0,234.781,0.37,1.1263492501055294,0.13359126675536181,-0.291929146820602,4.5016077170418,1.5836507498944705,Trung tinh
2014-02-05,19.95,106.81,81.11605394439825,1817.04,2.71,24.59,1300.0,234.781,0.37,1.1263492501055294,-0.05556148331693489,-0.291929146820602,4.5016077170418,1.5836507498944705,Trung tinh
2014-02-06,17.23,108.15,80.796653565419,1817.04,2.71,24.59,1300.0,234.781,0.37,1.1263492501055294,-0.39375729396079473,-0.291929146820602,4.5016077170418,1.5836507498944705,Trung tinh
2014-02-07,15.29,110.12,80.74411555762097,1817.04,2.71,24.59,1300.0,234.781,0.37,1.1263492501055294,-0.06502497997085133,-0.291929146820602,4.5016077170418,1.5836507498944705,Trung tinh
2014-02-08,15.29,110.12,80.74411555762097,1817.04,2.71,24.59,1300.0,234.781,0.37,1.1263492501055294,0.0,-0.291929146820602,4.5016077170418,1.5836507498944705,Trung tinh
2014-02-09,15.29,110.12,80.74411555762097,1817.04,2.71,24.59,1300.0,234.781,0.37,1.1263492501055294,0.0,-0.291929146820602,4.5016077170418,1.5836507498944705,Trung tinh
2014-02-10,15.26,110.18,80.61907406298522,1817.04,2.71,24.59,1300.0,234.781,0.37,1.1263492501055294,-0.154861433272524,-0.291929146820602,4.5016077170418,1.5836507498944705,Trung tinh
2014-02-11,14.51,109.21,80.5685875184819,1817.04,2.71,24.59,1300.0,234.781,0.37,1.1263492501055294,-0.06262357275881314,-0.291929146820602,4.5016077170418,1.5836507498944705,Risk-on
2014-02-12,14.3,108.62,80.69569590933732,1817.04,2.71,24.59,1300.0,234.781,0.37,1.1263492501055294,0.157764204102806,-0.291929146820602,4.5016077170418,1.5836507498944705,Risk-on
2014-02-13,14.14,108.98,80.34877738708968,1817.04,2.71,24.59,1300.0,234.781,0.37,1.1263492501055294,-0.42990957366226823,-0.291929146820602,4.5016077170418,1.5836507498944705,Risk-on
2014-02-14,13.57,108.63,80.17529224451307,1817.04,2.71,24.59,1300.0,234.781,0.37,1.1263492501055294,-0.21591509941816245,-0.291929146820602,4.5016077170418,1.5836507498944705,Risk-on
2014-02-15,13.57,108.63,80.17529224451307,1817.04,2.71,24.59,1300.0,234.781,0.37,1.1263492501055294,0.0,-0.291929146820602,4.5016077170418,1.5836507498944705,Risk-on
2014-02-16,13.57,108.63,80.17529224451307,1817.04,2.71,24.59,1300.0,234.781,0.37,1.1263492501055294,0.0,-0.291929146820602,4.5016077170418,1.5836507498944705,Risk-on
2014-02-17,13.57,108.63,80.17529224451307,1817.04,2.71,24.59,1300.0,234.781,0.37,1.1263492501055294,0.0,-0.291929146820602,4.5016077170418,1.5836507498944705,Risk-on
2014-02-18,13.87,110.14,79.9970310636515,1817.04,2.71,24.59,1300.0,234.781,0.37,1.1263492501055294,-0.2223392966475557,-0.291929146820602,4.5016077170418,1.5836507498944705,Risk-on
2014-02-19,15.5,110.37,80.03518411942954,1817.04,2.71,24.59,1300.0,234.781,0.37,1.1263492501055294,0.04769308969438946,-0.291929146820602,4.5016077170418,1.5836507498944705,Trung tinh
2014-02-20,14.79,109.42,80.41266768339568,1817.04,2.71,24.59,1300.0,234.781,0.37,1.1263492501055294,0.47164702389246305,-0.291929146820602,4.5016077170418,1.5836507498944705,Risk-on
2014-02-21,14.68,109.03,80.3542973195178,1817.04,2.71,24.59,1300.0,234.781,0.37,1.1263492501055294,-0.07258851815201695,-0.291929146820602,4.5016077170418,1.5836507498944705,Risk-on
2014-02-22,14.68,109.03,80.3542973195178,1817.04,2.71,24.59,1300.0,234.781,0.37,1.1263492501055294,0.0,-0.291929146820602,4.5016077170418,1.5836507498944705,Risk-on
2014-02-23,14.68,109.03,80.3542973195178,1817.04,2.71,24.59,1300.0,234.781,0.37,1.1263492501055294,0.0,-0.291929146820602,4.5016077170418,1.5836507498944705,Risk-on
2014-02-24,14.23,109.76,80.16988961159142,1817.04,2.71,24.59,1300.0,234.781,0.37,1.1263492501055294,-0.22949327425900723,-0.291929146820602,4.5016077170418,1.5836507498944705,Risk-on
2014-02-25,13.67,109.19,80.10682026522862,1817.04,2.71,24.59,1300.0,234.781,0.37,1.1263492501055294,-0.07866961856671795,-0.291929146820602,4.5016077170418,1.5836507498944705,Risk-on
2014-02-26,14.35,109.39,80.47642969440501,1817.04,2.71,24.59,1300.0,234.781,0.37,1.1263492501055294,0.46139570632393045,-0.291929146820602,4.5016077170418,1.5836507498944705,Risk-on
2014-02-27,14.04,108.54,80.23537166875279,1817.04,2.71,24.59,1300.0,234.781,0.37,1.1263492501055294,-0.29953866811387453,-0.291929146820602,4.5016077170418,1.5836507498944705,Risk-on
2014-02-28,14.0,108.98,79.80487364038473,1817.04,2.71,24.59,1300.0,234.781,0.37,1.1263492501055294,-0.5365439449141585,-0.291929146820602,4.5016077170418,1.5836507498944705,Risk-on
2014-03-01,14.0,108.98,79.80487364038473,1863.52,2.72,24.96,1336.0,236.293,0.64,1.51220287576308,0.0,2.258609714875215,7.395498392282951,1.20779712423692,Risk-on
2014-03-02,14.0,108.98,79.80487364038473,1863.52,2.72,24.96,1336.0,236.293,0.64,1.51220287576308,0.0,2.258609714875215,7.395498392282951,1.20779712423692,Risk-on
2014-03-03,16.0,111.26,79.93127512213738,1863.52,2.72,24.96,1336.0,236.293,0.64,1.51220287576308,0.15838817353717172,2.5580064280368076,2.7692307692307683,1.20779712423692,Trung tinh
2014-03-04,14.1,109.17,80.18265086675065,1863.52,2.72,24.96,1336.0,236.293,0.64,1.51220287576308,0.3144898467204005,2.5580064280368076,2.7692307692307683,1.20779712423692,Risk-on
2014-03-05,13.89,108.15,80.09691640095453,1863.52,2.72,24.96,1336.0,236.293,0.64,1.51220287576308,-0.10692396031979357,2.5580064280368076,2.7692307692307683,1.20779712423692,Risk-on
2014-03-06,14.21,107.99,79.69212938467105,1863.52,2.72,24.96,1336.0,236.293,0.64,1.51220287576308,-0.5053715354748078,2.5580064280368076,2.7692307692307683,1.20779712423692,Risk-on
2014-03-07,14.11,109.14,79.74153306748761,1863.52,2.72,24.96,1336.0,236.293,0.64,1.51220287576308,0.061993176990027266,2.5580064280368076,2.7692307692307683,1.20779712423692,Risk-on
2014-03-08,14.11,109.14,79.74153306748761,1863.52,2.72,24.96,1336.0,236.293,0.64,1.51220287576308,0.0,2.5580064280368076,2.7692307692307683,1.20779712423692,Risk-on
2014-03-09,14.11,109.14,79.74153306748761,1863.52,2.72,24.96,1336.0,236.293,0.64,1.51220287576308,0.0,2.5580064280368076,2.7692307692307683,1.20779712423692,Risk-on
2014-03-10,14.2,108.27,79.74783819954934,1863.52,2.72,24.96,1336.0,236.293,0.64,1.51220287576308,0.007906961177162053,2.5580064280368076,2.7692307692307683,1.20779712423692,Risk-on
2014-03-11,14.8,108.35,79.76369666744623,1863.52,2.72,24.96,1336.0,236.293,0.64,1.51220287576308,0.019885765250715615,2.5580064280368076,2.7692307692307683,1.20779712423692,Risk-on
2014-03-12,14.47,107.88,79.62090504038798,1863.52,2.72,24.96,1336.0,236.293,0.64,1.51220287576308,-0.17901831663291734,2.5580064280368076,2.7692307692307683,1.20779712423692,Risk-on
2014-03-13,16.22,107.48,79.38219404232498,1863.52,2.72,24.96,1336.0,236.293,0.64,1.51220287576308,-0.2998094507239202,2.5580064280368076,2.7692307692307683,1.20779712423692,Trung tinh
2014-03-14,17.82,108.08,79.37718817563076,1863.52,2.72,24.96,1336.0,236.293,0.64,1.51220287576308,-0.006306032170833031,2.5580064280368076,2.7692307692307683,1.20779712423692,Trung tinh
2014-03-15,17.82,108.08,79.37718817563076,1863.52,2.72,24.96,1336.0,236.293,0.64,1.51220287576308,0.0,2.5580064280368076,2.7692307692307683,1.20779712423692,Trung tinh
2014-03-16,17.82,108.08,79.37718817563076,1863.52,2.72,24.96,1336.0,236.293,0.64,1.51220287576308,0.0,2.5580064280368076,2.7692307692307683,1.20779712423692,Trung tinh
2014-03-17,15.64,106.99,79.34179608615263,1863.52,2.72,24.96,1336.0,236.293,0.64,1.51220287576308,-0.044587230023607205,2.5580064280368076,2.7692307692307683,1.20779712423692,Trung tinh
2014-03-18,14.52,106.79,79.43052827586999,1863.52,2.72,24.96,1336.0,236.293,0.64,1.51220287576308,0.11183536810914774,2.5580064280368076,2.7692307692307683,1.20779712423692,Risk-on
2014-03-19,15.12,105.95,79.49064430680122,1863.52,2.72,24.96,1336.0,236.293,0.64,1.51220287576308,0.07568378586433333,2.5580064280368076,2.7692307692307683,1.20779712423692,Trung tinh
2014-03-20,14.52,105.73,80.17354124526507,1863.52,2.72,24.96,1336.0,236.293,0.64,1.51220287576308,0.8590909589663909,2.5580064280368076,2.7692307692307683,1.20779712423692,Risk-on
2014-03-21,15.0,107.2,80.15547501198716,1863.52,2.72,24.96,1336.0,236.293,0.64,1.51220287576308,-0.02253390956330481,2.5580064280368076,2.7692307692307683,1.20779712423692,Trung tinh
2014-03-22,15.0,107.2,80.15547501198716,1863.52,2.72,24.96,1336.0,236.293,0.64,1.51220287576308,0.0,2.5580064280368076,2.7692307692307683,1.20779712423692,Trung tinh
2014-03-23,15.0,107.2,80.15547501198716,1863.52,2.72,24.96,1336.0,236.293,0.64,1.51220287576308,0.0,2.5580064280368076,2.7692307692307683,1.20779712423692,Trung tinh
2014-03-24,15.09,106.59,80.15588577767505,1863.52,2.72,24.96,1336.0,236.293,0.64,1.51220287576308,0.0005124611735185525,2.5580064280368076,2.7692307692307683,1.20779712423692,Trung tinh
2014-03-25,14.02,107.01,80.15654474307644,1863.52,2.72,24.96,1336.0,236.293,0.64,1.51220287576308,0.000822104821107672,2.5580064280368076,2.7692307692307683,1.20779712423692,Risk-on
2014-03-26,14.93,105.9,80.08589519234214,1863.52,2.72,24.96,1336.0,236.293,0.64,1.51220287576308,-0.08813946629155911,2.5580064280368076,2.7692307692307683,1.20779712423692,Risk-on
2014-03-27,14.62,106.58,80.1006215379454,1863.52,2.72,24.96,1336.0,236.293,0.64,1.51220287576308,0.018388188791407245,2.5580064280368076,2.7692307692307683,1.20779712423692,Risk-on
2014-03-28,14.41,106.64,80.19791383853416,1863.52,2.72,24.96,1336.0,236.293,0.64,1.51220287576308,0.1214626038109845,2.5580064280368076,2.7692307692307683,1.20779712423692,Risk-on
2014-03-29,14.41,106.64,80.19791383853416,1863.52,2.72,24.96,1336.0,236.293,0.64,1.51220287576308,0.0,2.5580064280368076,2.7692307692307683,1.20779712423692,Risk-on
2014-03-30,14.41,106.64,80.19791383853416,1863.52,2.72,24.96,1336.0,236.293,0.64,1.51220287576308,0.0,2.5580064280368076,2.7692307692307683,1.20779712423692,Risk-on
2014-03-31,13.88,105.95,80.06720050049795,1863.52,2.72,24.96,1336.0,236.293,0.64,1.51220287576308,-0.16298845166893283,0.0,0.0,1.20779712423692,Risk-on
2014-04-01,13.1,105.7,80.021278465269,1864.26,2.71,24.79,1298.0,237.072,0.33,1.9528578985167577,-0.05735436600990962,0.03970979651413131,-2.844311377245512,0.7571421014832422,Risk-on
2014-04-02,13.09,103.37,80.23615725332287,1864.26,2.71,24.79,1298.0,237.072,0.33,1.9528578985167577,0.2685270620202962,0.03970979651413131,-2.844311377245512,0.7571421014832422,Risk-on
2014-04-03,13.37,104.88,80.50738146366682,1864.26,2.71,24.79,1298.0,237.072,0.33,1.9528578985167577,0.33803240288243774,0.03970979651413131,-2.844311377245512,0.7571421014832422,Risk-on
2014-04-04,13.96,106.41,80.4192566410508,1864.26,2.71,24.79,1298.0,237.072,0.33,1.9528578985167577,-0.10946179221565933,0.03970979651413131,-2.844311377245512,0.7571421014832422,Risk-on
2014-04-05,13.96,106.41,80.4192566410508,1864.26,2.71,24.79,1298.0,237.072,0.33,1.9528578985167577,0.0,0.03970979651413131,-2.844311377245512,0.7571421014832422,Risk-on
2014-04-06,13.96,106.41,80.4192566410508,1864.26,2.71,24.79,1298.0,237.072,0.33,1.9528578985167577,0.0,0.03970979651413131,-2.844311377245512,0.7571421014832422,Risk-on
2014-04-07,15.57,104.89,80.19972647626606,1864.26,2.71,24.79,1298.0,237.072,0.33,1.9528578985167577,-0.2729820865723709,0.03970979651413131,-2.844311377245512,0.7571421014832422,Trung tinh
2014-04-08,14.89,105.83,79.77499962792223,1864.26,2.71,24.79,1298.0,237.072,0.33,1.9528578985167577,-0.5295864050976928,0.03970979651413131,-2.844311377245512,0.7571421014832422,Risk-on
2014-04-09,13.82,107.39,79.6860206746209,1864.26,2.71,24.79,1298.0,237.072,0.33,1.9528578985167577,-0.11153739105775884,0.03970979651413131,-2.844311377245512,0.7571421014832422,Risk-on
2014-04-10,15.89,107.1,79.36612073386502,1864.26,2.71,24.79,1298.0,237.072,0.33,1.9528578985167577,-0.40145051547011423,0.03970979651413131,-2.844311377245512,0.7571421014832422,Trung tinh
2014-04-11,17.03,107.34,79.41456205494893,1864.26,2.71,24.79,1298.0,237.072,0.33,1.9528578985167577,0.06103526370697665,0.03970979651413131,-2.844311377245512,0.7571421014832422,Trung tinh
2014-04-12,17.03,107.34,79.41456205494893,1864.26,2.71,24.79,1298.0,237.072,0.33,1.9528578985167577,0.0,0.03970979651413131,-2.844311377245512,0.7571421014832422,Trung tinh
2014-04-13,17.03,107.34,79.41456205494893,1864.26,2.71,24.79,1298.0,237.072,0.33,1.9528578985167577,0.0,0.03970979651413131,-2.844311377245512,0.7571421014832422,Trung tinh
2014-04-14,16.11,107.68,79.71797274573304,1864.26,2.71,24.79,1298.0,237.072,0.33,1.9528578985167577,0.3820592633554609,0.03970979651413131,-2.844311377245512,0.7571421014832422,Trung tinh
2014-04-15,15.61,109.1,79.78956725817508,1864.26,2.71,24.79,1298.0,237.072,0.33,1.9528578985167577,0.08980975051937623,0.03970979651413131,-2.844311377245512,0.7571421014832422,Trung tinh
2014-04-16,14.18,109.71,79.82265871222647,1864.26,2.71,24.79,1298.0,237.072,0.33,1.9528578985167577,0.041473409605430334,0.03970979651413131,-2.844311377245512,0.7571421014832422,Risk-on
2014-04-17,13.36,109.79,79.74652423519692,1864.26,2.71,24.79,1298.0,237.072,0.33,1.9528578985167577,-0.09537953039628899,0.03970979651413131,-2.844311377245512,0.7571421014832422,Risk-on
2014-04-18,13.36,109.79,79.85443792772023,1864.26,2.71,24.79,1298.0,237.072,0.33,1.9528578985167577,0.13532087267533743,0.03970979651413131,-2.844311377245512,0.7571421014832422,Risk-on
2014-04-19,13.36,109.79,79.85443792772023,1864.26,2.71,24.79,1298.0,237.072,0.33,1.9528578985167577,0.0,0.03970979651413131,-2.844311377245512,0.7571421014832422,Risk-on
2014-04-20,13.36,109.79,79.85443792772023,1864.26,2.71,24.79,1298.0,237.072,0.33,1.9528578985167577,0.0,0.03970979651413131,-2.844311377245512,0.7571421014832422,Risk-on
2014-04-21,13.25,109.69,79.975393277053,1864.26,2.71,24.79,1298.0,237.072,0.33,1.9528578985167577,0.15146978987223836,0.03970979651413131,-2.844311377245512,0.7571421014832422,Risk-on
2014-04-22,13.19,108.54,79.88913281787767,1864.26,2.71,24.79,1298.0,237.072,0.33,1.9528578985167577,-0.10785874959877706,0.03970979651413131,-2.844311377245512,0.7571421014832422,Risk-on
2014-04-23,13.27,108.48,79.85266151248132,1864.26,2.71,24.79,1298.0,237.072,0.33,1.9528578985167577,-0.04565239865538251,0.03970979651413131,-2.844311377245512,0.7571421014832422,Risk-on
2014-04-24,13.32,109.79,79.78911078389322,1864.26,2.71,24.79,1298.0,237.072,0.33,1.9528578985167577,-0.07958498487637966,0.03970979651413131,-2.844311377245512,0.7571421014832422,Risk-on
2014-04-25,14.06,109.53,79.73584686862806,1864.26,2.71,24.79,1298.0,237.072,0.33,1.9528578985167577,-0.06675587024578267,0.03970979651413131,-2.844311377245512,0.7571421014832422,Risk-on
2014-04-26,14.06,109.53,79.73584686862806,1864.26,2.71,24.79,1298.0,237.072,0.33,1.9528578985167577,0.0,0.03970979651413131,-2.844311377245512,0.7571421014832422,Risk-on
2014-04-27,14.06,109.53,79.73584686862806,1864.26,2.71,24.79,1298.0,237.072,0.33,1.9528578985167577,0.0,0.03970979651413131,-2.844311377245512,0.7571421014832422,Risk-on
2014-04-28,13.97,109.12,79.72364426369566,1864.26,2.71,24.79,1298.0,237.072,0.33,1.9528578985167577,-0.015303787959386472,0.03970979651413131,-2.844311377245512,0.7571421014832422,Risk-on
2014-04-29,13.71,109.89,79.82483350348974,1864.26,2.71,24.79,1298.0,237.072,0.33,1.9528578985167577,0.12692500540916196,0.03970979651413131,-2.844311377245512,0.7571421014832422,Risk-on
2014-04-30,13.41,108.63,79.49395636486298,1864.26,2.71,24.79,1298.0,237.072,0.33,1.9528578985167577,-0.4145040134813427,0.03970979651413131,-2.844311377245512,0.7571421014832422,Risk-on
2014-05-01,13.25,108.63,79.5107589673875,1889.77,2.56,24.94,1289.0,237.9,0.35,2.1271115499366777,0.02113695593084497,1.3683713645092466,-0.6933744221879867,0.4328884500633223,Risk-on
2014-05-02,12.91,109.48,79.55559752770904,1889.77,2.56,24.94,1289.0,237.9,0.35,2.1271115499366777,0.05639307296756435,1.3683713645092466,-0.6933744221879867,0.4328884500633223,Risk-on
2014-05-03,12.91,109.48,79.55559752770904,1889.77,2.56,24.94,1289.0,237.9,0.35,2.1271115499366777,0.0,1.3683713645092466,-0.6933744221879867,0.4328884500633223,Risk-on
2014-05-04,12.91,109.48,79.55559752770904,1889.77,2.56,24.94,1289.0,237.9,0.35,2.1271115499366777,0.0,1.3683713645092466,-0.6933744221879867,0.4328884500633223,Risk-on
2014-05-05,13.29,109.48,79.46049089559237,1889.77,2.56,24.94,1289.0,237.9,0.35,2.1271115499366777,-0.11954737953359107,1.3683713645092466,-0.6933744221879867,0.4328884500633223,Risk-on
2014-05-06,13.8,108.3,79.14381165111892,1889.77,2.56,24.94,1289.0,237.9,0.35,2.1271115499366777,-0.3985367330407663,1.3683713645092466,-0.6933744221879867,0.4328884500633223,Risk-on
2014-05-07,13.4,108.17,79.1825623809957,1889.77,2.56,24.94,1289.0,237.9,0.35,2.1271115499366777,0.04896242557486108,1.3683713645092466,-0.6933744221879867,0.4328884500633223,Risk-on
2014-05-08,13.43,108.19,79.3582881493098,1889.77,2.56,24.94,1289.0,237.9,0.35,2.1271115499366777,0.22192483171807886,1.3683713645092466,-0.6933744221879867,0.4328884500633223,Risk-on
2014-05-09,12.92,108.26,79.8348869794719,1889.77,2.56,24.94,1289.0,237.9,0.35,2.1271115499366777,0.6005659160205123,1.3683713645092466,-0.6933744221879867,0.4328884500633223,Risk-on
2014-05-10,12.92,108.26,79.8348869794719,1889.77,2.56,24.94,1289.0,237.9,0.35,2.1271115499366777,0.0,1.3683713645092466,-0.6933744221879867,0.4328884500633223,Risk-on
2014-05-11,12.92,108.26,79.8348869794719,1889.77,2.56,24.94,1289.0,237.9,0.35,2.1271115499366777,0.0,1.3683713645092466,-0.6933744221879867,0.4328884500633223,Risk-on
2014-05-12,12.23,108.37,79.86797351414009,1889.77,2.56,24.94,1289.0,237.9,0.35,2.1271115499366777,0.041443704525678804,1.3683713645092466,-0.6933744221879867,0.4328884500633223,Risk-on
2014-05-13,12.13,108.78,80.06314575726161,1889.77,2.56,24.94,1289.0,237.9,0.35,2.1271115499366777,0.2443685929842232,1.3683713645092466,-0.6933744221879867,0.4328884500633223,Risk-on
2014-05-14,12.17,109.87,80.02255122539633,1889.77,2.56,24.94,1289.0,237.9,0.35,2.1271115499366777,-0.05070314372652707,1.3683713645092466,-0.6933744221879867,0.4328884500633223,Risk-on
2014-05-15,13.17,109.74,80.0211028511329,1889.77,2.56,24.94,1289.0,237.9,0.35,2.1271115499366777,-0.001809957619758329,1.3683713645092466,-0.6933744221879867,0.4328884500633223,Risk-on
2014-05-16,12.44,110.9,80.0118273434421,1889.77,2.56,24.94,1289.0,237.9,0.35,2.1271115499366777,-0.011591326987892003,1.3683713645092466,-0.6933744221879867,0.4328884500633223,Risk-on
2014-05-17,12.44,110.9,80.0118273434421,1889.77,2.56,24.94,1289.0,237.9,0.35,2.1271115499366777,0.0,1.3683713645092466,-0.6933744221879867,0.4328884500633223,Risk-on
2014-05-18,12.44,110.9,80.0118273434421,1889.77,2.56,24.94,1289.0,237.9,0.35,2.1271115499366777,0.0,1.3683713645092466,-0.6933744221879867,0.4328884500633223,Risk-on
2014-05-19,12.42,110.84,79.96363756062905,1889.77,2.56,24.94,1289.0,237.9,0.35,2.1271115499366777,-0.06022832425286451,1.3683713645092466,-0.6933744221879867,0.4328884500633223,Risk-on
2014-05-20,12.96,110.35,80.01763372904303,1889.77,2.56,24.94,1289.0,237.9,0.35,2.1271115499366777,0.06752590309944129,1.3683713645092466,-0.6933744221879867,0.4328884500633223,Risk-on
2014-05-21,11.91,111.32,80.20989334777434,1889.77,2.56,24.94,1289.0,237.9,0.35,2.1271115499366777,0.24027156236878788,1.3683713645092466,-0.6933744221879867,0.4328884500633223,Risk-on
2014-05-22,12.03,110.89,80.2493856768767,1889.77,2.56,24.94,1289.0,237.9,0.35,2.1271115499366777,0.04923623190860038,1.3683713645092466,-0.6933744221879867,0.4328884500633223,Risk-on
2014-05-23,11.36,110.19,80.37909474361847,1889.77,2.56,24.94,1289.0,237.9,0.35,2.1271115499366777,0.16163247313074613,1.3683713645092466,-0.6933744221879867,0.4328884500633223,Risk-on
2014-05-24,11.36,110.19,80.37909474361847,1889.77,2.56,24.94,1289.0,237.9,0.35,2.1271115499366777,0.0,1.3683713645092466,-0.6933744221879867,0.4328884500633223,Risk-on
2014-05-25,11.36,110.19,80.37909474361847,1889.77,2.56,24.94,1289.0,237.9,0.35,2.1271115499366777,0.0,1.3683713645092466,-0.6933744221879867,0.4328884500633223,Risk-on
2014-05-26,11.36,110.01,80.37909474361847,1889.77,2.56,24.94,1289.0,237.9,0.35,2.1271115499366777,0.0,1.3683713645092466,-0.6933744221879867,0.4328884500633223,Risk-on
2014-05-27,11.51,109.81,80.44327932488585,1889.77,2.56,24.94,1289.0,237.9,0.35,2.1271115499366777,0.0798523315945543,1.3683713645092466,-0.6933744221879867,0.4328884500633223,Risk-on
2014-05-28,11.68,109.09,80.54426021258499,1889.77,2.56,24.94,1289.0,237.9,0.35,2.1271115499366777,0.12553054592827628,1.3683713645092466,-0.6933744221879867,0.4328884500633223,Risk-on
2014-05-29,11.57,109.98,80.4518635818168,1889.77,2.56,24.94,1289.0,237.9,0.35,2.1271115499366777,-0.11471535094409457,1.3683713645092466,-0.6933744221879867,0.4328884500633223,Risk-on
2014-05-30,11.4,109.21,80.36726250976074,1889.77,2.56,24.94,1289.0,237.9,0.35,2.1271115499366777,-0.10515738018923582,1.3683713645092466,-0.6933744221879867,0.4328884500633223,Risk-on
2014-05-31,11.4,109.21,80.36726250976074,1889.77,2.56,24.94,1289.0,237.9,0.35,2.1271115499366777,0.0,0.0,0.0,0.4328884500633223,Risk-on
2014-06-01,11.4,109.21,80.36726250976074,1947.09,2.6,25.56,1279.0,238.343,0.19,2.0723413731670526,0.0,3.03317334913773,-0.7757951900698168,0.5276586268329475,Risk-on
2014-06-02,11.58,109.34,80.57800404228823,1947.09,2.6,25.56,1279.0,238.343,0.19,2.0723413731670526,0.2622231067057834,3.03317334913773,-0.7757951900698168,0.5276586268329475,Risk-on
2014-06-03,11.87,108.87,80.53873187053813,1947.09,2.6,25.56,1279.0,238.343,0.19,2.0723413731670526,-0.04873807959985266,3.03317334913773,-0.7757951900698168,0.5276586268329475,Risk-on
2014-06-04,12.08,109.07,80.58309252558585,1947.09,2.6,25.56,1279.0,238.343,0.19,2.0723413731670526,0.05507990257287432,3.03317334913773,-0.7757951900698168,0.5276586268329475,Risk-on
2014-06-05,11.68,108.43,80.53900792811238,1947.09,2.6,25.56,1279.0,238.343,0.19,2.0723413731670526,-0.05470700626123426,3.03317334913773,-0.7757951900698168,0.5276586268329475,Risk-on
2014-06-06,10.73,109.21,80.45068232506385,1947.09,2.6,25.56,1279.0,238.343,0.19,2.0723413731670526,-0.1096681040910874,3.03317334913773,-0.7757951900698168,0.5276586268329475,Risk-on
2014-06-07,10.73,109.21,80.45068232506385,1947.09,2.6,25.56,1279.0,238.343,0.19,2.0723413731670526,0.0,3.03317334913773,-0.7757951900698168,0.5276586268329475,Risk-on
2014-06-08,10.73,109.21,80.45068232506385,1947.09,2.6,25.56,1279.0,238.343,0.19,2.0723413731670526,0.0,3.03317334913773,-0.7757951900698168,0.5276586268329475,Risk-on
2014-06-09,11.15,110.55,80.63989104711003,1947.09,2.6,25.56,1279.0,238.343,0.19,2.0723413731670526,0.2351859755292951,3.03317334913773,-0.7757951900698168,0.5276586268329475,Risk-on
2014-06-10,10.99,109.18,80.82809970828382,1947.09,2.6,25.56,1279.0,238.343,0.19,2.0723413731670526,0.23339399238999636,3.03317334913773,-0.7757951900698168,0.5276586268329475,Risk-on
2014-06-11,11.6,109.83,80.76097670424178,1947.09,2.6,25.56,1279.0,238.343,0.19,2.0723413731670526,-0.08304414465301058,3.03317334913773,-0.7757951900698168,0.5276586268329475,Risk-on
2014-06-12,12.56,112.18,80.617734189596,1947.09,2.6,25.56,1279.0,238.343,0.19,2.0723413731670526,-0.17736600087236987,3.03317334913773,-0.7757951900698168,0.5276586268329475,Risk-on
2014-06-13,12.18,113.15,80.70129545930739,1947.09,2.6,25.56,1279.0,238.343,0.19,2.0723413731670526,0.10365122581448283,3.03317334913773,-0.7757951900698168,0.5276586268329475,Risk-on
2014-06-14,12.18,113.15,80.70129545930739,1947.09,2.6,25.56,1279.0,238.343,0.19,2.0723413731670526,0.0,3.03317334913773,-0.7757951900698168,0.5276586268329475,Risk-on
2014-06-15,12.18,113.15,80.70129545930739,1947.09,2.6,25.56,1279.0,238.343,0.19,2.0723413731670526,0.0,3.03317334913773,-0.7757951900698168,0.5276586268329475,Risk-on
2014-06-16,12.65,113.42,80.42562185566815,1947.09,2.6,25.56,1279.0,238.343,0.19,2.0723413731670526,-0.34159749489800495,3.03317334913773,-0.7757951900698168,0.5276586268329475,Risk-on
2014-06-17,12.06,114.02,80.60927380864113,1947.09,2.6,25.56,1279.0,238.343,0.19,2.0723413731670526,0.22835005653119023,3.03317334913773,-0.7757951900698168,0.5276586268329475,Risk-on
2014-06-18,10.61,114.25,80.55422274075018,1947.09,2.6,25.56,1279.0,238.343,0.19,2.0723413731670526,-0.06829371521401839,3.03317334913773,-0.7757951900698168,0.5276586268329475,Risk-on
2014-06-19,10.62,115.19,80.25705146791053,1947.09,2.6,25.56,1279.0,238.343,0.19,2.0723413731670526,-0.36890837342697935,3.03317334913773,-0.7757951900698168,0.5276586268329475,Risk-on
2014-06-20,10.85,114.55,80.41550216808064,1947.09,2.6,25.56,1279.0,238.343,0.19,2.0723413731670526,0.1974290075102747,3.03317334913773,-0.7757951900698168,0.5276586268329475,Risk-on
2014-06-21,10.85,114.55,80.41550216808064,1947.09,2.6,25.56,1279.0,238.343,0.19,2.0723413731670526,0.0,3.03317334913773,-0.7757951900698168,0.5276586268329475,Risk-on
2014-06-22,10.85,114.55,80.41550216808064,1947.09,2.6,25.56,1279.0,238.343,0.19,2.0723413731670526,0.0,3.03317334913773,-0.7757951900698168,0.5276586268329475,Risk-on
2014-06-23,10.98,113.62,80.3243391797052,1947.09,2.6,25.56,1279.0,238.343,0.19,2.0723413731670526,-0.11336494322311541,3.03317334913773,-0.7757951900698168,0.5276586268329475,Risk-on
2014-06-24,12.13,113.74,80.40461909096877,1947.09,2.6,25.56,1279.0,238.343,0.19,2.0723413731670526,0.09994468934746426,3.03317334913773,-0.7757951900698168,0.5276586268329475,Risk-on
2014-06-25,11.59,112.84,80.1597578379142,1947.09,2.6,25.56,1279.0,238.343,0.19,2.0723413731670526,-0.3045363013007174,3.03317334913773,-0.7757951900698168,0.5276586268329475,Risk-on
2014-06-26,11.63,112.61,80.23358798835318,1947.09,2.6,25.56,1279.0,238.343,0.19,2.0723413731670526,0.09210375933055293,3.03317334913773,-0.7757951900698168,0.5276586268329475,Risk-on
2014-06-27,11.26,112.62,80.10374517620284,1947.09,2.6,25.56,1279.0,238.343,0.19,2.0723413731670526,-0.1618309929866224,3.03317334913773,-0.7757951900698168,0.5276586268329475,Risk-on
2014-06-28,11.26,112.62,80.10374517620284,1947.09,2.6,25.56,1279.0,238.343,0.19,2.0723413731670526,0.0,3.03317334913773,-0.7757951900698168,0.5276586268329475,Risk-on
2014-06-29,11.26,112.62,80.10374517620284,1947.09,2.6,25.56,1279.0,238.343,0.19,2.0723413731670526,0.0,3.03317334913773,-0.7757951900698168,0.5276586268329475,Risk-on
2014-06-30,11.57,111.03,79.80587416524844,1947.09,2.6,25.56,1279.0,238.343,0.19,2.0723413731670526,-0.3718565346715996,3.03317334913773,-0.7757951900698168,0.5276586268329475,Risk-on
2014-07-01,11.15,110.84,79.8206724499906,1973.1,2.54,25.82,1311.0,238.25,-0.04,1.9923286357643066,0.018542851509284475,1.3358396376130566,2.501954652071925,0.5476713642356934,Risk-on
2014-07-02,10.82,110.18,79.94781104550839,1973.1,2.54,25.82,1311.0,238.25,-0.04,1.9923286357643066,0.15928028619083268,1.3358396376130566,2.501954652071925,0.5476713642356934,Risk-on
2014-07-03,10.32,108.98,80.20364775589,1973.1,2.54,25.82,1311.0,238.25,-0.04,1.9923286357643066,0.3200046468263995,1.3358396376130566,2.501954652071925,0.5476713642356934,Risk-on
2014-07-04,10.32,108.98,80.20364775589,1973.1,2.54,25.82,1311.0,238.25,-0.04,1.9923286357643066,0.0,1.3358396376130566,2.501954652071925,0.5476713642356934,Risk-on
2014-07-05,10.32,108.98,80.20364775589,1973.1,2.54,25.82,1311.0,238.25,-0.04,1.9923286357643066,0.0,1.3358396376130566,2.501954652071925,0.5476713642356934,Risk-on
2014-07-06,10.32,108.98,80.20364775589,1973.1,2.54,25.82,1311.0,238.25,-0.04,1.9923286357643066,0.0,1.3358396376130566,2.501954652071925,0.5476713642356934,Risk-on
2014-07-07,11.33,108.7,80.22678784143528,1973.1,2.54,25.82,1311.0,238.25,-0.04,1.9923286357643066,0.028851662228257524,1.3358396376130566,2.501954652071925,0.5476713642356934,Risk-on
2014-07-08,11.98,107.65,80.16011377356831,1973.1,2.54,25.82,1311.0,238.25,-0.04,1.9923286357643066,-0.08310698915023895,1.3358396376130566,2.501954652071925,0.5476713642356934,Risk-on
2014-07-09,11.65,106.84,80.09158040199308,1973.1,2.54,25.82,1311.0,238.25,-0.04,1.9923286357643066,-0.085495601676433,1.3358396376130566,2.501954652071925,0.5476713642356934,Risk-on
2014-07-10,12.59,106.2,80.14878872138331,1973.1,2.54,25.82,1311.0,238.25,-0.04,1.9923286357643066,0.07142863095357388,1.3358396376130566,2.501954652071925,0.5476713642356934,Risk-on
2014-07-11,12.08,105.77,80.22033900946668,1973.1,2.54,25.82,1311.0,238.25,-0.04,1.9923286357643066,0.0892718270916193,1.3358396376130566,2.501954652071925,0.5476713642356934,Risk-on
2014-07-12,12.08,105.77,80.22033900946668,1973.1,2.54,25.82,1311.0,238.25,-0.04,1.9923286357643066,0.0,1.3358396376130566,2.501954652071925,0.5476713642356934,Risk-on
2014-07-13,12.08,105.77,80.22033900946668,1973.1,2.54,25.82,1311.0,238.25,-0.04,1.9923286357643066,0.0,1.3358396376130566,2.501954652071925,0.5476713642356934,Risk-on
2014-07-14,11.82,104.73,80.18563422462289,1973.1,2.54,25.82,1311.0,238.25,-0.04,1.9923286357643066,-0.04326182770145737,1.3358396376130566,2.501954652071925,0.5476713642356934,Risk-on
2014-07-15,11.96,104.73,80.36652195752663,1973.1,2.54,25.82,1311.0,238.25,-0.04,1.9923286357643066,0.22558620961583564,1.3358396376130566,2.501954652071925,0.5476713642356934,Risk-on
2014-07-16,11.0,105.41,80.53093034508382,1973.1,2.54,25.82,1311.0,238.25,-0.04,1.9923286357643066,0.2045732272003553,1.3358396376130566,2.501954652071925,0.5476713642356934,Risk-on
2014-07-17,14.54,106.04,80.50447841770496,1973.1,2.54,25.82,1311.0,238.25,-0.04,1.9923286357643066,-0.032846916415230076,1.3358396376130566,2.501954652071925,0.5476713642356934,Risk-on
2014-07-18,12.06,106.03,80.58559282996474,1973.1,2.54,25.82,1311.0,238.25,-0.04,1.9923286357643066,0.10075763964199069,1.3358396376130566,2.501954652071925,0.5476713642356934,Risk-on
2014-07-19,12.06,106.03,80.58559282996474,1973.1,2.54,25.82,1311.0,238.25,-0.04,1.9923286357643066,0.0,1.3358396376130566,2.501954652071925,0.5476713642356934,Risk-on
2014-07-20,12.06,106.03,80.58559282996474,1973.1,2.54,25.82,1311.0,238.25,-0.04,1.9923286357643066,0.0,1.3358396376130566,2.501954652071925,0.5476713642356934,Risk-on
2014-07-21,12.81,105.71,80.55173869267298,1973.1,2.54,25.82,1311.0,238.25,-0.04,1.9923286357643066,-0.04201016100133792,1.3358396376130566,2.501954652071925,0.5476713642356934,Risk-on
2014-07-22,12.24,106.48,80.78346401539969,1973.1,2.54,25.82,1311.0,238.25,-0.04,1.9923286357643066,0.2876726517484496,1.3358396376130566,2.501954652071925,0.5476713642356934,Risk-on
2014-07-23,11.52,106.85,80.80982642428116,1973.1,2.54,25.82,1311.0,238.25,-0.04,1.9923286357643066,0.0326334222018998,1.3358396376130566,2.501954652071925,0.5476713642356934,Risk-on
2014-07-24,11.84,105.78,80.85534512315918,1973.1,2.54,25.82,1311.0,238.25,-0.04,1.9923286357643066,0.056328173060338216,1.3358396376130566,2.501954652071925,0.5476713642356934,Risk-on
2014-07-25,12.69,106.89,81.03572828796823,1973.1,2.54,25.82,1311.0,238.25,-0.04,1.9923286357643066,0.22309367987272122,1.3358396376130566,2.501954652071925,0.5476713642356934,Risk-on
2014-07-26,12.69,106.89,81.03572828796823,1973.1,2.54,25.82,1311.0,238.25,-0.04,1.9923286357643066,0.0,1.3358396376130566,2.501954652071925,0.5476713642356934,Risk-on
2014-07-27,12.69,106.89,81.03572828796823,1973.1,2.54,25.82,1311.0,238.25,-0.04,1.9923286357643066,0.0,1.3358396376130566,2.501954652071925,0.5476713642356934,Risk-on
2014-07-28,12.56,106.7,80.98600843419347,1973.1,2.54,25.82,1311.0,238.25,-0.04,1.9923286357643066,-0.06135547224068727,1.3358396376130566,2.501954652071925,0.5476713642356934,Risk-on
2014-07-29,13.28,106.98,81.2115513672886,1973.1,2.54,25.82,1311.0,238.25,-0.04,1.9923286357643066,0.27849617169168894,1.3358396376130566,2.501954652071925,0.5476713642356934,Risk-on
2014-07-30,13.33,106.47,81.49518392669424,1973.1,2.54,25.82,1311.0,238.25,-0.04,1.9923286357643066,0.34925149763840313,1.3358396376130566,2.501954652071925,0.5476713642356934,Risk-on
2014-07-31,16.95,104.94,81.43017833375812,1973.1,2.54,25.82,1311.0,238.25,-0.04,1.9923286357643066,-0.07976617734195557,0.0,0.0,0.5476713642356934,Trung tinh
2014-08-01,17.03,103.45,81.2665672183818,1961.53,2.42,25.62,1295.0,237.852,-0.17,1.6996113341628316,-0.20092196618523017,-0.5863869038568725,-1.2204424103737566,0.7203886658371683,Trung tinh
2014-08-02,17.03,103.45,81.2665672183818,1961.53,2.42,25.62,1295.0,237.852,-0.17,1.6996113341628316,0.0,-0.5863869038568725,-1.2204424103737566,0.7203886658371683,Trung tinh
2014-08-03,17.03,103.45,81.2665672183818,1961.53,2.42,25.62,1295.0,237.852,-0.17,1.6996113341628316,0.0,-0.5863869038568725,-1.2204424103737566,0.7203886658371683,Trung tinh
2014-08-04,15.12,103.63,81.35685572336138,1961.53,2.42,25.62,1295.0,237.852,-0.17,1.6996113341628316,0.1111016597230563,-0.5863869038568725,-1.2204424103737566,0.7203886658371683,Trung tinh
2014-08-05,16.87,102.82,81.5890053938541,1961.53,2.42,25.62,1295.0,237.852,-0.17,1.6996113341628316,0.2853473974978815,-0.5863869038568725,-1.2204424103737566,0.7203886658371683,Trung tinh
2014-08-06,16.37,104.17,81.57997507634737,1961.53,2.42,25.62,1295.0,237.852,-0.17,1.6996113341628316,-0.01106805685783252,-0.5863869038568725,-1.2204424103737566,0.7203886658371683,Trung tinh
2014-08-07,16.66,104.02,81.50420797052332,1961.53,2.42,25.62,1295.0,237.852,-0.17,1.6996113341628316,-0.09287463713140154,-0.5863869038568725,-1.2204424103737566,0.7203886658371683,Trung tinh
2014-08-08,15.77,103.36,81.37563351915841,1961.53,2.42,25.62,1295.0,237.852,-0.17,1.6996113341628316,-0.15775191804994204,-0.5863869038568725,-1.2204424103737566,0.7203886658371683,Trung tinh
2014-08-09,15.77,103.36,81.37563351915841,1961.53,2.42,25.62,1295.0,237.852,-0.17,1.6996113341628316,0.0,-0.5863869038568725,-1.2204424103737566,0.7203886658371683,Trung tinh
2014-08-10,15.77,103.36,81.37563351915841,1961.53,2.42,25.62,1295.0,237.852,-0.17,1.6996113341628316,0.0,-0.5863869038568725,-1.2204424103737566,0.7203886658371683,Trung tinh
2014-08-11,14.23,103.47,81.45070079640249,1961.53,2.42,25.62,1295.0,237.852,-0.17,1.6996113341628316,0.09224785601995578,-0.5863869038568725,-1.2204424103737566,0.7203886658371683,Risk-on
2014-08-12,14.13,101.68,81.5673976832791,1961.53,2.42,25.62,1295.0,237.852,-0.17,1.6996113341628316,0.143273029864166,-0.5863869038568725,-1.2204424103737566,0.7203886658371683,Risk-on
2014-08-13,12.9,102.27,81.6097879718416,1961.53,2.42,25.62,1295.0,237.852,-0.17,1.6996113341628316,0.05196964690119543,-0.5863869038568725,-1.2204424103737566,0.7203886658371683,Risk-on
2014-08-14,12.42,101.15,81.54272096490276,1961.53,2.42,25.62,1295.0,237.852,-0.17,1.6996113341628316,-0.08218010192844183,-0.5863869038568725,-1.2204424103737566,0.7203886658371683,Risk-on
2014-08-15,13.15,101.13,81.44461510940778,1961.53,2.42,25.62,1295.0,237.852,-0.17,1.6996113341628316,-0.12031221712260898,-0.5863869038568725,-1.2204424103737566,0.7203886658371683,Risk-on
2014-08-16,13.15,101.13,81.44461510940778,1961.53,2.42,25.62,1295.0,237.852,-0.17,1.6996113341628316,0.0,-0.5863869038568725,-1.2204424103737566,0.7203886658371683,Risk-on
2014-08-17,13.15,101.13,81.44461510940778,1961.53,2.42,25.62,1295.0,237.852,-0.17,1.6996113341628316,0.0,-0.5863869038568725,-1.2204424103737566,0.7203886658371683,Risk-on
2014-08-18,12.32,99.37,81.59130954312525,1961.53,2.42,25.62,1295.0,237.852,-0.17,1.6996113341628316,0.1801155712018554,-0.5863869038568725,-1.2204424103737566,0.7203886658371683,Risk-on
2014-08-19,12.21,99.74,81.86500964823614,1961.53,2.42,25.62,1295.0,237.852,-0.17,1.6996113341628316,0.3354525214063653,-0.5863869038568725,-1.2204424103737566,0.7203886658371683,Risk-on
2014-08-20,11.78,99.92,82.0710918656481,1961.53,2.42,25.62,1295.0,237.852,-0.17,1.6996113341628316,0.2517341881439483,-0.5863869038568725,-1.2204424103737566,0.7203886658371683,Risk-on
2014-08-21,11.76,100.28,82.13870621553329,1961.53,2.42,25.62,1295.0,237.852,-0.17,1.6996113341628316,0.08238509851419273,-0.5863869038568725,-1.2204424103737566,0.7203886658371683,Risk-on
2014-08-22,11.47,100.09,82.36226387492405,1961.53,2.42,25.62,1295.0,237.852,-0.17,1.6996113341628316,0.2721709041826781,-0.5863869038568725,-1.2204424103737566,0.7203886658371683,Risk-on
2014-08-23,11.47,100.09,82.36226387492405,1961.53,2.42,25.62,1295.0,237.852,-0.17,1.6996113341628316,0.0,-0.5863869038568725,-1.2204424103737566,0.7203886658371683,Risk-on
2014-08-24,11.47,100.09,82.36226387492405,1961.53,2.42,25.62,1295.0,237.852,-0.17,1.6996113341628316,0.0,-0.5863869038568725,-1.2204424103737566,0.7203886658371683,Risk-on
2014-08-25,11.7,100.49,82.48599765855536,1961.53,2.42,25.62,1295.0,237.852,-0.17,1.6996113341628316,0.15023115904051476,-0.5863869038568725,-1.2204424103737566,0.7203886658371683,Risk-on
2014-08-26,11.63,100.5,82.57020202097367,1961.53,2.42,25.62,1295.0,237.852,-0.17,1.6996113341628316,0.10208321995068825,-0.5863869038568725,-1.2204424103737566,0.7203886658371683,Risk-on
2014-08-27,11.78,100.4,82.49579531376868,1961.53,2.42,25.62,1295.0,237.852,-0.17,1.6996113341628316,-0.09011326772107031,-0.5863869038568725,-1.2204424103737566,0.7203886658371683,Risk-on
2014-08-28,12.05,100.71,82.51018602528072,1961.53,2.42,25.62,1295.0,237.852,-0.17,1.6996113341628316,0.017444175739256274,-0.5863869038568725,-1.2204424103737566,0.7203886658371683,Risk-on
2014-08-29,11.98,101.12,82.6488692030157,1961.53,2.42,25.62,1295.0,237.852,-0.17,1.6996113341628316,0.16808006915958185,-0.5863869038568725,-1.2204424103737566,0.7203886658371683,Risk-on
2014-08-30,11.98,101.12,82.6488692030157,1961.53,2.42,25.62,1295.0,237.852,-0.17,1.6996113341628316,0.0,-0.5863869038568725,-1.2204424103737566,0.7203886658371683,Risk-on
2014-08-31,11.98,101.12,82.6488692030157,1961.53,2.42,25.62,1295.0,237.852,-0.17,1.6996113341628316,0.0,0.0,0.0,0.7203886658371683,Risk-on
2014-09-01,11.98,101.12,82.6488692030157,1993.23,2.53,25.92,1237.0,238.031,0.08,1.657918675715031,0.0,1.6160854027213567,-4.478764478764474,0.8720813242849688,Risk-on
2014-09-02,12.25,100.21,82.98099069229798,1993.23,2.53,25.92,1237.0,238.031,0.08,1.657918675715031,0.40184638033760045,1.6160854027213567,-4.478764478764474,0.8720813242849688,Risk-on
2014-09-03,12.36,100.88,82.90864933959456,1993.23,2.53,25.92,1237.0,238.031,0.08,1.657918675715031,-0.08717822250600138,1.6160854027213567,-4.478764478764474,0.8720813242849688,Risk-on
2014-09-04,12.64,101.21,83.84155684383529,1993.23,2.53,25.92,1237.0,238.031,0.08,1.657918675715031,1.1252233773819453,1.6160854027213567,-4.478764478764474,0.8720813242849688,Risk-on
2014-09-05,12.09,99.51,83.74081492735336,1993.23,2.53,25.92,1237.0,238.031,0.08,1.657918675715031,-0.12015749739664461,1.6160854027213567,-4.478764478764474,0.8720813242849688,Risk-on
2014-09-06,12.09,99.51,83.74081492735336,1993.23,2.53,25.92,1237.0,238.031,0.08,1.657918675715031,0.0,1.6160854027213567,-4.478764478764474,0.8720813242849688,Risk-on
2014-09-07,12.09,99.51,83.74081492735336,1993.23,2.53,25.92,1237.0,238.031,0.08,1.657918675715031,0.0,1.6160854027213567,-4.478764478764474,0.8720813242849688,Risk-on
2014-09-08,12.66,99.53,83.98831122039908,1993.23,2.53,25.92,1237.0,238.031,0.08,1.657918675715031,0.2955503755969424,1.6160854027213567,-4.478764478764474,0.8720813242849688,Risk-on
2014-09-09,13.5,98.08,84.3216566066222,1993.23,2.53,25.92,1237.0,238.031,0.08,1.657918675715031,0.3968949742879868,1.6160854027213567,-4.478764478764474,0.8720813242849688,Risk-on
2014-09-10,12.88,96.26,84.30438720797704,1993.23,2.53,25.92,1237.0,238.031,0.08,1.657918675715031,-0.02048038349830028,1.6160854027213567,-4.478764478764474,0.8720813242849688,Risk-on
2014-09-11,12.8,96.42,84.2060681346393,1993.23,2.53,25.92,1237.0,238.031,0.08,1.657918675715031,-0.11662391079979573,1.6160854027213567,-4.478764478764474,0.8720813242849688,Risk-on
2014-09-12,13.31,96.31,84.19840331630334,1993.23,2.53,25.92,1237.0,238.031,0.08,1.657918675715031,-0.009102453666043342,1.6160854027213567,-4.478764478764474,0.8720813242849688,Risk-on
2014-09-13,13.31,96.31,84.19840331630334,1993.23,2.53,25.92,1237.0,238.031,0.08,1.657918675715031,0.0,1.6160854027213567,-4.478764478764474,0.8720813242849688,Risk-on
2014-09-14,13.31,96.31,84.19840331630334,1993.23,2.53,25.92,1237.0,238.031,0.08,1.657918675715031,0.0,1.6160854027213567,-4.478764478764474,0.8720813242849688,Risk-on
2014-09-15,14.12,96.43,84.17859323624899,1993.23,2.53,25.92,1237.0,238.031,0.08,1.657918675715031,-0.023527857149419074,1.6160854027213567,-4.478764478764474,0.8720813242849688,Risk-on
2014-09-16,12.73,97.39,83.97837304148653,1993.23,2.53,25.92,1237.0,238.031,0.08,1.657918675715031,-0.2378516759011795,1.6160854027213567,-4.478764478764474,0.8720813242849688,Risk-on
2014-09-17,12.65,97.7,84.0822272197135,1993.23,2.53,25.92,1237.0,238.031,0.08,1.657918675715031,0.12366776643275568,1.6160854027213567,-4.478764478764474,0.8720813242849688,Risk-on
2014-09-18,12.03,96.82,84.32698353676217,1993.23,2.53,25.92,1237.0,238.031,0.08,1.657918675715031,0.29109161964644414,1.6160854027213567,-4.478764478764474,0.8720813242849688,Risk-on
2014-09-19,12.11,96.75,84.74416128891703,1993.23,2.53,25.92,1237.0,238.031,0.08,1.657918675715031,0.49471442551125566,1.6160854027213567,-4.478764478764474,0.8720813242849688,Risk-on
2014-09-20,12.11,96.75,84.74416128891703,1993.23,2.53,25.92,1237.0,238.031,0.08,1.657918675715031,0.0,1.6160854027213567,-4.478764478764474,0.8720813242849688,Risk-on
2014-09-21,12.11,96.75,84.74416128891703,1993.23,2.53,25.92,1237.0,238.031,0.08,1.657918675715031,0.0,1.6160854027213567,-4.478764478764474,0.8720813242849688,Risk-on
2014-09-22,13.69,95.37,84.77933535162248,1993.23,2.53,25.92,1237.0,238.031,0.08,1.657918675715031,0.04150617832598957,1.6160854027213567,-4.478764478764474,0.8720813242849688,Risk-on
2014-09-23,14.93,94.87,84.66351145210746,1993.23,2.53,25.92,1237.0,238.031,0.08,1.657918675715031,-0.13661807919894686,1.6160854027213567,-4.478764478764474,0.8720813242849688,Risk-on
2014-09-24,13.27,94.53,85.01432527659098,1993.23,2.53,25.92,1237.0,238.031,0.08,1.657918675715031,0.4143624785536648,1.6160854027213567,-4.478764478764474,0.8720813242849688,Risk-on
2014-09-25,15.64,95.2,85.19888159148442,1993.23,2.53,25.92,1237.0,238.031,0.08,1.657918675715031,0.21708848984332008,1.6160854027213567,-4.478764478764474,0.8720813242849688,Trung tinh
2014-09-26,14.85,95.08,85.6225550284384,1993.23,2.53,25.92,1237.0,238.031,0.08,1.657918675715031,0.4972758198698246,1.6160854027213567,-4.478764478764474,0.8720813242849688,Risk-on
2014-09-27,14.85,95.08,85.6225550284384,1993.23,2.53,25.92,1237.0,238.031,0.08,1.657918675715031,0.0,1.6160854027213567,-4.478764478764474,0.8720813242849688,Risk-on
2014-09-28,14.85,95.08,85.6225550284384,1993.23,2.53,25.92,1237.0,238.031,0.08,1.657918675715031,0.0,1.6160854027213567,-4.478764478764474,0.8720813242849688,Risk-on
2014-09-29,15.98,95.7,85.52170198557226,1993.23,2.53,25.92,1237.0,238.031,0.08,1.657918675715031,-0.11778793897546658,1.6160854027213567,-4.478764478764474,0.8720813242849688,Trung tinh
2014-09-30,16.31,94.67,85.92777691733815,1993.23,2.53,25.92,1237.0,238.031,0.08,1.657918675715031,0.4748209195303277,1.6160854027213567,-4.478764478764474,0.8720813242849688,Trung tinh
2014-10-01,16.71,94.57,85.91252781712404,1937.27,2.3,25.16,1222.0,237.433,-0.25,1.664340215632043,-0.017746415374830793,-2.8075033990056397,-1.212611156022636,0.6356597843679568,Trung tinh
2014-10-02,16.16,91.29,85.58939268575001,1937.27,2.3,25.16,1222.0,237.433,-0.25,1.664340215632043,-0.3761210845313112,-2.8075033990056397,-1.212611156022636,0.6356597843679568,Trung tinh
2014-10-03,14.55,90.8,86.63294153840873,1937.27,2.3,25.16,1222.0,237.433,-0.25,1.664340215632043,1.219250213037748,-2.8075033990056397,-1.212611156022636,0.6356597843679568,Risk-on
2014-10-04,14.55,90.8,86.63294153840873,1937.27,2.3,25.16,1222.0,237.433,-0.25,1.664340215632043,0.0,-2.8075033990056397,-1.212611156022636,0.6356597843679568,Risk-on
2014-10-05,14.55,90.8,86.63294153840873,1937.27,2.3,25.16,1222.0,237.433,-0.25,1.664340215632043,0.0,-2.8075033990056397,-1.212611156022636,0.6356597843679568,Risk-on
2014-10-06,15.46,90.65,86.13451877782232,1937.27,2.3,25.16,1222.0,237.433,-0.25,1.664340215632043,-0.5753270658199083,-2.8075033990056397,-1.212611156022636,0.6356597843679568,Trung tinh
2014-10-07,17.2,90.9,85.8765337975088,1937.27,2.3,25.16,1222.0,237.433,-0.25,1.664340215632043,-0.29951404381671765,-2.8075033990056397,-1.212611156022636,0.6356597843679568,Trung tinh
2014-10-08,15.11,90.25,85.66645812029134,1937.27,2.3,25.16,1222.0,237.433,-0.25,1.664340215632043,-0.24462524036287236,-2.8075033990056397,-1.212611156022636,0.6356597843679568,Trung tinh
2014-10-09,18.76,90.47,85.55556884413518,1937.27,2.3,25.16,1222.0,237.433,-0.25,1.664340215632043,-0.12944304992795752,-2.8075033990056397,-1.212611156022636,0.6356597843679568,Trung tinh
2014-10-10,21.24,88.66,85.79271700649882,1937.27,2.3,25.16,1222.0,237.433,-0.25,1.664340215632043,0.2771861207488069,-2.8075033990056397,-1.212611156022636,0.6356597843679568,Trung tinh
2014-10-11,21.24,88.66,85.79271700649882,1937.27,2.3,25.16,1222.0,237.433,-0.25,1.664340215632043,0.0,-2.8075033990056397,-1.212611156022636,0.6356597843679568,Trung tinh
2014-10-12,21.24,88.66,85.79271700649882,1937.27,2.3,25.16,1222.0,237.433,-0.25,1.664340215632043,0.0,-2.8075033990056397,-1.212611156022636,0.6356597843679568,Trung tinh
2014-10-13,24.64,87.82,85.79271700649882,1937.27,2.3,25.16,1222.0,237.433,-0.25,1.664340215632043,0.0,-2.8075033990056397,-1.212611156022636,0.6356597843679568,Trung tinh
2014-10-14,22.79,87.82,85.74382728828338,1937.27,2.3,25.16,1222.0,237.433,-0.25,1.664340215632043,-0.05698586071324341,-2.8075033990056397,-1.212611156022636,0.6356597843679568,Trung tinh
2014-10-15,26.25,84.02,85.137027520469,1937.27,2.3,25.16,1222.0,237.433,-0.25,1.664340215632043,-0.7076891561817344,-2.8075033990056397,-1.212611156022636,0.6356597843679568,Risk-off
2014-10-16,25.2,84.02,84.88881599964914,1937.27,2.3,25.16,1222.0,237.433,-0.25,1.664340215632043,-0.29154355989253755,-2.8075033990056397,-1.212611156022636,0.6356597843679568,Risk-off
2014-10-17,21.99,85.27,85.18949102841394,1937.27,2.3,25.16,1222.0,237.433,-0.25,1.664340215632043,0.3541986364447025,-2.8075033990056397,-1.212611156022636,0.6356597843679568,Trung tinh
2014-10-18,21.99,85.27,85.18949102841394,1937.27,2.3,25.16,1222.0,237.433,-0.25,1.664340215632043,0.0,-2.8075033990056397,-1.212611156022636,0.6356597843679568,Trung tinh
2014-10-19,21.99,85.27,85.18949102841394,1937.27,2.3,25.16,1222.0,237.433,-0.25,1.664340215632043,0.0,-2.8075033990056397,-1.212611156022636,0.6356597843679568,Trung tinh
2014-10-20,18.57,84.42,85.07619236152804,1937.27,2.3,25.16,1222.0,237.433,-0.25,1.664340215632043,-0.13299606033343458,-2.8075033990056397,-1.212611156022636,0.6356597843679568,Trung tinh
2014-10-21,16.08,85.17,85.28195827537272,1937.27,2.3,25.16,1222.0,237.433,-0.25,1.664340215632043,0.24186074638870014,-2.8075033990056397,-1.212611156022636,0.6356597843679568,Trung tinh
2014-10-22,17.87,86.38,85.6779432291424,1937.27,2.3,25.16,1222.0,237.433,-0.25,1.664340215632043,0.46432441489097087,-2.8075033990056397,-1.212611156022636,0.6356597843679568,Trung tinh
2014-10-23,16.53,85.94,85.7991661727742,1937.27,2.3,25.16,1222.0,237.433,-0.25,1.664340215632043,0.1414867573414913,-2.8075033990056397,-1.212611156022636,0.6356597843679568,Trung tinh
2014-10-24,16.11,86.0,85.66295736430506,1937.27,2.3,25.16,1222.0,237.433,-0.25,1.664340215632043,-0.1587530678268667,-2.8075033990056397,-1.212611156022636,0.6356597843679568,Trung tinh
2014-10-25,16.11,86.0,85.66295736430506,1937.27,2.3,25.16,1222.0,237.433,-0.25,1.664340215632043,0.0,-2.8075033990056397,-1.212611156022636,0.6356597843679568,Trung tinh
2014-10-26,16.11,86.0,85.66295736430506,1937.27,2.3,25.16,1222.0,237.433,-0.25,1.664340215632043,0.0,-2.8075033990056397,-1.212611156022636,0.6356597843679568,Trung tinh
2014-10-27,16.04,85.64,85.4904100449361,1937.27,2.3,25.16,1222.0,237.433,-0.25,1.664340215632043,-0.20142582590880753,-2.8075033990056397,-1.212611156022636,0.6356597843679568,Trung tinh
2014-10-28,14.39,85.57,85.33142069575298,1937.27,2.3,25.16,1222.0,237.433,-0.25,1.664340215632043,-0.18597331455019184,-2.8075033990056397,-1.212611156022636,0.6356597843679568,Risk-on
2014-10-29,15.15,86.91,85.24438328745246,1937.27,2.3,25.16,1222.0,237.433,-0.25,1.664340215632043,-0.10199924903494528,-2.8075033990056397,-1.212611156022636,0.6356597843679568,Trung tinh
2014-10-30,14.52,85.5,86.04921481818624,1937.27,2.3,25.16,1222.0,237.433,-0.25,1.664340215632043,0.9441461122662087,-2.8075033990056397,-1.212611156022636,0.6356597843679568,Risk-on
2014-10-31,14.03,84.17,86.87246751235473,1937.27,2.3,25.16,1222.0,237.433,-0.25,1.664340215632043,0.9567230751703404,0.0,0.0,0.6356597843679568,Risk-on
2014-11-01,14.03,84.17,86.87246751235473,2044.57,2.33,26.61,1175.0,236.151,-0.54,1.3223551823708934,0.0,5.538722016032871,-3.8461538461538436,1.0076448176291066,Risk-on
2014-11-02,14.03,84.17,86.87246751235473,2044.57,2.33,26.61,1175.0,236.151,-0.54,1.3223551823708934,0.0,5.538722016032871,-3.8461538461538436,1.0076448176291066,Risk-on
2014-11-03,14.73,84.9,87.29021898213087,2044.57,2.33,26.61,1175.0,236.151,-0.54,1.3223551823708934,0.48087901925513155,5.538722016032871,-3.8461538461538436,1.0076448176291066,Risk-on
2014-11-04,14.89,82.12,87.00103166720245,2044.57,2.33,26.61,1175.0,236.151,-0.54,1.3223551823708934,-0.33129406513187076,5.538722016032871,-3.8461538461538436,1.0076448176291066,Risk-on
2014-11-05,14.17,82.88,87.38349804922156,2044.57,2.33,26.61,1175.0,236.151,-0.54,1.3223551823708934,0.439611318038291,5.538722016032871,-3.8461538461538436,1.0076448176291066,Risk-on
2014-11-06,13.67,82.08,87.8584488173346,2044.57,2.33,26.61,1175.0,236.151,-0.54,1.3223551823708934,0.5435245540817313,5.538722016032871,-3.8461538461538436,1.0076448176291066,Risk-on
2014-11-07,13.12,83.2,87.78192099855636,2044.57,2.33,26.61,1175.0,236.151,-0.54,1.3223551823708934,-0.08710353962355644,5.538722016032871,-3.8461538461538436,1.0076448176291066,Risk-on
2014-11-08,13.12,83.2,87.78192099855636,2044.57,2.33,26.61,1175.0,236.151,-0.54,1.3223551823708934,0.0,5.538722016032871,-3.8461538461538436,1.0076448176291066,Risk-on
2014-11-09,13.12,83.2,87.78192099855636,2044.57,2.33,26.61,1175.0,236.151,-0.54,1.3223551823708934,0.0,5.538722016032871,-3.8461538461538436,1.0076448176291066,Risk-on
2014-11-10,12.67,82.9,87.75210696764205,2044.57,2.33,26.61,1175.0,236.151,-0.54,1.3223551823708934,-0.03396374854316431,5.538722016032871,-3.8461538461538436,1.0076448176291066,Risk-on
2014-11-11,12.92,80.94,87.75210696764205,2044.57,2.33,26.61,1175.0,236.151,-0.54,1.3223551823708934,0.0,5.538722016032871,-3.8461538461538436,1.0076448176291066,Risk-on
2014-11-12,13.02,80.42,87.66166322135491,2044.57,2.33,26.61,1175.0,236.151,-0.54,1.3223551823708934,-0.10306732158634757,5.538722016032871,-3.8461538461538436,1.0076448176291066,Risk-on
2014-11-13,13.79,77.74,87.71091249331904,2044.57,2.33,26.61,1175.0,236.151,-0.54,1.3223551823708934,0.05618108321738813,5.538722016032871,-3.8461538461538436,1.0076448176291066,Risk-on
2014-11-14,13.31,77.51,87.72219092884913,2044.57,2.33,26.61,1175.0,236.151,-0.54,1.3223551823708934,0.012858645759661336,5.538722016032871,-3.8461538461538436,1.0076448176291066,Risk-on
2014-11-15,13.31,77.51,87.72219092884913,2044.57,2.33,26.61,1175.0,236.151,-0.54,1.3223551823708934,0.0,5.538722016032871,-3.8461538461538436,1.0076448176291066,Risk-on
2014-11-16,13.31,77.51,87.72219092884913,2044.57,2.33,26.61,1175.0,236.151,-0.54,1.3223551823708934,0.0,5.538722016032871,-3.8461538461538436,1.0076448176291066,Risk-on
2014-11-17,13.99,76.86,87.94352297803991,2044.57,2.33,26.61,1175.0,236.151,-0.54,1.3223551823708934,0.2523102157472312,5.538722016032871,-3.8461538461538436,1.0076448176291066,Risk-on
2014-11-18,13.86,77.23,87.56124150535256,2044.57,2.33,26.61,1175.0,236.151,-0.54,1.3223551823708934,-0.43468974148649364,5.538722016032871,-3.8461538461538436,1.0076448176291066,Risk-on
2014-11-19,13.96,77.21,87.62494071346802,2044.57,2.33,26.61,1175.0,236.151,-0.54,1.3223551823708934,0.07274817832678693,5.538722016032871,-3.8461538461538436,1.0076448176291066,Risk-on
2014-11-20,13.58,77.61,87.74151311847781,2044.57,2.33,26.61,1175.0,236.151,-0.54,1.3223551823708934,0.13303564494380193,5.538722016032871,-3.8461538461538436,1.0076448176291066,Risk-on
2014-11-21,12.9,79.2,88.25884238134859,2044.57,2.33,26.61,1175.0,236.151,-0.54,1.3223551823708934,0.5896060422074356,5.538722016032871,-3.8461538461538436,1.0076448176291066,Risk-on
2014-11-22,12.9,79.2,88.25884238134859,2044.57,2.33,26.61,1175.0,236.151,-0.54,1.3223551823708934,0.0,5.538722016032871,-3.8461538461538436,1.0076448176291066,Risk-on
2014-11-23,12.9,79.2,88.25884238134859,2044.57,2.33,26.61,1175.0,236.151,-0.54,1.3223551823708934,0.0,5.538722016032871,-3.8461538461538436,1.0076448176291066,Risk-on
2014-11-24,12.62,79.62,88.18034515062342,2044.57,2.33,26.61,1175.0,236.151,-0.54,1.3223551823708934,-0.08893979187489798,5.538722016032871,-3.8461538461538436,1.0076448176291066,Risk-on
2014-11-25,12.25,77.62,87.92042804222882,2044.57,2.33,26.61,1175.0,236.151,-0.54,1.3223551823708934,-0.2947562837848139,5.538722016032871,-3.8461538461538436,1.0076448176291066,Risk-on
2014-11-26,12.07,77.39,87.65703913296207,2044.57,2.33,26.61,1175.0,236.151,-0.54,1.3223551823708934,-0.29957646377727354,5.538722016032871,-3.8461538461538436,1.0076448176291066,Risk-on
2014-11-27,12.07,77.39,87.65703913296207,2044.57,2.33,26.61,1175.0,236.151,-0.54,1.3223551823708934,0.0,5.538722016032871,-3.8461538461538436,1.0076448176291066,Risk-on
2014-11-28,13.33,71.89,88.31367028838488,2044.57,2.33,26.61,1175.0,236.151,-0.54,1.3223551823708934,0.7490911875620343,5.538722016032871,-3.8461538461538436,1.0076448176291066,Risk-on
2014-11-29,13.33,71.89,88.31367028838488,2044.57,2.33,26.61,1175.0,236.151,-0.54,1.3223551823708934,0.0,5.538722016032871,-3.8461538461538436,1.0076448176291066,Risk-on
2014-11-30,13.33,71.89,88.31367028838488,2044.57,2.33,26.61,1175.0,236.151,-0.54,1.3223551823708934,0.0,5.538722016032871,-3.8461538461538436,1.0076448176291066,Risk-on
2014-12-01,14.29,70.87,87.88275168955732,2054.27,2.21,26.79,1201.0,234.812,-0.57,0.7564932696557447,-0.4879409919442912,0.47442738570946386,2.212765957446816,1.4535067303442553,Risk-on
2014-12-02,12.85,71.13,88.56895778908522,2054.27,2.21,26.79,1201.0,234.812,-0.57,0.7564932696557447,0.7808199974801644,0.47442738570946386,2.212765957446816,1.4535067303442553,Risk-on
2014-12-03,12.47,70.13,88.96271926037815,2054.27,2.21,26.79,1201.0,234.812,-0.57,0.7564932696557447,0.4445818050954342,0.47442738570946386,2.212765957446816,1.4535067303442553,Risk-on
2014-12-04,12.38,68.48,88.36638574788817,2054.27,2.21,26.79,1201.0,234.812,-0.57,0.7564932696557447,-0.6703184406319895,0.47442738570946386,2.212765957446816,1.4535067303442553,Risk-on
2014-12-05,11.82,68.0,89.23900587467854,2054.27,2.21,26.79,1201.0,234.812,-0.57,0.7564932696557447,0.9875023397244886,0.47442738570946386,2.212765957446816,1.4535067303442553,Risk-on
2014-12-06,11.82,68.0,89.23900587467854,2054.27,2.21,26.79,1201.0,234.812,-0.57,0.7564932696557447,0.0,0.47442738570946386,2.212765957446816,1.4535067303442553,Risk-on
2014-12-07,11.82,68.0,89.23900587467854,2054.27,2.21,26.79,1201.0,234.812,-0.57,0.7564932696557447,0.0,0.47442738570946386,2.212765957446816,1.4535067303442553,Risk-on
2014-12-08,14.21,65.64,89.26810044538269,2054.27,2.21,26.79,1201.0,234.812,-0.57,0.7564932696557447,0.03260297491995967,0.47442738570946386,2.212765957446816,1.4535067303442553,Risk-on
2014-12-09,14.89,66.11,88.42381026098744,2054.27,2.21,26.79,1201.0,234.812,-0.57,0.7564932696557447,-0.9457915875692002,0.47442738570946386,2.212765957446816,1.4535067303442553,Risk-on
2014-12-10,18.53,63.32,88.38738040744119,2054.27,2.21,26.79,1201.0,234.812,-0.57,0.7564932696557447,-0.04119914470857022,0.47442738570946386,2.212765957446816,1.4535067303442553,Trung tinh
2014-12-11,20.08,63.65,88.63443725029819,2054.27,2.21,26.79,1201.0,234.812,-0.57,0.7564932696557447,0.2795159690423432,0.47442738570946386,2.212765957446816,1.4535067303442553,Trung tinh
2014-12-12,21.08,61.67,88.11859163274109,2054.27,2.21,26.79,1201.0,234.812,-0.57,0.7564932696557447,-0.581992319870428,0.47442738570946386,2.212765957446816,1.4535067303442553,Trung tinh
2014-12-13,21.08,61.67,88.11859163274109,2054.27,2.21,26.79,1201.0,234.812,-0.57,0.7564932696557447,0.0,0.47442738570946386,2.212765957446816,1.4535067303442553,Trung tinh
2014-12-14,21.08,61.67,88.11859163274109,2054.27,2.21,26.79,1201.0,234.812,-0.57,0.7564932696557447,0.0,0.47442738570946386,2.212765957446816,1.4535067303442553,Trung tinh
2014-12-15,20.42,61.09,88.28743853663869,2054.27,2.21,26.79,1201.0,234.812,-0.57,0.7564932696557447,0.19161325750791658,0.47442738570946386,2.212765957446816,1.4535067303442553,Trung tinh
2014-12-16,23.57,60.26,88.02437375361615,2054.27,2.21,26.79,1201.0,234.812,-0.57,0.7564932696557447,-0.29796399961629083,0.47442738570946386,2.212765957446816,1.4535067303442553,Trung tinh
2014-12-17,19.44,59.84,88.572869231226,2054.27,2.21,26.79,1201.0,234.812,-0.57,0.7564932696557447,0.6231177277615352,0.47442738570946386,2.212765957446816,1.4535067303442553,Trung tinh
2014-12-18,16.81,58.81,89.19088288991257,2054.27,2.21,26.79,1201.0,234.812,-0.57,0.7564932696557447,0.6977460073842812,0.47442738570946386,2.212765957446816,1.4535067303442553,Trung tinh
2014-12-19,16.49,58.87,89.59486028430754,2054.27,2.21,26.79,1201.0,234.812,-0.57,0.7564932696557447,0.45293575005149744,0.47442738570946386,2.212765957446816,1.4535067303442553,Trung tinh
2014-12-20,16.49,58.87,89.59486028430754,2054.27,2.21,26.79,1201.0,234.812,-0.57,0.7564932696557447,0.0,0.47442738570946386,2.212765957446816,1.4535067303442553,Trung tinh
2014-12-21,16.49,58.87,89.59486028430754,2054.27,2.21,26.79,1201.0,234.812,-0.57,0.7564932696557447,0.0,0.47442738570946386,2.212765957446816,1.4535067303442553,Trung tinh
2014-12-22,15.25,58.31,89.57902492698987,2054.27,2.21,26.79,1201.0,234.812,-0.57,0.7564932696557447,-0.017674403718492826,0.47442738570946386,2.212765957446816,1.4535067303442553,Trung tinh
2014-12-23,14.8,59.07,90.04732368951518,2054.27,2.21,26.79,1201.0,234.812,-0.57,0.7564932696557447,0.522777249369466,0.47442738570946386,2.212765957446816,1.4535067303442553,Risk-on
2014-12-24,14.37,58.67,89.97257979261845,2054.27,2.21,26.79,1201.0,234.812,-0.57,0.7564932696557447,-0.08300512867484011,0.47442738570946386,2.212765957446816,1.4535067303442553,Risk-on
2014-12-25,14.37,58.67,89.97257979261845,2054.27,2.21,26.79,1201.0,234.812,-0.57,0.7564932696557447,0.0,0.47442738570946386,2.212765957446816,1.4535067303442553,Risk-on
2014-12-26,14.5,58.72,89.97257979261845,2054.27,2.21,26.79,1201.0,234.812,-0.57,0.7564932696557447,0.0,0.47442738570946386,2.212765957446816,1.4535067303442553,Risk-on
2014-12-27,14.5,58.72,89.97257979261845,2054.27,2.21,26.79,1201.0,234.812,-0.57,0.7564932696557447,0.0,0.47442738570946386,2.212765957446816,1.4535067303442553,Risk-on
2014-12-28,14.5,58.72,89.97257979261845,2054.27,2.21,26.79,1201.0,234.812,-0.57,0.7564932696557447,0.0,0.47442738570946386,2.212765957446816,1.4535067303442553,Risk-on
2014-12-29,15.06,57.86,90.05887082049105,2054.27,2.21,26.79,1201.0,234.812,-0.57,0.7564932696557447,0.09590814009279303,0.47442738570946386,2.212765957446816,1.4535067303442553,Trung tinh
2014-12-30,15.92,55.6,89.85417316853543,2054.27,2.21,26.79,1201.0,234.812,-0.57,0.7564932696557447,-0.2272931584536897,0.47442738570946386,2.212765957446816,1.4535067303442553,Trung tinh
2014-12-31,19.2,55.27,90.2797234034014,2054.27,2.21,26.79,1201.0,234.812,-0.57,0.7564932696557447,0.4736009690588183,0.0,0.0,1.4535067303442553,Trung tinh
2015-01-01,19.2,55.27,90.2797234034014,2028.18,1.88,26.49,1251.0,233.707,-0.47,-0.08934831306964819,0.0,-1.270037531580559,4.163197335553703,1.969348313069648,Trung tinh
2015-01-02,17.79,55.38,90.9853505058797,2028.18,1.88,26.49,1251.0,233.707,-0.47,-0.08934831306964819,0.7816008688078302,-1.270037531580559,4.163197335553703,1.969348313069648,Trung tinh
2015-01-03,17.79,55.38,90.9853505058797,2028.18,1.88,26.49,1251.0,233.707,-0.47,-0.08934831306964819,0.0,-1.270037531580559,4.163197335553703,1.969348313069648,Trung tinh
2015-01-04,17.79,55.38,90.9853505058797,2028.18,1.88,26.49,1251.0,233.707,-0.47,-0.08934831306964819,0.0,-1.270037531580559,4.163197335553703,1.969348313069648,Trung tinh
2015-01-05,19.92,51.08,91.5246581647901,2028.18,1.88,26.49,1251.0,233.707,-0.47,-0.08934831306964819,0.5927412005469535,-1.270037531580559,4.163197335553703,1.969348313069648,Trung tinh
2015-01-06,21.12,50.12,91.32847675931005,2028.18,1.88,26.49,1251.0,233.707,-0.47,-0.08934831306964819,-0.2143481433460548,-1.270037531580559,4.163197335553703,1.969348313069648,Trung tinh
2015-01-07,19.31,49.06,92.15819841845148,2028.18,1.88,26.49,1251.0,233.707,-0.47,-0.08934831306964819,0.9085026801969986,-1.270037531580559,4.163197335553703,1.969348313069648,Trung tinh
2015-01-08,17.01,49.43,92.16421192392704,2028.18,1.88,26.49,1251.0,233.707,-0.47,-0.08934831306964819,0.00652519860280254,-1.270037531580559,4.163197335553703,1.969348313069648,Trung tinh
2015-01-09,17.55,47.64,92.00640708688907,2028.18,1.88,26.49,1251.0,233.707,-0.47,-0.08934831306964819,-0.17122138164455958,-1.270037531580559,4.163197335553703,1.969348313069648,Trung tinh
2015-01-10,17.55,47.64,92.00640708688907,2028.18,1.88,26.49,1251.0,233.707,-0.47,-0.08934831306964819,0.0,-1.270037531580559,4.163197335553703,1.969348313069648,Trung tinh
2015-01-11,17.55,47.64,92.00640708688907,2028.18,1.88,26.49,1251.0,233.707,-0.47,-0.08934831306964819,0.0,-1.270037531580559,4.163197335553703,1.969348313069648,Trung tinh
2015-01-12,19.6,46.9,92.01078981819042,2028.18,1.88,26.49,1251.0,233.707,-0.47,-0.08934831306964819,0.0047635066297235795,-1.270037531580559,4.163197335553703,1.969348313069648,Trung tinh
2015-01-13,20.56,45.13,92.26251172141674,2028.18,1.88,26.49,1251.0,233.707,-0.47,-0.08934831306964819,0.2735786788959471,-1.270037531580559,4.163197335553703,1.969348313069648,Trung tinh
2015-01-14,21.48,45.82,91.93140900611759,2028.18,1.88,26.49,1251.0,233.707,-0.47,-0.08934831306964819,-0.35887025956858887,-1.270037531580559,4.163197335553703,1.969348313069648,Trung tinh
2015-01-15,22.39,47.66,92.54050288769587,2028.18,1.88,26.49,1251.0,233.707,-0.47,-0.08934831306964819,0.6625525358125994,-1.270037531580559,4.163197335553703,1.969348313069648,Trung tinh
2015-01-16,20.95,47.38,92.85964707468442,2028.18,1.88,26.49,1251.0,233.707,-0.47,-0.08934831306964819,0.3448697349049956,-1.270037531580559,4.163197335553703,1.969348313069648,Trung tinh
2015-01-17,20.95,47.38,92.85964707468442,2028.18,1.88,26.49,1251.0,233.707,-0.47,-0.08934831306964819,0.0,-1.270037531580559,4.163197335553703,1.969348313069648,Trung tinh
2015-01-18,20.95,47.38,92.85964707468442,2028.18,1.88,26.49,1251.0,233.707,-0.47,-0.08934831306964819,0.0,-1.270037531580559,4.163197335553703,1.969348313069648,Trung tinh
2015-01-19,20.95,47.38,92.85964707468442,2028.18,1.88,26.49,1251.0,233.707,-0.47,-0.08934831306964819,0.0,-1.270037531580559,4.163197335553703,1.969348313069648,Trung tinh
2015-01-20,19.89,46.49,92.94009918127264,2028.18,1.88,26.49,1251.0,233.707,-0.47,-0.08934831306964819,0.08663839366471748,-1.270037531580559,4.163197335553703,1.969348313069648,Trung tinh
2015-01-21,18.85,46.5,92.9383755257916,2028.18,1.88,26.49,1251.0,233.707,-0.47,-0.08934831306964819,-0.0018545875205888684,-1.270037531580559,4.163197335553703,1.969348313069648,Trung tinh
2015-01-22,16.4,46.09,93.81834831171146,2028.18,1.88,26.49,1251.0,233.707,-0.47,-0.08934831306964819,0.9468346965841423,-1.270037531580559,4.163197335553703,1.969348313069648,Trung tinh
2015-01-23,16.66,46.69,94.5624581082191,2028.18,1.88,26.49,1251.0,233.707,-0.47,-0.08934831306964819,0.7931388794389482,-1.270037531580559,4.163197335553703,1.969348313069648,Trung tinh
2015-01-24,16.66,46.69,94.5624581082191,2028.18,1.88,26.49,1251.0,233.707,-0.47,-0.08934831306964819,0.0,-1.270037531580559,4.163197335553703,1.969348313069648,Trung tinh
2015-01-25,16.66,46.69,94.5624581082191,2028.18,1.88,26.49,1251.0,233.707,-0.47,-0.08934831306964819,0.0,-1.270037531580559,4.163197335553703,1.969348313069648,Trung tinh
2015-01-26,15.52,46.07,94.61331726013775,2028.18,1.88,26.49,1251.0,233.707,-0.47,-0.08934831306964819,0.05378366101740362,-1.270037531580559,4.163197335553703,1.969348313069648,Trung tinh
2015-01-27,17.22,46.55,94.03808293857419,2028.18,1.88,26.49,1251.0,233.707,-0.47,-0.08934831306964819,-0.6079845186930277,-1.270037531580559,4.163197335553703,1.969348313069648,Trung tinh
2015-01-28,20.44,47.07,94.27837395112847,2028.18,1.88,26.49,1251.0,233.707,-0.47,-0.08934831306964819,0.2555252138766395,-1.270037531580559,4.163197335553703,1.969348313069648,Trung tinh
2015-01-29,18.76,46.61,94.80309664237184,2028.18,1.88,26.49,1251.0,233.707,-0.47,-0.08934831306964819,0.5565673963738194,-1.270037531580559,4.163197335553703,1.969348313069648,Trung tinh
2015-01-30,20.97,47.52,94.85336030084135,2028.18,1.88,26.49,1251.0,233.707,-0.47,-0.08934831306964819,0.05301900491616607,-1.270037531580559,4.163197335553703,1.969348313069648,Trung tinh
2015-01-31,20.97,47.52,94.85336030084135,2028.18,1.88,26.49,1251.0,233.707,-0.47,-0.08934831306964819,0.0,0.0,0.0,1.969348313069648,Trung tinh
2015-02-01,20.97,47.52,94.85336030084135,2082.2,1.98,27.0,1227.0,234.722,0.43,-0.025129801815304553,0.0,2.6634716839728068,-1.918465227817745,2.0051298018153045,Trung tinh
2015-02-02,19.43,51.74,94.55319606748513,2082.2,1.98,27.0,1227.0,234.722,0.43,-0.025129801815304553,-0.31645081671771713,2.6634716839728068,-1.918465227817745,2.0051298018153045,Trung tinh
2015-02-03,17.33,54.41,93.76604480391588,2082.2,1.98,27.0,1227.0,234.722,0.43,-0.025129801815304553,-0.8324956704873765,2.6634716839728068,-1.918465227817745,2.0051298018153045,Trung tinh
2015-02-04,18.33,55.07,94.0089261384471,2082.2,1.98,27.0,1227.0,234.722,0.43,-0.025129801815304553,0.2590290920760685,2.6634716839728068,-1.918465227817745,2.0051298018153045,Trung tinh
2015-02-05,16.85,55.98,93.77376665144969,2082.2,1.98,27.0,1227.0,234.722,0.43,-0.025129801815304553,-0.2501459134328199,2.6634716839728068,-1.918465227817745,2.0051298018153045,Trung tinh
2015-02-06,17.29,55.88,94.61640937718948,2082.2,1.98,27.0,1227.0,234.722,0.43,-0.025129801815304553,0.8985911047722395,2.6634716839728068,-1.918465227817745,2.0051298018153045,Trung tinh
2015-02-07,17.29,55.88,94.61640937718948,2082.2,1.98,27.0,1227.0,234.722,0.43,-0.025129801815304553,0.0,2.6634716839728068,-1.918465227817745,2.0051298018153045,Trung tinh
2015-02-08,17.29,55.88,94.61640937718948,2082.2,1.98,27.0,1227.0,234.722,0.43,-0.025129801815304553,0.0,2.6634716839728068,-1.918465227817745,2.0051298018153045,Trung tinh
2015-02-09,18.55,57.0,94.60184371085205,2082.2,1.98,27.0,1227.0,234.722,0.43,-0.025129801815304553,-0.015394439963756223,2.6634716839728068,-1.918465227817745,2.0051298018153045,Trung tinh
2015-02-10,17.23,55.79,94.68627064866864,2082.2,1.98,27.0,1227.0,234.722,0.43,-0.025129801815304553,0.0892444951439142,2.6634716839728068,-1.918465227817745,2.0051298018153045,Trung tinh
2015-02-11,16.96,53.48,95.00461889830292,2082.2,1.98,27.0,1227.0,234.722,0.43,-0.025129801815304553,0.3362137376975216,2.6634716839728068,-1.918465227817745,2.0051298018153045,Trung tinh
2015-02-12,15.34,56.23,94.07990746820889,2082.2,1.98,27.0,1227.0,234.722,0.43,-0.025129801815304553,-0.9733331292912095,2.6634716839728068,-1.918465227817745,2.0051298018153045,Trung tinh
2015-02-13,14.69,60.33,94.07247318147299,2082.2,1.98,27.0,1227.0,234.722,0.43,-0.025129801815304553,-0.007902098265155644,2.6634716839728068,-1.918465227817745,2.0051298018153045,Risk-on
2015-02-14,14.69,60.33,94.07247318147299,2082.2,1.98,27.0,1227.0,234.722,0.43,-0.025129801815304553,0.0,2.6634716839728068,-1.918465227817745,2.0051298018153045,Risk-on
2015-02-15,14.69,60.33,94.07247318147299,2082.2,1.98,27.0,1227.0,234.722,0.43,-0.025129801815304553,0.0,2.6634716839728068,-1.918465227817745,2.0051298018153045,Risk-on
2015-02-16,14.69,61.57,94.07247318147299,2082.2,1.98,27.0,1227.0,234.722,0.43,-0.025129801815304553,0.0,2.6634716839728068,-1.918465227817745,2.0051298018153045,Risk-on
2015-02-17,15.8,60.78,94.14544580935726,2082.2,1.98,27.0,1227.0,234.722,0.43,-0.025129801815304553,0.07757064890119292,2.6634716839728068,-1.918465227817745,2.0051298018153045,Trung tinh
2015-02-18,15.45,60.72,94.47435870844843,2082.2,1.98,27.0,1227.0,234.722,0.43,-0.025129801815304553,0.3493667657139987,2.6634716839728068,-1.918465227817745,2.0051298018153045,Trung tinh
2015-02-19,15.29,58.78,94.20012748823723,2082.2,1.98,27.0,1227.0,234.722,0.43,-0.025129801815304553,-0.29027052838483947,2.6634716839728068,-1.918465227817745,2.0051298018153045,Trung tinh
2015-02-20,14.3,60.99,94.31546990383428,2082.2,1.98,27.0,1227.0,234.722,0.43,-0.025129801815304553,0.12244401220311563,2.6634716839728068,-1.918465227817745,2.0051298018153045,Risk-on
2015-02-21,14.3,60.99,94.31546990383428,2082.2,1.98,27.0,1227.0,234.722,0.43,-0.025129801815304553,0.0,2.6634716839728068,-1.918465227817745,2.0051298018153045,Risk-on
2015-02-22,14.3,60.99,94.31546990383428,2082.2,1.98,27.0,1227.0,234.722,0.43,-0.025129801815304553,0.0,2.6634716839728068,-1.918465227817745,2.0051298018153045,Risk-on
2015-02-23,14.56,59.78,94.49630426029083,2082.2,1.98,27.0,1227.0,234.722,0.43,-0.025129801815304553,0.19173350526793254,2.6634716839728068,-1.918465227817745,2.0051298018153045,Risk-on
2015-02-24,13.69,60.33,94.75786857601291,2082.2,1.98,27.0,1227.0,234.722,0.43,-0.025129801815304553,0.27679846081769544,2.6634716839728068,-1.918465227817745,2.0051298018153045,Risk-on
2015-02-25,13.84,59.77,94.22478589805985,2082.2,1.98,27.0,1227.0,234.722,0.43,-0.025129801815304553,-0.5625735212959504,2.6634716839728068,-1.918465227817745,2.0051298018153045,Risk-on
2015-02-26,13.91,61.39,95.16957716754513,2082.2,1.98,27.0,1227.0,234.722,0.43,-0.025129801815304553,1.0026993009115692,2.6634716839728068,-1.918465227817745,2.0051298018153045,Risk-on
2015-02-27,13.34,61.89,95.25705430932048,2082.2,1.98,27.0,1227.0,234.722,0.43,-0.025129801815304553,0.09191712769864857,2.6634716839728068,-1.918465227817745,2.0051298018153045,Risk-on
2015-02-28,13.34,61.89,95.25705430932048,2082.2,1.98,27.0,1227.0,234.722,0.43,-0.025129801815304553,0.0,2.6634716839728068,-1.918465227817745,2.0051298018153045,Risk-on
2015-03-01,13.34,61.89,95.25705430932048,2079.99,2.04,26.73,1179.0,236.119,0.6,-0.07363739086643228,0.0,2.5545069964204137,-5.755395683453235,2.1136373908664323,Risk-on
2015-03-02,13.04,60.75,95.4097385095245,2079.99,2.04,26.73,1179.0,236.119,0.6,-0.07363739086643228,0.16028650194055416,2.5545069964204137,-5.755395683453235,2.1136373908664323,Risk-on
2015-03-03,13.86,61.18,95.13456141764256,2079.99,2.04,26.73,1179.0,236.119,0.6,-0.07363739086643228,-0.2884161472201052,-0.10613773892997891,-3.9119804400977953,2.1136373908664323,Risk-on
2015-03-04,14.23,59.18,96.01443809716946,2079.99,2.04,26.73,1179.0,236.119,0.6,-0.07363739086643228,0.9248759508799553,-0.10613773892997891,-3.9119804400977953,2.1136373908664323,Risk-on
2015-03-05,14.04,60.33,96.48178468719213,2079.99,2.04,26.73,1179.0,236.119,0.6,-0.07363739086643228,0.4867461595200018,-0.10613773892997891,-3.9119804400977953,2.1136373908664323,Risk-on
2015-03-06,15.2,59.15,97.65839764470037,2079.99,2.04,26.73,1179.0,236.119,0.6,-0.07363739086643228,1.2195182347870093,-0.10613773892997891,-3.9119804400977953,2.1136373908664323,Trung tinh
2015-03-07,15.2,59.15,97.65839764470037,2079.99,2.04,26.73,1179.0,236.119,0.6,-0.07363739086643228,0.0,-0.10613773892997891,-3.9119804400977953,2.1136373908664323,Trung tinh
2015-03-08,15.2,59.15,97.65839764470037,2079.99,2.04,26.73,1179.0,236.119,0.6,-0.07363739086643228,0.0,-0.10613773892997891,-3.9119804400977953,2.1136373908664323,Trung tinh
2015-03-09,15.06,58.67,97.6991781585129,2079.99,2.04,26.73,1179.0,236.119,0.6,-0.07363739086643228,0.04175832779982347,-0.10613773892997891,-3.9119804400977953,2.1136373908664323,Trung tinh
2015-03-10,16.69,55.95,98.54236412149663,2079.99,2.04,26.73,1179.0,236.119,0.6,-0.07363739086643228,0.8630430458848926,-0.10613773892997891,-3.9119804400977953,2.1136373908664323,Trung tinh
2015-03-11,16.87,56.46,99.5386313646519,2079.99,2.04,26.73,1179.0,236.119,0.6,-0.07363739086643228,1.0110040001952258,-0.10613773892997891,-3.9119804400977953,2.1136373908664323,Trung tinh
2015-03-12,15.42,56.66,99.26558208572634,2079.99,2.04,26.73,1179.0,236.119,0.6,-0.07363739086643228,-0.2743148817520691,-0.10613773892997891,-3.9119804400977953,2.1136373908664323,Trung tinh
2015-03-13,16.0,54.8,99.9787896712154,2079.99,2.04,26.73,1179.0,236.119,0.6,-0.07363739086643228,0.7184842626250187,-0.10613773892997891,-3.9119804400977953,2.1136373908664323,Trung tinh
2015-03-14,16.0,54.8,99.9787896712154,2079.99,2.04,26.73,1179.0,236.119,0.6,-0.07363739086643228,0.0,-0.10613773892997891,-3.9119804400977953,2.1136373908664323,Trung tinh
2015-03-15,16.0,54.8,99.9787896712154,2079.99,2.04,26.73,1179.0,236.119,0.6,-0.07363739086643228,0.0,-0.10613773892997891,-3.9119804400977953,2.1136373908664323,Trung tinh
2015-03-16,15.61,52.0,99.64278425265582,2079.99,2.04,26.73,1179.0,236.119,0.6,-0.07363739086643228,-0.3360767015329391,-0.10613773892997891,-3.9119804400977953,2.1136373908664323,Trung tinh
2015-03-17,15.66,52.17,99.5369783132896,2079.99,2.04,26.73,1179.0,236.119,0.6,-0.07363739086643228,-0.10618524979986166,-0.10613773892997891,-3.9119804400977953,2.1136373908664323,Trung tinh
2015-03-18,13.97,52.59,99.34429614183765,2079.99,2.04,26.73,1179.0,236.119,0.6,-0.07363739086643228,-0.19357848180350246,-0.10613773892997891,-3.9119804400977953,2.1136373908664323,Risk-on
2015-03-19,14.07,52.96,99.36254951851625,2079.99,2.04,26.73,1179.0,236.119,0.6,-0.07363739086643228,0.01837385475311759,-0.10613773892997891,-3.9119804400977953,2.1136373908664323,Risk-on
2015-03-20,13.02,53.88,98.04954328875485,2079.99,2.04,26.73,1179.0,236.119,0.6,-0.07363739086643228,-1.321429689680742,-0.10613773892997891,-3.9119804400977953,2.1136373908664323,Risk-on
2015-03-21,13.02,53.88,98.04954328875485,2079.99,2.04,26.73,1179.0,236.119,0.6,-0.07363739086643228,0.0,-0.10613773892997891,-3.9119804400977953,2.1136373908664323,Risk-on
2015-03-22,13.02,53.88,98.04954328875485,2079.99,2.04,26.73,1179.0,236.119,0.6,-0.07363739086643228,0.0,-0.10613773892997891,-3.9119804400977953,2.1136373908664323,Risk-on
2015-03-23,13.41,53.82,97.11695795919051,2079.99,2.04,26.73,1179.0,236.119,0.6,-0.07363739086643228,-0.9511368419308996,-0.10613773892997891,-3.9119804400977953,2.1136373908664323,Risk-on
2015-03-24,13.62,53.61,97.26436978205429,2079.99,2.04,26.73,1179.0,236.119,0.6,-0.07363739086643228,0.15178793277865754,-0.10613773892997891,-3.9119804400977953,2.1136373908664323,Risk-on
2015-03-25,15.44,54.18,96.74453113596518,2079.99,2.04,26.73,1179.0,236.119,0.6,-0.07363739086643228,-0.5344594811583558,-0.10613773892997891,-3.9119804400977953,2.1136373908664323,Trung tinh
2015-03-26,15.8,57.02,97.1262359335245,2079.99,2.04,26.73,1179.0,236.119,0.6,-0.07363739086643228,0.39454922472348386,-0.10613773892997891,-3.9119804400977953,2.1136373908664323,Trung tinh
2015-03-27,15.07,56.44,97.33865431798473,2079.99,2.04,26.73,1179.0,236.119,0.6,-0.07363739086643228,0.21870340430532043,-0.10613773892997891,-3.9119804400977953,2.1136373908664323,Trung tinh
2015-03-28,15.07,56.44,97.33865431798473,2079.99,2.04,26.73,1179.0,236.119,0.6,-0.07363739086643228,0.0,-0.10613773892997891,-3.9119804400977953,2.1136373908664323,Trung tinh
2015-03-29,15.07,56.44,97.33865431798473,2079.99,2.04,26.73,1179.0,236.119,0.6,-0.07363739086643228,0.0,-0.10613773892997891,-3.9119804400977953,2.1136373908664323,Trung tinh
2015-03-30,14.51,53.99,98.00852003056895,2079.99,2.04,26.73,1179.0,236.119,0.6,-0.07363739086643228,0.6881805766452365,-0.10613773892997891,-3.9119804400977953,2.1136373908664323,Risk-on
2015-03-31,15.29,53.69,98.37363632881343,2079.99,2.04,26.73,1179.0,236.119,0.6,-0.07363739086643228,0.3725352633940471,0.0,0.0,2.1136373908664323,Trung tinh
2015-04-01,15.11,55.73,98.1612352075022,2094.86,1.94,26.79,1199.0,236.599,0.2,-0.1995174461766891,-0.2159126461497074,0.7149072832081105,1.6963528413910023,2.139517446176689,Trung tinh
2015-04-02,14.67,55.73,97.54728896229594,2094.86,1.94,26.79,1199.0,236.599,0.2,-0.1995174461766891,-0.6254467396507923,0.7149072832081105,1.6963528413910023,2.139517446176689,Risk-on
2015-04-03,14.67,55.73,96.65055720340344,2094.86,1.94,26.79,1199.0,236.599,0.2,-0.1995174461766891,-0.9192790168049747,0.7149072832081105,1.6963528413910023,2.139517446176689,Risk-on
2015-04-04,14.67,55.73,96.65055720340344,2094.86,1.94,26.79,1199.0,236.599,0.2,-0.1995174461766891,0.0,0.7149072832081105,1.6963528413910023,2.139517446176689,Risk-on
2015-04-05,14.67,55.73,96.65055720340344,2094.86,1.94,26.79,1199.0,236.599,0.2,-0.1995174461766891,0.0,0.7149072832081105,1.6963528413910023,2.139517446176689,Risk-on
2015-04-06,14.74,55.73,96.51799950465042,2094.86,1.94,26.79,1199.0,236.599,0.2,-0.1995174461766891,-0.13715151012947402,0.7149072832081105,1.6963528413910023,2.139517446176689,Risk-on
2015-04-07,14.78,57.55,97.69422894639406,2094.86,1.94,26.79,1199.0,236.599,0.2,-0.1995174461766891,1.2186633040264905,0.7149072832081105,1.6963528413910023,2.139517446176689,Risk-on
2015-04-08,13.98,56.42,97.77388440382136,2094.86,1.94,26.79,1199.0,236.599,0.2,-0.1995174461766891,0.08153547889815371,0.7149072832081105,1.6963528413910023,2.139517446176689,Risk-on
2015-04-09,13.09,56.04,98.8765181860689,2094.86,1.94,26.79,1199.0,236.599,0.2,-0.1995174461766891,1.1277385459020017,0.7149072832081105,1.6963528413910023,2.139517446176689,Risk-on
2015-04-10,12.58,56.82,99.40286941761471,2094.86,1.94,26.79,1199.0,236.599,0.2,-0.1995174461766891,0.53233188344608,0.7149072832081105,1.6963528413910023,2.139517446176689,Risk-on
2015-04-11,12.58,56.82,99.40286941761471,2094.86,1.94,26.79,1199.0,236.599,0.2,-0.1995174461766891,0.0,0.7149072832081105,1.6963528413910023,2.139517446176689,Risk-on
2015-04-12,12.58,56.82,99.40286941761471,2094.86,1.94,26.79,1199.0,236.599,0.2,-0.1995174461766891,0.0,0.7149072832081105,1.6963528413910023,2.139517446176689,Risk-on
2015-04-13,13.94,57.14,99.47651139218276,2094.86,1.94,26.79,1199.0,236.599,0.2,-0.1995174461766891,0.07408435490796617,0.7149072832081105,1.6963528413910023,2.139517446176689,Risk-on
2015-04-14,13.67,57.69,98.6169075902962,2094.86,1.94,26.79,1199.0,236.599,0.2,-0.1995174461766891,-0.8641274104372321,0.7149072832081105,1.6963528413910023,2.139517446176689,Risk-on
2015-04-15,12.84,59.32,98.9870067889229,2094.86,1.94,26.79,1199.0,236.599,0.2,-0.1995174461766891,0.3752898034120822,0.7149072832081105,1.6963528413910023,2.139517446176689,Risk-on
2015-04-16,12.6,60.13,97.82080015203512,2094.86,1.94,26.79,1199.0,236.599,0.2,-0.1995174461766891,-1.1781411265162967,0.7149072832081105,1.6963528413910023,2.139517446176689,Risk-on
2015-04-17,13.89,61.31,97.60724350298347,2094.86,1.94,26.79,1199.0,236.599,0.2,-0.1995174461766891,-0.21831415069161197,0.7149072832081105,1.6963528413910023,2.139517446176689,Risk-on
2015-04-18,13.89,61.31,97.60724350298347,2094.86,1.94,26.79,1199.0,236.599,0.2,-0.1995174461766891,0.0,0.7149072832081105,1.6963528413910023,2.139517446176689,Risk-on
2015-04-19,13.89,61.31,97.60724350298347,2094.86,1.94,26.79,1199.0,236.599,0.2,-0.1995174461766891,0.0,0.7149072832081105,1.6963528413910023,2.139517446176689,Risk-on
2015-04-20,13.3,61.2,97.74847651304388,2094.86,1.94,26.79,1199.0,236.599,0.2,-0.1995174461766891,0.14469521419904208,0.7149072832081105,1.6963528413910023,2.139517446176689,Risk-on
2015-04-21,13.25,60.12,97.79449733839705,2094.86,1.94,26.79,1199.0,236.599,0.2,-0.1995174461766891,0.04708086201938855,0.7149072832081105,1.6963528413910023,2.139517446176689,Risk-on
2015-04-22,12.71,60.12,98.01444734891896,2094.86,1.94,26.79,1199.0,236.599,0.2,-0.1995174461766891,0.22491041572698656,0.7149072832081105,1.6963528413910023,2.139517446176689,Risk-on
2015-04-23,12.48,62.66,97.43761292399515,2094.86,1.94,26.79,1199.0,236.599,0.2,-0.1995174461766891,-0.5885197953219734,0.7149072832081105,1.6963528413910023,2.139517446176689,Risk-on
2015-04-24,12.29,62.96,96.88265669711592,2094.86,1.94,26.79,1199.0,236.599,0.2,-0.1995174461766891,-0.5695503104249044,0.7149072832081105,1.6963528413910023,2.139517446176689,Risk-on
2015-04-25,12.29,62.96,96.88265669711592,2094.86,1.94,26.79,1199.0,236.599,0.2,-0.1995174461766891,0.0,0.7149072832081105,1.6963528413910023,2.139517446176689,Risk-on
2015-04-26,12.29,62.96,96.88265669711592,2094.86,1.94,26.79,1199.0,236.599,0.2,-0.1995174461766891,0.0,0.7149072832081105,1.6963528413910023,2.139517446176689,Risk-on
2015-04-27,13.12,62.86,96.71051336510796,2094.86,1.94,26.79,1199.0,236.599,0.2,-0.1995174461766891,-0.1776822992644922,0.7149072832081105,1.6963528413910023,2.139517446176689,Risk-on
2015-04-28,12.41,62.61,96.06967246833628,2094.86,1.94,26.79,1199.0,236.599,0.2,-0.1995174461766891,-0.6626382949207699,0.7149072832081105,1.6963528413910023,2.139517446176689,Risk-on
2015-04-29,13.39,63.97,94.76773890513421,2094.86,1.94,26.79,1199.0,236.599,0.2,-0.1995174461766891,-1.355197253983742,0.7149072832081105,1.6963528413910023,2.139517446176689,Risk-on
2015-04-30,14.55,63.9,95.22461257639942,2094.86,1.94,26.79,1199.0,236.599,0.2,-0.1995174461766891,0.48209831377592494,0.7149072832081105,1.6963528413910023,2.139517446176689,Risk-on
2015-05-01,12.7,64.13,95.27969615145668,2111.94,2.2,26.81,1199.0,237.805,0.51,-0.039932744850779134,0.057845942941536777,0.8153289479965187,0.0,2.2399327448507793,Risk-on
2015-05-02,12.7,64.13,95.27969615145668,2111.94,2.2,26.81,1199.0,237.805,0.51,-0.039932744850779134,0.0,0.8153289479965187,0.0,2.2399327448507793,Risk-on
2015-05-03,12.7,64.13,95.27969615145668,2111.94,2.2,26.81,1199.0,237.805,0.51,-0.039932744850779134,0.0,0.8153289479965187,0.0,2.2399327448507793,Risk-on
2015-05-04,12.85,64.62,95.47972629542058,2111.94,2.2,26.81,1199.0,237.805,0.51,-0.039932744850779134,0.20993994737970034,0.8153289479965187,0.0,2.2399327448507793,Risk-on
2015-05-05,14.31,65.44,95.15965712329692,2111.94,2.2,26.81,1199.0,237.805,0.51,-0.039932744850779134,-0.3352221299140923,0.8153289479965187,0.0,2.2399327448507793,Risk-on
2015-05-06,15.15,66.22,94.10004833722483,2111.94,2.2,26.81,1199.0,237.805,0.51,-0.039932744850779134,-1.1135063094008135,0.8153289479965187,0.0,2.2399327448507793,Trung tinh
2015-05-07,15.13,64.93,94.5855884965283,2111.94,2.2,26.81,1199.0,237.805,0.51,-0.039932744850779134,0.5159829010538353,0.8153289479965187,0.0,2.2399327448507793,Trung tinh
2015-05-08,12.86,63.82,94.58485941830094,2111.94,2.2,26.81,1199.0,237.805,0.51,-0.039932744850779134,-0.0007708132274242274,0.8153289479965187,0.0,2.2399327448507793,Risk-on
2015-05-09,12.86,63.82,94.58485941830094,2111.94,2.2,26.81,1199.0,237.805,0.51,-0.039932744850779134,0.0,0.8153289479965187,0.0,2.2399327448507793,Risk-on
2015-05-10,12.86,63.82,94.58485941830094,2111.94,2.2,26.81,1199.0,237.805,0.51,-0.039932744850779134,0.0,0.8153289479965187,0.0,2.2399327448507793,Risk-on
2015-05-11,13.85,62.82,95.07835642671128,2111.94,2.2,26.81,1199.0,237.805,0.51,-0.039932744850779134,0.5217505332728356,0.8153289479965187,0.0,2.2399327448507793,Risk-on
2015-05-12,13.86,65.09,94.39892693808926,2111.94,2.2,26.81,1199.0,237.805,0.51,-0.039932744850779134,-0.7145995304890906,0.8153289479965187,0.0,2.2399327448507793,Risk-on
2015-05-13,13.76,66.33,93.53759630452983,2111.94,2.2,26.81,1199.0,237.805,0.51,-0.039932744850779134,-0.9124368904366187,0.8153289479965187,0.0,2.2399327448507793,Risk-on
2015-05-14,12.74,65.58,93.60001760273356,2111.94,2.2,26.81,1199.0,237.805,0.51,-0.039932744850779134,0.06673391306797338,0.8153289479965187,0.0,2.2399327448507793,Risk-on
2015-05-15,12.38,64.69,93.32943195233777,2111.94,2.2,26.81,1199.0,237.805,0.51,-0.039932744850779134,-0.2890871789621219,0.8153289479965187,0.0,2.2399327448507793,Risk-on
2015-05-16,12.38,64.69,93.32943195233777,2111.94,2.2,26.81,1199.0,237.805,0.51,-0.039932744850779134,0.0,0.8153289479965187,0.0,2.2399327448507793,Risk-on
2015-05-17,12.38,64.69,93.32943195233777,2111.94,2.2,26.81,1199.0,237.805,0.51,-0.039932744850779134,0.0,0.8153289479965187,0.0,2.2399327448507793,Risk-on
2015-05-18,12.73,65.15,93.91634222197719,2111.94,2.2,26.81,1199.0,237.805,0.51,-0.039932744850779134,0.6288587183720828,0.8153289479965187,0.0,2.2399327448507793,Risk-on
2015-05-19,12.85,63.48,95.24711972794952,2111.94,2.2,26.81,1199.0,237.805,0.51,-0.039932744850779134,1.4169818313696236,0.8153289479965187,0.0,2.2399327448507793,Risk-on
2015-05-20,12.88,63.52,95.68213974434764,2111.94,2.2,26.81,1199.0,237.805,0.51,-0.039932744850779134,0.4567277390021163,0.8153289479965187,0.0,2.2399327448507793,Risk-on
2015-05-21,12.11,64.7,95.28728609124731,2111.94,2.2,26.81,1199.0,237.805,0.51,-0.039932744850779134,-0.4126722648086001,0.8153289479965187,0.0,2.2399327448507793,Risk-on
2015-05-22,12.13,64.7,96.04959745871558,2111.94,2.2,26.81,1199.0,237.805,0.51,-0.039932744850779134,0.8000137255858908,0.8153289479965187,0.0,2.2399327448507793,Risk-on
2015-05-23,12.13,64.7,96.04959745871558,2111.94,2.2,26.81,1199.0,237.805,0.51,-0.039932744850779134,0.0,0.8153289479965187,0.0,2.2399327448507793,Risk-on
2015-05-24,12.13,64.7,96.04959745871558,2111.94,2.2,26.81,1199.0,237.805,0.51,-0.039932744850779134,0.0,0.8153289479965187,0.0,2.2399327448507793,Risk-on
2015-05-25,12.13,64.7,96.04959745871558,2111.94,2.2,26.81,1199.0,237.805,0.51,-0.039932744850779134,0.0,0.8153289479965187,0.0,2.2399327448507793,Risk-on
2015-05-26,14.06,61.65,97.26219788870517,2111.94,2.2,26.81,1199.0,237.805,0.51,-0.039932744850779134,1.2624732035038333,0.8153289479965187,0.0,2.2399327448507793,Risk-on
2015-05-27,13.27,61.35,97.38025013010784,2111.94,2.2,26.81,1199.0,237.805,0.51,-0.039932744850779134,0.12137525571624952,0.8153289479965187,0.0,2.2399327448507793,Risk-on
2015-05-28,13.31,60.12,97.29290982595107,2111.94,2.2,26.81,1199.0,237.805,0.51,-0.039932744850779134,-0.08968995668020563,0.8153289479965187,0.0,2.2399327448507793,Risk-on
2015-05-29,13.84,63.16,96.85370396651011,2111.94,2.2,26.81,1199.0,237.805,0.51,-0.039932744850779134,-0.4514263785785233,0.8153289479965187,0.0,2.2399327448507793,Risk-on
2015-05-30,13.84,63.16,96.85370396651011,2111.94,2.2,26.81,1199.0,237.805,0.51,-0.039932744850779134,0.0,0.8153289479965187,0.0,2.2399327448507793,Risk-on
2015-05-31,13.84,63.16,96.85370396651011,2111.94,2.2,26.81,1199.0,237.805,0.51,-0.039932744850779134,0.0,0.0,0.0,2.2399327448507793,Risk-on
2015-06-01,13.97,62.87,97.52160252229895,2099.29,2.36,26.5,1182.0,238.638,0.35,0.12377120368545214,0.6895952642345771,-0.5989753496784989,-1.4178482068390341,2.2362287963145477,Risk-on
2015-06-02,14.24,63.14,96.0788578072917,2099.29,2.36,26.5,1182.0,238.638,0.35,0.12377120368545214,-1.479410384665647,-0.5989753496784989,-1.4178482068390341,2.2362287963145477,Risk-on
2015-06-03,13.66,62.78,95.20147595842,2099.29,2.36,26.5,1182.0,238.638,0.35,0.12377120368545214,-0.9131892998056723,-0.5989753496784989,-1.4178482068390341,2.2362287963145477,Risk-on
2015-06-04,14.71,60.34,95.33148586770342,2099.29,2.36,26.5,1182.0,238.638,0.35,0.12377120368545214,0.13656291352057703,-0.5989753496784989,-1.4178482068390341,2.2362287963145477,Risk-on
2015-06-05,14.21,60.36,96.43876222866356,2099.29,2.36,26.5,1182.0,238.638,0.35,0.12377120368545214,1.1615012090515187,-0.5989753496784989,-1.4178482068390341,2.2362287963145477,Risk-on
2015-06-06,14.21,60.36,96.43876222866356,2099.29,2.36,26.5,1182.0,238.638,0.35,0.12377120368545214,0.0,-0.5989753496784989,-1.4178482068390341,2.2362287963145477,Risk-on
2015-06-07,14.21,60.36,96.43876222866356,2099.29,2.36,26.5,1182.0,238.638,0.35,0.12377120368545214,0.0,-0.5989753496784989,-1.4178482068390341,2.2362287963145477,Risk-on
2015-06-08,15.29,61.33,95.65206834072555,2099.29,2.36,26.5,1182.0,238.638,0.35,0.12377120368545214,-0.8157444887904153,-0.5989753496784989,-1.4178482068390341,2.2362287963145477,Trung tinh
2015-06-09,14.47,63.23,95.10089988387962,2099.29,2.36,26.5,1182.0,238.638,0.35,0.12377120368545214,-0.5762222045032961,-0.5989753496784989,-1.4178482068390341,2.2362287963145477,Risk-on
2015-06-10,13.22,64.68,94.68137340665406,2099.29,2.36,26.5,1182.0,238.638,0.35,0.12377120368545214,-0.441138283378828,-0.5989753496784989,-1.4178482068390341,2.2362287963145477,Risk-on
2015-06-11,12.85,63.76,95.19679243167283,2099.29,2.36,26.5,1182.0,238.638,0.35,0.12377120368545214,0.544372146784422,-0.5989753496784989,-1.4178482068390341,2.2362287963145477,Risk-on
2015-06-12,13.78,63.19,94.80484264799207,2099.29,2.36,26.5,1182.0,238.638,0.35,0.12377120368545214,-0.4117258299034421,-0.5989753496784989,-1.4178482068390341,2.2362287963145477,Risk-on
2015-06-13,13.78,63.19,94.80484264799207,2099.29,2.36,26.5,1182.0,238.638,0.35,0.12377120368545214,0.0,-0.5989753496784989,-1.4178482068390341,2.2362287963145477,Risk-on
2015-06-14,13.78,63.19,94.80484264799207,2099.29,2.36,26.5,1182.0,238.638,0.35,0.12377120368545214,0.0,-0.5989753496784989,-1.4178482068390341,2.2362287963145477,Risk-on
2015-06-15,15.39,60.99,94.941270360361,2099.29,2.36,26.5,1182.0,238.638,0.35,0.12377120368545214,0.14390373799308964,-0.5989753496784989,-1.4178482068390341,2.2362287963145477,Trung tinh
2015-06-16,14.81,60.75,95.03175867333279,2099.29,2.36,26.5,1182.0,238.638,0.35,0.12377120368545214,0.09530977690557219,-0.5989753496784989,-1.4178482068390341,2.2362287963145477,Risk-on
2015-06-17,14.5,60.75,95.01020095334476,2099.29,2.36,26.5,1182.0,238.638,0.35,0.12377120368545214,-0.022684753275092895,-0.5989753496784989,-1.4178482068390341,2.2362287963145477,Risk-on
2015-06-18,13.19,61.37,93.83141714768885,2099.29,2.36,26.5,1182.0,238.638,0.35,0.12377120368545214,-1.2406918350112317,-0.5989753496784989,-1.4178482068390341,2.2362287963145477,Risk-on
2015-06-19,13.96,59.41,94.20584721009212,2099.29,2.36,26.5,1182.0,238.638,0.35,0.12377120368545214,0.3990455156548611,-0.5989753496784989,-1.4178482068390341,2.2362287963145477,Risk-on
2015-06-20,13.96,59.41,94.20584721009212,2099.29,2.36,26.5,1182.0,238.638,0.35,0.12377120368545214,0.0,-0.5989753496784989,-1.4178482068390341,2.2362287963145477,Risk-on
2015-06-21,13.96,59.41,94.20584721009212,2099.29,2.36,26.5,1182.0,238.638,0.35,0.12377120368545214,0.0,-0.5989753496784989,-1.4178482068390341,2.2362287963145477,Risk-on
2015-06-22,12.74,60.54,94.09630006242742,2099.29,2.36,26.5,1182.0,238.638,0.35,0.12377120368545214,-0.11628487074735183,-0.5989753496784989,-1.4178482068390341,2.2362287963145477,Risk-on
2015-06-23,12.11,61.67,95.2493154838423,2099.29,2.36,26.5,1182.0,238.638,0.35,0.12377120368545214,1.2253568106821655,-0.5989753496784989,-1.4178482068390341,2.2362287963145477,Risk-on
2015-06-24,13.26,61.63,95.48746883061078,2099.29,2.36,26.5,1182.0,238.638,0.35,0.12377120368545214,0.2500315572439904,-0.5989753496784989,-1.4178482068390341,2.2362287963145477,Risk-on
2015-06-25,14.01,60.24,95.25405347090594,2099.29,2.36,26.5,1182.0,238.638,0.35,0.12377120368545214,-0.24444606456047735,-0.5989753496784989,-1.4178482068390341,2.2362287963145477,Risk-on
2015-06-26,14.02,60.14,95.50578221789297,2099.29,2.36,26.5,1182.0,238.638,0.35,0.12377120368545214,0.2642709027221857,-0.5989753496784989,-1.4178482068390341,2.2362287963145477,Risk-on
2015-06-27,14.02,60.14,95.50578221789297,2099.29,2.36,26.5,1182.0,238.638,0.35,0.12377120368545214,0.0,-0.5989753496784989,-1.4178482068390341,2.2362287963145477,Risk-on
2015-06-28,14.02,60.14,95.50578221789297,2099.29,2.36,26.5,1182.0,238.638,0.35,0.12377120368545214,0.0,-0.5989753496784989,-1.4178482068390341,2.2362287963145477,Risk-on
2015-06-29,18.85,59.03,95.18127767002234,2099.29,2.36,26.5,1182.0,238.638,0.35,0.12377120368545214,-0.3397747658150041,-0.5989753496784989,-1.4178482068390341,2.2362287963145477,Trung tinh
2015-06-30,18.23,60.31,95.39711348704348,2099.29,2.36,26.5,1182.0,238.638,0.35,0.12377120368545214,0.2267628910902042,-0.5989753496784989,-1.4178482068390341,2.2362287963145477,Trung tinh
2015-07-01,16.09,61.65,96.05167078159583,2094.14,2.32,26.38,1128.0,238.654,0.01,0.1695697796432194,0.686139517880946,-0.24532103711255582,-4.5685279187817285,2.1504302203567804,Trung tinh
2015-07-02,16.79,61.73,96.08537396454629,2094.14,2.32,26.38,1128.0,238.654,0.01,0.1695697796432194,0.035088596248478154,-0.24532103711255582,-4.5685279187817285,2.1504302203567804,Trung tinh
2015-07-03,16.79,59.06,96.08537396454629,2094.14,2.32,26.38,1128.0,238.654,0.01,0.1695697796432194,0.0,-0.24532103711255582,-4.5685279187817285,2.1504302203567804,Trung tinh
2015-07-04,16.79,59.06,96.08537396454629,2094.14,2.32,26.38,1128.0,238.654,0.01,0.1695697796432194,0.0,-0.24532103711255582,-4.5685279187817285,2.1504302203567804,Trung tinh
2015-07-05,16.79,59.06,96.08537396454629,2094.14,2.32,26.38,1128.0,238.654,0.01,0.1695697796432194,0.0,-0.24532103711255582,-4.5685279187817285,2.1504302203567804,Trung tinh
2015-07-06,17.01,57.19,96.12316473032615,2094.14,2.32,26.38,1128.0,238.654,0.01,0.1695697796432194,0.039330404015291975,-0.24532103711255582,-4.5685279187817285,2.1504302203567804,Trung tinh
2015-07-07,16.09,54.72,96.98775261961147,2094.14,2.32,26.38,1128.0,238.654,0.01,0.1695697796432194,0.899458410166698,-0.24532103711255582,-4.5685279187817285,2.1504302203567804,Trung tinh
2015-07-08,19.66,55.7,96.2130979759992,2094.14,2.32,26.38,1128.0,238.654,0.01,0.1695697796432194,-0.7987138815871764,-0.24532103711255582,-4.5685279187817285,2.1504302203567804,Trung tinh
2015-07-09,19.97,57.83,96.53324442090657,2094.14,2.32,26.38,1128.0,238.654,0.01,0.1695697796432194,0.3327472575378687,-0.24532103711255582,-4.5685279187817285,2.1504302203567804,Trung tinh
2015-07-10,16.83,57.72,95.91311763762548,2094.14,2.32,26.38,1128.0,238.654,0.01,0.1695697796432194,-0.642397121324545,-0.24532103711255582,-4.5685279187817285,2.1504302203567804,Trung tinh
2015-07-11,16.83,57.72,95.91311763762548,2094.14,2.32,26.38,1128.0,238.654,0.01,0.1695697796432194,0.0,-0.24532103711255582,-4.5685279187817285,2.1504302203567804,Trung tinh
2015-07-12,16.83,57.72,95.91311763762548,2094.14,2.32,26.38,1128.0,238.654,0.01,0.1695697796432194,0.0,-0.24532103711255582,-4.5685279187817285,2.1504302203567804,Trung tinh
2015-07-13,13.9,57.63,96.69104217130027,2094.14,2.32,26.38,1128.0,238.654,0.01,0.1695697796432194,0.8110720961171491,-0.24532103711255582,-4.5685279187817285,2.1504302203567804,Risk-on
2015-07-14,13.37,57.2,96.6700199279578,2094.14,2.32,26.38,1128.0,238.654,0.01,0.1695697796432194,-0.02174166589830051,-0.24532103711255582,-4.5685279187817285,2.1504302203567804,Risk-on
2015-07-15,13.23,57.34,97.10023465061957,2094.14,2.32,26.38,1128.0,238.654,0.01,0.1695697796432194,0.44503427534450246,-0.24532103711255582,-4.5685279187817285,2.1504302203567804,Risk-on
2015-07-16,12.11,57.31,97.5088006978564,2094.14,2.32,26.38,1128.0,238.654,0.01,0.1695697796432194,0.4207673119502875,-0.24532103711255582,-4.5685279187817285,2.1504302203567804,Risk-on
2015-07-17,11.95,56.38,97.84857364869075,2094.14,2.32,26.38,1128.0,238.654,0.01,0.1695697796432194,0.3484536251114223,-0.24532103711255582,-4.5685279187817285,2.1504302203567804,Risk-on
2015-07-18,11.95,56.38,97.84857364869075,2094.14,2.32,26.38,1128.0,238.654,0.01,0.1695697796432194,0.0,-0.24532103711255582,-4.5685279187817285,2.1504302203567804,Risk-on
2015-07-19,11.95,56.38,97.84857364869075,2094.14,2.32,26.38,1128.0,238.654,0.01,0.1695697796432194,0.0,-0.24532103711255582,-4.5685279187817285,2.1504302203567804,Risk-on
2015-07-20,12.25,56.42,97.8800809827146,2094.14,2.32,26.38,1128.0,238.654,0.01,0.1695697796432194,0.032200095360601644,-0.24532103711255582,-4.5685279187817285,2.1504302203567804,Risk-on
2015-07-21,12.22,55.94,97.42177078564745,2094.14,2.32,26.38,1128.0,238.654,0.01,0.1695697796432194,-0.46823643019674455,-0.24532103711255582,-4.5685279187817285,2.1504302203567804,Risk-on
2015-07-22,12.12,56.36,97.69221403259971,2094.14,2.32,26.38,1128.0,238.654,0.01,0.1695697796432194,0.2776004221348938,-0.24532103711255582,-4.5685279187817285,2.1504302203567804,Risk-on
2015-07-23,12.64,55.76,97.23602299832565,2094.14,2.32,26.38,1128.0,238.654,0.01,0.1695697796432194,-0.4669676481299012,-0.24532103711255582,-4.5685279187817285,2.1504302203567804,Risk-on
2015-07-24,13.74,54.29,97.26938411853789,2094.14,2.32,26.38,1128.0,238.654,0.01,0.1695697796432194,0.03430942482376409,-0.24532103711255582,-4.5685279187817285,2.1504302203567804,Risk-on
2015-07-25,13.74,54.29,97.26938411853789,2094.14,2.32,26.38,1128.0,238.654,0.01,0.1695697796432194,0.0,-0.24532103711255582,-4.5685279187817285,2.1504302203567804,Risk-on
2015-07-26,13.74,54.29,97.26938411853789,2094.14,2.32,26.38,1128.0,238.654,0.01,0.1695697796432194,0.0,-0.24532103711255582,-4.5685279187817285,2.1504302203567804,Risk-on
2015-07-27,15.6,54.07,96.37678257844375,2094.14,2.32,26.38,1128.0,238.654,0.01,0.1695697796432194,-0.9176592904159397,-0.24532103711255582,-4.5685279187817285,2.1504302203567804,Trung tinh
2015-07-28,13.44,54.3,96.68239939176829,2094.14,2.32,26.38,1128.0,238.654,0.01,0.1695697796432194,0.31710626267875686,-0.24532103711255582,-4.5685279187817285,2.1504302203567804,Risk-on
2015-07-29,12.5,54.73,96.83726703944704,2094.14,2.32,26.38,1128.0,238.654,0.01,0.1695697796432194,0.16018184142412295,-0.24532103711255582,-4.5685279187817285,2.1504302203567804,Risk-on
2015-07-30,12.13,54.29,97.63277945726482,2094.14,2.32,26.38,1128.0,238.654,0.01,0.1695697796432194,0.8214940819155192,-0.24532103711255582,-4.5685279187817285,2.1504302203567804,Risk-on
2015-07-31,12.12,53.29,96.93614753955413,2094.14,2.32,26.38,1128.0,238.654,0.01,0.1695697796432194,-0.7135225705784731,0.0,0.0,2.1504302203567804,Risk-on
2015-08-01,12.12,53.29,96.93614753955413,2039.87,2.17,25.69,1118.0,238.316,-0.14,0.1950792930057288,0.0,-2.5915172815571097,-0.886524822695034,1.9749207069942711,Risk-on
2015-08-02,12.12,53.29,96.93614753955413,2039.87,2.17,25.69,1118.0,238.316,-0.14,0.1950792930057288,0.0,-2.5915172815571097,-0.886524822695034,1.9749207069942711,Risk-on
2015-08-03,12.56,49.49,97.40015325594617,2039.87,2.17,25.69,1118.0,238.316,-0.14,0.1950792930057288,0.4786715050778101,-2.5915172815571097,-0.886524822695034,1.9749207069942711,Risk-on
2015-08-04,13.0,49.08,97.45201859911795,2039.87,2.17,25.69,1118.0,238.316,-0.14,0.1950792930057288,0.0532497551985367,-2.5915172815571097,-0.886524822695034,1.9749207069942711,Risk-on
2015-08-05,12.51,49.04,98.09341686845958,2039.87,2.17,25.69,1118.0,238.316,-0.14,0.1950792930057288,0.6581682745640416,-2.5915172815571097,-0.886524822695034,1.9749207069942711,Risk-on
2015-08-06,13.77,47.8,97.83936987527377,2039.87,2.17,25.69,1118.0,238.316,-0.14,0.1950792930057288,-0.2589847527958766,-2.5915172815571097,-0.886524822695034,1.9749207069942711,Risk-on
2015-08-07,13.39,47.54,97.65387884974054,2039.87,2.17,25.69,1118.0,238.316,-0.14,0.1950792930057288,-0.18958730597887774,-2.5915172815571097,-0.886524822695034,1.9749207069942711,Risk-on
2015-08-08,13.39,47.54,97.65387884974054,2039.87,2.17,25.69,1118.0,238.316,-0.14,0.1950792930057288,0.0,-2.5915172815571097,-0.886524822695034,1.9749207069942711,Risk-on
2015-08-09,13.39,47.54,97.65387884974054,2039.87,2.17,25.69,1118.0,238.316,-0.14,0.1950792930057288,0.0,-2.5915172815571097,-0.886524822695034,1.9749207069942711,Risk-on
2015-08-10,12.23,48.3,97.37252377806655,2039.87,2.17,25.69,1118.0,238.316,-0.14,0.1950792930057288,-0.2881145889831016,-2.5915172815571097,-0.886524822695034,1.9749207069942711,Risk-on
2015-08-11,13.71,47.33,97.19928998164397,2039.87,2.17,25.69,1118.0,238.316,-0.14,0.1950792930057288,-0.1779082945589594,-2.5915172815571097,-0.886524822695034,1.9749207069942711,Risk-on
2015-08-12,13.61,48.29,96.0307764764059,2039.87,2.17,25.69,1118.0,238.316,-0.14,0.1950792930057288,-1.2021831697111574,-2.5915172815571097,-0.886524822695034,1.9749207069942711,Risk-on
2015-08-13,13.49,48.01,96.43208548932249,2039.87,2.17,25.69,1118.0,238.316,-0.14,0.1950792930057288,0.41789624914172485,-2.5915172815571097,-0.886524822695034,1.9749207069942711,Risk-on
2015-08-14,12.83,47.79,96.5998566764622,2039.87,2.17,25.69,1118.0,238.316,-0.14,0.1950792930057288,0.17397859466419252,-2.5915172815571097,-0.886524822695034,1.9749207069942711,Risk-on
2015-08-15,12.83,47.79,96.5998566764622,2039.87,2.17,25.69,1118.0,238.316,-0.14,0.1950792930057288,0.0,-2.5915172815571097,-0.886524822695034,1.9749207069942711,Risk-on
2015-08-16,12.83,47.79,96.5998566764622,2039.87,2.17,25.69,1118.0,238.316,-0.14,0.1950792930057288,0.0,-2.5915172815571097,-0.886524822695034,1.9749207069942711,Risk-on
2015-08-17,13.02,47.77,96.79429143112405,2039.87,2.17,25.69,1118.0,238.316,-0.14,0.1950792930057288,0.20127851256868112,-2.5915172815571097,-0.886524822695034,1.9749207069942711,Risk-on
2015-08-18,13.79,47.0,97.01038983296854,2039.87,2.17,25.69,1118.0,238.316,-0.14,0.1950792930057288,0.22325531666116394,-2.5915172815571097,-0.886524822695034,1.9749207069942711,Risk-on
2015-08-19,15.25,45.75,96.87596921190966,2039.87,2.17,25.69,1118.0,238.316,-0.14,0.1950792930057288,-0.13856311812613376,-2.5915172815571097,-0.886524822695034,1.9749207069942711,Trung tinh
2015-08-20,19.14,45.63,95.9684240612814,2039.87,2.17,25.69,1118.0,238.316,-0.14,0.1950792930057288,-0.9368114280674411,-2.5915172815571097,-0.886524822695034,1.9749207069942711,Trung tinh
2015-08-21,28.03,43.84,94.98020655702602,2039.87,2.17,25.69,1118.0,238.316,-0.14,0.1950792930057288,-1.029731928935651,-2.5915172815571097,-0.886524822695034,1.9749207069942711,Risk-off
2015-08-22,28.03,43.84,94.98020655702602,2039.87,2.17,25.69,1118.0,238.316,-0.14,0.1950792930057288,0.0,-2.5915172815571097,-0.886524822695034,1.9749207069942711,Risk-off
2015-08-23,28.03,43.84,94.98020655702602,2039.87,2.17,25.69,1118.0,238.316,-0.14,0.1950792930057288,0.0,-2.5915172815571097,-0.886524822695034,1.9749207069942711,Risk-off
2015-08-24,40.74,41.59,93.46950994850016,2039.87,2.17,25.69,1118.0,238.316,-0.14,0.1950792930057288,-1.5905383482387347,-2.5915172815571097,-0.886524822695034,1.9749207069942711,Risk-off
2015-08-25,36.02,41.86,94.61704126311676,2039.87,2.17,25.69,1118.0,238.316,-0.14,0.1950792930057288,1.2277065700343037,-2.5915172815571097,-0.886524822695034,1.9749207069942711,Risk-off
2015-08-26,30.32,41.76,94.7835822118521,2039.87,2.17,25.69,1118.0,238.316,-0.14,0.1950792930057288,0.17601580699635466,-2.5915172815571097,-0.886524822695034,1.9749207069942711,Risk-off
2015-08-27,26.1,44.46,95.76501533878263,2039.87,2.17,25.69,1118.0,238.316,-0.14,0.1950792930057288,1.0354463336666342,-2.5915172815571097,-0.886524822695034,1.9749207069942711,Risk-off
2015-08-28,26.05,47.97,96.21801846329508,2039.87,2.17,25.69,1118.0,238.316,-0.14,0.1950792930057288,0.4730361321510612,-2.5915172815571097,-0.886524822695034,1.9749207069942711,Risk-off
2015-08-29,26.05,47.97,96.21801846329508,2039.87,2.17,25.69,1118.0,238.316,-0.14,0.1950792930057288,0.0,-2.5915172815571097,-0.886524822695034,1.9749207069942711,Risk-off
2015-08-30,26.05,47.97,96.21801846329508,2039.87,2.17,25.69,1118.0,238.316,-0.14,0.1950792930057288,0.0,-2.5915172815571097,-0.886524822695034,1.9749207069942711,Risk-off
2015-08-31,28.43,47.97,96.09431193020858,2039.87,2.17,25.69,1118.0,238.316,-0.14,0.1950792930057288,-0.1285689884932495,0.0,0.0,1.9749207069942711,Risk-off
2015-09-01,31.4,48.8,95.57674723595922,1944.41,2.17,24.5,1125.0,237.945,-0.16,-0.03612974780596856,-0.5386007598714659,-4.679709981518421,0.6261180679785427,2.2061297478059685,Risk-off
2015-09-02,26.09,47.67,95.79552132092554,1944.41,2.17,24.5,1125.0,237.945,-0.16,-0.03612974780596856,0.22889886012360527,-4.679709981518421,0.6261180679785427,2.2061297478059685,Risk-off
2015-09-03,25.61,50.41,96.50462982195656,1944.41,2.17,24.5,1125.0,237.945,-0.16,-0.03612974780596856,0.7402313712093322,-4.679709981518421,0.6261180679785427,2.2061297478059685,Risk-off
2015-09-04,27.8,48.59,96.41872728151941,1944.41,2.17,24.5,1125.0,237.945,-0.16,-0.03612974780596856,-0.08901390596040004,-4.679709981518421,0.6261180679785427,2.2061297478059685,Risk-off
2015-09-05,27.8,48.59,96.41872728151941,1944.41,2.17,24.5,1125.0,237.945,-0.16,-0.03612974780596856,0.0,-4.679709981518421,0.6261180679785427,2.2061297478059685,Risk-off
2015-09-06,27.8,48.59,96.41872728151941,1944.41,2.17,24.5,1125.0,237.945,-0.16,-0.03612974780596856,0.0,-4.679709981518421,0.6261180679785427,2.2061297478059685,Risk-off
2015-09-07,27.8,46.42,96.41872728151941,1944.41,2.17,24.5,1125.0,237.945,-0.16,-0.03612974780596856,0.0,-4.679709981518421,0.6261180679785427,2.2061297478059685,Risk-off
2015-09-08,24.9,48.88,95.96187225932468,1944.41,2.17,24.5,1125.0,237.945,-0.16,-0.03612974780596856,-0.4738239500515551,-4.679709981518421,0.6261180679785427,2.2061297478059685,Trung tinh
2015-09-09,26.23,48.04,96.20707803494501,1944.41,2.17,24.5,1125.0,237.945,-0.16,-0.03612974780596856,0.2555241679296216,-4.679709981518421,0.6261180679785427,2.2061297478059685,Risk-off
2015-09-10,24.37,47.77,95.59594045314792,1944.41,2.17,24.5,1125.0,237.945,-0.16,-0.03612974780596856,-0.6352314136129467,-4.679709981518421,0.6261180679785427,2.2061297478059685,Trung tinh
2015-09-11,23.2,46.87,95.22149844151257,1944.41,2.17,24.5,1125.0,237.945,-0.16,-0.03612974780596856,-0.3916923771662306,-4.679709981518421,0.6261180679785427,2.2061297478059685,Trung tinh
2015-09-12,23.2,46.87,95.22149844151257,1944.41,2.17,24.5,1125.0,237.945,-0.16,-0.03612974780596856,0.0,-4.679709981518421,0.6261180679785427,2.2061297478059685,Trung tinh
2015-09-13,23.2,46.87,95.22149844151257,1944.41,2.17,24.5,1125.0,237.945,-0.16,-0.03612974780596856,0.0,-4.679709981518421,0.6261180679785427,2.2061297478059685,Trung tinh
2015-09-14,24.25,45.87,95.27956502642708,1944.41,2.17,24.5,1125.0,237.945,-0.16,-0.03612974780596856,0.060980541017396916,-4.679709981518421,0.6261180679785427,2.2061297478059685,Trung tinh
2015-09-15,22.54,45.91,95.64628777888878,1944.41,2.17,24.5,1125.0,237.945,-0.16,-0.03612974780596856,0.3848912957988171,-4.679709981518421,0.6261180679785427,2.2061297478059685,Trung tinh
2015-09-16,21.35,49.35,95.24927466931126,1944.41,2.17,24.5,1125.0,237.945,-0.16,-0.03612974780596856,-0.41508470302089595,-4.679709981518421,0.6261180679785427,2.2061297478059685,Trung tinh
2015-09-17,21.14,48.27,95.25409958995697,1944.41,2.17,24.5,1125.0,237.945,-0.16,-0.03612974780596856,0.005065572060747314,-4.679709981518421,0.6261180679785427,2.2061297478059685,Trung tinh
2015-09-18,22.28,47.28,94.78653117434891,1944.41,2.17,24.5,1125.0,237.945,-0.16,-0.03612974780596856,-0.4908643487480435,-4.679709981518421,0.6261180679785427,2.2061297478059685,Trung tinh
2015-09-19,22.28,47.28,94.78653117434891,1944.41,2.17,24.5,1125.0,237.945,-0.16,-0.03612974780596856,0.0,-4.679709981518421,0.6261180679785427,2.2061297478059685,Trung tinh
2015-09-20,22.28,47.28,94.78653117434891,1944.41,2.17,24.5,1125.0,237.945,-0.16,-0.03612974780596856,0.0,-4.679709981518421,0.6261180679785427,2.2061297478059685,Trung tinh
2015-09-21,20.14,47.64,95.81099911855185,1944.41,2.17,24.5,1125.0,237.945,-0.16,-0.03612974780596856,1.0808159466438871,-4.679709981518421,0.6261180679785427,2.2061297478059685,Trung tinh
2015-09-22,22.44,46.69,96.2858736802428,1944.41,2.17,24.5,1125.0,237.945,-0.16,-0.03612974780596856,0.49563679124497995,-4.679709981518421,0.6261180679785427,2.2061297478059685,Trung tinh
2015-09-23,22.13,48.0,96.30957103207005,1944.41,2.17,24.5,1125.0,237.945,-0.16,-0.03612974780596856,0.024611452253053834,-4.679709981518421,0.6261180679785427,2.2061297478059685,Trung tinh
2015-09-24,23.47,47.06,95.76351216809311,1944.41,2.17,24.5,1125.0,237.945,-0.16,-0.03612974780596856,-0.5669829676586469,-4.679709981518421,0.6261180679785427,2.2061297478059685,Trung tinh
2015-09-25,23.62,47.28,96.2552845189282,1944.41,2.17,24.5,1125.0,237.945,-0.16,-0.03612974780596856,0.5135278977361324,-4.679709981518421,0.6261180679785427,2.2061297478059685,Trung tinh
2015-09-26,23.62,47.28,96.2552845189282,1944.41,2.17,24.5,1125.0,237.945,-0.16,-0.03612974780596856,0.0,-4.679709981518421,0.6261180679785427,2.2061297478059685,Trung tinh
2015-09-27,23.62,47.28,96.2552845189282,1944.41,2.17,24.5,1125.0,237.945,-0.16,-0.03612974780596856,0.0,-4.679709981518421,0.6261180679785427,2.2061297478059685,Trung tinh
2015-09-28,27.63,46.04,95.95546348209562,1944.41,2.17,24.5,1125.0,237.945,-0.16,-0.03612974780596856,-0.3114852741135765,-4.679709981518421,0.6261180679785427,2.2061297478059685,Risk-off
2015-09-29,26.83,47.58,95.91651962266805,1944.41,2.17,24.5,1125.0,237.945,-0.16,-0.03612974780596856,-0.04058534867568131,-4.679709981518421,0.6261180679785427,2.2061297478059685,Risk-off
2015-09-30,24.5,47.29,96.39139116240803,1944.41,2.17,24.5,1125.0,237.945,-0.16,-0.03612974780596856,0.49508837644245407,-4.679709981518421,0.6261180679785427,2.2061297478059685,Trung tinh
2015-10-01,22.55,47.48,96.0176873737654,2024.81,2.07,25.49,1159.0,237.838,-0.04,0.17057443573555986,-0.3876941541521961,4.134930390195479,3.022222222222215,1.89942556426444,Trung tinh
2015-10-02,20.94,46.55,95.52183461594429,2024.81,2.07,25.49,1159.0,237.838,-0.04,0.17057443573555986,-0.5164181427229297,4.134930390195479,3.022222222222215,1.89942556426444,Trung tinh
2015-10-03,20.94,46.55,95.52183461594429,2024.81,2.07,25.49,1159.0,237.838,-0.04,0.17057443573555986,0.0,4.134930390195479,3.022222222222215,1.89942556426444,Trung tinh
2015-10-04,20.94,46.55,95.52183461594429,2024.81,2.07,25.49,1159.0,237.838,-0.04,0.17057443573555986,0.0,4.134930390195479,3.022222222222215,1.89942556426444,Trung tinh
2015-10-05,19.54,49.45,95.986322364391,2024.81,2.07,25.49,1159.0,237.838,-0.04,0.17057443573555986,0.4862634289994894,4.134930390195479,3.022222222222215,1.89942556426444,Trung tinh
2015-10-06,19.4,51.34,95.49904534744338,2024.81,2.07,25.49,1159.0,237.838,-0.04,0.17057443573555986,-0.5076525539730259,4.134930390195479,3.022222222222215,1.89942556426444,Trung tinh
2015-10-07,18.4,51.66,95.4955891946467,2024.81,2.07,25.49,1159.0,237.838,-0.04,0.17057443573555986,-0.0036190443413519624,4.134930390195479,3.022222222222215,1.89942556426444,Trung tinh
2015-10-08,17.42,52.13,95.3043235983083,2024.81,2.07,25.49,1159.0,237.838,-0.04,0.17057443573555986,-0.20028736191003427,4.134930390195479,3.022222222222215,1.89942556426444,Trung tinh
2015-10-09,17.08,52.08,94.85431287282678,2024.81,2.07,25.49,1159.0,237.838,-0.04,0.17057443573555986,-0.472182906809393,4.134930390195479,3.022222222222215,1.89942556426444,Trung tinh
2015-10-10,17.08,52.08,94.85431287282678,2024.81,2.07,25.49,1159.0,237.838,-0.04,0.17057443573555986,0.0,4.134930390195479,3.022222222222215,1.89942556426444,Trung tinh
2015-10-11,17.08,52.08,94.85431287282678,2024.81,2.07,25.49,1159.0,237.838,-0.04,0.17057443573555986,0.0,4.134930390195479,3.022222222222215,1.89942556426444,Trung tinh
2015-10-12,16.17,50.95,94.85431287282678,2024.81,2.07,25.49,1159.0,237.838,-0.04,0.17057443573555986,0.0,4.134930390195479,3.022222222222215,1.89942556426444,Trung tinh
2015-10-13,17.67,48.94,94.76132883409744,2024.81,2.07,25.49,1159.0,237.838,-0.04,0.17057443573555986,-0.09802826662611563,4.134930390195479,3.022222222222215,1.89942556426444,Trung tinh
2015-10-14,18.03,48.25,94.26092930313077,2024.81,2.07,25.49,1159.0,237.838,-0.04,0.17057443573555986,-0.5280630159194444,4.134930390195479,3.022222222222215,1.89942556426444,Trung tinh
2015-10-15,16.05,47.87,94.20402882323214,2024.81,2.07,25.49,1159.0,237.838,-0.04,0.17057443573555986,-0.060364862005168884,4.134930390195479,3.022222222222215,1.89942556426444,Trung tinh
2015-10-16,15.05,48.96,94.68602192700504,2024.81,2.07,25.49,1159.0,237.838,-0.04,0.17057443573555986,0.5116480789556732,4.134930390195479,3.022222222222215,1.89942556426444,Trung tinh
2015-10-17,15.05,48.96,94.68602192700504,2024.81,2.07,25.49,1159.0,237.838,-0.04,0.17057443573555986,0.0,4.134930390195479,3.022222222222215,1.89942556426444,Trung tinh
2015-10-18,15.05,48.96,94.68602192700504,2024.81,2.07,25.49,1159.0,237.838,-0.04,0.17057443573555986,0.0,4.134930390195479,3.022222222222215,1.89942556426444,Trung tinh
2015-10-19,14.98,47.51,94.9460749128195,2024.81,2.07,25.49,1159.0,237.838,-0.04,0.17057443573555986,0.27464770461571586,4.134930390195479,3.022222222222215,1.89942556426444,Risk-on
2015-10-20,15.75,46.93,94.7501623021105,2024.81,2.07,25.49,1159.0,237.838,-0.04,0.17057443573555986,-0.20634092656162117,4.134930390195479,3.022222222222215,1.89942556426444,Trung tinh
2015-10-21,16.7,46.72,94.95367235159266,2024.81,2.07,25.49,1159.0,237.838,-0.04,0.17057443573555986,0.21478596398945005,4.134930390195479,3.022222222222215,1.89942556426444,Trung tinh
2015-10-22,14.45,46.59,96.16093872912185,2024.81,2.07,25.49,1159.0,237.838,-0.04,0.17057443573555986,1.2714267364604348,4.134930390195479,3.022222222222215,1.89942556426444,Risk-on
2015-10-23,14.46,46.3,97.01434446800027,2024.81,2.07,25.49,1159.0,237.838,-0.04,0.17057443573555986,0.8874765056967604,4.134930390195479,3.022222222222215,1.89942556426444,Risk-on
2015-10-24,14.46,46.3,97.01434446800027,2024.81,2.07,25.49,1159.0,237.838,-0.04,0.17057443573555986,0.0,4.134930390195479,3.022222222222215,1.89942556426444,Risk-on
2015-10-25,14.46,46.3,97.01434446800027,2024.81,2.07,25.49,1159.0,237.838,-0.04,0.17057443573555986,0.0,4.134930390195479,3.022222222222215,1.89942556426444,Risk-on
2015-10-26,15.29,46.57,96.7709504039313,2024.81,2.07,25.49,1159.0,237.838,-0.04,0.17057443573555986,-0.25088461443890653,4.134930390195479,3.022222222222215,1.89942556426444,Trung tinh
2015-10-27,15.43,45.54,96.81942922502341,2024.81,2.07,25.49,1159.0,237.838,-0.04,0.17057443573555986,0.050096460652460095,4.134930390195479,3.022222222222215,1.89942556426444,Trung tinh
2015-10-28,14.33,47.6,96.67717926069373,2024.81,2.07,25.49,1159.0,237.838,-0.04,0.17057443573555986,-0.14692295282909829,4.134930390195479,3.022222222222215,1.89942556426444,Risk-on
2015-10-29,14.61,48.04,97.38397828326043,2024.81,2.07,25.49,1159.0,237.838,-0.04,0.17057443573555986,0.7310918957004198,4.134930390195479,3.022222222222215,1.89942556426444,Risk-on
2015-10-30,15.07,48.0,96.71017525126507,2024.81,2.07,25.49,1159.0,237.838,-0.04,0.17057443573555986,-0.6919033745319769,4.134930390195479,3.022222222222215,1.89942556426444,Trung tinh
2015-10-31,15.07,48.0,96.71017525126507,2024.81,2.07,25.49,1159.0,237.838,-0.04,0.17057443573555986,0.0,0.0,0.0,1.89942556426444,Trung tinh
2015-11-01,15.07,48.0,96.71017525126507,2080.62,2.26,26.23,1086.0,237.336,-0.21,0.5017975786678841,0.0,2.7563079992690698,-6.298533218291635,1.7582024213321157,Trung tinh
2015-11-02,14.15,47.91,96.81570864927002,2080.62,2.26,26.23,1086.0,237.336,-0.21,0.5017975786678841,0.10912336548947188,2.7563079992690698,-6.298533218291635,1.7582024213321157,Risk-on
2015-11-03,14.54,48.0,97.35491530139109,2080.62,2.26,26.23,1086.0,237.336,-0.21,0.5017975786678841,0.5569412852974409,2.7563079992690698,-6.298533218291635,1.7582024213321157,Risk-on
2015-11-04,15.51,46.96,97.9241845186191,2080.62,2.26,26.23,1086.0,237.336,-0.21,0.5017975786678841,0.5847359791394835,2.7563079992690698,-6.298533218291635,1.7582024213321157,Trung tinh
2015-11-05,15.05,47.19,98.0272263914358,2080.62,2.26,26.23,1086.0,237.336,-0.21,0.5017975786678841,0.10522617402763945,2.7563079992690698,-6.298533218291635,1.7582024213321157,Trung tinh
2015-11-06,14.33,46.09,99.13171139887741,2080.62,2.26,26.23,1086.0,237.336,-0.21,0.5017975786678841,1.1267124941710005,2.7563079992690698,-6.298533218291635,1.7582024213321157,Risk-on
2015-11-07,14.33,46.09,99.13171139887741,2080.62,2.26,26.23,1086.0,237.336,-0.21,0.5017975786678841,0.0,2.7563079992690698,-6.298533218291635,1.7582024213321157,Risk-on
2015-11-08,14.33,46.09,99.13171139887741,2080.62,2.26,26.23,1086.0,237.336,-0.21,0.5017975786678841,0.0,2.7563079992690698,-6.298533218291635,1.7582024213321157,Risk-on
2015-11-09,16.52,45.38,98.90690779291633,2080.62,2.26,26.23,1086.0,237.336,-0.21,0.5017975786678841,-0.22677264700550204,2.7563079992690698,-6.298533218291635,1.7582024213321157,Trung tinh
2015-11-10,15.29,46.44,99.39551660793093,2080.62,2.26,26.23,1086.0,237.336,-0.21,0.5017975786678841,0.4940087865628273,2.7563079992690698,-6.298533218291635,1.7582024213321157,Trung tinh
2015-11-11,16.06,44.98,99.39551660793093,2080.62,2.26,26.23,1086.0,237.336,-0.21,0.5017975786678841,0.0,2.7563079992690698,-6.298533218291635,1.7582024213321157,Trung tinh
2015-11-12,18.37,44.98,98.82425329808392,2080.62,2.26,26.23,1086.0,237.336,-0.21,0.5017975786678841,-0.5747375025982104,2.7563079992690698,-6.298533218291635,1.7582024213321157,Trung tinh
2015-11-13,20.08,41.98,99.15240211921514,2080.62,2.26,26.23,1086.0,237.336,-0.21,0.5017975786678841,0.33205292241513806,2.7563079992690698,-6.298533218291635,1.7582024213321157,Trung tinh
2015-11-14,20.08,41.98,99.15240211921514,2080.62,2.26,26.23,1086.0,237.336,-0.21,0.5017975786678841,0.0,2.7563079992690698,-6.298533218291635,1.7582024213321157,Trung tinh
2015-11-15,20.08,41.98,99.15240211921514,2080.62,2.26,26.23,1086.0,237.336,-0.21,0.5017975786678841,0.0,2.7563079992690698,-6.298533218291635,1.7582024213321157,Trung tinh
2015-11-16,18.16,40.28,99.25016507253757,2080.62,2.26,26.23,1086.0,237.336,-0.21,0.5017975786678841,0.09859867359025554,2.7563079992690698,-6.298533218291635,1.7582024213321157,Trung tinh
2015-11-17,18.84,41.28,99.72622346729302,2080.62,2.26,26.23,1086.0,237.336,-0.21,0.5017975786678841,0.47965501559370516,2.7563079992690698,-6.298533218291635,1.7582024213321157,Trung tinh
2015-11-18,16.85,41.45,99.72723622161122,2080.62,2.26,26.23,1086.0,237.336,-0.21,0.5017975786678841,0.0010155346136464516,2.7563079992690698,-6.298533218291635,1.7582024213321157,Trung tinh
2015-11-19,16.99,42.22,98.85212592147461,2080.62,2.26,26.23,1086.0,237.336,-0.21,0.5017975786678841,-0.8775038126916157,2.7563079992690698,-6.298533218291635,1.7582024213321157,Trung tinh
2015-11-20,15.47,42.49,99.50175084270361,2080.62,2.26,26.23,1086.0,237.336,-0.21,0.5017975786678841,0.657168386793261,2.7563079992690698,-6.298533218291635,1.7582024213321157,Trung tinh
2015-11-21,15.47,42.49,99.50175084270361,2080.62,2.26,26.23,1086.0,237.336,-0.21,0.5017975786678841,0.0,2.7563079992690698,-6.298533218291635,1.7582024213321157,Trung tinh
2015-11-22,15.47,42.49,99.50175084270361,2080.62,2.26,26.23,1086.0,237.336,-0.21,0.5017975786678841,0.0,2.7563079992690698,-6.298533218291635,1.7582024213321157,Trung tinh
2015-11-23,15.62,43.7,99.93999432785799,2080.62,2.26,26.23,1086.0,237.336,-0.21,0.5017975786678841,0.4404379635964073,2.7563079992690698,-6.298533218291635,1.7582024213321157,Trung tinh
2015-11-24,15.93,44.38,99.5955818025115,2080.62,2.26,26.23,1086.0,237.336,-0.21,0.5017975786678841,-0.34461931648367417,2.7563079992690698,-6.298533218291635,1.7582024213321157,Trung tinh
2015-11-25,15.19,43.56,99.80736182694977,2080.62,2.26,26.23,1086.0,237.336,-0.21,0.5017975786678841,0.2126399792093281,2.7563079992690698,-6.298533218291635,1.7582024213321157,Trung tinh
2015-11-26,15.19,43.55,99.80736182694977,2080.62,2.26,26.23,1086.0,237.336,-0.21,0.5017975786678841,0.0,2.7563079992690698,-6.298533218291635,1.7582024213321157,Trung tinh
2015-11-27,15.12,43.07,100.05587744873323,2080.62,2.26,26.23,1086.0,237.336,-0.21,0.5017975786678841,0.24899528174517904,2.7563079992690698,-6.298533218291635,1.7582024213321157,Trung tinh
2015-11-28,15.12,43.07,100.05587744873323,2080.62,2.26,26.23,1086.0,237.336,-0.21,0.5017975786678841,0.0,2.7563079992690698,-6.298533218291635,1.7582024213321157,Trung tinh
2015-11-29,15.12,43.07,100.05587744873323,2080.62,2.26,26.23,1086.0,237.336,-0.21,0.5017975786678841,0.0,2.7563079992690698,-6.298533218291635,1.7582024213321157,Trung tinh
2015-11-30,16.13,43.73,100.24611383595794,2080.62,2.26,26.23,1086.0,237.336,-0.21,0.5017975786678841,0.19013014734909905,2.7563079992690698,-6.298533218291635,1.7582024213321157,Trung tinh
2015-12-01,14.67,42.97,99.88874883965234,2054.08,2.24,25.97,1076.0,236.525,-0.34,0.7295197860415881,-0.35648763092243074,-1.2755813171073993,-0.9208103130755041,1.5104802139584121,Risk-on
2015-12-02,15.91,41.92,100.31889662334109,2054.08,2.24,25.97,1076.0,236.525,-0.34,0.7295197860415881,0.4306268610684505,-1.2755813171073993,-0.9208103130755041,1.5104802139584121,Trung tinh
2015-12-03,18.11,42.0,98.21722770484652,2054.08,2.24,25.97,1076.0,236.525,-0.34,0.7295197860415881,-2.0949880722726966,-1.2755813171073993,-0.9208103130755041,1.5104802139584121,Trung tinh
2015-12-04,14.81,41.44,98.27640864249832,2054.08,2.24,25.97,1076.0,236.525,-0.34,0.7295197860415881,0.06025514976828461,-1.2755813171073993,-0.9208103130755041,1.5104802139584121,Risk-on
2015-12-05,14.81,41.44,98.27640864249832,2054.08,2.24,25.97,1076.0,236.525,-0.34,0.7295197860415881,0.0,-1.2755813171073993,-0.9208103130755041,1.5104802139584121,Risk-on
2015-12-06,14.81,41.44,98.27640864249832,2054.08,2.24,25.97,1076.0,236.525,-0.34,0.7295197860415881,0.0,-1.2755813171073993,-0.9208103130755041,1.5104802139584121,Risk-on
2015-12-07,15.84,39.69,98.68168730246867,2054.08,2.24,25.97,1076.0,236.525,-0.34,0.7295197860415881,0.41238651836030815,-1.2755813171073993,-0.9208103130755041,1.5104802139584121,Trung tinh
2015-12-08,17.6,39.44,98.53878895666246,2054.08,2.24,25.97,1076.0,236.525,-0.34,0.7295197860415881,-0.1448073596149846,-1.2755813171073993,-0.9208103130755041,1.5104802139584121,Trung tinh
2015-12-09,19.61,39.04,97.65274743055282,2054.08,2.24,25.97,1076.0,236.525,-0.34,0.7295197860415881,-0.8991804501467082,-1.2755813171073993,-0.9208103130755041,1.5104802139584121,Trung tinh
2015-12-10,19.34,38.65,97.82683370692494,2054.08,2.24,25.97,1076.0,236.525,-0.34,0.7295197860415881,0.1782707409189177,-1.2755813171073993,-0.9208103130755041,1.5104802139584121,Trung tinh
2015-12-11,24.39,36.99,97.50235409594254,2054.08,2.24,25.97,1076.0,236.525,-0.34,0.7295197860415881,-0.33168773708295296,-1.2755813171073993,-0.9208103130755041,1.5104802139584121,Trung tinh
2015-12-12,24.39,36.99,97.50235409594254,2054.08,2.24,25.97,1076.0,236.525,-0.34,0.7295197860415881,0.0,-1.2755813171073993,-0.9208103130755041,1.5104802139584121,Trung tinh
2015-12-13,24.39,36.99,97.50235409594254,2054.08,2.24,25.97,1076.0,236.525,-0.34,0.7295197860415881,0.0,-1.2755813171073993,-0.9208103130755041,1.5104802139584121,Trung tinh
2015-12-14,22.73,36.51,97.42671287607232,2054.08,2.24,25.97,1076.0,236.525,-0.34,0.7295197860415881,-0.07757886521979618,-1.2755813171073993,-0.9208103130755041,1.5104802139584121,Trung tinh
2015-12-15,20.95,37.66,98.24648189697267,2054.08,2.24,25.97,1076.0,236.525,-0.34,0.7295197860415881,0.8414212044114633,-1.2755813171073993,-0.9208103130755041,1.5104802139584121,Trung tinh
2015-12-16,17.86,36.96,98.1935480558261,2054.08,2.24,25.97,1076.0,236.525,-0.34,0.7295197860415881,-0.05387861236810787,-1.2755813171073993,-0.9208103130755041,1.5104802139584121,Trung tinh
2015-12-17,18.94,36.29,99.2701159226736,2054.08,2.24,25.97,1076.0,236.525,-0.34,0.7295197860415881,1.0963733240756612,-1.2755813171073993,-0.9208103130755041,1.5104802139584121,Trung tinh
2015-12-18,20.7,36.76,98.76122183189644,2054.08,2.24,25.97,1076.0,236.525,-0.34,0.7295197860415881,-0.5126357373991253,-1.2755813171073993,-0.9208103130755041,1.5104802139584121,Trung tinh
2015-12-19,20.7,36.76,98.76122183189644,2054.08,2.24,25.97,1076.0,236.525,-0.34,0.7295197860415881,0.0,-1.2755813171073993,-0.9208103130755041,1.5104802139584121,Trung tinh
2015-12-20,20.7,36.76,98.76122183189644,2054.08,2.24,25.97,1076.0,236.525,-0.34,0.7295197860415881,0.0,-1.2755813171073993,-0.9208103130755041,1.5104802139584121,Trung tinh
2015-12-21,18.7,35.34,98.4059991589125,2054.08,2.24,25.97,1076.0,236.525,-0.34,0.7295197860415881,-0.35967828910478117,-1.2755813171073993,-0.9208103130755041,1.5104802139584121,Trung tinh
2015-12-22,16.6,35.26,98.06897258696807,2054.08,2.24,25.97,1076.0,236.525,-0.34,0.7295197860415881,-0.34248579845235216,-1.2755813171073993,-0.9208103130755041,1.5104802139584121,Trung tinh
2015-12-23,15.57,35.79,98.5658801358551,2054.08,2.24,25.97,1076.0,236.525,-0.34,0.7295197860415881,0.5066919085405575,-1.2755813171073993,-0.9208103130755041,1.5104802139584121,Trung tinh
2015-12-24,15.74,37.22,97.95832822171509,2054.08,2.24,25.97,1076.0,236.525,-0.34,0.7295197860415881,-0.6163917100954208,-1.2755813171073993,-0.9208103130755041,1.5104802139584121,Trung tinh
2015-12-25,15.74,37.22,97.95832822171509,2054.08,2.24,25.97,1076.0,236.525,-0.34,0.7295197860415881,0.0,-1.2755813171073993,-0.9208103130755041,1.5104802139584121,Trung tinh
2015-12-26,15.74,37.22,97.95832822171509,2054.08,2.24,25.97,1076.0,236.525,-0.34,0.7295197860415881,0.0,-1.2755813171073993,-0.9208103130755041,1.5104802139584121,Trung tinh
2015-12-27,15.74,37.22,97.95832822171509,2054.08,2.24,25.97,1076.0,236.525,-0.34,0.7295197860415881,0.0,-1.2755813171073993,-0.9208103130755041,1.5104802139584121,Trung tinh
2015-12-28,16.91,37.08,97.87349496304337,2054.08,2.24,25.97,1076.0,236.525,-0.34,0.7295197860415881,-0.08660137449437721,-1.2755813171073993,-0.9208103130755041,1.5104802139584121,Trung tinh
2015-12-29,16.08,36.85,98.29964466845715,2054.08,2.24,25.97,1076.0,236.525,-0.34,0.7295197860415881,0.43540869320615183,-1.2755813171073993,-0.9208103130755041,1.5104802139584121,Trung tinh
2015-12-30,17.29,35.65,98.34153412037153,2054.08,2.24,25.97,1076.0,236.525,-0.34,0.7295197860415881,0.04261404205037067,-1.2755813171073993,-0.9208103130755041,1.5104802139584121,Trung tinh
2015-12-31,18.21,36.61,98.67921007687359,2054.08,2.24,25.97,1076.0,236.525,-0.34,0.7295197860415881,0.3433706414308402,0.0,0.0,1.5104802139584121,Trung tinh
2016-01-01,18.21,36.61,98.67921007687359,1918.6,2.09,24.21,1098.0,236.916,0.17,1.3730868138309926,0.0,-6.595653528587009,2.0446096654274992,0.7169131861690072,Trung tinh
2016-01-02,18.21,36.61,98.67921007687359,1918.6,2.09,24.21,1098.0,236.916,0.17,1.3730868138309926,0.0,-6.595653528587009,2.0446096654274992,0.7169131861690072,Trung tinh
2016-01-03,18.21,36.61,98.67921007687359,1918.6,2.09,24.21,1098.0,236.916,0.17,1.3730868138309926,0.0,-6.595653528587009,2.0446096654274992,0.7169131861690072,Trung tinh
2016-01-04,20.7,36.28,99.03474624087758,1918.6,2.09,24.21,1098.0,236.916,0.17,1.3730868138309926,0.3602949027733615,-6.595653528587009,2.0446096654274992,0.7169131861690072,Trung tinh
2016-01-05,19.34,35.56,99.40445991885676,1918.6,2.09,24.21,1098.0,236.916,0.17,1.3730868138309926,0.3733171356646192,-6.595653528587009,2.0446096654274992,0.7169131861690072,Trung tinh
2016-01-06,20.59,33.89,99.3479450313796,1918.6,2.09,24.21,1098.0,236.916,0.17,1.3730868138309926,-0.05685347269458463,-6.595653528587009,2.0446096654274992,0.7169131861690072,Trung tinh
2016-01-07,24.99,33.57,98.72351451908592,1918.6,2.09,24.21,1098.0,236.916,0.17,1.3730868138309926,-0.6285288659935939,-6.595653528587009,2.0446096654274992,0.7169131861690072,Trung tinh
2016-01-08,27.01,31.67,98.65937543344074,1918.6,2.09,24.21,1098.0,236.916,0.17,1.3730868138309926,-0.06496839781041652,-6.595653528587009,2.0446096654274992,0.7169131861690072,Risk-off
2016-01-09,27.01,31.67,98.65937543344074,1918.6,2.09,24.21,1098.0,236.916,0.17,1.3730868138309926,0.0,-6.595653528587009,2.0446096654274992,0.7169131861690072,Risk-off
2016-01-10,27.01,31.67,98.65937543344074,1918.6,2.09,24.21,1098.0,236.916,0.17,1.3730868138309926,0.0,-6.595653528587009,2.0446096654274992,0.7169131861690072,Risk-off
2016-01-11,24.3,30.14,98.67453860025837,1918.6,2.09,24.21,1098.0,236.916,0.17,1.3730868138309926,0.015369210225602004,-6.595653528587009,2.0446096654274992,0.7169131861690072,Trung tinh
2016-01-12,22.47,29.14,99.13782764574145,1918.6,2.09,24.21,1098.0,236.916,0.17,1.3730868138309926,0.469512249112114,-6.595653528587009,2.0446096654274992,0.7169131861690072,Trung tinh
2016-01-13,25.22,28.58,98.97383733829467,1918.6,2.09,24.21,1098.0,236.916,0.17,1.3730868138309926,-0.16541648262939912,-6.595653528587009,2.0446096654274992,0.7169131861690072,Risk-off
2016-01-14,23.95,28.84,99.08181555485618,1918.6,2.09,24.21,1098.0,236.916,0.17,1.3730868138309926,0.1090977368013224,-6.595653528587009,2.0446096654274992,0.7169131861690072,Trung tinh
2016-01-15,27.02,28.8,98.58297908842401,1918.6,2.09,24.21,1098.0,236.916,0.17,1.3730868138309926,-0.5034591500354457,-6.595653528587009,2.0446096654274992,0.7169131861690072,Risk-off
2016-01-16,27.02,28.8,98.58297908842401,1918.6,2.09,24.21,1098.0,236.916,0.17,1.3730868138309926,0.0,-6.595653528587009,2.0446096654274992,0.7169131861690072,Risk-off
2016-01-17,27.02,28.8,98.58297908842401,1918.6,2.09,24.21,1098.0,236.916,0.17,1.3730868138309926,0.0,-6.595653528587009,2.0446096654274992,0.7169131861690072,Risk-off
2016-01-18,27.02,27.36,98.58297908842401,1918.6,2.09,24.21,1098.0,236.916,0.17,1.3730868138309926,0.0,-6.595653528587009,2.0446096654274992,0.7169131861690072,Risk-off
2016-01-19,26.05,27.36,99.08565368471182,1918.6,2.09,24.21,1098.0,236.916,0.17,1.3730868138309926,0.5098999857134912,-6.595653528587009,2.0446096654274992,0.7169131861690072,Risk-off
2016-01-20,27.59,26.01,99.00126122807262,1918.6,2.09,24.21,1098.0,236.916,0.17,1.3730868138309926,-0.08517121651911985,-6.595653528587009,2.0446096654274992,0.7169131861690072,Risk-off
2016-01-21,26.69,27.59,99.30968434013636,1918.6,2.09,24.21,1098.0,236.916,0.17,1.3730868138309926,0.31153452818466487,-6.595653528587009,2.0446096654274992,0.7169131861690072,Risk-off
2016-01-22,22.34,30.46,99.36440207606547,1918.6,2.09,24.21,1098.0,236.916,0.17,1.3730868138309926,0.05509808664954097,-6.595653528587009,2.0446096654274992,0.7169131861690072,Trung tinh
2016-01-23,22.34,30.46,99.36440207606547,1918.6,2.09,24.21,1098.0,236.916,0.17,1.3730868138309926,0.0,-6.595653528587009,2.0446096654274992,0.7169131861690072,Trung tinh
2016-01-24,22.34,30.46,99.36440207606547,1918.6,2.09,24.21,1098.0,236.916,0.17,1.3730868138309926,0.0,-6.595653528587009,2.0446096654274992,0.7169131861690072,Trung tinh
2016-01-25,24.15,29.82,99.40192772813704,1918.6,2.09,24.21,1098.0,236.916,0.17,1.3730868138309926,0.03776569001325836,-6.595653528587009,2.0446096654274992,0.7169131861690072,Trung tinh
2016-01-26,22.5,30.94,99.1343195503317,1918.6,2.09,24.21,1098.0,236.916,0.17,1.3730868138309926,-0.2692182977952373,-6.595653528587009,2.0446096654274992,0.7169131861690072,Trung tinh
2016-01-27,23.11,31.83,99.09139243315266,1918.6,2.09,24.21,1098.0,236.916,0.17,1.3730868138309926,-0.043301973901421764,-6.595653528587009,2.0446096654274992,0.7169131861690072,Trung tinh
2016-01-28,22.42,33.01,98.54891282908906,1918.6,2.09,24.21,1098.0,236.916,0.17,1.3730868138309926,-0.5474538108136473,-6.595653528587009,2.0446096654274992,0.7169131861690072,Trung tinh
2016-01-29,20.2,33.14,99.65178701800458,1918.6,2.09,24.21,1098.0,236.916,0.17,1.3730868138309926,1.1191135013617126,-6.595653528587009,2.0446096654274992,0.7169131861690072,Trung tinh
2016-01-30,20.2,33.14,99.65178701800458,1918.6,2.09,24.21,1098.0,236.916,0.17,1.3730868138309926,0.0,-6.595653528587009,2.0446096654274992,0.7169131861690072,Trung tinh
2016-01-31,20.2,33.14,99.65178701800458,1918.6,2.09,24.21,1098.0,236.916,0.17,1.3730868138309926,0.0,0.0,0.0,0.7169131861690072,Trung tinh
2016-02-01,19.98,32.45,99.13383167336478,1904.42,1.78,24.0,1200.0,237.111,0.08,1.0177997801654737,-0.5197652346627946,-0.7390805795892796,9.289617486338809,0.7622002198345263,Trung tinh
2016-02-02,21.98,30.98,98.9529425664622,1904.42,1.78,24.0,1200.0,237.111,0.08,1.0177997801654737,-0.18246960079036922,-0.7390805795892796,9.289617486338809,0.7622002198345263,Trung tinh
2016-02-03,21.65,32.38,97.59424774077696,1904.42,1.78,24.0,1200.0,237.111,0.08,1.0177997801654737,-1.3730716747232252,-0.7390805795892796,9.289617486338809,0.7622002198345263,Trung tinh
2016-02-04,21.84,32.76,96.54939032754159,1904.42,1.78,24.0,1200.0,237.111,0.08,1.0177997801654737,-1.0706137271641825,-0.7390805795892796,9.289617486338809,0.7622002198345263,Trung tinh
2016-02-05,23.38,32.35,97.14783967813133,1904.42,1.78,24.0,1200.0,237.111,0.08,1.0177997801654737,0.6198375241516452,-0.7390805795892796,9.289617486338809,0.7622002198345263,Trung tinh
2016-02-06,23.38,32.35,97.14783967813133,1904.42,1.78,24.0,1200.0,237.111,0.08,1.0177997801654737,0.0,-0.7390805795892796,9.289617486338809,0.7622002198345263,Trung tinh
2016-02-07,23.38,32.35,97.14783967813133,1904.42,1.78,24.0,1200.0,237.111,0.08,1.0177997801654737,0.0,-0.7390805795892796,9.289617486338809,0.7622002198345263,Trung tinh
2016-02-08,26.0,31.64,96.85061203597728,1904.42,1.78,24.0,1200.0,237.111,0.08,1.0177997801654737,-0.30595393900556545,-0.7390805795892796,9.289617486338809,0.7622002198345263,Risk-off
2016-02-09,26.54,30.15,95.93690862467174,1904.42,1.78,24.0,1200.0,237.111,0.08,1.0177997801654737,-0.9434152165874954,-0.7390805795892796,9.289617486338809,0.7622002198345263,Risk-off
2016-02-10,26.29,29.64,96.34516114295701,1904.42,1.78,24.0,1200.0,237.111,0.08,1.0177997801654737,0.42554270732493293,-0.7390805795892796,9.289617486338809,0.7622002198345263,Risk-off
2016-02-11,28.14,28.82,95.30815374329734,1904.42,1.78,24.0,1200.0,237.111,0.08,1.0177997801654737,-1.076346115733784,-0.7390805795892796,9.289617486338809,0.7622002198345263,Risk-off
2016-02-12,25.4,31.8,96.06910465492204,1904.42,1.78,24.0,1200.0,237.111,0.08,1.0177997801654737,0.7984111345543887,-0.7390805795892796,9.289617486338809,0.7622002198345263,Risk-off
2016-02-13,25.4,31.8,96.06910465492204,1904.42,1.78,24.0,1200.0,237.111,0.08,1.0177997801654737,0.0,-0.7390805795892796,9.289617486338809,0.7622002198345263,Risk-off
2016-02-14,25.4,31.8,96.06910465492204,1904.42,1.78,24.0,1200.0,237.111,0.08,1.0177997801654737,0.0,-0.7390805795892796,9.289617486338809,0.7622002198345263,Risk-off
2016-02-15,25.4,31.8,96.06910465492204,1904.42,1.78,24.0,1200.0,237.111,0.08,1.0177997801654737,0.0,-0.7390805795892796,9.289617486338809,0.7622002198345263,Risk-off
2016-02-16,24.11,31.09,96.87092869797115,1904.42,1.78,24.0,1200.0,237.111,0.08,1.0177997801654737,0.83463257613281,-0.7390805795892796,9.289617486338809,0.7622002198345263,Trung tinh
2016-02-17,22.31,33.21,96.78694999692297,1904.42,1.78,24.0,1200.0,237.111,0.08,1.0177997801654737,-0.08669133472438695,-0.7390805795892796,9.289617486338809,0.7622002198345263,Trung tinh
2016-02-18,21.64,33.2,96.96698217535545,1904.42,1.78,24.0,1200.0,237.111,0.08,1.0177997801654737,0.18600873200178558,-0.7390805795892796,9.289617486338809,0.7622002198345263,Trung tinh
2016-02-19,20.53,31.66,96.65802235216283,1904.42,1.78,24.0,1200.0,237.111,0.08,1.0177997801654737,-0.31862373795845667,-0.7390805795892796,9.289617486338809,0.7622002198345263,Trung tinh
2016-02-20,20.53,31.66,96.65802235216283,1904.42,1.78,24.0,1200.0,237.111,0.08,1.0177997801654737,0.0,-0.7390805795892796,9.289617486338809,0.7622002198345263,Trung tinh
2016-02-21,20.53,31.66,96.65802235216283,1904.42,1.78,24.0,1200.0,237.111,0.08,1.0177997801654737,0.0,-0.7390805795892796,9.289617486338809,0.7622002198345263,Trung tinh
2016-02-22,19.38,33.59,97.43031586766762,1904.42,1.78,24.0,1200.0,237.111,0.08,1.0177997801654737,0.7989957757370769,-0.7390805795892796,9.289617486338809,0.7622002198345263,Trung tinh
2016-02-23,20.98,31.9,97.46382347712017,1904.42,1.78,24.0,1200.0,237.111,0.08,1.0177997801654737,0.034391358741014955,-0.7390805795892796,9.289617486338809,0.7622002198345263,Trung tinh
2016-02-24,20.72,31.5,97.39567619913983,1904.42,1.78,24.0,1200.0,237.111,0.08,1.0177997801654737,-0.06992058750531216,-0.7390805795892796,9.289617486338809,0.7622002198345263,Trung tinh
2016-02-25,19.11,32.83,97.41961064076865,1904.42,1.78,24.0,1200.0,237.111,0.08,1.0177997801654737,0.02457443960848238,-0.7390805795892796,9.289617486338809,0.7622002198345263,Trung tinh
2016-02-26,19.81,35.76,98.11497359215896,1904.42,1.78,24.0,1200.0,237.111,0.08,1.0177997801654737,0.7137812877885841,-0.7390805795892796,9.289617486338809,0.7622002198345263,Trung tinh
2016-02-27,19.81,35.76,98.11497359215896,1904.42,1.78,24.0,1200.0,237.111,0.08,1.0177997801654737,0.0,-0.7390805795892796,9.289617486338809,0.7622002198345263,Trung tinh
2016-02-28,19.81,35.76,98.11497359215896,1904.42,1.78,24.0,1200.0,237.111,0.08,1.0177997801654737,0.0,-0.7390805795892796,9.289617486338809,0.7622002198345263,Trung tinh
2016-02-29,20.55,35.92,98.28449528056255,1904.42,1.78,24.0,1200.0,237.111,0.08,1.0177997801654737,0.1727786108451257,-0.7390805795892796,9.289617486338809,0.7622002198345263,Trung tinh
2016-03-01,17.7,35.73,98.46090713015056,2021.95,1.89,25.37,1245.0,238.132,0.43,0.8525362211427412,0.17949102662064842,5.386740331491713,13.387978142076506,1.0374637788572587,Trung tinh
2016-03-02,17.09,36.38,98.40322098868769,2021.95,1.89,25.37,1245.0,238.132,0.43,0.8525362211427412,-0.058587863086223546,6.171432772182595,3.750000000000009,1.0374637788572587,Trung tinh
2016-03-03,16.7,35.75,97.65235144391765,2021.95,1.89,25.37,1245.0,238.132,0.43,0.8525362211427412,-0.7630538281428456,6.171432772182595,3.750000000000009,1.0374637788572587,Trung tinh
2016-03-04,16.86,37.61,97.24775469946303,2021.95,1.89,25.37,1245.0,238.132,0.43,0.8525362211427412,-0.4143236066230127,6.171432772182595,3.750000000000009,1.0374637788572587,Trung tinh
2016-03-05,16.86,37.61,97.24775469946303,2021.95,1.89,25.37,1245.0,238.132,0.43,0.8525362211427412,0.0,6.171432772182595,3.750000000000009,1.0374637788572587,Trung tinh
2016-03-06,16.86,37.61,97.24775469946303,2021.95,1.89,25.37,1245.0,238.132,0.43,0.8525362211427412,0.0,6.171432772182595,3.750000000000009,1.0374637788572587,Trung tinh
2016-03-07,17.35,39.02,97.20872199889078,2021.95,1.89,25.37,1245.0,238.132,0.43,0.8525362211427412,-0.0401373797193294,6.171432772182595,3.750000000000009,1.0374637788572587,Trung tinh
2016-03-08,18.67,39.16,97.03992514914026,2021.95,1.89,25.37,1245.0,238.132,0.43,0.8525362211427412,-0.1736437289572068,6.171432772182595,3.750000000000009,1.0374637788572587,Trung tinh
2016-03-09,18.34,40.26,96.9945769999514,2021.95,1.89,25.37,1245.0,238.132,0.43,0.8525362211427412,-0.04673143463286289,6.171432772182595,3.750000000000009,1.0374637788572587,Trung tinh
2016-03-10,18.05,38.63,96.27098978095599,2021.95,1.89,25.37,1245.0,238.132,0.43,0.8525362211427412,-0.7460079123761565,6.171432772182595,3.750000000000009,1.0374637788572587,Trung tinh
2016-03-11,16.5,39.41,96.01414275565342,2021.95,1.89,25.37,1245.0,238.132,0.43,0.8525362211427412,-0.26679587058049403,6.171432772182595,3.750000000000009,1.0374637788572587,Trung tinh
2016-03-12,16.5,39.41,96.01414275565342,2021.95,1.89,25.37,1245.0,238.132,0.43,0.8525362211427412,0.0,6.171432772182595,3.750000000000009,1.0374637788572587,Trung tinh
2016-03-13,16.5,39.41,96.01414275565342,2021.95,1.89,25.37,1245.0,238.132,0.43,0.8525362211427412,0.0,6.171432772182595,3.750000000000009,1.0374637788572587,Trung tinh
2016-03-14,16.92,38.06,96.51394940887633,2021.95,1.89,25.37,1245.0,238.132,0.43,0.8525362211427412,0.5205552420489479,6.171432772182595,3.750000000000009,1.0374637788572587,Trung tinh
2016-03-15,16.84,37.49,96.55956143366858,2021.95,1.89,25.37,1245.0,238.132,0.43,0.8525362211427412,0.04725951540851536,6.171432772182595,3.750000000000009,1.0374637788572587,Trung tinh
2016-03-16,14.99,38.38,96.91492777886823,2021.95,1.89,25.37,1245.0,238.132,0.43,0.8525362211427412,0.36802812680936103,6.171432772182595,3.750000000000009,1.0374637788572587,Risk-on
2016-03-17,14.44,39.29,94.75368799760749,2021.95,1.89,25.37,1245.0,238.132,0.43,0.8525362211427412,-2.2300380661605335,6.171432772182595,3.750000000000009,1.0374637788572587,Risk-on
2016-03-18,14.02,39.26,94.87245566204206,2021.95,1.89,25.37,1245.0,238.132,0.43,0.8525362211427412,0.12534357970064303,6.171432772182595,3.750000000000009,1.0374637788572587,Risk-on
2016-03-19,14.02,39.26,94.87245566204206,2021.95,1.89,25.37,1245.0,238.132,0.43,0.8525362211427412,0.0,6.171432772182595,3.750000000000009,1.0374637788572587,Risk-on
2016-03-20,14.02,39.26,94.87245566204206,2021.95,1.89,25.37,1245.0,238.132,0.43,0.8525362211427412,0.0,6.171432772182595,3.750000000000009,1.0374637788572587,Risk-on
2016-03-21,13.79,39.91,95.2013054054916,2021.95,1.89,25.37,1245.0,238.132,0.43,0.8525362211427412,0.3466229909985463,6.171432772182595,3.750000000000009,1.0374637788572587,Risk-on
2016-03-22,14.17,40.54,95.52670985032657,2021.95,1.89,25.37,1245.0,238.132,0.43,0.8525362211427412,0.3418067046969231,6.171432772182595,3.750000000000009,1.0374637788572587,Risk-on
2016-03-23,14.94,38.84,96.10335286768762,2021.95,1.89,25.37,1245.0,238.132,0.43,0.8525362211427412,0.6036458476006867,6.171432772182595,3.750000000000009,1.0374637788572587,Risk-on
2016-03-24,14.74,38.33,96.21070995423965,2021.95,1.89,25.37,1245.0,238.132,0.43,0.8525362211427412,0.11171003232304244,6.171432772182595,3.750000000000009,1.0374637788572587,Risk-on
2016-03-25,14.74,38.33,96.26498175354052,2021.95,1.89,25.37,1245.0,238.132,0.43,0.8525362211427412,0.05640931173533925,6.171432772182595,3.750000000000009,1.0374637788572587,Risk-on
2016-03-26,14.74,38.33,96.26498175354052,2021.95,1.89,25.37,1245.0,238.132,0.43,0.8525362211427412,0.0,6.171432772182595,3.750000000000009,1.0374637788572587,Risk-on
2016-03-27,14.74,38.33,96.26498175354052,2021.95,1.89,25.37,1245.0,238.132,0.43,0.8525362211427412,0.0,6.171432772182595,3.750000000000009,1.0374637788572587,Risk-on
2016-03-28,15.24,38.33,95.8916366070754,2021.95,1.89,25.37,1245.0,238.132,0.43,0.8525362211427412,-0.3878306936378695,6.171432772182595,3.750000000000009,1.0374637788572587,Trung tinh
2016-03-29,13.82,36.75,95.86590748084797,2021.95,1.89,25.37,1245.0,238.132,0.43,0.8525362211427412,-0.02683146011247528,6.171432772182595,3.750000000000009,1.0374637788572587,Risk-on
2016-03-30,13.56,36.75,94.86686179135609,2021.95,1.89,25.37,1245.0,238.132,0.43,0.8525362211427412,-1.0421282348904604,6.171432772182595,3.750000000000009,1.0374637788572587,Risk-on
2016-03-31,13.95,36.75,94.5288408384129,2021.95,1.89,25.37,1245.0,238.132,0.43,0.8525362211427412,-0.3563108830210937,0.0,0.0,1.0374637788572587,Risk-on
2016-04-01,13.1,36.42,94.70788878866375,2075.54,1.81,25.92,1242.0,239.261,0.47,1.125110418894426,0.18941092333599752,2.6504117312495357,-0.24096385542168308,0.684889581105574,Risk-on
2016-04-02,13.1,36.42,94.70788878866375,2075.54,1.81,25.92,1242.0,239.261,0.47,1.125110418894426,0.0,2.6504117312495357,-0.24096385542168308,0.684889581105574,Risk-on
2016-04-03,13.1,36.42,94.70788878866375,2075.54,1.81,25.92,1242.0,239.261,0.47,1.125110418894426,0.0,2.6504117312495357,-0.24096385542168308,0.684889581105574,Risk-on
2016-04-04,14.12,36.05,94.54735343971106,2075.54,1.81,25.92,1242.0,239.261,0.47,1.125110418894426,-0.16950578352656898,2.6504117312495357,-0.24096385542168308,0.684889581105574,Risk-on
2016-04-05,15.42,35.88,94.69031036994107,2075.54,1.81,25.92,1242.0,239.261,0.47,1.125110418894426,0.15120140863718046,2.6504117312495357,-0.24096385542168308,0.684889581105574,Trung tinh
2016-04-06,14.09,37.77,94.2580119648977,2075.54,1.81,25.92,1242.0,239.261,0.47,1.125110418894426,-0.4565392207021457,2.6504117312495357,-0.24096385542168308,0.684889581105574,Risk-on
2016-04-07,16.16,37.15,94.40875703977058,2075.54,1.81,25.92,1242.0,239.261,0.47,1.125110418894426,0.15992812889902286,2.6504117312495357,-0.24096385542168308,0.684889581105574,Trung tinh
2016-04-08,15.36,40.71,94.21751138123062,2075.54,1.81,25.92,1242.0,239.261,0.47,1.125110418894426,-0.20257194834096826,2.6504117312495357,-0.24096385542168308,0.684889581105574,Trung tinh
2016-04-09,15.36,40.71,94.21751138123062,2075.54,1.81,25.92,1242.0,239.261,0.47,1.125110418894426,0.0,2.6504117312495357,-0.24096385542168308,0.684889581105574,Trung tinh
2016-04-10,15.36,40.71,94.21751138123062,2075.54,1.81,25.92,1242.0,239.261,0.47,1.125110418894426,0.0,2.6504117312495357,-0.24096385542168308,0.684889581105574,Trung tinh
2016-04-11,16.26,41.58,93.96747082175108,2075.54,1.81,25.92,1242.0,239.261,0.47,1.125110418894426,-0.26538650386106477,2.6504117312495357,-0.24096385542168308,0.684889581105574,Trung tinh
2016-04-12,14.85,43.02,94.02130080577385,2075.54,1.81,25.92,1242.0,239.261,0.47,1.125110418894426,0.05728576448000844,2.6504117312495357,-0.24096385542168308,0.684889581105574,Risk-on
2016-04-13,13.84,42.81,94.72492193676402,2075.54,1.81,25.92,1242.0,239.261,0.47,1.125110418894426,0.7483635356669849,2.6504117312495357,-0.24096385542168308,0.684889581105574,Risk-on
2016-04-14,13.72,43.02,94.90454135891342,2075.54,1.81,25.92,1242.0,239.261,0.47,1.125110418894426,0.18962213795152838,2.6504117312495357,-0.24096385542168308,0.684889581105574,Risk-on
2016-04-15,13.62,41.32,94.65237821269288,2075.54,1.81,25.92,1242.0,239.261,0.47,1.125110418894426,-0.2657018753896123,2.6504117312495357,-0.24096385542168308,0.684889581105574,Risk-on
2016-04-16,13.62,41.32,94.65237821269288,2075.54,1.81,25.92,1242.0,239.261,0.47,1.125110418894426,0.0,2.6504117312495357,-0.24096385542168308,0.684889581105574,Risk-on
2016-04-17,13.62,41.32,94.65237821269288,2075.54,1.81,25.92,1242.0,239.261,0.47,1.125110418894426,0.0,2.6504117312495357,-0.24096385542168308,0.684889581105574,Risk-on
2016-04-18,13.35,41.64,94.44607430977447,2075.54,1.81,25.92,1242.0,239.261,0.47,1.125110418894426,-0.2179595556012548,2.6504117312495357,-0.24096385542168308,0.684889581105574,Risk-on
2016-04-19,13.24,43.02,93.99055282216838,2075.54,1.81,25.92,1242.0,239.261,0.47,1.125110418894426,-0.482308545839627,2.6504117312495357,-0.24096385542168308,0.684889581105574,Risk-on
2016-04-20,13.28,43.09,94.27635448142595,2075.54,1.81,25.92,1242.0,239.261,0.47,1.125110418894426,0.3040748784596703,2.6504117312495357,-0.24096385542168308,0.684889581105574,Risk-on
2016-04-21,13.95,43.48,94.52758135634804,2075.54,1.81,25.92,1242.0,239.261,0.47,1.125110418894426,0.26647919969324807,2.6504117312495357,-0.24096385542168308,0.684889581105574,Risk-on
2016-04-22,13.22,43.97,95.0249805824536,2075.54,1.81,25.92,1242.0,239.261,0.47,1.125110418894426,0.5261948089314572,2.6504117312495357,-0.24096385542168308,0.684889581105574,Risk-on
2016-04-23,13.22,43.97,95.0249805824536,2075.54,1.81,25.92,1242.0,239.261,0.47,1.125110418894426,0.0,2.6504117312495357,-0.24096385542168308,0.684889581105574,Risk-on
2016-04-24,13.22,43.97,95.0249805824536,2075.54,1.81,25.92,1242.0,239.261,0.47,1.125110418894426,0.0,2.6504117312495357,-0.24096385542168308,0.684889581105574,Risk-on
2016-04-25,14.08,42.97,94.71828000111873,2075.54,1.81,25.92,1242.0,239.261,0.47,1.125110418894426,-0.32275784688926556,2.6504117312495357,-0.24096385542168308,0.684889581105574,Risk-on
2016-04-26,13.96,43.94,94.35876808548275,2075.54,1.81,25.92,1242.0,239.261,0.47,1.125110418894426,-0.3795591681264976,2.6504117312495357,-0.24096385542168308,0.684889581105574,Risk-on
2016-04-27,13.77,44.17,94.3965055011313,2075.54,1.81,25.92,1242.0,239.261,0.47,1.125110418894426,0.03999354422936641,2.6504117312495357,-0.24096385542168308,0.684889581105574,Risk-on
2016-04-28,15.22,45.6,93.97758583747867,2075.54,1.81,25.92,1242.0,239.261,0.47,1.125110418894426,-0.4437872582556679,2.6504117312495357,-0.24096385542168308,0.684889581105574,Trung tinh
2016-04-29,15.7,45.64,93.14189903973063,2075.54,1.81,25.92,1242.0,239.261,0.47,1.125110418894426,-0.8892405463503228,2.6504117312495357,-0.24096385542168308,0.684889581105574,Trung tinh
2016-04-30,15.7,45.64,93.14189903973063,2075.54,1.81,25.92,1242.0,239.261,0.47,1.125110418894426,0.0,2.6504117312495357,-0.24096385542168308,0.684889581105574,Trung tinh
2016-05-01,15.7,45.64,93.14189903973063,2065.55,1.81,25.69,1261.0,240.229,0.4,1.019322554193569,0.0,-0.4813205238154761,1.5297906602254496,0.790677445806431,Trung tinh
2016-05-02,14.68,45.82,92.673071337495,2065.55,1.81,25.69,1261.0,240.229,0.4,1.019322554193569,-0.5033478027280158,-0.4813205238154761,1.5297906602254496,0.790677445806431,Risk-on
2016-05-03,15.6,43.09,92.9016025493435,2065.55,1.81,25.69,1261.0,240.229,0.4,1.019322554193569,0.2465993719105608,-0.4813205238154761,1.5297906602254496,0.790677445806431,Trung tinh
2016-05-04,16.05,43.08,93.30547728054185,2065.55,1.81,25.69,1261.0,240.229,0.4,1.019322554193569,0.43473386907812994,-0.4813205238154761,1.5297906602254496,0.790677445806431,Trung tinh
2016-05-05,15.91,44.39,93.7500182006718,2065.55,1.81,25.69,1261.0,240.229,0.4,1.019322554193569,0.4764360390048239,-0.4813205238154761,1.5297906602254496,0.790677445806431,Trung tinh
2016-05-06,14.72,44.6,93.6840246507393,2065.55,1.81,25.69,1261.0,240.229,0.4,1.019322554193569,-0.0703931062618457,-0.4813205238154761,1.5297906602254496,0.790677445806431,Risk-on
2016-05-07,14.72,44.6,93.6840246507393,2065.55,1.81,25.69,1261.0,240.229,0.4,1.019322554193569,0.0,-0.4813205238154761,1.5297906602254496,0.790677445806431,Risk-on
2016-05-08,14.72,44.6,93.6840246507393,2065.55,1.81,25.69,1261.0,240.229,0.4,1.019322554193569,0.0,-0.4813205238154761,1.5297906602254496,0.790677445806431,Risk-on
2016-05-09,14.57,42.43,94.06165758265246,2065.55,1.81,25.69,1261.0,240.229,0.4,1.019322554193569,0.40309213157845303,-0.4813205238154761,1.5297906602254496,0.790677445806431,Risk-on
2016-05-10,13.63,44.01,94.19409934828434,2065.55,1.81,25.69,1261.0,240.229,0.4,1.019322554193569,0.14080313810704848,-0.4813205238154761,1.5297906602254496,0.790677445806431,Risk-on
2016-05-11,14.69,46.08,93.6977960691436,2065.55,1.81,25.69,1261.0,240.229,0.4,1.019322554193569,-0.5268942349622607,-0.4813205238154761,1.5297906602254496,0.790677445806431,Risk-on
2016-05-12,14.41,46.43,94.09640406160126,2065.55,1.81,25.69,1261.0,240.229,0.4,1.019322554193569,0.4254187496187223,-0.4813205238154761,1.5297906602254496,0.790677445806431,Risk-on
2016-05-13,15.04,47.05,94.73211893848077,2065.55,1.81,25.69,1261.0,240.229,0.4,1.019322554193569,0.6755995441263929,-0.4813205238154761,1.5297906602254496,0.790677445806431,Trung tinh
2016-05-14,15.04,47.05,94.73211893848077,2065.55,1.81,25.69,1261.0,240.229,0.4,1.019322554193569,0.0,-0.4813205238154761,1.5297906602254496,0.790677445806431,Trung tinh
2016-05-15,15.04,47.05,94.73211893848077,2065.55,1.81,25.69,1261.0,240.229,0.4,1.019322554193569,0.0,-0.4813205238154761,1.5297906602254496,0.790677445806431,Trung tinh
2016-05-16,14.68,48.49,94.4731759345003,2065.55,1.81,25.69,1261.0,240.229,0.4,1.019322554193569,-0.2733423540843827,-0.4813205238154761,1.5297906602254496,0.790677445806431,Risk-on
2016-05-17,15.57,48.71,94.37687036720648,2065.55,1.81,25.69,1261.0,240.229,0.4,1.019322554193569,-0.10193958903276235,-0.4813205238154761,1.5297906602254496,0.790677445806431,Trung tinh
2016-05-18,15.95,48.93,94.71496490823637,2065.55,1.81,25.69,1261.0,240.229,0.4,1.019322554193569,0.3582387715490132,-0.4813205238154761,1.5297906602254496,0.790677445806431,Trung tinh
2016-05-19,16.33,47.01,95.21723668663512,2065.55,1.81,25.69,1261.0,240.229,0.4,1.019322554193569,0.5302982257189948,-0.4813205238154761,1.5297906602254496,0.790677445806431,Trung tinh
2016-05-20,15.2,48.54,95.43072195552762,2065.55,1.81,25.69,1261.0,240.229,0.4,1.019322554193569,0.22420863734482488,-0.4813205238154761,1.5297906602254496,0.790677445806431,Trung tinh
2016-05-21,15.2,48.54,95.43072195552762,2065.55,1.81,25.69,1261.0,240.229,0.4,1.019322554193569,0.0,-0.4813205238154761,1.5297906602254496,0.790677445806431,Trung tinh
2016-05-22,15.2,48.54,95.43072195552762,2065.55,1.81,25.69,1261.0,240.229,0.4,1.019322554193569,0.0,-0.4813205238154761,1.5297906602254496,0.790677445806431,Trung tinh
2016-05-23,15.82,47.77,95.46115048490454,2065.55,1.81,25.69,1261.0,240.229,0.4,1.019322554193569,0.03188546492511879,-0.4813205238154761,1.5297906602254496,0.790677445806431,Trung tinh
2016-05-24,14.42,48.42,95.57901735836454,2065.55,1.81,25.69,1261.0,240.229,0.4,1.019322554193569,0.1234710380728643,-0.4813205238154761,1.5297906602254496,0.790677445806431,Risk-on
2016-05-25,13.9,48.87,95.4638245607802,2065.55,1.81,25.69,1261.0,240.229,0.4,1.019322554193569,-0.12052101053983133,-0.4813205238154761,1.5297906602254496,0.790677445806431,Risk-on
2016-05-26,13.43,49.52,95.19196087512998,2065.55,1.81,25.69,1261.0,240.229,0.4,1.019322554193569,-0.28478189188526626,-0.4813205238154761,1.5297906602254496,0.790677445806431,Risk-on
2016-05-27,13.12,49.09,95.48852568579741,2065.55,1.81,25.69,1261.0,240.229,0.4,1.019322554193569,0.31154396646631,-0.4813205238154761,1.5297906602254496,0.790677445806431,Risk-on
2016-05-28,13.12,49.09,95.48852568579741,2065.55,1.81,25.69,1261.0,240.229,0.4,1.019322554193569,0.0,-0.4813205238154761,1.5297906602254496,0.790677445806431,Risk-on
2016-05-29,13.12,49.09,95.48852568579741,2065.55,1.81,25.69,1261.0,240.229,0.4,1.019322554193569,0.0,-0.4813205238154761,1.5297906602254496,0.790677445806431,Risk-on
2016-05-30,13.12,49.09,95.48852568579741,2065.55,1.81,25.69,1261.0,240.229,0.4,1.019322554193569,0.0,-0.4813205238154761,1.5297906602254496,0.790677445806431,Risk-on
2016-05-31,14.19,49.26,95.78282213961856,2065.55,1.81,25.69,1261.0,240.229,0.4,1.019322554193569,0.30820085628877614,0.0,0.0,0.790677445806431,Risk-on
2016-06-01,14.2,48.81,95.564782136173,2083.89,1.64,25.84,1276.0,241.018,0.33,0.9973264945230875,-0.2276399865601575,0.8878991067754249,1.1895321173671647,0.6426735054769124,Risk-on
2016-06-02,13.63,49.05,95.49621278499393,2083.89,1.64,25.84,1276.0,241.018,0.33,0.9973264945230875,-0.0717516951813435,0.8878991067754249,1.1895321173671647,0.6426735054769124,Risk-on
2016-06-03,13.47,48.5,94.14860459405952,2083.89,1.64,25.84,1276.0,241.018,0.33,0.9973264945230875,-1.4111640154447769,0.8878991067754249,1.1895321173671647,0.6426735054769124,Risk-on
2016-06-04,13.47,48.5,94.14860459405952,2083.89,1.64,25.84,1276.0,241.018,0.33,0.9973264945230875,0.0,0.8878991067754249,1.1895321173671647,0.6426735054769124,Risk-on
2016-06-05,13.47,48.5,94.14860459405952,2083.89,1.64,25.84,1276.0,241.018,0.33,0.9973264945230875,0.0,0.8878991067754249,1.1895321173671647,0.6426735054769124,Risk-on
2016-06-06,13.65,48.94,94.03404148888009,2083.89,1.64,25.84,1276.0,241.018,0.33,0.9973264945230875,-0.12168327472658058,0.8878991067754249,1.1895321173671647,0.6426735054769124,Risk-on
2016-06-07,14.05,49.76,93.90927823201903,2083.89,1.64,25.84,1276.0,241.018,0.33,0.9973264945230875,-0.13267882022895972,0.8878991067754249,1.1895321173671647,0.6426735054769124,Risk-on
2016-06-08,14.08,50.73,93.5088695046913,2083.89,1.64,25.84,1276.0,241.018,0.33,0.9973264945230875,-0.42637823957974996,0.8878991067754249,1.1895321173671647,0.6426735054769124,Risk-on
2016-06-09,14.64,50.59,93.95625875702306,2083.89,1.64,25.84,1276.0,241.018,0.33,0.9973264945230875,0.4784457931119812,0.8878991067754249,1.1895321173671647,0.6426735054769124,Risk-on
2016-06-10,17.03,49.7,94.39647283197733,2083.89,1.64,25.84,1276.0,241.018,0.33,0.9973264945230875,0.46853086827636226,0.8878991067754249,1.1895321173671647,0.6426735054769124,Trung tinh
2016-06-11,17.03,49.7,94.39647283197733,2083.89,1.64,25.84,1276.0,241.018,0.33,0.9973264945230875,0.0,0.8878991067754249,1.1895321173671647,0.6426735054769124,Trung tinh
2016-06-12,17.03,49.7,94.39647283197733,2083.89,1.64,25.84,1276.0,241.018,0.33,0.9973264945230875,0.0,0.8878991067754249,1.1895321173671647,0.6426735054769124,Trung tinh
2016-06-13,20.97,49.36,94.40983469459293,2083.89,1.64,25.84,1276.0,241.018,0.33,0.9973264945230875,0.01415504437265458,0.8878991067754249,1.1895321173671647,0.6426735054769124,Trung tinh
2016-06-14,20.5,47.88,94.88875596117053,2083.89,1.64,25.84,1276.0,241.018,0.33,0.9973264945230875,0.5072790013104678,0.8878991067754249,1.1895321173671647,0.6426735054769124,Trung tinh
2016-06-15,20.14,47.47,94.73289574034105,2083.89,1.64,25.84,1276.0,241.018,0.33,0.9973264945230875,-0.16425573214730038,0.8878991067754249,1.1895321173671647,0.6426735054769124,Trung tinh
2016-06-16,19.37,45.66,95.12550865261572,2083.89,1.64,25.84,1276.0,241.018,0.33,0.9973264945230875,0.4144420047612618,0.8878991067754249,1.1895321173671647,0.6426735054769124,Trung tinh
2016-06-17,19.41,46.57,94.33329600847482,2083.89,1.64,25.84,1276.0,241.018,0.33,0.9973264945230875,-0.8328077876923023,0.8878991067754249,1.1895321173671647,0.6426735054769124,Trung tinh
2016-06-18,19.41,46.57,94.33329600847482,2083.89,1.64,25.84,1276.0,241.018,0.33,0.9973264945230875,0.0,0.8878991067754249,1.1895321173671647,0.6426735054769124,Trung tinh
2016-06-19,19.41,46.57,94.33329600847482,2083.89,1.64,25.84,1276.0,241.018,0.33,0.9973264945230875,0.0,0.8878991067754249,1.1895321173671647,0.6426735054769124,Trung tinh
2016-06-20,18.37,48.68,93.64518969125133,2083.89,1.64,25.84,1276.0,241.018,0.33,0.9973264945230875,-0.7294416142966775,0.8878991067754249,1.1895321173671647,0.6426735054769124,Trung tinh
2016-06-21,18.48,48.18,93.96855051930655,2083.89,1.64,25.84,1276.0,241.018,0.33,0.9973264945230875,0.3453042586825106,0.8878991067754249,1.1895321173671647,0.6426735054769124,Trung tinh
2016-06-22,21.17,48.43,93.85232390128242,2083.89,1.64,25.84,1276.0,241.018,0.33,0.9973264945230875,-0.1236867200588021,0.8878991067754249,1.1895321173671647,0.6426735054769124,Trung tinh
2016-06-23,17.25,48.63,93.40533361035183,2083.89,1.64,25.84,1276.0,241.018,0.33,0.9973264945230875,-0.47626981661184065,0.8878991067754249,1.1895321173671647,0.6426735054769124,Trung tinh
2016-06-24,25.76,46.69,95.37571527446534,2083.89,1.64,25.84,1276.0,241.018,0.33,0.9973264945230875,2.1094958798960173,0.8878991067754249,1.1895321173671647,0.6426735054769124,Risk-off
2016-06-25,25.76,46.69,95.37571527446534,2083.89,1.64,25.84,1276.0,241.018,0.33,0.9973264945230875,0.0,0.8878991067754249,1.1895321173671647,0.6426735054769124,Risk-off
2016-06-26,25.76,46.69,95.37571527446534,2083.89,1.64,25.84,1276.0,241.018,0.33,0.9973264945230875,0.0,0.8878991067754249,1.1895321173671647,0.6426735054769124,Risk-off
2016-06-27,23.85,45.07,96.34017690599777,2083.89,1.64,25.84,1276.0,241.018,0.33,0.9973264945230875,1.0112234846752832,0.8878991067754249,1.1895321173671647,0.6426735054769124,Trung tinh
2016-06-28,18.75,46.29,96.25968143349318,2083.89,1.64,25.84,1276.0,241.018,0.33,0.9973264945230875,-0.08355337834091703,0.8878991067754249,1.1895321173671647,0.6426735054769124,Trung tinh
2016-06-29,16.64,48.4,95.65259434769705,2083.89,1.64,25.84,1276.0,241.018,0.33,0.9973264945230875,-0.6306763919799341,0.8878991067754249,1.1895321173671647,0.6426735054769124,Trung tinh
2016-06-30,15.63,48.05,96.35488684643786,2083.89,1.64,25.84,1276.0,241.018,0.33,0.9973264945230875,0.7342116578542335,0.8878991067754249,1.1895321173671647,0.6426735054769124,Trung tinh
2016-07-01,14.77,47.65,95.59692842433917,2148.9,1.5,26.69,1337.0,240.628,-0.16,0.8271388704987004,-0.7866320504393953,3.119646430473777,4.780564263322895,0.6728611295012996,Risk-on
2016-07-02,14.77,47.65,95.59692842433917,2148.9,1.5,26.69,1337.0,240.628,-0.16,0.8271388704987004,0.0,3.119646430473777,4.780564263322895,0.6728611295012996,Risk-on
2016-07-03,14.77,47.65,95.59692842433917,2148.9,1.5,26.69,1337.0,240.628,-0.16,0.8271388704987004,0.0,3.119646430473777,4.780564263322895,0.6728611295012996,Risk-on
2016-07-04,14.77,48.02,95.59692842433917,2148.9,1.5,26.69,1337.0,240.628,-0.16,0.8271388704987004,0.0,3.119646430473777,4.780564263322895,0.6728611295012996,Risk-on
2016-07-05,15.58,45.64,96.1127735589877,2148.9,1.5,26.69,1337.0,240.628,-0.16,0.8271388704987004,0.5396042981200999,3.119646430473777,4.780564263322895,0.6728611295012996,Trung tinh
2016-07-06,14.96,45.7,96.19848725496512,2148.9,1.5,26.69,1337.0,240.628,-0.16,0.8271388704987004,0.08918033764244715,3.119646430473777,4.780564263322895,0.6728611295012996,Risk-on
2016-07-07,14.76,45.93,96.21556708255513,2148.9,1.5,26.69,1337.0,240.628,-0.16,0.8271388704987004,0.017754777728207216,3.119646430473777,4.780564263322895,0.6728611295012996,Risk-on
2016-07-08,13.2,44.53,96.42173154381446,2148.9,1.5,26.69,1337.0,240.628,-0.16,0.8271388704987004,0.2142734980530081,3.119646430473777,4.780564263322895,0.6728611295012996,Risk-on
2016-07-09,13.2,44.53,96.42173154381446,2148.9,1.5,26.69,1337.0,240.628,-0.16,0.8271388704987004,0.0,3.119646430473777,4.780564263322895,0.6728611295012996,Risk-on
2016-07-10,13.2,44.53,96.42173154381446,2148.9,1.5,26.69,1337.0,240.628,-0.16,0.8271388704987004,0.0,3.119646430473777,4.780564263322895,0.6728611295012996,Risk-on
2016-07-11,13.54,44.04,96.62693722275979,2148.9,1.5,26.69,1337.0,240.628,-0.16,0.8271388704987004,0.21282098512418468,3.119646430473777,4.780564263322895,0.6728611295012996,Risk-on
2016-07-12,13.55,46.72,96.43061834722972,2148.9,1.5,26.69,1337.0,240.628,-0.16,0.8271388704987004,-0.20317199444859213,3.119646430473777,4.780564263322895,0.6728611295012996,Risk-on
2016-07-13,13.04,44.67,96.14031325242257,2148.9,1.5,26.69,1337.0,240.628,-0.16,0.8271388704987004,-0.30105074485969885,3.119646430473777,4.780564263322895,0.6728611295012996,Risk-on
2016-07-14,12.82,46.01,96.1530766724905,2148.9,1.5,26.69,1337.0,240.628,-0.16,0.8271388704987004,0.01327582533916516,3.119646430473777,4.780564263322895,0.6728611295012996,Risk-on
2016-07-15,12.67,46.25,96.62966661008927,2148.9,1.5,26.69,1337.0,240.628,-0.16,0.8271388704987004,0.4956575016544784,3.119646430473777,4.780564263322895,0.6728611295012996,Risk-on
2016-07-16,12.67,46.25,96.62966661008927,2148.9,1.5,26.69,1337.0,240.628,-0.16,0.8271388704987004,0.0,3.119646430473777,4.780564263322895,0.6728611295012996,Risk-on
2016-07-17,12.67,46.25,96.62966661008927,2148.9,1.5,26.69,1337.0,240.628,-0.16,0.8271388704987004,0.0,3.119646430473777,4.780564263322895,0.6728611295012996,Risk-on
2016-07-18,12.44,45.35,96.52348609215674,2148.9,1.5,26.69,1337.0,240.628,-0.16,0.8271388704987004,-0.10988397420532703,3.119646430473777,4.780564263322895,0.6728611295012996,Risk-on
2016-07-19,11.97,45.7,97.0506959141458,2148.9,1.5,26.69,1337.0,240.628,-0.16,0.8271388704987004,0.5461984884028048,3.119646430473777,4.780564263322895,0.6728611295012996,Risk-on
2016-07-20,11.77,45.82,97.11287103547191,2148.9,1.5,26.69,1337.0,240.628,-0.16,0.8271388704987004,0.06406458061991582,3.119646430473777,4.780564263322895,0.6728611295012996,Risk-on
2016-07-21,12.74,44.99,96.96375976668807,2148.9,1.5,26.69,1337.0,240.628,-0.16,0.8271388704987004,-0.15354429046730012,3.119646430473777,4.780564263322895,0.6728611295012996,Risk-on
2016-07-22,12.02,44.24,97.46331984207626,2148.9,1.5,26.69,1337.0,240.628,-0.16,0.8271388704987004,0.5152028722795077,3.119646430473777,4.780564263322895,0.6728611295012996,Risk-on
2016-07-23,12.02,44.24,97.46331984207626,2148.9,1.5,26.69,1337.0,240.628,-0.16,0.8271388704987004,0.0,3.119646430473777,4.780564263322895,0.6728611295012996,Risk-on
2016-07-24,12.02,44.24,97.46331984207626,2148.9,1.5,26.69,1337.0,240.628,-0.16,0.8271388704987004,0.0,3.119646430473777,4.780564263322895,0.6728611295012996,Risk-on
2016-07-25,12.87,43.76,97.36170938576505,2148.9,1.5,26.69,1337.0,240.628,-0.16,0.8271388704987004,-0.1042550740892545,3.119646430473777,4.780564263322895,0.6728611295012996,Risk-on
2016-07-26,13.05,43.56,97.20153900747462,2148.9,1.5,26.69,1337.0,240.628,-0.16,0.8271388704987004,-0.16451064725641062,3.119646430473777,4.780564263322895,0.6728611295012996,Risk-on
2016-07-27,12.83,42.78,97.34546896699965,2148.9,1.5,26.69,1337.0,240.628,-0.16,0.8271388704987004,0.1480737455339609,3.119646430473777,4.780564263322895,0.6728611295012996,Risk-on
2016-07-28,12.72,41.87,96.55401952827378,2148.9,1.5,26.69,1337.0,240.628,-0.16,0.8271388704987004,-0.8130316152610728,3.119646430473777,4.780564263322895,0.6728611295012996,Risk-on
2016-07-29,11.87,40.76,95.59867135272349,2148.9,1.5,26.69,1337.0,240.628,-0.16,0.8271388704987004,-0.9894442305123818,3.119646430473777,4.780564263322895,0.6728611295012996,Risk-on
2016-07-30,11.87,40.76,95.59867135272349,2148.9,1.5,26.69,1337.0,240.628,-0.16,0.8271388704987004,0.0,3.119646430473777,4.780564263322895,0.6728611295012996,Risk-on
2016-07-31,11.87,40.76,95.59867135272349,2148.9,1.5,26.69,1337.0,240.628,-0.16,0.8271388704987004,0.0,0.0,0.0,0.6728611295012996,Risk-on
2016-08-01,12.44,40.17,95.64667166261437,2170.95,1.56,26.95,1340.0,240.849,0.09,1.0628745027610353,0.050210226995495155,1.0261063800083736,0.2243829468960401,0.4971254972389647,Risk-on
2016-08-02,13.37,40.0,95.07807016710007,2170.95,1.56,26.95,1340.0,240.849,0.09,1.0628745027610353,-0.5944812146940093,1.0261063800083736,0.2243829468960401,0.4971254972389647,Risk-on
2016-08-03,12.86,40.45,95.43216137846699,2170.95,1.56,26.95,1340.0,240.849,0.09,1.0628745027610353,0.37242153815764123,1.0261063800083736,0.2243829468960401,0.4971254972389647,Risk-on
2016-08-04,12.42,41.33,95.70907202845932,2170.95,1.56,26.95,1340.0,240.849,0.09,1.0628745027610353,0.2901649150480301,1.0261063800083736,0.2243829468960401,0.4971254972389647,Risk-on
2016-08-05,11.39,42.47,96.27164030305528,2170.95,1.56,26.95,1340.0,240.849,0.09,1.0628745027610353,0.5877899165386058,1.0261063800083736,0.2243829468960401,0.4971254972389647,Risk-on
2016-08-06,11.39,42.47,96.27164030305528,2170.95,1.56,26.95,1340.0,240.849,0.09,1.0628745027610353,0.0,1.0261063800083736,0.2243829468960401,0.4971254972389647,Risk-on
2016-08-07,11.39,42.47,96.27164030305528,2170.95,1.56,26.95,1340.0,240.849,0.09,1.0628745027610353,0.0,1.0261063800083736,0.2243829468960401,0.4971254972389647,Risk-on
2016-08-08,11.5,43.24,96.42375621302534,2170.95,1.56,26.95,1340.0,240.849,0.09,1.0628745027610353,0.1580069784738347,1.0261063800083736,0.2243829468960401,0.4971254972389647,Risk-on
2016-08-09,11.66,43.37,96.15660149445162,2170.95,1.56,26.95,1340.0,240.849,0.09,1.0628745027610353,-0.27706317308724415,1.0261063800083736,0.2243829468960401,0.4971254972389647,Risk-on
2016-08-10,12.05,42.19,95.68540685323995,2170.95,1.56,26.95,1340.0,240.849,0.09,1.0628745027610353,-0.4900283848310205,1.0261063800083736,0.2243829468960401,0.4971254972389647,Risk-on
2016-08-11,11.68,44.23,95.68819476783689,2170.95,1.56,26.95,1340.0,240.849,0.09,1.0628745027610353,0.0029136256913364633,1.0261063800083736,0.2243829468960401,0.4971254972389647,Risk-on
2016-08-12,11.55,45.12,95.60470302494628,2170.95,1.56,26.95,1340.0,240.849,0.09,1.0628745027610353,-0.08725396387003759,1.0261063800083736,0.2243829468960401,0.4971254972389647,Risk-on
2016-08-13,11.55,45.12,95.60470302494628,2170.95,1.56,26.95,1340.0,240.849,0.09,1.0628745027610353,0.0,1.0261063800083736,0.2243829468960401,0.4971254972389647,Risk-on
2016-08-14,11.55,45.12,95.60470302494628,2170.95,1.56,26.95,1340.0,240.849,0.09,1.0628745027610353,0.0,1.0261063800083736,0.2243829468960401,0.4971254972389647,Risk-on
2016-08-15,11.81,47.31,95.5075024960811,2170.95,1.56,26.95,1340.0,240.849,0.09,1.0628745027610353,-0.10166919177585498,1.0261063800083736,0.2243829468960401,0.4971254972389647,Risk-on
2016-08-16,12.64,48.27,94.81410958878462,2170.95,1.56,26.95,1340.0,240.849,0.09,1.0628745027610353,-0.7260088361382255,1.0261063800083736,0.2243829468960401,0.4971254972389647,Risk-on
2016-08-17,12.19,48.58,94.91891427110974,2170.95,1.56,26.95,1340.0,240.849,0.09,1.0628745027610353,0.11053701055641074,1.0261063800083736,0.2243829468960401,0.4971254972389647,Risk-on
2016-08-18,11.43,49.46,94.30274791745249,2170.95,1.56,26.95,1340.0,240.849,0.09,1.0628745027610353,-0.649150233532314,1.0261063800083736,0.2243829468960401,0.4971254972389647,Risk-on
2016-08-19,11.34,49.39,94.51867743095384,2170.95,1.56,26.95,1340.0,240.849,0.09,1.0628745027610353,0.2289747841604406,1.0261063800083736,0.2243829468960401,0.4971254972389647,Risk-on
2016-08-20,11.34,49.39,94.51867743095384,2170.95,1.56,26.95,1340.0,240.849,0.09,1.0628745027610353,0.0,1.0261063800083736,0.2243829468960401,0.4971254972389647,Risk-on
2016-08-21,11.34,49.39,94.51867743095384,2170.95,1.56,26.95,1340.0,240.849,0.09,1.0628745027610353,0.0,1.0261063800083736,0.2243829468960401,0.4971254972389647,Risk-on
2016-08-22,12.27,48.1,94.57548004382501,2170.95,1.56,26.95,1340.0,240.849,0.09,1.0628745027610353,0.06009670724884675,1.0261063800083736,0.2243829468960401,0.4971254972389647,Risk-on
2016-08-23,12.38,48.7,94.52672421671934,2170.95,1.56,26.95,1340.0,240.849,0.09,1.0628745027610353,-0.05155229144284679,1.0261063800083736,0.2243829468960401,0.4971254972389647,Risk-on
2016-08-24,13.45,47.56,94.82331833621747,2170.95,1.56,26.95,1340.0,240.849,0.09,1.0628745027610353,0.31376747893867574,1.0261063800083736,0.2243829468960401,0.4971254972389647,Risk-on
2016-08-25,13.63,49.25,94.8016862915092,2170.95,1.56,26.95,1340.0,240.849,0.09,1.0628745027610353,-0.02281300115607454,1.0261063800083736,0.2243829468960401,0.4971254972389647,Risk-on
2016-08-26,13.65,49.66,95.10137087622542,2170.95,1.56,26.95,1340.0,240.849,0.09,1.0628745027610353,0.31611735659924367,1.0261063800083736,0.2243829468960401,0.4971254972389647,Risk-on
2016-08-27,13.65,49.66,95.10137087622542,2170.95,1.56,26.95,1340.0,240.849,0.09,1.0628745027610353,0.0,1.0261063800083736,0.2243829468960401,0.4971254972389647,Risk-on
2016-08-28,13.65,49.66,95.10137087622542,2170.95,1.56,26.95,1340.0,240.849,0.09,1.0628745027610353,0.0,1.0261063800083736,0.2243829468960401,0.4971254972389647,Risk-on
2016-08-29,12.94,49.66,95.645168750795,2170.95,1.56,26.95,1340.0,240.849,0.09,1.0628745027610353,0.5718086601268046,1.0261063800083736,0.2243829468960401,0.4971254972389647,Risk-on
2016-08-30,13.12,47.94,95.99258356929309,2170.95,1.56,26.95,1340.0,240.849,0.09,1.0628745027610353,0.3632330028119801,1.0261063800083736,0.2243829468960401,0.4971254972389647,Risk-on
2016-08-31,13.42,47.94,96.07870453486602,2170.95,1.56,26.95,1340.0,240.849,0.09,1.0628745027610353,0.08971627012284156,0.0,0.0,0.4971254972389647,Risk-on
2016-09-01,13.48,45.05,95.66090355831203,2157.69,1.63,26.73,1327.0,241.428,0.24,1.4637836474815646,-0.4348528412998931,-0.6107925101913825,-0.970149253731345,0.16621635251843525,Risk-on
2016-09-02,11.98,45.96,95.88694262236609,2157.69,1.63,26.73,1327.0,241.428,0.24,1.4637836474815646,0.2362920019005177,-0.6107925101913825,-0.970149253731345,0.16621635251843525,Risk-on
2016-09-03,11.98,45.96,95.88694262236609,2157.69,1.63,26.73,1327.0,241.428,0.24,1.4637836474815646,0.0,-0.6107925101913825,-0.970149253731345,0.16621635251843525,Risk-on
2016-09-04,11.98,45.96,95.88694262236609,2157.69,1.63,26.73,1327.0,241.428,0.24,1.4637836474815646,0.0,-0.6107925101913825,-0.970149253731345,0.16621635251843525,Risk-on
2016-09-05,11.98,46.72,95.88694262236609,2157.69,1.63,26.73,1327.0,241.428,0.24,1.4637836474815646,0.0,-0.6107925101913825,-0.970149253731345,0.16621635251843525,Risk-on
2016-09-06,12.02,46.21,94.96396706393006,2157.69,1.63,26.73,1327.0,241.428,0.24,1.4637836474815646,-0.9625664696297775,-0.6107925101913825,-0.970149253731345,0.16621635251843525,Risk-on
2016-09-07,11.94,47.0,94.97664041163658,2157.69,1.63,26.73,1327.0,241.428,0.24,1.4637836474815646,0.0133454278484324,-0.6107925101913825,-0.970149253731345,0.16621635251843525,Risk-on
2016-09-08,12.51,49.23,95.01342047122755,2157.69,1.63,26.73,1327.0,241.428,0.24,1.4637836474815646,0.0387253743989735,-0.6107925101913825,-0.970149253731345,0.16621635251843525,Risk-on
2016-09-09,17.5,48.37,95.45013880572957,2157.69,1.63,26.73,1327.0,241.428,0.24,1.4637836474815646,0.45963857772519656,-0.6107925101913825,-0.970149253731345,0.16621635251843525,Trung tinh
2016-09-10,17.5,48.37,95.45013880572957,2157.69,1.63,26.73,1327.0,241.428,0.24,1.4637836474815646,0.0,-0.6107925101913825,-0.970149253731345,0.16621635251843525,Trung tinh
2016-09-11,17.5,48.37,95.45013880572957,2157.69,1.63,26.73,1327.0,241.428,0.24,1.4637836474815646,0.0,-0.6107925101913825,-0.970149253731345,0.16621635251843525,Trung tinh
2016-09-12,15.16,47.82,95.22980749021886,2157.69,1.63,26.73,1327.0,241.428,0.24,1.4637836474815646,-0.23083393933993612,-0.6107925101913825,-0.970149253731345,0.16621635251843525,Trung tinh
2016-09-13,17.85,46.48,95.36749243328073,2157.69,1.63,26.73,1327.0,241.428,0.24,1.4637836474815646,0.14458177191634114,-0.6107925101913825,-0.970149253731345,0.16621635251843525,Trung tinh
2016-09-14,18.14,45.65,95.21244651849409,2157.69,1.63,26.73,1327.0,241.428,0.24,1.4637836474815646,-0.16257732150722903,-0.6107925101913825,-0.970149253731345,0.16621635251843525,Trung tinh
2016-09-15,16.3,45.83,95.29598066916002,2157.69,1.63,26.73,1327.0,241.428,0.24,1.4637836474815646,0.08773448611016921,-0.6107925101913825,-0.970149253731345,0.16621635251843525,Trung tinh
2016-09-16,15.37,45.26,95.96475309134672,2157.69,1.63,26.73,1327.0,241.428,0.24,1.4637836474815646,0.7017845007634582,-0.6107925101913825,-0.970149253731345,0.16621635251843525,Trung tinh
2016-09-17,15.37,45.26,95.96475309134672,2157.69,1.63,26.73,1327.0,241.428,0.24,1.4637836474815646,0.0,-0.6107925101913825,-0.970149253731345,0.16621635251843525,Trung tinh
2016-09-18,15.37,45.26,95.96475309134672,2157.69,1.63,26.73,1327.0,241.428,0.24,1.4637836474815646,0.0,-0.6107925101913825,-0.970149253731345,0.16621635251843525,Trung tinh
2016-09-19,15.53,46.04,95.79855874684895,2157.69,1.63,26.73,1327.0,241.428,0.24,1.4637836474815646,-0.17318269379547058,-0.6107925101913825,-0.970149253731345,0.16621635251843525,Trung tinh
2016-09-20,15.92,45.24,95.92403126708635,2157.69,1.63,26.73,1327.0,241.428,0.24,1.4637836474815646,0.13097537361597134,-0.6107925101913825,-0.970149253731345,0.16621635251843525,Trung tinh
2016-09-21,13.3,45.99,95.78808008981163,2157.69,1.63,26.73,1327.0,241.428,0.24,1.4637836474815646,-0.14172796480600436,-0.6107925101913825,-0.970149253731345,0.16621635251843525,Risk-on
2016-09-22,12.02,47.21,95.24625382784677,2157.69,1.63,26.73,1327.0,241.428,0.24,1.4637836474815646,-0.5656510303336693,-0.6107925101913825,-0.970149253731345,0.16621635251843525,Risk-on
2016-09-23,12.29,46.71,95.5175566567904,2157.69,1.63,26.73,1327.0,241.428,0.24,1.4637836474815646,0.2848435692116569,-0.6107925101913825,-0.970149253731345,0.16621635251843525,Risk-on
2016-09-24,12.29,46.71,95.5175566567904,2157.69,1.63,26.73,1327.0,241.428,0.24,1.4637836474815646,0.0,-0.6107925101913825,-0.970149253731345,0.16621635251843525,Risk-on
2016-09-25,12.29,46.71,95.5175566567904,2157.69,1.63,26.73,1327.0,241.428,0.24,1.4637836474815646,0.0,-0.6107925101913825,-0.970149253731345,0.16621635251843525,Risk-on
2016-09-26,14.5,46.61,95.17765026975253,2157.69,1.63,26.73,1327.0,241.428,0.24,1.4637836474815646,-0.3558574977574058,-0.6107925101913825,-0.970149253731345,0.16621635251843525,Risk-on
2016-09-27,13.1,44.95,95.55453732337897,2157.69,1.63,26.73,1327.0,241.428,0.24,1.4637836474815646,0.39598272552250346,-0.6107925101913825,-0.970149253731345,0.16621635251843525,Risk-on
2016-09-28,12.39,45.49,95.61853560678651,2157.69,1.63,26.73,1327.0,241.428,0.24,1.4637836474815646,0.06697566143925027,-0.6107925101913825,-0.970149253731345,0.16621635251843525,Risk-on
2016-09-29,14.02,48.43,95.3884143122817,2157.69,1.63,26.73,1327.0,241.428,0.24,1.4637836474815646,-0.24066598912489967,-0.6107925101913825,-0.970149253731345,0.16621635251843525,Risk-on
2016-09-30,13.29,48.24,95.39315436196513,2157.69,1.63,26.73,1327.0,241.428,0.24,1.4637836474815646,0.004969209015159848,-0.6107925101913825,-0.970149253731345,0.16621635251843525,Risk-on
2016-10-01,13.29,48.24,95.39315436196513,2143.02,1.76,26.53,1267.0,241.729,0.12,1.6359875209176034,0.0,-0.6798937752874656,-4.5214770158251705,0.12401247908239665,Risk-on
2016-10-02,13.29,48.24,95.39315436196513,2143.02,1.76,26.53,1267.0,241.729,0.12,1.6359875209176034,0.0,-0.6798937752874656,-4.5214770158251705,0.12401247908239665,Risk-on
2016-10-03,13.57,48.61,95.75951500296279,2143.02,1.76,26.53,1267.0,241.729,0.12,1.6359875209176034,0.38405338773841446,-0.6798937752874656,-4.5214770158251705,0.12401247908239665,Risk-on
2016-10-04,13.63,48.81,96.02014522540198,2143.02,1.76,26.53,1267.0,241.729,0.12,1.6359875209176034,0.2721716191139034,-0.6798937752874656,-4.5214770158251705,0.12401247908239665,Risk-on
2016-10-05,12.99,49.57,96.21863803840047,2143.02,1.76,26.53,1267.0,241.729,0.12,1.6359875209176034,0.20671996749488386,-0.6798937752874656,-4.5214770158251705,0.12401247908239665,Risk-on
2016-10-06,12.84,50.14,96.5988960037928,2143.02,1.76,26.53,1267.0,241.729,0.12,1.6359875209176034,0.39520198284304087,-0.6798937752874656,-4.5214770158251705,0.12401247908239665,Risk-on
2016-10-07,13.48,50.49,96.81468556911855,2143.02,1.76,26.53,1267.0,241.729,0.12,1.6359875209176034,0.2233871961821121,-0.6798937752874656,-4.5214770158251705,0.12401247908239665,Risk-on
2016-10-08,13.48,50.49,96.81468556911855,2143.02,1.76,26.53,1267.0,241.729,0.12,1.6359875209176034,0.0,-0.6798937752874656,-4.5214770158251705,0.12401247908239665,Risk-on
2016-10-09,13.48,50.49,96.81468556911855,2143.02,1.76,26.53,1267.0,241.729,0.12,1.6359875209176034,0.0,-0.6798937752874656,-4.5214770158251705,0.12401247908239665,Risk-on
2016-10-10,13.38,51.54,96.81468556911855,2143.02,1.76,26.53,1267.0,241.729,0.12,1.6359875209176034,0.0,-0.6798937752874656,-4.5214770158251705,0.12401247908239665,Risk-on
2016-10-11,15.36,50.48,97.53433181894775,2143.02,1.76,26.53,1267.0,241.729,0.12,1.6359875209176034,0.7433234385866294,-0.6798937752874656,-4.5214770158251705,0.12401247908239665,Trung tinh
2016-10-12,15.91,49.53,97.98428927612257,2143.02,1.76,26.53,1267.0,241.729,0.12,1.6359875209176034,0.46133238295011925,-0.6798937752874656,-4.5214770158251705,0.12401247908239665,Trung tinh
2016-10-13,16.69,49.29,97.68826718809716,2143.02,1.76,26.53,1267.0,241.729,0.12,1.6359875209176034,-0.3021117877287538,-0.6798937752874656,-4.5214770158251705,0.12401247908239665,Trung tinh
2016-10-14,16.12,48.87,98.01978679852621,2143.02,1.76,26.53,1267.0,241.729,0.12,1.6359875209176034,0.33936481828540366,-0.6798937752874656,-4.5214770158251705,0.12401247908239665,Trung tinh
2016-10-15,16.12,48.87,98.01978679852621,2143.02,1.76,26.53,1267.0,241.729,0.12,1.6359875209176034,0.0,-0.6798937752874656,-4.5214770158251705,0.12401247908239665,Trung tinh
2016-10-16,16.12,48.87,98.01978679852621,2143.02,1.76,26.53,1267.0,241.729,0.12,1.6359875209176034,0.0,-0.6798937752874656,-4.5214770158251705,0.12401247908239665,Trung tinh
2016-10-17,16.21,49.31,97.88922241103926,2143.02,1.76,26.53,1267.0,241.729,0.12,1.6359875209176034,-0.13320207251146243,-0.6798937752874656,-4.5214770158251705,0.12401247908239665,Trung tinh
2016-10-18,15.28,49.81,97.7423391775259,2143.02,1.76,26.53,1267.0,241.729,0.12,1.6359875209176034,-0.1500504651028689,-0.6798937752874656,-4.5214770158251705,0.12401247908239665,Trung tinh
2016-10-19,14.41,51.85,97.88788908612699,2143.02,1.76,26.53,1267.0,241.729,0.12,1.6359875209176034,0.148911832708154,-0.6798937752874656,-4.5214770158251705,0.12401247908239665,Risk-on
2016-10-20,13.75,50.42,98.2332172866051,2143.02,1.76,26.53,1267.0,241.729,0.12,1.6359875209176034,0.35277929037194067,-0.6798937752874656,-4.5214770158251705,0.12401247908239665,Risk-on
2016-10-21,13.34,50.28,98.76715099174547,2143.02,1.76,26.53,1267.0,241.729,0.12,1.6359875209176034,0.5435368197119761,-0.6798937752874656,-4.5214770158251705,0.12401247908239665,Risk-on
2016-10-22,13.34,50.28,98.76715099174547,2143.02,1.76,26.53,1267.0,241.729,0.12,1.6359875209176034,0.0,-0.6798937752874656,-4.5214770158251705,0.12401247908239665,Risk-on
2016-10-23,13.34,50.28,98.76715099174547,2143.02,1.76,26.53,1267.0,241.729,0.12,1.6359875209176034,0.0,-0.6798937752874656,-4.5214770158251705,0.12401247908239665,Risk-on
2016-10-24,13.02,49.8,98.70561037531371,2143.02,1.76,26.53,1267.0,241.729,0.12,1.6359875209176034,-0.062308789727971714,-0.6798937752874656,-4.5214770158251705,0.12401247908239665,Risk-on
2016-10-25,13.46,49.08,98.72395761884162,2143.02,1.76,26.53,1267.0,241.729,0.12,1.6359875209176034,0.018587842634421037,-0.6798937752874656,-4.5214770158251705,0.12401247908239665,Risk-on
2016-10-26,14.24,48.98,98.54573422030873,2143.02,1.76,26.53,1267.0,241.729,0.12,1.6359875209176034,-0.18052699955667384,-0.6798937752874656,-4.5214770158251705,0.12401247908239665,Risk-on
2016-10-27,15.36,49.13,98.85577976389601,2143.02,1.76,26.53,1267.0,241.729,0.12,1.6359875209176034,0.31462096867038714,-0.6798937752874656,-4.5214770158251705,0.12401247908239665,Trung tinh
2016-10-28,16.19,47.78,98.73314881990288,2143.02,1.76,26.53,1267.0,241.729,0.12,1.6359875209176034,-0.12405035323783675,-0.6798937752874656,-4.5214770158251705,0.12401247908239665,Trung tinh
2016-10-29,16.19,47.78,98.73314881990288,2143.02,1.76,26.53,1267.0,241.729,0.12,1.6359875209176034,0.0,-0.6798937752874656,-4.5214770158251705,0.12401247908239665,Trung tinh
2016-10-30,16.19,47.78,98.73314881990288,2143.02,1.76,26.53,1267.0,241.729,0.12,1.6359875209176034,0.0,-0.6798937752874656,-4.5214770158251705,0.12401247908239665,Trung tinh
2016-10-31,17.06,46.2,98.47919305630865,2143.02,1.76,26.53,1267.0,241.729,0.12,1.6359875209176034,-0.2572142858093929,0.0,0.0,0.12401247908239665,Trung tinh
2016-11-01,18.56,45.77,97.9149144652707,2164.99,2.14,26.85,1238.0,241.353,-0.16,1.6925371625037933,-0.5729927038651716,1.0251887523214709,-2.2888713496448276,0.44746283749620686,Trung tinh
2016-11-02,19.32,44.26,97.21104986002092,2164.99,2.14,26.85,1238.0,241.353,-0.16,1.6925371625037933,-0.718853311667278,1.0251887523214709,-2.2888713496448276,0.44746283749620686,Trung tinh
2016-11-03,22.08,43.84,97.23170824111439,2164.99,2.14,26.85,1238.0,241.353,-0.16,1.6925371625037933,0.02125106263455301,1.0251887523214709,-2.2888713496448276,0.44746283749620686,Trung tinh
2016-11-04,22.51,43.06,96.99693112642737,2164.99,2.14,26.85,1238.0,241.353,-0.16,1.6925371625037933,-0.2414614727377029,1.0251887523214709,-2.2888713496448276,0.44746283749620686,Trung tinh
2016-11-05,22.51,43.06,96.99693112642737,2164.99,2.14,26.85,1238.0,241.353,-0.16,1.6925371625037933,0.0,1.0251887523214709,-2.2888713496448276,0.44746283749620686,Trung tinh
2016-11-06,22.51,43.06,96.99693112642737,2164.99,2.14,26.85,1238.0,241.353,-0.16,1.6925371625037933,0.0,1.0251887523214709,-2.2888713496448276,0.44746283749620686,Trung tinh
2016-11-07,18.71,42.83,97.79293005359834,2164.99,2.14,26.85,1238.0,241.353,-0.16,1.6925371625037933,0.8206434141029284,1.0251887523214709,-2.2888713496448276,0.44746283749620686,Trung tinh
2016-11-08,18.74,43.47,97.85057213730514,2164.99,2.14,26.85,1238.0,241.353,-0.16,1.6925371625037933,0.058942996876365505,1.0251887523214709,-2.2888713496448276,0.44746283749620686,Trung tinh
2016-11-09,14.38,43.88,98.23519362670243,2164.99,2.14,26.85,1238.0,241.353,-0.16,1.6925371625037933,0.393070250889882,1.0251887523214709,-2.2888713496448276,0.44746283749620686,Risk-on
2016-11-10,14.74,43.67,98.86151403768581,2164.99,2.14,26.85,1238.0,241.353,-0.16,1.6925371625037933,0.6375723280634293,1.0251887523214709,-2.2888713496448276,0.44746283749620686,Risk-on
2016-11-11,14.17,41.61,98.86151403768581,2164.99,2.14,26.85,1238.0,241.353,-0.16,1.6925371625037933,0.0,1.0251887523214709,-2.2888713496448276,0.44746283749620686,Risk-on
2016-11-12,14.17,41.61,98.86151403768581,2164.99,2.14,26.85,1238.0,241.353,-0.16,1.6925371625037933,0.0,1.0251887523214709,-2.2888713496448276,0.44746283749620686,Risk-on
2016-11-13,14.17,41.61,98.86151403768581,2164.99,2.14,26.85,1238.0,241.353,-0.16,1.6925371625037933,0.0,1.0251887523214709,-2.2888713496448276,0.44746283749620686,Risk-on
2016-11-14,14.48,41.83,100.1246376541251,2164.99,2.14,26.85,1238.0,241.353,-0.16,1.6925371625037933,1.2776697066947396,1.0251887523214709,-2.2888713496448276,0.44746283749620686,Risk-on
2016-11-15,13.37,44.15,100.17467413998679,2164.99,2.14,26.85,1238.0,241.353,-0.16,1.6925371625037933,0.04997419919214874,1.0251887523214709,-2.2888713496448276,0.44746283749620686,Risk-on
2016-11-16,13.72,45.07,100.29098756593616,2164.99,2.14,26.85,1238.0,241.353,-0.16,1.6925371625037933,0.11611061073864004,1.0251887523214709,-2.2888713496448276,0.44746283749620686,Risk-on
2016-11-17,13.35,44.57,100.61518617645555,2164.99,2.14,26.85,1238.0,241.353,-0.16,1.6925371625037933,0.3232579700207294,1.0251887523214709,-2.2888713496448276,0.44746283749620686,Risk-on
2016-11-18,12.85,44.41,101.24378299686205,2164.99,2.14,26.85,1238.0,241.353,-0.16,1.6925371625037933,0.6247534237069141,1.0251887523214709,-2.2888713496448276,0.44746283749620686,Risk-on
2016-11-19,12.85,44.41,101.24378299686205,2164.99,2.14,26.85,1238.0,241.353,-0.16,1.6925371625037933,0.0,1.0251887523214709,-2.2888713496448276,0.44746283749620686,Risk-on
2016-11-20,12.85,44.41,101.24378299686205,2164.99,2.14,26.85,1238.0,241.353,-0.16,1.6925371625037933,0.0,1.0251887523214709,-2.2888713496448276,0.44746283749620686,Risk-on
2016-11-21,12.42,45.96,101.14297008097105,2164.99,2.14,26.85,1238.0,241.353,-0.16,1.6925371625037933,-0.09957442610981637,1.0251887523214709,-2.2888713496448276,0.44746283749620686,Risk-on
2016-11-22,12.41,46.1,101.04966251950728,2164.99,2.14,26.85,1238.0,241.353,-0.16,1.6925371625037933,-0.09225313572369664,1.0251887523214709,-2.2888713496448276,0.44746283749620686,Risk-on
2016-11-23,12.43,46.54,101.5904526227527,2164.99,2.14,26.85,1238.0,241.353,-0.16,1.6925371625037933,0.5351725970792032,1.0251887523214709,-2.2888713496448276,0.44746283749620686,Risk-on
2016-11-24,12.43,47.54,101.5904526227527,2164.99,2.14,26.85,1238.0,241.353,-0.16,1.6925371625037933,0.0,1.0251887523214709,-2.2888713496448276,0.44746283749620686,Risk-on
2016-11-25,12.34,46.32,101.46547802245428,2164.99,2.14,26.85,1238.0,241.353,-0.16,1.6925371625037933,-0.12301805639404195,1.0251887523214709,-2.2888713496448276,0.44746283749620686,Risk-on
2016-11-26,12.34,46.32,101.46547802245428,2164.99,2.14,26.85,1238.0,241.353,-0.16,1.6925371625037933,0.0,1.0251887523214709,-2.2888713496448276,0.44746283749620686,Risk-on
2016-11-27,12.34,46.32,101.46547802245428,2164.99,2.14,26.85,1238.0,241.353,-0.16,1.6925371625037933,0.0,1.0251887523214709,-2.2888713496448276,0.44746283749620686,Risk-on
2016-11-28,13.15,46.64,101.45219811904519,2164.99,2.14,26.85,1238.0,241.353,-0.16,1.6925371625037933,-0.013088100177427453,1.0251887523214709,-2.2888713496448276,0.44746283749620686,Risk-on
2016-11-29,12.9,44.68,101.13812033618574,2164.99,2.14,26.85,1238.0,241.353,-0.16,1.6925371625037933,-0.3095820383220427,1.0251887523214709,-2.2888713496448276,0.44746283749620686,Risk-on
2016-11-30,13.33,47.95,101.65914999130189,2164.99,2.14,26.85,1238.0,241.353,-0.16,1.6925371625037933,0.5151664410849577,1.0251887523214709,-2.2888713496448276,0.44746283749620686,Risk-on
2016-12-01,14.07,52.28,101.14833871621117,2246.63,2.49,27.87,1157.0,241.432,0.03,2.074622132966919,-0.5024744699659855,3.7709181104762735,-6.542810985460424,0.4153778670330812,Risk-on
2016-12-02,14.12,52.35,100.76726831538465,2246.63,2.49,27.87,1157.0,241.432,0.03,2.074622132966919,-0.3767441024371876,3.7709181104762735,-6.542810985460424,0.4153778670330812,Risk-on
2016-12-03,14.12,52.35,100.76726831538465,2246.63,2.49,27.87,1157.0,241.432,0.03,2.074622132966919,0.0,3.7709181104762735,-6.542810985460424,0.4153778670330812,Risk-on
2016-12-04,14.12,52.35,100.76726831538465,2246.63,2.49,27.87,1157.0,241.432,0.03,2.074622132966919,0.0,3.7709181104762735,-6.542810985460424,0.4153778670330812,Risk-on
2016-12-05,12.14,53.3,100.43826534697422,2246.63,2.49,27.87,1157.0,241.432,0.03,2.074622132966919,-0.3264978538276009,3.7709181104762735,-6.542810985460424,0.4153778670330812,Risk-on
2016-12-06,11.79,52.31,100.4426516554175,2246.63,2.49,27.87,1157.0,241.432,0.03,2.074622132966919,0.004367168656416176,3.7709181104762735,-6.542810985460424,0.4153778670330812,Risk-on
2016-12-07,12.22,51.9,100.20916769698802,2246.63,2.49,27.87,1157.0,241.432,0.03,2.074622132966919,-0.23245499255682978,3.7709181104762735,-6.542810985460424,0.4153778670330812,Risk-on
2016-12-08,12.64,51.6,101.07546060958919,2246.63,2.49,27.87,1157.0,241.432,0.03,2.074622132966919,0.8644846898845149,3.7709181104762735,-6.542810985460424,0.4153778670330812,Risk-on
2016-12-09,11.75,52.19,101.64760287116674,2246.63,2.49,27.87,1157.0,241.432,0.03,2.074622132966919,0.5660545676734463,3.7709181104762735,-6.542810985460424,0.4153778670330812,Risk-on
2016-12-10,11.75,52.19,101.64760287116674,2246.63,2.49,27.87,1157.0,241.432,0.03,2.074622132966919,0.0,3.7709181104762735,-6.542810985460424,0.4153778670330812,Risk-on
2016-12-11,11.75,52.19,101.64760287116674,2246.63,2.49,27.87,1157.0,241.432,0.03,2.074622132966919,0.0,3.7709181104762735,-6.542810985460424,0.4153778670330812,Risk-on
2016-12-12,12.64,53.99,101.19424670128268,2246.63,2.49,27.87,1157.0,241.432,0.03,2.074622132966919,-0.44600773365867097,3.7709181104762735,-6.542810985460424,0.4153778670330812,Risk-on
2016-12-13,12.72,53.28,100.97483555877446,2246.63,2.49,27.87,1157.0,241.432,0.03,2.074622132966919,-0.21682175584142316,3.7709181104762735,-6.542810985460424,0.4153778670330812,Risk-on
2016-12-14,13.19,53.15,100.8087834184582,2246.63,2.49,27.87,1157.0,241.432,0.03,2.074622132966919,-0.16444903266973343,3.7709181104762735,-6.542810985460424,0.4153778670330812,Risk-on
2016-12-15,12.79,51.72,103.48238130867641,2246.63,2.49,27.87,1157.0,241.432,0.03,2.074622132966919,2.6521477589111164,3.7709181104762735,-6.542810985460424,0.4153778670330812,Risk-on
2016-12-16,12.2,54.15,102.76399245623004,2246.63,2.49,27.87,1157.0,241.432,0.03,2.074622132966919,-0.6942136848431146,3.7709181104762735,-6.542810985460424,0.4153778670330812,Risk-on
2016-12-17,12.2,54.15,102.76399245623004,2246.63,2.49,27.87,1157.0,241.432,0.03,2.074622132966919,0.0,3.7709181104762735,-6.542810985460424,0.4153778670330812,Risk-on
2016-12-18,12.2,54.15,102.76399245623004,2246.63,2.49,27.87,1157.0,241.432,0.03,2.074622132966919,0.0,3.7709181104762735,-6.542810985460424,0.4153778670330812,Risk-on
2016-12-19,11.71,53.53,102.77441354622866,2246.63,2.49,27.87,1157.0,241.432,0.03,2.074622132966919,0.010140799077129614,3.7709181104762735,-6.542810985460424,0.4153778670330812,Risk-on
2016-12-20,11.45,54.56,103.3078867318627,2246.63,2.49,27.87,1157.0,241.432,0.03,2.074622132966919,0.5190719822439904,3.7709181104762735,-6.542810985460424,0.4153778670330812,Risk-on
2016-12-21,11.27,53.01,103.05527341588711,2246.63,2.49,27.87,1157.0,241.432,0.03,2.074622132966919,-0.2445247153600616,3.7709181104762735,-6.542810985460424,0.4153778670330812,Risk-on
2016-12-22,11.43,54.04,102.9415797090824,2246.63,2.49,27.87,1157.0,241.432,0.03,2.074622132966919,-0.11032303640192698,3.7709181104762735,-6.542810985460424,0.4153778670330812,Risk-on
2016-12-23,11.44,53.93,103.02752336700256,2246.63,2.49,27.87,1157.0,241.432,0.03,2.074622132966919,0.08348779780049664,3.7709181104762735,-6.542810985460424,0.4153778670330812,Risk-on
2016-12-24,11.44,53.93,103.02752336700256,2246.63,2.49,27.87,1157.0,241.432,0.03,2.074622132966919,0.0,3.7709181104762735,-6.542810985460424,0.4153778670330812,Risk-on
2016-12-25,11.44,53.93,103.02752336700256,2246.63,2.49,27.87,1157.0,241.432,0.03,2.074622132966919,0.0,3.7709181104762735,-6.542810985460424,0.4153778670330812,Risk-on
2016-12-26,11.44,53.93,103.02752336700256,2246.63,2.49,27.87,1157.0,241.432,0.03,2.074622132966919,0.0,3.7709181104762735,-6.542810985460424,0.4153778670330812,Risk-on
2016-12-27,11.99,53.93,103.03826348835368,2246.63,2.49,27.87,1157.0,241.432,0.03,2.074622132966919,0.010424516672946638,3.7709181104762735,-6.542810985460424,0.4153778670330812,Risk-on
2016-12-28,12.95,54.95,103.49252735598657,2246.63,2.49,27.87,1157.0,241.432,0.03,2.074622132966919,0.4408691026554834,3.7709181104762735,-6.542810985460424,0.4153778670330812,Risk-on
2016-12-29,13.37,54.97,102.64903555566319,2246.63,2.49,27.87,1157.0,241.432,0.03,2.074622132966919,-0.8150267675094969,3.7709181104762735,-6.542810985460424,0.4153778670330812,Risk-on
2016-12-30,14.04,54.96,102.1453337203581,2246.63,2.49,27.87,1157.0,241.432,0.03,2.074622132966919,-0.49070293995305825,3.7709181104762735,-6.542810985460424,0.4153778670330812,Risk-on
2016-12-31,14.04,54.96,102.1453337203581,2246.63,2.49,27.87,1157.0,241.432,0.03,2.074622132966919,0.0,0.0,0.0,0.4153778670330812,Risk-on
2017-01-01,14.04,54.96,102.1453337203581,2275.12,2.43,28.06,1192.0,242.839,0.58,2.5000422090529995,0.0,1.2681215865540718,3.025064822817636,-0.0700422090529993,Risk-on
2017-01-02,14.04,54.96,102.1453337203581,2275.12,2.43,28.06,1192.0,242.839,0.58,2.5000422090529995,0.0,1.2681215865540718,3.025064822817636,-0.0700422090529993,Risk-on
2017-01-03,12.85,55.05,103.18374935838149,2275.12,2.43,28.06,1192.0,242.839,0.58,2.5000422090529995,1.0166060457213355,1.2681215865540718,3.025064822817636,-0.0700422090529993,Risk-on
2017-01-04,11.85,54.57,102.62828865377907,2275.12,2.43,28.06,1192.0,242.839,0.58,2.5000422090529995,-0.5383218850413929,1.2681215865540718,3.025064822817636,-0.0700422090529993,Risk-on
2017-01-05,11.67,54.99,101.45317883048057,2275.12,2.43,28.06,1192.0,242.839,0.58,2.5000422090529995,-1.1450155105506843,1.2681215865540718,3.025064822817636,-0.0700422090529993,Risk-on
2017-01-06,11.32,55.9,101.964571151052,2275.12,2.43,28.06,1192.0,242.839,0.58,2.5000422090529995,0.5040673209717017,1.2681215865540718,3.025064822817636,-0.0700422090529993,Risk-on
2017-01-07,11.32,55.9,101.964571151052,2275.12,2.43,28.06,1192.0,242.839,0.58,2.5000422090529995,0.0,1.2681215865540718,3.025064822817636,-0.0700422090529993,Risk-on
2017-01-08,11.32,55.9,101.964571151052,2275.12,2.43,28.06,1192.0,242.839,0.58,2.5000422090529995,0.0,1.2681215865540718,3.025064822817636,-0.0700422090529993,Risk-on
2017-01-09,11.56,54.39,101.92717893738329,2275.12,2.43,28.06,1192.0,242.839,0.58,2.5000422090529995,-0.036671770642093815,1.2681215865540718,3.025064822817636,-0.0700422090529993,Risk-on
2017-01-10,11.49,53.2,101.91876144356526,2275.12,2.43,28.06,1192.0,242.839,0.58,2.5000422090529995,-0.00825834081329413,1.2681215865540718,3.025064822817636,-0.0700422090529993,Risk-on
2017-01-11,11.26,53.61,102.466255919318,2275.12,2.43,28.06,1192.0,242.839,0.58,2.5000422090529995,0.5371871361053548,1.2681215865540718,3.025064822817636,-0.0700422090529993,Risk-on
2017-01-12,11.54,54.51,100.97337216073906,2275.12,2.43,28.06,1192.0,242.839,0.58,2.5000422090529995,-1.456951603418044,1.2681215865540718,3.025064822817636,-0.0700422090529993,Risk-on
2017-01-13,11.23,54.37,101.36478078198209,2275.12,2.43,28.06,1192.0,242.839,0.58,2.5000422090529995,0.3876354853435515,1.2681215865540718,3.025064822817636,-0.0700422090529993,Risk-on
2017-01-14,11.23,54.37,101.36478078198209,2275.12,2.43,28.06,1192.0,242.839,0.58,2.5000422090529995,0.0,1.2681215865540718,3.025064822817636,-0.0700422090529993,Risk-on
2017-01-15,11.23,54.37,101.36478078198209,2275.12,2.43,28.06,1192.0,242.839,0.58,2.5000422090529995,0.0,1.2681215865540718,3.025064822817636,-0.0700422090529993,Risk-on
2017-01-16,11.23,54.3,101.36478078198209,2275.12,2.43,28.06,1192.0,242.839,0.58,2.5000422090529995,0.0,1.2681215865540718,3.025064822817636,-0.0700422090529993,Risk-on
2017-01-17,11.87,54.68,100.46708010665685,2275.12,2.43,28.06,1192.0,242.839,0.58,2.5000422090529995,-0.8856139858438916,1.2681215865540718,3.025064822817636,-0.0700422090529993,Risk-on
2017-01-18,12.48,53.77,100.75245934503519,2275.12,2.43,28.06,1192.0,242.839,0.58,2.5000422090529995,0.2840524857250504,1.2681215865540718,3.025064822817636,-0.0700422090529993,Risk-on
2017-01-19,12.78,53.18,101.41075139042358,2275.12,2.43,28.06,1192.0,242.839,0.58,2.5000422090529995,0.6533756591826867,1.2681215865540718,3.025064822817636,-0.0700422090529993,Risk-on
2017-01-20,11.54,55.04,101.41075139042358,2275.12,2.43,28.06,1192.0,242.839,0.58,2.5000422090529995,0.0,1.2681215865540718,3.025064822817636,-0.0700422090529993,Risk-on
2017-01-21,11.54,55.04,101.41075139042358,2275.12,2.43,28.06,1192.0,242.839,0.58,2.5000422090529995,0.0,1.2681215865540718,3.025064822817636,-0.0700422090529993,Risk-on
2017-01-22,11.54,55.04,101.41075139042358,2275.12,2.43,28.06,1192.0,242.839,0.58,2.5000422090529995,0.0,1.2681215865540718,3.025064822817636,-0.0700422090529993,Risk-on
2017-01-23,11.77,54.8,100.23418999966579,2275.12,2.43,28.06,1192.0,242.839,0.58,2.5000422090529995,-1.1601939386368665,1.2681215865540718,3.025064822817636,-0.0700422090529993,Risk-on
2017-01-24,11.07,54.7,100.13943232627022,2275.12,2.43,28.06,1192.0,242.839,0.58,2.5000422090529995,-0.09453627888436067,1.2681215865540718,3.025064822817636,-0.0700422090529993,Risk-on
2017-01-25,10.81,54.34,100.0205776839056,2275.12,2.43,28.06,1192.0,242.839,0.58,2.5000422090529995,-0.1186891513199062,1.2681215865540718,3.025064822817636,-0.0700422090529993,Risk-on
2017-01-26,10.63,55.89,100.62911181208167,2275.12,2.43,28.06,1192.0,242.839,0.58,2.5000422090529995,0.6084089317092589,1.2681215865540718,3.025064822817636,-0.0700422090529993,Risk-on
2017-01-27,10.58,54.8,100.61570814064896,2275.12,2.43,28.06,1192.0,242.839,0.58,2.5000422090529995,-0.013319874528694431,1.2681215865540718,3.025064822817636,-0.0700422090529993,Risk-on
2017-01-28,10.58,54.8,100.61570814064896,2275.12,2.43,28.06,1192.0,242.839,0.58,2.5000422090529995,0.0,1.2681215865540718,3.025064822817636,-0.0700422090529993,Risk-on
2017-01-29,10.58,54.8,100.61570814064896,2275.12,2.43,28.06,1192.0,242.839,0.58,2.5000422090529995,0.0,1.2681215865540718,3.025064822817636,-0.0700422090529993,Risk-on
2017-01-30,11.88,54.77,100.53273888598542,2275.12,2.43,28.06,1192.0,242.839,0.58,2.5000422090529995,-0.08246153229628517,1.2681215865540718,3.025064822817636,-0.0700422090529993,Risk-on
2017-01-31,11.99,55.25,99.5711792963235,2275.12,2.43,28.06,1192.0,242.839,0.58,2.5000422090529995,-0.9564641332933554,0.0,0.0,-0.0700422090529993,Risk-on
2017-02-01,11.81,55.79,99.83870832284364,2329.91,2.42,28.66,1234.0,243.603,0.31,2.7379581714893186,0.2686811870772132,2.408224621118893,3.523489932885915,-0.3179581714893187,Risk-on
2017-02-02,11.93,55.94,99.52396643704185,2329.91,2.42,28.66,1234.0,243.603,0.31,2.7379581714893186,-0.31525035839208293,2.408224621118893,3.523489932885915,-0.3179581714893187,Risk-on
2017-02-03,10.97,55.92,99.6199091059643,2329.91,2.42,28.66,1234.0,243.603,0.31,2.7379581714893186,0.09640157276402661,2.408224621118893,3.523489932885915,-0.3179581714893187,Risk-on
2017-02-04,10.97,55.92,99.6199091059643,2329.91,2.42,28.66,1234.0,243.603,0.31,2.7379581714893186,0.0,2.408224621118893,3.523489932885915,-0.3179581714893187,Risk-on
2017-02-05,10.97,55.92,99.6199091059643,2329.91,2.42,28.66,1234.0,243.603,0.31,2.7379581714893186,0.0,2.408224621118893,3.523489932885915,-0.3179581714893187,Risk-on
2017-02-06,11.37,55.02,100.10667051303467,2329.91,2.42,28.66,1234.0,243.603,0.31,2.7379581714893186,0.48861860188269546,2.408224621118893,3.523489932885915,-0.3179581714893187,Risk-on
2017-02-07,11.29,53.79,100.33435089834678,2329.91,2.42,28.66,1234.0,243.603,0.31,2.7379581714893186,0.2274377762693236,2.408224621118893,3.523489932885915,-0.3179581714893187,Risk-on
2017-02-08,11.45,54.42,100.09914296563471,2329.91,2.42,28.66,1234.0,243.603,0.31,2.7379581714893186,-0.23442413351572045,2.408224621118893,3.523489932885915,-0.3179581714893187,Risk-on
2017-02-09,10.88,53.98,100.62721411551726,2329.91,2.42,28.66,1234.0,243.603,0.31,2.7379581714893186,0.5275481230282209,2.408224621118893,3.523489932885915,-0.3179581714893187,Risk-on
2017-02-10,10.85,55.2,100.64052718435767,2329.91,2.42,28.66,1234.0,243.603,0.31,2.7379581714893186,0.013230087861848538,2.408224621118893,3.523489932885915,-0.3179581714893187,Risk-on
2017-02-11,10.85,55.2,100.64052718435767,2329.91,2.42,28.66,1234.0,243.603,0.31,2.7379581714893186,0.0,2.408224621118893,3.523489932885915,-0.3179581714893187,Risk-on
2017-02-12,10.85,55.2,100.64052718435767,2329.91,2.42,28.66,1234.0,243.603,0.31,2.7379581714893186,0.0,2.408224621118893,3.523489932885915,-0.3179581714893187,Risk-on
2017-02-13,11.07,54.15,100.98074685710638,2329.91,2.42,28.66,1234.0,243.603,0.31,2.7379581714893186,0.3380543427852656,2.408224621118893,3.523489932885915,-0.3179581714893187,Risk-on
2017-02-14,10.74,54.96,101.2533829699188,2329.91,2.42,28.66,1234.0,243.603,0.31,2.7379581714893186,0.26998821190955535,2.408224621118893,3.523489932885915,-0.3179581714893187,Risk-on
2017-02-15,11.97,54.57,101.10741643018109,2329.91,2.42,28.66,1234.0,243.603,0.31,2.7379581714893186,-0.1441596670217704,2.408224621118893,3.523489932885915,-0.3179581714893187,Risk-on
2017-02-16,11.76,54.16,100.58238687229561,2329.91,2.42,28.66,1234.0,243.603,0.31,2.7379581714893186,-0.519278977173776,2.408224621118893,3.523489932885915,-0.3179581714893187,Risk-on
2017-02-17,11.49,54.48,100.8994610648668,2329.91,2.42,28.66,1234.0,243.603,0.31,2.7379581714893186,0.3152382861760339,2.408224621118893,3.523489932885915,-0.3179581714893187,Risk-on
2017-02-18,11.49,54.48,100.8994610648668,2329.91,2.42,28.66,1234.0,243.603,0.31,2.7379581714893186,0.0,2.408224621118893,3.523489932885915,-0.3179581714893187,Risk-on
2017-02-19,11.49,54.48,100.8994610648668,2329.91,2.42,28.66,1234.0,243.603,0.31,2.7379581714893186,0.0,2.408224621118893,3.523489932885915,-0.3179581714893187,Risk-on
2017-02-20,11.49,55.25,100.8994610648668,2329.91,2.42,28.66,1234.0,243.603,0.31,2.7379581714893186,0.0,2.408224621118893,3.523489932885915,-0.3179581714893187,Risk-on
2017-02-21,11.57,56.34,101.35450147515245,2329.91,2.42,28.66,1234.0,243.603,0.31,2.7379581714893186,0.450983984932396,2.408224621118893,3.523489932885915,-0.3179581714893187,Risk-on
2017-02-22,11.74,54.9,101.37994441142163,2329.91,2.42,28.66,1234.0,243.603,0.31,2.7379581714893186,0.025102916889618854,2.408224621118893,3.523489932885915,-0.3179581714893187,Risk-on
2017-02-23,11.71,55.82,100.95335936335667,2329.91,2.42,28.66,1234.0,243.603,0.31,2.7379581714893186,-0.42077853814339594,2.408224621118893,3.523489932885915,-0.3179581714893187,Risk-on
2017-02-24,11.47,54.69,100.98884882401637,2329.91,2.42,28.66,1234.0,243.603,0.31,2.7379581714893186,0.03515431371825528,2.408224621118893,3.523489932885915,-0.3179581714893187,Risk-on
2017-02-25,11.47,54.69,100.98884882401637,2329.91,2.42,28.66,1234.0,243.603,0.31,2.7379581714893186,0.0,2.408224621118893,3.523489932885915,-0.3179581714893187,Risk-on
2017-02-26,11.47,54.69,100.98884882401637,2329.91,2.42,28.66,1234.0,243.603,0.31,2.7379581714893186,0.0,2.408224621118893,3.523489932885915,-0.3179581714893187,Risk-on
2017-02-27,12.09,54.65,100.74296439361515,2329.91,2.42,28.66,1234.0,243.603,0.31,2.7379581714893186,-0.24347681280108002,2.408224621118893,3.523489932885915,-0.3179581714893187,Risk-on
2017-02-28,12.92,53.36,100.91494890849569,2329.91,2.42,28.66,1234.0,243.603,0.31,2.7379581714893186,0.17071615463744028,2.408224621118893,3.523489932885915,-0.3179581714893187,Risk-on
2017-03-01,12.54,55.72,101.60780977960808,2366.82,2.48,29.09,1231.0,243.801,0.08,2.3806124334402767,0.6865790238279157,4.0305566299799755,3.2718120805369066,0.09938756655972325,Risk-on
2017-03-02,11.81,54.16,102.0946603920704,2366.82,2.48,29.09,1231.0,243.801,0.08,2.3806124334402767,0.47914684266723295,4.0305566299799755,3.2718120805369066,0.09938756655972325,Risk-on
2017-03-03,10.96,54.12,101.92995636355543,2366.82,2.48,29.09,1231.0,243.801,0.08,2.3806124334402767,-0.16132482137896087,1.5841813632286428,-0.2431118314424663,0.09938756655972325,Risk-on
2017-03-04,10.96,54.12,101.92995636355543,2366.82,2.48,29.09,1231.0,243.801,0.08,2.3806124334402767,0.0,1.5841813632286428,-0.2431118314424663,0.09938756655972325,Risk-on
2017-03-05,10.96,54.12,101.92995636355543,2366.82,2.48,29.09,1231.0,243.801,0.08,2.3806124334402767,0.0,1.5841813632286428,-0.2431118314424663,0.09938756655972325,Risk-on
2017-03-06,11.24,54.73,101.64157499605034,2366.82,2.48,29.09,1231.0,243.801,0.08,2.3806124334402767,-0.28292111347180127,1.5841813632286428,-0.2431118314424663,0.09938756655972325,Risk-on
2017-03-07,11.45,54.61,101.70967524226216,2366.82,2.48,29.09,1231.0,243.801,0.08,2.3806124334402767,0.06700038465015101,1.5841813632286428,-0.2431118314424663,0.09938756655972325,Risk-on
2017-03-08,11.86,53.3,102.10358287133198,2366.82,2.48,29.09,1231.0,243.801,0.08,2.3806124334402767,0.38728629123194747,1.5841813632286428,-0.2431118314424663,0.09938756655972325,Risk-on
2017-03-09,12.3,50.65,101.89392109839982,2366.82,2.48,29.09,1231.0,243.801,0.08,2.3806124334402767,-0.20534222897581333,1.5841813632286428,-0.2431118314424663,0.09938756655972325,Risk-on
2017-03-10,11.66,50.63,101.45441806405563,2366.82,2.48,29.09,1231.0,243.801,0.08,2.3806124334402767,-0.4313339104103697,1.5841813632286428,-0.2431118314424663,0.09938756655972325,Risk-on
2017-03-11,11.66,50.63,101.45441806405563,2366.82,2.48,29.09,1231.0,243.801,0.08,2.3806124334402767,0.0,1.5841813632286428,-0.2431118314424663,0.09938756655972325,Risk-on
2017-03-12,11.66,50.63,101.45441806405563,2366.82,2.48,29.09,1231.0,243.801,0.08,2.3806124334402767,0.0,1.5841813632286428,-0.2431118314424663,0.09938756655972325,Risk-on
2017-03-13,11.35,50.1,101.25628543371818,2366.82,2.48,29.09,1231.0,243.801,0.08,2.3806124334402767,-0.19529226436679759,1.5841813632286428,-0.2431118314424663,0.09938756655972325,Risk-on
2017-03-14,12.3,49.6,101.47037008187868,2366.82,2.48,29.09,1231.0,243.801,0.08,2.3806124334402767,0.21142850267863444,1.5841813632286428,-0.2431118314424663,0.09938756655972325,Risk-on
2017-03-15,11.63,50.63,101.49973720221807,2366.82,2.48,29.09,1231.0,243.801,0.08,2.3806124334402767,0.028941572121676806,1.5841813632286428,-0.2431118314424663,0.09938756655972325,Risk-on
2017-03-16,11.21,50.56,100.37123316902975,2366.82,2.48,29.09,1231.0,243.801,0.08,2.3806124334402767,-1.1118295123661248,1.5841813632286428,-0.2431118314424663,0.09938756655972325,Risk-on
2017-03-17,11.28,50.58,100.3423445580627,2366.82,2.48,29.09,1231.0,243.801,0.08,2.3806124334402767,-0.028781763514251768,1.5841813632286428,-0.2431118314424663,0.09938756655972325,Risk-on
2017-03-18,11.28,50.58,100.3423445580627,2366.82,2.48,29.09,1231.0,243.801,0.08,2.3806124334402767,0.0,1.5841813632286428,-0.2431118314424663,0.09938756655972325,Risk-on
2017-03-19,11.28,50.58,100.3423445580627,2366.82,2.48,29.09,1231.0,243.801,0.08,2.3806124334402767,0.0,1.5841813632286428,-0.2431118314424663,0.09938756655972325,Risk-on
2017-03-20,11.34,50.67,100.26978934573316,2366.82,2.48,29.09,1231.0,243.801,0.08,2.3806124334402767,-0.07230767095297574,1.5841813632286428,-0.2431118314424663,0.09938756655972325,Risk-on
2017-03-21,12.47,50.14,99.72627572402945,2366.82,2.48,29.09,1231.0,243.801,0.08,2.3806124334402767,-0.5420512252495735,1.5841813632286428,-0.2431118314424663,0.09938756655972325,Risk-on
2017-03-22,12.81,49.56,99.68584429449331,2366.82,2.48,29.09,1231.0,243.801,0.08,2.3806124334402767,-0.04054240393778219,1.5841813632286428,-0.2431118314424663,0.09938756655972325,Risk-on
2017-03-23,13.12,50.17,99.71974921372946,2366.82,2.48,29.09,1231.0,243.801,0.08,2.3806124334402767,0.0340117691494779,1.5841813632286428,-0.2431118314424663,0.09938756655972325,Risk-on
2017-03-24,12.96,49.97,99.66515644254989,2366.82,2.48,29.09,1231.0,243.801,0.08,2.3806124334402767,-0.05474619782943613,1.5841813632286428,-0.2431118314424663,0.09938756655972325,Risk-on
2017-03-25,12.96,49.97,99.66515644254989,2366.82,2.48,29.09,1231.0,243.801,0.08,2.3806124334402767,0.0,1.5841813632286428,-0.2431118314424663,0.09938756655972325,Risk-on
2017-03-26,12.96,49.97,99.66515644254989,2366.82,2.48,29.09,1231.0,243.801,0.08,2.3806124334402767,0.0,1.5841813632286428,-0.2431118314424663,0.09938756655972325,Risk-on
2017-03-27,12.5,50.12,99.05467133956168,2366.82,2.48,29.09,1231.0,243.801,0.08,2.3806124334402767,-0.6125361407927077,1.5841813632286428,-0.2431118314424663,0.09938756655972325,Risk-on
2017-03-28,11.53,50.72,99.31364947912161,2366.82,2.48,29.09,1231.0,243.801,0.08,2.3806124334402767,0.26144969849239974,1.5841813632286428,-0.2431118314424663,0.09938756655972325,Risk-on
2017-03-29,11.42,51.36,100.06202265394732,2366.82,2.48,29.09,1231.0,243.801,0.08,2.3806124334402767,0.7535451357902678,1.5841813632286428,-0.2431118314424663,0.09938756655972325,Risk-on
2017-03-30,11.54,52.25,100.13741921147458,2366.82,2.48,29.09,1231.0,243.801,0.08,2.3806124334402767,0.0753498235669392,1.5841813632286428,-0.2431118314424663,0.09938756655972325,Risk-on
2017-03-31,12.37,52.2,100.30395680877618,2366.82,2.48,29.09,1231.0,243.801,0.08,2.3806124334402767,0.16630905670727003,0.0,0.0,0.09938756655972325,Risk-on
2017-04-01,12.37,52.2,100.30395680877618,2359.31,2.3,28.9,1267.0,244.524,0.3,2.199689878417299,0.0,-0.3173033859778185,2.924451665312744,0.1003101215827007,Risk-on
2017-04-02,12.37,52.2,100.30395680877618,2359.31,2.3,28.9,1267.0,244.524,0.3,2.199689878417299,0.0,-0.3173033859778185,2.924451665312744,0.1003101215827007,Risk-on
2017-04-03,12.38,52.04,100.6032848002933,2359.31,2.3,28.9,1267.0,244.524,0.3,2.199689878417299,0.29842092080949456,-0.3173033859778185,2.924451665312744,0.1003101215827007,Risk-on
2017-04-04,11.79,53.08,100.6006642811411,2359.31,2.3,28.9,1267.0,244.524,0.3,2.199689878417299,-0.0026048047609861236,-0.3173033859778185,2.924451665312744,0.1003101215827007,Risk-on
2017-04-05,12.89,53.41,100.62374357973572,2359.31,2.3,28.9,1267.0,244.524,0.3,2.199689878417299,0.022941497215267503,-0.3173033859778185,2.924451665312744,0.1003101215827007,Risk-on
2017-04-06,12.39,53.62,100.67045025785602,2359.31,2.3,28.9,1267.0,244.524,0.3,2.199689878417299,0.04641715410169667,-0.3173033859778185,2.924451665312744,0.1003101215827007,Risk-on
2017-04-07,12.87,54.24,100.93310681140302,2359.31,2.3,28.9,1267.0,244.524,0.3,2.199689878417299,0.26090729988217376,-0.3173033859778185,2.924451665312744,0.1003101215827007,Risk-on
2017-04-08,12.87,54.24,100.93310681140302,2359.31,2.3,28.9,1267.0,244.524,0.3,2.199689878417299,0.0,-0.3173033859778185,2.924451665312744,0.1003101215827007,Risk-on
2017-04-09,12.87,54.24,100.93310681140302,2359.31,2.3,28.9,1267.0,244.524,0.3,2.199689878417299,0.0,-0.3173033859778185,2.924451665312744,0.1003101215827007,Risk-on
2017-04-10,14.05,54.79,100.9692742639102,2359.31,2.3,28.9,1267.0,244.524,0.3,2.199689878417299,0.03583309148973424,-0.3173033859778185,2.924451665312744,0.1003101215827007,Risk-on
2017-04-11,15.07,54.73,100.69144480764338,2359.31,2.3,28.9,1267.0,244.524,0.3,2.199689878417299,-0.27516237815142786,-0.3173033859778185,2.924451665312744,0.1003101215827007,Trung tinh
2017-04-12,15.77,54.75,100.62267027465951,2359.31,2.3,28.9,1267.0,244.524,0.3,2.199689878417299,-0.06830226054979072,-0.3173033859778185,2.924451665312744,0.1003101215827007,Trung tinh
2017-04-13,15.96,55.05,100.43532131448714,2359.31,2.3,28.9,1267.0,244.524,0.3,2.199689878417299,-0.1861896127989704,-0.3173033859778185,2.924451665312744,0.1003101215827007,Trung tinh
2017-04-14,15.96,55.05,100.41457553528318,2359.31,2.3,28.9,1267.0,244.524,0.3,2.199689878417299,-0.020655859843377034,-0.3173033859778185,2.924451665312744,0.1003101215827007,Trung tinh
2017-04-15,15.96,55.05,100.41457553528318,2359.31,2.3,28.9,1267.0,244.524,0.3,2.199689878417299,0.0,-0.3173033859778185,2.924451665312744,0.1003101215827007,Trung tinh
2017-04-16,15.96,55.05,100.41457553528318,2359.31,2.3,28.9,1267.0,244.524,0.3,2.199689878417299,0.0,-0.3173033859778185,2.924451665312744,0.1003101215827007,Trung tinh
2017-04-17,14.66,54.79,100.09787978014027,2359.31,2.3,28.9,1267.0,244.524,0.3,2.199689878417299,-0.31538823268900673,-0.3173033859778185,2.924451665312744,0.1003101215827007,Risk-on
2017-04-18,14.42,52.6,99.72180390009554,2359.31,2.3,28.9,1267.0,244.524,0.3,2.199689878417299,-0.3757081377455451,-0.3173033859778185,2.924451665312744,0.1003101215827007,Risk-on
2017-04-19,14.93,52.43,99.84474118781337,2359.31,2.3,28.9,1267.0,244.524,0.3,2.199689878417299,0.12328024856127495,-0.3173033859778185,2.924451665312744,0.1003101215827007,Risk-on
2017-04-20,14.15,50.66,99.55009928005727,2359.31,2.3,28.9,1267.0,244.524,0.3,2.199689878417299,-0.2951000766298395,-0.3173033859778185,2.924451665312744,0.1003101215827007,Risk-on
2017-04-21,14.63,49.93,99.96062135940693,2359.31,2.3,28.9,1267.0,244.524,0.3,2.199689878417299,0.41237736809760506,-0.3173033859778185,2.924451665312744,0.1003101215827007,Risk-on
2017-04-22,14.63,49.93,99.96062135940693,2359.31,2.3,28.9,1267.0,244.524,0.3,2.199689878417299,0.0,-0.3173033859778185,2.924451665312744,0.1003101215827007,Risk-on
2017-04-23,14.63,49.93,99.96062135940693,2359.31,2.3,28.9,1267.0,244.524,0.3,2.199689878417299,0.0,-0.3173033859778185,2.924451665312744,0.1003101215827007,Risk-on
2017-04-24,10.84,49.45,99.16847742799371,2359.31,2.3,28.9,1267.0,244.524,0.3,2.199689878417299,-0.7924559898093042,-0.3173033859778185,2.924451665312744,0.1003101215827007,Risk-on
2017-04-25,10.76,49.37,98.76314301827341,2359.31,2.3,28.9,1267.0,244.524,0.3,2.199689878417299,-0.4087331178545206,-0.3173033859778185,2.924451665312744,0.1003101215827007,Risk-on
2017-04-26,10.85,49.99,99.20301636193969,2359.31,2.3,28.9,1267.0,244.524,0.3,2.199689878417299,0.44538208305591187,-0.3173033859778185,2.924451665312744,0.1003101215827007,Risk-on
2017-04-27,10.36,49.46,99.22922799423816,2359.31,2.3,28.9,1267.0,244.524,0.3,2.199689878417299,0.02642221301298875,-0.3173033859778185,2.924451665312744,0.1003101215827007,Risk-on
2017-04-28,10.82,49.46,99.06780524882889,2359.31,2.3,28.9,1267.0,244.524,0.3,2.199689878417299,-0.1626766111882283,-0.3173033859778185,2.924451665312744,0.1003101215827007,Risk-on
2017-04-29,10.82,49.46,99.06780524882889,2359.31,2.3,28.9,1267.0,244.524,0.3,2.199689878417299,0.0,-0.3173033859778185,2.924451665312744,0.1003101215827007,Risk-on
2017-04-30,10.82,49.46,99.06780524882889,2359.31,2.3,28.9,1267.0,244.524,0.3,2.199689878417299,0.0,-0.3173033859778185,2.924451665312744,0.1003101215827007,Risk-on
2017-05-01,10.11,50.41,99.01208324875736,2395.35,2.3,29.31,1246.0,244.733,0.09,1.8748777208413614,-0.0562463253642953,1.527565262725128,-1.6574585635359074,0.4251222791586384,Risk-on
2017-05-02,10.59,49.31,99.0976317816809,2395.35,2.3,29.31,1246.0,244.733,0.09,1.8748777208413614,0.08640211387997976,1.527565262725128,-1.6574585635359074,0.4251222791586384,Risk-on
2017-05-03,10.68,48.82,99.05494399645416,2395.35,2.3,29.31,1246.0,244.733,0.09,1.8748777208413614,-0.04307649381651846,1.527565262725128,-1.6574585635359074,0.4251222791586384,Risk-on
2017-05-04,10.46,47.53,98.87310257018038,2395.35,2.3,29.31,1246.0,244.733,0.09,1.8748777208413614,-0.18357632535765944,1.527565262725128,-1.6574585635359074,0.4251222791586384,Risk-on
2017-05-05,10.57,47.45,98.63289438801424,2395.35,2.3,29.31,1246.0,244.733,0.09,1.8748777208413614,-0.24294593364827533,1.527565262725128,-1.6574585635359074,0.4251222791586384,Risk-on
2017-05-06,10.57,47.45,98.63289438801424,2395.35,2.3,29.31,1246.0,244.733,0.09,1.8748777208413614,0.0,1.527565262725128,-1.6574585635359074,0.4251222791586384,Risk-on
2017-05-07,10.57,47.45,98.63289438801424,2395.35,2.3,29.31,1246.0,244.733,0.09,1.8748777208413614,0.0,1.527565262725128,-1.6574585635359074,0.4251222791586384,Risk-on
2017-05-08,9.77,46.61,99.0871115179342,2395.35,2.3,29.31,1246.0,244.733,0.09,1.8748777208413614,0.4605128266165659,1.527565262725128,-1.6574585635359074,0.4251222791586384,Risk-on
2017-05-09,9.96,47.06,99.58488100868409,2395.35,2.3,29.31,1246.0,244.733,0.09,1.8748777208413614,0.5023554356610616,1.527565262725128,-1.6574585635359074,0.4251222791586384,Risk-on
2017-05-10,10.21,48.09,99.55237535571901,2395.35,2.3,29.31,1246.0,244.733,0.09,1.8748777208413614,-0.032641152588464006,1.527565262725128,-1.6574585635359074,0.4251222791586384,Risk-on
2017-05-11,10.6,49.18,99.59231845122318,2395.35,2.3,29.31,1246.0,244.733,0.09,1.8748777208413614,0.040122694573030415,1.527565262725128,-1.6574585635359074,0.4251222791586384,Risk-on
2017-05-12,10.4,49.08,99.22138242760055,2395.35,2.3,29.31,1246.0,244.733,0.09,1.8748777208413614,-0.37245445169981073,1.527565262725128,-1.6574585635359074,0.4251222791586384,Risk-on
2017-05-13,10.4,49.08,99.22138242760055,2395.35,2.3,29.31,1246.0,244.733,0.09,1.8748777208413614,0.0,1.527565262725128,-1.6574585635359074,0.4251222791586384,Risk-on
2017-05-14,10.4,49.08,99.22138242760055,2395.35,2.3,29.31,1246.0,244.733,0.09,1.8748777208413614,0.0,1.527565262725128,-1.6574585635359074,0.4251222791586384,Risk-on
2017-05-15,10.42,51.29,98.86860895493676,2395.35,2.3,29.31,1246.0,244.733,0.09,1.8748777208413614,-0.35554178346708376,1.527565262725128,-1.6574585635359074,0.4251222791586384,Risk-on
2017-05-16,10.65,51.21,98.28316879375,2395.35,2.3,29.31,1246.0,244.733,0.09,1.8748777208413614,-0.5921395753161751,1.527565262725128,-1.6574585635359074,0.4251222791586384,Risk-on
2017-05-17,15.59,51.76,97.68030763168943,2395.35,2.3,29.31,1246.0,244.733,0.09,1.8748777208413614,-0.6133920685093996,1.527565262725128,-1.6574585635359074,0.4251222791586384,Trung tinh
2017-05-18,14.66,51.71,97.57085531249513,2395.35,2.3,29.31,1246.0,244.733,0.09,1.8748777208413614,-0.11205157093382434,1.527565262725128,-1.6574585635359074,0.4251222791586384,Risk-on
2017-05-19,12.04,52.78,97.276524648552,2395.35,2.3,29.31,1246.0,244.733,0.09,1.8748777208413614,-0.3016583825164343,1.527565262725128,-1.6574585635359074,0.4251222791586384,Risk-on
2017-05-20,12.04,52.78,97.276524648552,2395.35,2.3,29.31,1246.0,244.733,0.09,1.8748777208413614,0.0,1.527565262725128,-1.6574585635359074,0.4251222791586384,Risk-on
2017-05-21,12.04,52.78,97.276524648552,2395.35,2.3,29.31,1246.0,244.733,0.09,1.8748777208413614,0.0,1.527565262725128,-1.6574585635359074,0.4251222791586384,Risk-on
2017-05-22,10.93,53.35,96.96940501649325,2395.35,2.3,29.31,1246.0,244.733,0.09,1.8748777208413614,-0.31571813771958945,1.527565262725128,-1.6574585635359074,0.4251222791586384,Risk-on
2017-05-23,10.72,53.19,97.23297501383247,2395.35,2.3,29.31,1246.0,244.733,0.09,1.8748777208413614,0.2718073781048602,1.527565262725128,-1.6574585635359074,0.4251222791586384,Risk-on
2017-05-24,10.02,53.29,97.42785737620773,2395.35,2.3,29.31,1246.0,244.733,0.09,1.8748777208413614,0.2004282624773479,1.527565262725128,-1.6574585635359074,0.4251222791586384,Risk-on
2017-05-25,9.99,52.25,97.12065554884623,2395.35,2.3,29.31,1246.0,244.733,0.09,1.8748777208413614,-0.3153121043966589,1.527565262725128,-1.6574585635359074,0.4251222791586384,Risk-on
2017-05-26,9.81,50.84,97.4800250540493,2395.35,2.3,29.31,1246.0,244.733,0.09,1.8748777208413614,0.3700237639173931,1.527565262725128,-1.6574585635359074,0.4251222791586384,Risk-on
2017-05-27,9.81,50.84,97.4800250540493,2395.35,2.3,29.31,1246.0,244.733,0.09,1.8748777208413614,0.0,1.527565262725128,-1.6574585635359074,0.4251222791586384,Risk-on
2017-05-28,9.81,50.84,97.4800250540493,2395.35,2.3,29.31,1246.0,244.733,0.09,1.8748777208413614,0.0,1.527565262725128,-1.6574585635359074,0.4251222791586384,Risk-on
2017-05-29,9.81,52.25,97.4800250540493,2395.35,2.3,29.31,1246.0,244.733,0.09,1.8748777208413614,0.0,1.527565262725128,-1.6574585635359074,0.4251222791586384,Risk-on
2017-05-30,10.38,50.65,97.29663247948874,2395.35,2.3,29.31,1246.0,244.733,0.09,1.8748777208413614,-0.18813349140902602,1.527565262725128,-1.6574585635359074,0.4251222791586384,Risk-on
2017-05-31,10.41,49.4,96.97517370589279,2395.35,2.3,29.31,1246.0,244.733,0.09,1.8748777208413614,-0.3303904414818426,0.0,0.0,0.4251222791586384,Risk-on
2017-06-01,9.89,50.41,97.1622310816677,2433.99,2.19,29.75,1260.0,244.955,0.09,1.633487955256463,0.19289202444969789,1.6131254305216336,1.1235955056179803,0.556512044743537,Risk-on
2017-06-02,9.75,48.46,96.76157090366299,2433.99,2.19,29.75,1260.0,244.955,0.09,1.633487955256463,-0.4123620603853184,1.6131254305216336,1.1235955056179803,0.556512044743537,Risk-on
2017-06-03,9.75,48.46,96.76157090366299,2433.99,2.19,29.75,1260.0,244.955,0.09,1.633487955256463,0.0,1.6131254305216336,1.1235955056179803,0.556512044743537,Risk-on
2017-06-04,9.75,48.46,96.76157090366299,2433.99,2.19,29.75,1260.0,244.955,0.09,1.633487955256463,0.0,1.6131254305216336,1.1235955056179803,0.556512044743537,Risk-on
2017-06-05,10.07,48.25,96.8427706811344,2433.99,2.19,29.75,1260.0,244.955,0.09,1.633487955256463,0.08391738239994506,1.6131254305216336,1.1235955056179803,0.556512044743537,Risk-on
2017-06-06,10.45,48.11,96.61017627843572,2433.99,2.19,29.75,1260.0,244.955,0.09,1.633487955256463,-0.24017735248873517,1.6131254305216336,1.1235955056179803,0.556512044743537,Risk-on
2017-06-07,10.39,47.08,96.81045150420152,2433.99,2.19,29.75,1260.0,244.955,0.09,1.633487955256463,0.20730241210678013,1.6131254305216336,1.1235955056179803,0.556512044743537,Risk-on
2017-06-08,10.16,46.3,96.97805713947959,2433.99,2.19,29.75,1260.0,244.955,0.09,1.633487955256463,0.17312762483170374,1.6131254305216336,1.1235955056179803,0.556512044743537,Risk-on
2017-06-09,10.7,46.64,97.32862805464435,2433.99,2.19,29.75,1260.0,244.955,0.09,1.633487955256463,0.36149509023526427,1.6131254305216336,1.1235955056179803,0.556512044743537,Risk-on
2017-06-10,10.7,46.64,97.32862805464435,2433.99,2.19,29.75,1260.0,244.955,0.09,1.633487955256463,0.0,1.6131254305216336,1.1235955056179803,0.556512044743537,Risk-on
2017-06-11,10.7,46.64,97.32862805464435,2433.99,2.19,29.75,1260.0,244.955,0.09,1.633487955256463,0.0,1.6131254305216336,1.1235955056179803,0.556512044743537,Risk-on
2017-06-12,11.46,47.18,97.23366049949267,2433.99,2.19,29.75,1260.0,244.955,0.09,1.633487955256463,-0.09757412289667089,1.6131254305216336,1.1235955056179803,0.556512044743537,Risk-on
2017-06-13,10.42,46.95,97.09575897267756,2433.99,2.19,29.75,1260.0,244.955,0.09,1.633487955256463,-0.14182488461990106,1.6131254305216336,1.1235955056179803,0.556512044743537,Risk-on
2017-06-14,10.64,45.47,96.45541109138192,2433.99,2.19,29.75,1260.0,244.955,0.09,1.633487955256463,-0.6595013912768621,1.6131254305216336,1.1235955056179803,0.556512044743537,Risk-on
2017-06-15,10.9,45.61,97.42922155215732,2433.99,2.19,29.75,1260.0,244.955,0.09,1.633487955256463,1.0095965065690438,1.6131254305216336,1.1235955056179803,0.556512044743537,Risk-on
2017-06-16,10.38,45.7,97.16938506195075,2433.99,2.19,29.75,1260.0,244.955,0.09,1.633487955256463,-0.26669256519459283,1.6131254305216336,1.1235955056179803,0.556512044743537,Risk-on
2017-06-17,10.38,45.7,97.16938506195075,2433.99,2.19,29.75,1260.0,244.955,0.09,1.633487955256463,0.0,1.6131254305216336,1.1235955056179803,0.556512044743537,Risk-on
2017-06-18,10.38,45.7,97.16938506195075,2433.99,2.19,29.75,1260.0,244.955,0.09,1.633487955256463,0.0,1.6131254305216336,1.1235955056179803,0.556512044743537,Risk-on
2017-06-19,10.37,45.93,97.42966708210162,2433.99,2.19,29.75,1260.0,244.955,0.09,1.633487955256463,0.2678642249150043,1.6131254305216336,1.1235955056179803,0.556512044743537,Risk-on
2017-06-20,10.86,43.98,97.80925493086816,2433.99,2.19,29.75,1260.0,244.955,0.09,1.633487955256463,0.3896019150375185,1.6131254305216336,1.1235955056179803,0.556512044743537,Risk-on
2017-06-21,10.75,44.62,97.70427300545782,2433.99,2.19,29.75,1260.0,244.955,0.09,1.633487955256463,-0.10733332493386705,1.6131254305216336,1.1235955056179803,0.556512044743537,Risk-on
2017-06-22,10.48,44.46,97.59218246938532,2433.99,2.19,29.75,1260.0,244.955,0.09,1.633487955256463,-0.11472429262765482,1.6131254305216336,1.1235955056179803,0.556512044743537,Risk-on
2017-06-23,10.02,44.14,97.26549853172854,2433.99,2.19,29.75,1260.0,244.955,0.09,1.633487955256463,-0.3347439614430847,1.6131254305216336,1.1235955056179803,0.556512044743537,Risk-on
2017-06-24,10.02,44.14,97.26549853172854,2433.99,2.19,29.75,1260.0,244.955,0.09,1.633487955256463,0.0,1.6131254305216336,1.1235955056179803,0.556512044743537,Risk-on
2017-06-25,10.02,44.14,97.26549853172854,2433.99,2.19,29.75,1260.0,244.955,0.09,1.633487955256463,0.0,1.6131254305216336,1.1235955056179803,0.556512044743537,Risk-on
2017-06-26,9.9,44.09,97.2684530259706,2433.99,2.19,29.75,1260.0,244.955,0.09,1.633487955256463,0.0030375562626527852,1.6131254305216336,1.1235955056179803,0.556512044743537,Risk-on
2017-06-27,11.06,46.17,96.70542505310493,2433.99,2.19,29.75,1260.0,244.955,0.09,1.633487955256463,-0.5788392385713603,1.6131254305216336,1.1235955056179803,0.556512044743537,Risk-on
2017-06-28,10.03,46.45,96.11036848837534,2433.99,2.19,29.75,1260.0,244.955,0.09,1.633487955256463,-0.6153290411606394,1.6131254305216336,1.1235955056179803,0.556512044743537,Risk-on
2017-06-29,11.44,47.02,95.74463268120493,2433.99,2.19,29.75,1260.0,244.955,0.09,1.633487955256463,-0.3805373061436579,1.6131254305216336,1.1235955056179803,0.556512044743537,Risk-on
2017-06-30,11.18,47.08,95.74254354673835,2433.99,2.19,29.75,1260.0,244.955,0.09,1.633487955256463,-0.00218198598509467,1.6131254305216336,1.1235955056179803,0.556512044743537,Risk-on
2017-07-01,11.18,47.08,95.74254354673835,2454.1,2.32,30.0,1237.0,244.786,-0.07,1.727978456372492,0.0,0.8262153911889669,-1.82539682539683,0.5920215436275078,Risk-on
2017-07-02,11.18,47.08,95.74254354673835,2454.1,2.32,30.0,1237.0,244.786,-0.07,1.727978456372492,0.0,0.8262153911889669,-1.82539682539683,0.5920215436275078,Risk-on
2017-07-03,11.22,49.13,96.14635743548959,2454.1,2.32,30.0,1237.0,244.786,-0.07,1.727978456372492,0.42177058786214694,0.8262153911889669,-1.82539682539683,0.5920215436275078,Risk-on
2017-07-04,11.22,49.15,96.14635743548959,2454.1,2.32,30.0,1237.0,244.786,-0.07,1.727978456372492,0.0,0.8262153911889669,-1.82539682539683,0.5920215436275078,Risk-on
2017-07-05,11.07,47.58,96.31941222912639,2454.1,2.32,30.0,1237.0,244.786,-0.07,1.727978456372492,0.17999100356236308,0.8262153911889669,-1.82539682539683,0.5920215436275078,Risk-on
2017-07-06,12.54,48.53,95.86874141275541,2454.1,2.32,30.0,1237.0,244.786,-0.07,1.727978456372492,-0.4678919918021385,0.8262153911889669,-1.82539682539683,0.5920215436275078,Risk-on
2017-07-07,11.19,46.47,96.05971722158336,2454.1,2.32,30.0,1237.0,244.786,-0.07,1.727978456372492,0.19920550328882403,0.8262153911889669,-1.82539682539683,0.5920215436275078,Risk-on
2017-07-08,11.19,46.47,96.05971722158336,2454.1,2.32,30.0,1237.0,244.786,-0.07,1.727978456372492,0.0,0.8262153911889669,-1.82539682539683,0.5920215436275078,Risk-on
2017-07-09,11.19,46.47,96.05971722158336,2454.1,2.32,30.0,1237.0,244.786,-0.07,1.727978456372492,0.0,0.8262153911889669,-1.82539682539683,0.5920215436275078,Risk-on
2017-07-10,11.11,46.57,96.06808508634194,2454.1,2.32,30.0,1237.0,244.786,-0.07,1.727978456372492,0.008711107007819407,0.8262153911889669,-1.82539682539683,0.5920215436275078,Risk-on
2017-07-11,10.89,46.68,95.97116168109507,2454.1,2.32,30.0,1237.0,244.786,-0.07,1.727978456372492,-0.10089032706309675,0.8262153911889669,-1.82539682539683,0.5920215436275078,Risk-on
2017-07-12,10.3,46.73,95.79483925841053,2454.1,2.32,30.0,1237.0,244.786,-0.07,1.727978456372492,-0.18372438094522714,0.8262153911889669,-1.82539682539683,0.5920215436275078,Risk-on
2017-07-13,9.9,47.65,95.88298217944055,2454.1,2.32,30.0,1237.0,244.786,-0.07,1.727978456372492,0.09201218114918142,0.8262153911889669,-1.82539682539683,0.5920215436275078,Risk-on
2017-07-14,9.51,47.89,95.25489977129197,2454.1,2.32,30.0,1237.0,244.786,-0.07,1.727978456372492,-0.6550509734596588,0.8262153911889669,-1.82539682539683,0.5920215436275078,Risk-on
2017-07-15,9.51,47.89,95.25489977129197,2454.1,2.32,30.0,1237.0,244.786,-0.07,1.727978456372492,0.0,0.8262153911889669,-1.82539682539683,0.5920215436275078,Risk-on
2017-07-16,9.51,47.89,95.25489977129197,2454.1,2.32,30.0,1237.0,244.786,-0.07,1.727978456372492,0.0,0.8262153911889669,-1.82539682539683,0.5920215436275078,Risk-on
2017-07-17,9.82,47.66,95.18530621013537,2454.1,2.32,30.0,1237.0,244.786,-0.07,1.727978456372492,-0.07306034789150706,0.8262153911889669,-1.82539682539683,0.5920215436275078,Risk-on
2017-07-18,9.89,47.92,94.54727877122349,2454.1,2.32,30.0,1237.0,244.786,-0.07,1.727978456372492,-0.6703003481475789,0.8262153911889669,-1.82539682539683,0.5920215436275078,Risk-on
2017-07-19,9.79,48.34,94.77056613084038,2454.1,2.32,30.0,1237.0,244.786,-0.07,1.727978456372492,0.23616476594443547,0.8262153911889669,-1.82539682539683,0.5920215436275078,Risk-on
2017-07-20,9.58,48.54,94.21950179577787,2454.1,2.32,30.0,1237.0,244.786,-0.07,1.727978456372492,-0.5814720303577214,0.8262153911889669,-1.82539682539683,0.5920215436275078,Risk-on
2017-07-21,9.36,47.47,94.04249934470738,2454.1,2.32,30.0,1237.0,244.786,-0.07,1.727978456372492,-0.18786179898737654,0.8262153911889669,-1.82539682539683,0.5920215436275078,Risk-on
2017-07-22,9.36,47.47,94.04249934470738,2454.1,2.32,30.0,1237.0,244.786,-0.07,1.727978456372492,0.0,0.8262153911889669,-1.82539682539683,0.5920215436275078,Risk-on
2017-07-23,9.36,47.47,94.04249934470738,2454.1,2.32,30.0,1237.0,244.786,-0.07,1.727978456372492,0.0,0.8262153911889669,-1.82539682539683,0.5920215436275078,Risk-on
2017-07-24,9.43,47.81,94.00971753928539,2454.1,2.32,30.0,1237.0,244.786,-0.07,1.727978456372492,-0.03485850083783104,0.8262153911889669,-1.82539682539683,0.5920215436275078,Risk-on
2017-07-25,9.43,49.19,93.97911256064154,2454.1,2.32,30.0,1237.0,244.786,-0.07,1.727978456372492,-0.032555122433020056,0.8262153911889669,-1.82539682539683,0.5920215436275078,Risk-on
2017-07-26,9.6,50.08,94.19087417884127,2454.1,2.32,30.0,1237.0,244.786,-0.07,1.727978456372492,0.22532838673390287,0.8262153911889669,-1.82539682539683,0.5920215436275078,Risk-on
2017-07-27,10.11,50.67,94.05001411547153,2454.1,2.32,30.0,1237.0,244.786,-0.07,1.727978456372492,-0.1495474636983296,0.8262153911889669,-1.82539682539683,0.5920215436275078,Risk-on
2017-07-28,10.29,52.0,93.35856751690193,2454.1,2.32,30.0,1237.0,244.786,-0.07,1.727978456372492,-0.7351903187602482,0.8262153911889669,-1.82539682539683,0.5920215436275078,Risk-on
2017-07-29,10.29,52.0,93.35856751690193,2454.1,2.32,30.0,1237.0,244.786,-0.07,1.727978456372492,0.0,0.8262153911889669,-1.82539682539683,0.5920215436275078,Risk-on
2017-07-30,10.29,52.0,93.35856751690193,2454.1,2.32,30.0,1237.0,244.786,-0.07,1.727978456372492,0.0,0.8262153911889669,-1.82539682539683,0.5920215436275078,Risk-on
2017-07-31,10.26,51.99,92.91636251602986,2454.1,2.32,30.0,1237.0,244.786,-0.07,1.727978456372492,-0.47366300986999565,0.0,0.0,0.5920215436275078,Risk-on
2017-08-01,10.09,50.77,93.07558549371437,2456.22,2.21,29.91,1283.0,245.519,0.3,1.9389742120581754,0.17136161314648124,0.08638604783830495,3.7186742118027416,0.2710257879418245,Risk-on
2017-08-02,10.28,52.09,92.78828385556811,2456.22,2.21,29.91,1283.0,245.519,0.3,1.9389742120581754,-0.30867561737299987,0.08638604783830495,3.7186742118027416,0.2710257879418245,Risk-on
2017-08-03,10.44,52.88,92.76064553355842,2456.22,2.21,29.91,1283.0,245.519,0.3,1.9389742120581754,-0.029786435163203784,0.08638604783830495,3.7186742118027416,0.2710257879418245,Risk-on
2017-08-04,10.03,52.48,93.59149120334514,2456.22,2.21,29.91,1283.0,245.519,0.3,1.9389742120581754,0.8956876755306098,0.08638604783830495,3.7186742118027416,0.2710257879418245,Risk-on
2017-08-05,10.03,52.48,93.59149120334514,2456.22,2.21,29.91,1283.0,245.519,0.3,1.9389742120581754,0.0,0.08638604783830495,3.7186742118027416,0.2710257879418245,Risk-on
2017-08-06,10.03,52.48,93.59149120334514,2456.22,2.21,29.91,1283.0,245.519,0.3,1.9389742120581754,0.0,0.08638604783830495,3.7186742118027416,0.2710257879418245,Risk-on
2017-08-07,9.93,51.42,93.47780829765365,2456.22,2.21,29.91,1283.0,245.519,0.3,1.9389742120581754,-0.12146713790945896,0.08638604783830495,3.7186742118027416,0.2710257879418245,Risk-on
2017-08-08,10.96,52.18,93.83003861739145,2456.22,2.21,29.91,1283.0,245.519,0.3,1.9389742120581754,0.3768063523871046,0.08638604783830495,3.7186742118027416,0.2710257879418245,Risk-on
2017-08-09,11.11,52.16,93.60318863843473,2456.22,2.21,29.91,1283.0,245.519,0.3,1.9389742120581754,-0.24176690354114072,0.08638604783830495,3.7186742118027416,0.2710257879418245,Risk-on
2017-08-10,16.04,52.59,93.50457254715593,2456.22,2.21,29.91,1283.0,245.519,0.3,1.9389742120581754,-0.10535548277070816,0.08638604783830495,3.7186742118027416,0.2710257879418245,Trung tinh
2017-08-11,15.51,51.47,93.1640670930784,2456.22,2.21,29.91,1283.0,245.519,0.3,1.9389742120581754,-0.36415914730352217,0.08638604783830495,3.7186742118027416,0.2710257879418245,Trung tinh
2017-08-12,15.51,51.47,93.1640670930784,2456.22,2.21,29.91,1283.0,245.519,0.3,1.9389742120581754,0.0,0.08638604783830495,3.7186742118027416,0.2710257879418245,Trung tinh
2017-08-13,15.51,51.47,93.1640670930784,2456.22,2.21,29.91,1283.0,245.519,0.3,1.9389742120581754,0.0,0.08638604783830495,3.7186742118027416,0.2710257879418245,Trung tinh
2017-08-14,12.33,51.29,93.3627272544258,2456.22,2.21,29.91,1283.0,245.519,0.3,1.9389742120581754,0.21323689223327058,0.08638604783830495,3.7186742118027416,0.2710257879418245,Risk-on
2017-08-15,12.04,49.9,93.81784750381937,2456.22,2.21,29.91,1283.0,245.519,0.3,1.9389742120581754,0.4874753156613565,0.08638604783830495,3.7186742118027416,0.2710257879418245,Risk-on
2017-08-16,11.74,50.39,94.01557062960956,2456.22,2.21,29.91,1283.0,245.519,0.3,1.9389742120581754,0.21075214476877768,0.08638604783830495,3.7186742118027416,0.2710257879418245,Risk-on
2017-08-17,15.55,50.37,93.65373214887252,2456.22,2.21,29.91,1283.0,245.519,0.3,1.9389742120581754,-0.38487080205316104,0.08638604783830495,3.7186742118027416,0.2710257879418245,Trung tinh
2017-08-18,14.26,50.96,93.52343784510308,2456.22,2.21,29.91,1283.0,245.519,0.3,1.9389742120581754,-0.1391234505874528,0.08638604783830495,3.7186742118027416,0.2710257879418245,Risk-on
2017-08-19,14.26,50.96,93.52343784510308,2456.22,2.21,29.91,1283.0,245.519,0.3,1.9389742120581754,0.0,0.08638604783830495,3.7186742118027416,0.2710257879418245,Risk-on
2017-08-20,14.26,50.96,93.52343784510308,2456.22,2.21,29.91,1283.0,245.519,0.3,1.9389742120581754,0.0,0.08638604783830495,3.7186742118027416,0.2710257879418245,Risk-on
2017-08-21,13.19,51.94,93.10517773451049,2456.22,2.21,29.91,1283.0,245.519,0.3,1.9389742120581754,-0.4472249098512848,0.08638604783830495,3.7186742118027416,0.2710257879418245,Risk-on
2017-08-22,11.35,52.29,93.47000589694063,2456.22,2.21,29.91,1283.0,245.519,0.3,1.9389742120581754,0.39184519197250633,0.08638604783830495,3.7186742118027416,0.2710257879418245,Risk-on
2017-08-23,12.25,52.31,93.28122951796716,2456.22,2.21,29.91,1283.0,245.519,0.3,1.9389742120581754,-0.20196465931714425,0.08638604783830495,3.7186742118027416,0.2710257879418245,Risk-on
2017-08-24,12.23,51.73,93.26220245495438,2456.22,2.21,29.91,1283.0,245.519,0.3,1.9389742120581754,-0.020397525966486807,0.08638604783830495,3.7186742118027416,0.2710257879418245,Risk-on
2017-08-25,11.28,51.87,92.78139658060007,2456.22,2.21,29.91,1283.0,245.519,0.3,1.9389742120581754,-0.5155420542277356,0.08638604783830495,3.7186742118027416,0.2710257879418245,Risk-on
2017-08-26,11.28,51.87,92.78139658060007,2456.22,2.21,29.91,1283.0,245.519,0.3,1.9389742120581754,0.0,0.08638604783830495,3.7186742118027416,0.2710257879418245,Risk-on
2017-08-27,11.28,51.87,92.78139658060007,2456.22,2.21,29.91,1283.0,245.519,0.3,1.9389742120581754,0.0,0.08638604783830495,3.7186742118027416,0.2710257879418245,Risk-on
2017-08-28,11.32,51.87,92.26241526649034,2456.22,2.21,29.91,1283.0,245.519,0.3,1.9389742120581754,-0.5593592392833746,0.08638604783830495,3.7186742118027416,0.2710257879418245,Risk-on
2017-08-29,11.7,51.64,91.97034903064889,2456.22,2.21,29.91,1283.0,245.519,0.3,1.9389742120581754,-0.3165603620909341,0.08638604783830495,3.7186742118027416,0.2710257879418245,Risk-on
2017-08-30,11.22,51.91,92.66272414672508,2456.22,2.21,29.91,1283.0,245.519,0.3,1.9389742120581754,0.7528242780131977,0.08638604783830495,3.7186742118027416,0.2710257879418245,Risk-on
2017-08-31,10.59,52.69,92.78058633010804,2456.22,2.21,29.91,1283.0,245.519,0.3,1.9389742120581754,0.1271948180546989,0.0,0.0,0.2710257879418245,Risk-on
2017-09-01,10.13,53.15,92.7087169768833,2492.84,2.2,30.17,1314.0,246.819,0.53,2.2329638650032235,-0.07746162863104811,1.4909087948148159,2.4162120031177015,-0.03296386500322335,Risk-on
2017-09-02,10.13,53.15,92.7087169768833,2492.84,2.2,30.17,1314.0,246.819,0.53,2.2329638650032235,0.0,1.4909087948148159,2.4162120031177015,-0.03296386500322335,Risk-on
2017-09-03,10.13,53.15,92.7087169768833,2492.84,2.2,30.17,1314.0,246.819,0.53,2.2329638650032235,0.0,1.4909087948148159,2.4162120031177015,-0.03296386500322335,Risk-on
2017-09-04,10.13,52.6,92.7087169768833,2492.84,2.2,30.17,1314.0,246.819,0.53,2.2329638650032235,0.0,1.4909087948148159,2.4162120031177015,-0.03296386500322335,Risk-on
2017-09-05,12.23,53.63,92.3546502425058,2492.84,2.2,30.17,1314.0,246.819,0.53,2.2329638650032235,-0.38191309935373674,1.4909087948148159,2.4162120031177015,-0.03296386500322335,Risk-on
2017-09-06,11.63,54.48,92.01615242442665,2492.84,2.2,30.17,1314.0,246.819,0.53,2.2329638650032235,-0.36651951709016917,1.4909087948148159,2.4162120031177015,-0.03296386500322335,Risk-on
2017-09-07,11.55,54.16,91.49842572042489,2492.84,2.2,30.17,1314.0,246.819,0.53,2.2329638650032235,-0.5626476334434583,1.4909087948148159,2.4162120031177015,-0.03296386500322335,Risk-on
2017-09-08,12.12,54.55,91.26317122717766,2492.84,2.2,30.17,1314.0,246.819,0.53,2.2329638650032235,-0.25711315948325764,1.4909087948148159,2.4162120031177015,-0.03296386500322335,Risk-on
2017-09-09,12.12,54.55,91.26317122717766,2492.84,2.2,30.17,1314.0,246.819,0.53,2.2329638650032235,0.0,1.4909087948148159,2.4162120031177015,-0.03296386500322335,Risk-on
2017-09-10,12.12,54.55,91.26317122717766,2492.84,2.2,30.17,1314.0,246.819,0.53,2.2329638650032235,0.0,1.4909087948148159,2.4162120031177015,-0.03296386500322335,Risk-on
2017-09-11,10.73,54.2,91.84479767514304,2492.84,2.2,30.17,1314.0,246.819,0.53,2.2329638650032235,0.6373068568015894,1.4909087948148159,2.4162120031177015,-0.03296386500322335,Risk-on
2017-09-12,10.58,55.06,91.86844273156893,2492.84,2.2,30.17,1314.0,246.819,0.53,2.2329638650032235,0.02574457892490223,1.4909087948148159,2.4162120031177015,-0.03296386500322335,Risk-on
2017-09-13,10.5,55.52,92.36796466367524,2492.84,2.2,30.17,1314.0,246.819,0.53,2.2329638650032235,0.5437361484028402,1.4909087948148159,2.4162120031177015,-0.03296386500322335,Risk-on
2017-09-14,10.44,56.76,92.28887388824195,2492.84,2.2,30.17,1314.0,246.819,0.53,2.2329638650032235,-0.08562576399866462,1.4909087948148159,2.4162120031177015,-0.03296386500322335,Risk-on
2017-09-15,10.17,56.18,91.77594656411846,2492.84,2.2,30.17,1314.0,246.819,0.53,2.2329638650032235,-0.5557845734954214,1.4909087948148159,2.4162120031177015,-0.03296386500322335,Risk-on
2017-09-16,10.17,56.18,91.77594656411846,2492.84,2.2,30.17,1314.0,246.819,0.53,2.2329638650032235,0.0,1.4909087948148159,2.4162120031177015,-0.03296386500322335,Risk-on
2017-09-17,10.17,56.18,91.77594656411846,2492.84,2.2,30.17,1314.0,246.819,0.53,2.2329638650032235,0.0,1.4909087948148159,2.4162120031177015,-0.03296386500322335,Risk-on
2017-09-18,10.15,55.5,92.06765962659264,2492.84,2.2,30.17,1314.0,246.819,0.53,2.2329638650032235,0.31785350453497063,1.4909087948148159,2.4162120031177015,-0.03296386500322335,Risk-on
2017-09-19,10.18,56.58,91.86836303760788,2492.84,2.2,30.17,1314.0,246.819,0.53,2.2329638650032235,-0.21646753028486954,1.4909087948148159,2.4162120031177015,-0.03296386500322335,Risk-on
2017-09-20,9.78,57.2,91.74908800262732,2492.84,2.2,30.17,1314.0,246.819,0.53,2.2329638650032235,-0.12983254630511976,1.4909087948148159,2.4162120031177015,-0.03296386500322335,Risk-on
2017-09-21,9.67,57.73,92.1363398851972,2492.84,2.2,30.17,1314.0,246.819,0.53,2.2329638650032235,0.4220770919911354,1.4909087948148159,2.4162120031177015,-0.03296386500322335,Risk-on
2017-09-22,9.59,58.16,92.01496475809712,2492.84,2.2,30.17,1314.0,246.819,0.53,2.2329638650032235,-0.13173426169448277,1.4909087948148159,2.4162120031177015,-0.03296386500322335,Risk-on
2017-09-23,9.59,58.16,92.01496475809712,2492.84,2.2,30.17,1314.0,246.819,0.53,2.2329638650032235,0.0,1.4909087948148159,2.4162120031177015,-0.03296386500322335,Risk-on
2017-09-24,9.59,58.16,92.01496475809712,2492.84,2.2,30.17,1314.0,246.819,0.53,2.2329638650032235,0.0,1.4909087948148159,2.4162120031177015,-0.03296386500322335,Risk-on
2017-09-25,10.21,59.42,92.62410121524023,2492.84,2.2,30.17,1314.0,246.819,0.53,2.2329638650032235,0.6619971639879374,1.4909087948148159,2.4162120031177015,-0.03296386500322335,Risk-on
2017-09-26,10.17,59.77,93.1552034297283,2492.84,2.2,30.17,1314.0,246.819,0.53,2.2329638650032235,0.5733952691793442,1.4909087948148159,2.4162120031177015,-0.03296386500322335,Risk-on
2017-09-27,9.87,58.74,93.38545611892177,2492.84,2.2,30.17,1314.0,246.819,0.53,2.2329638650032235,0.24717104436056125,1.4909087948148159,2.4162120031177015,-0.03296386500322335,Risk-on
2017-09-28,9.55,58.8,93.24485291264189,2492.84,2.2,30.17,1314.0,246.819,0.53,2.2329638650032235,-0.15056220970942613,1.4909087948148159,2.4162120031177015,-0.03296386500322335,Risk-on
2017-09-29,9.51,57.02,93.12287840485303,2492.84,2.2,30.17,1314.0,246.819,0.53,2.2329638650032235,-0.130810982031504,1.4909087948148159,2.4162120031177015,-0.03296386500322335,Risk-on
2017-09-30,9.51,57.02,93.12287840485303,2492.84,2.2,30.17,1314.0,246.819,0.53,2.2329638650032235,0.0,1.4909087948148159,2.4162120031177015,-0.03296386500322335,Risk-on
2017-10-01,9.51,57.02,93.12287840485303,2557.0,2.36,30.92,1280.0,246.663,-0.06,2.0411287019761692,0.0,2.5737712809486224,-2.5875190258751957,0.31887129802383063,Risk-on
2017-10-02,9.45,55.67,93.55810505252937,2557.0,2.36,30.92,1280.0,246.663,-0.06,2.0411287019761692,0.46736812170280473,2.5737712809486224,-2.5875190258751957,0.31887129802383063,Risk-on
2017-10-03,9.51,56.12,93.50840841202633,2557.0,2.36,30.92,1280.0,246.663,-0.06,2.0411287019761692,-0.05311847698832306,2.5737712809486224,-2.5875190258751957,0.31887129802383063,Risk-on
2017-10-04,9.63,56.0,93.47230197889431,2557.0,2.36,30.92,1280.0,246.663,-0.06,2.0411287019761692,-0.038613033571188726,2.5737712809486224,-2.5875190258751957,0.31887129802383063,Risk-on
2017-10-05,9.19,57.09,93.90764969852962,2557.0,2.36,30.92,1280.0,246.663,-0.06,2.0411287019761692,0.4657505062126477,2.5737712809486224,-2.5875190258751957,0.31887129802383063,Risk-on
2017-10-06,9.65,55.5,93.82284253528964,2557.0,2.36,30.92,1280.0,246.663,-0.06,2.0411287019761692,-0.0903091106126519,2.5737712809486224,-2.5875190258751957,0.31887129802383063,Risk-on
2017-10-07,9.65,55.5,93.82284253528964,2557.0,2.36,30.92,1280.0,246.663,-0.06,2.0411287019761692,0.0,2.5737712809486224,-2.5875190258751957,0.31887129802383063,Risk-on
2017-10-08,9.65,55.5,93.82284253528964,2557.0,2.36,30.92,1280.0,246.663,-0.06,2.0411287019761692,0.0,2.5737712809486224,-2.5875190258751957,0.31887129802383063,Risk-on
2017-10-09,10.33,55.29,93.82284253528964,2557.0,2.36,30.92,1280.0,246.663,-0.06,2.0411287019761692,0.0,2.5737712809486224,-2.5875190258751957,0.31887129802383063,Risk-on
2017-10-10,10.08,56.62,93.23843151549303,2557.0,2.36,30.92,1280.0,246.663,-0.06,2.0411287019761692,-0.6228877787163523,2.5737712809486224,-2.5875190258751957,0.31887129802383063,Risk-on
2017-10-11,9.85,56.13,93.06528134259005,2557.0,2.36,30.92,1280.0,246.663,-0.06,2.0411287019761692,-0.18570687010560638,2.5737712809486224,-2.5875190258751957,0.31887129802383063,Risk-on
2017-10-12,9.91,56.13,93.13795145106448,2557.0,2.36,30.92,1280.0,246.663,-0.06,2.0411287019761692,0.07808508976285822,2.5737712809486224,-2.5875190258751957,0.31887129802383063,Risk-on
2017-10-13,9.61,56.86,93.00068225497272,2557.0,2.36,30.92,1280.0,246.663,-0.06,2.0411287019761692,-0.1473826661990585,2.5737712809486224,-2.5875190258751957,0.31887129802383063,Risk-on
2017-10-14,9.61,56.86,93.00068225497272,2557.0,2.36,30.92,1280.0,246.663,-0.06,2.0411287019761692,0.0,2.5737712809486224,-2.5875190258751957,0.31887129802383063,Risk-on
2017-10-15,9.61,56.86,93.00068225497272,2557.0,2.36,30.92,1280.0,246.663,-0.06,2.0411287019761692,0.0,2.5737712809486224,-2.5875190258751957,0.31887129802383063,Risk-on
2017-10-16,9.91,57.49,93.13374472870184,2557.0,2.36,30.92,1280.0,246.663,-0.06,2.0411287019761692,0.1430768791182757,2.5737712809486224,-2.5875190258751957,0.31887129802383063,Risk-on
2017-10-17,10.31,57.63,93.6250738636188,2557.0,2.36,30.92,1280.0,246.663,-0.06,2.0411287019761692,0.52755221681271,2.5737712809486224,-2.5875190258751957,0.31887129802383063,Risk-on
2017-10-18,10.07,58.05,93.53639929874231,2557.0,2.36,30.92,1280.0,246.663,-0.06,2.0411287019761692,-0.09471241112787299,2.5737712809486224,-2.5875190258751957,0.31887129802383063,Risk-on
2017-10-19,10.05,57.82,93.16870851943692,2557.0,2.36,30.92,1280.0,246.663,-0.06,2.0411287019761692,-0.39309913794205453,2.5737712809486224,-2.5875190258751957,0.31887129802383063,Risk-on
2017-10-20,9.97,57.89,93.73909117225729,2557.0,2.36,30.92,1280.0,246.663,-0.06,2.0411287019761692,0.6122040992994737,2.5737712809486224,-2.5875190258751957,0.31887129802383063,Risk-on
2017-10-21,9.97,57.89,93.73909117225729,2557.0,2.36,30.92,1280.0,246.663,-0.06,2.0411287019761692,0.0,2.5737712809486224,-2.5875190258751957,0.31887129802383063,Risk-on
2017-10-22,9.97,57.89,93.73909117225729,2557.0,2.36,30.92,1280.0,246.663,-0.06,2.0411287019761692,0.0,2.5737712809486224,-2.5875190258751957,0.31887129802383063,Risk-on
2017-10-23,11.07,57.69,93.80729658725514,2557.0,2.36,30.92,1280.0,246.663,-0.06,2.0411287019761692,0.07276090918411082,2.5737712809486224,-2.5875190258751957,0.31887129802383063,Risk-on
2017-10-24,11.16,57.84,93.91156742793403,2557.0,2.36,30.92,1280.0,246.663,-0.06,2.0411287019761692,0.11115429659771525,2.5737712809486224,-2.5875190258751957,0.31887129802383063,Risk-on
2017-10-25,11.23,58.45,93.71376510815442,2557.0,2.36,30.92,1280.0,246.663,-0.06,2.0411287019761692,-0.2106261509599472,2.5737712809486224,-2.5875190258751957,0.31887129802383063,Risk-on
2017-10-26,11.3,58.75,94.32872980167348,2557.0,2.36,30.92,1280.0,246.663,-0.06,2.0411287019761692,0.6562159708441317,2.5737712809486224,-2.5875190258751957,0.31887129802383063,Risk-on
2017-10-27,9.8,60.15,95.04426329730553,2557.0,2.36,30.92,1280.0,246.663,-0.06,2.0411287019761692,0.7585530910216631,2.5737712809486224,-2.5875190258751957,0.31887129802383063,Risk-on
2017-10-28,9.8,60.15,95.04426329730553,2557.0,2.36,30.92,1280.0,246.663,-0.06,2.0411287019761692,0.0,2.5737712809486224,-2.5875190258751957,0.31887129802383063,Risk-on
2017-10-29,9.8,60.15,95.04426329730553,2557.0,2.36,30.92,1280.0,246.663,-0.06,2.0411287019761692,0.0,2.5737712809486224,-2.5875190258751957,0.31887129802383063,Risk-on
2017-10-30,10.5,60.65,94.64365097215112,2557.0,2.36,30.92,1280.0,246.663,-0.06,2.0411287019761692,-0.42150079474156943,2.5737712809486224,-2.5875190258751957,0.31887129802383063,Risk-on
2017-10-31,10.18,61.35,94.55075317482928,2557.0,2.36,30.92,1280.0,246.663,-0.06,2.0411287019761692,-0.09815533991728298,0.0,0.0,0.31887129802383063,Risk-on
2017-11-01,10.2,60.98,94.78834885435731,2593.61,2.35,31.3,1282.0,246.669,0.0,2.202582938683184,0.2512890395369949,1.4317559640203426,0.15624999999999112,0.14741706131681598,Risk-on
2017-11-02,9.93,60.79,94.6041273026625,2593.61,2.35,31.3,1282.0,246.669,0.0,2.202582938683184,-0.1943504174525268,1.4317559640203426,0.15624999999999112,0.14741706131681598,Risk-on
2017-11-03,9.14,61.42,94.9179769275213,2593.61,2.35,31.3,1282.0,246.669,0.0,2.202582938683184,0.33175045720226226,1.4317559640203426,0.15624999999999112,0.14741706131681598,Risk-on
2017-11-04,9.14,61.42,94.9179769275213,2593.61,2.35,31.3,1282.0,246.669,0.0,2.202582938683184,0.0,1.4317559640203426,0.15624999999999112,0.14741706131681598,Risk-on
2017-11-05,9.14,61.42,94.9179769275213,2593.61,2.35,31.3,1282.0,246.669,0.0,2.202582938683184,0.0,1.4317559640203426,0.15624999999999112,0.14741706131681598,Risk-on
2017-11-06,9.4,64.27,94.84831686931628,2593.61,2.35,31.3,1282.0,246.669,0.0,2.202582938683184,-0.0733897418169871,1.4317559640203426,0.15624999999999112,0.14741706131681598,Risk-on
2017-11-07,9.89,64.36,94.98592754419609,2593.61,2.35,31.3,1282.0,246.669,0.0,2.202582938683184,0.1450849940430876,1.4317559640203426,0.15624999999999112,0.14741706131681598,Risk-on
2017-11-08,9.78,63.96,94.8707879224253,2593.61,2.35,31.3,1282.0,246.669,0.0,2.202582938683184,-0.12121755795585498,1.4317559640203426,0.15624999999999112,0.14741706131681598,Risk-on
2017-11-09,10.5,64.49,94.51429746567395,2593.61,2.35,31.3,1282.0,246.669,0.0,2.202582938683184,-0.3757641994528882,1.4317559640203426,0.15624999999999112,0.14741706131681598,Risk-on
2017-11-10,11.29,64.35,94.51429746567395,2593.61,2.35,31.3,1282.0,246.669,0.0,2.202582938683184,0.0,1.4317559640203426,0.15624999999999112,0.14741706131681598,Risk-on
2017-11-11,11.29,64.35,94.51429746567395,2593.61,2.35,31.3,1282.0,246.669,0.0,2.202582938683184,0.0,1.4317559640203426,0.15624999999999112,0.14741706131681598,Risk-on
2017-11-12,11.29,64.35,94.51429746567395,2593.61,2.35,31.3,1282.0,246.669,0.0,2.202582938683184,0.0,1.4317559640203426,0.15624999999999112,0.14741706131681598,Risk-on
2017-11-13,11.5,62.94,94.57568346846196,2593.61,2.35,31.3,1282.0,246.669,0.0,2.202582938683184,0.0649489066035791,1.4317559640203426,0.15624999999999112,0.14741706131681598,Risk-on
2017-11-14,11.59,60.91,94.03053262607398,2593.61,2.35,31.3,1282.0,246.669,0.0,2.202582938683184,-0.5764175551211004,1.4317559640203426,0.15624999999999112,0.14741706131681598,Risk-on
2017-11-15,13.13,61.25,93.86234295929972,2593.61,2.35,31.3,1282.0,246.669,0.0,2.202582938683184,-0.17886707867866836,1.4317559640203426,0.15624999999999112,0.14741706131681598,Risk-on
2017-11-16,11.76,61.18,93.86501893514352,2593.61,2.35,31.3,1282.0,246.669,0.0,2.202582938683184,0.0028509578595903307,1.4317559640203426,0.15624999999999112,0.14741706131681598,Risk-on
2017-11-17,11.43,61.34,93.64741915998037,2593.61,2.35,31.3,1282.0,246.669,0.0,2.202582938683184,-0.2318220116841463,1.4317559640203426,0.15624999999999112,0.14741706131681598,Risk-on
2017-11-18,11.43,61.34,93.64741915998037,2593.61,2.35,31.3,1282.0,246.669,0.0,2.202582938683184,0.0,1.4317559640203426,0.15624999999999112,0.14741706131681598,Risk-on
2017-11-19,11.43,61.34,93.64741915998037,2593.61,2.35,31.3,1282.0,246.669,0.0,2.202582938683184,0.0,1.4317559640203426,0.15624999999999112,0.14741706131681598,Risk-on
2017-11-20,10.65,61.34,93.99690266969357,2593.61,2.35,31.3,1282.0,246.669,0.0,2.202582938683184,0.373190754051822,1.4317559640203426,0.15624999999999112,0.14741706131681598,Risk-on
2017-11-21,9.73,62.28,93.95682114044567,2593.61,2.35,31.3,1282.0,246.669,0.0,2.202582938683184,-0.042641329777370895,1.4317559640203426,0.15624999999999112,0.14741706131681598,Risk-on
2017-11-22,9.88,62.92,93.51270233697656,2593.61,2.35,31.3,1282.0,246.669,0.0,2.202582938683184,-0.47268393936534814,1.4317559640203426,0.15624999999999112,0.14741706131681598,Risk-on
2017-11-23,9.88,63.27,93.51270233697656,2593.61,2.35,31.3,1282.0,246.669,0.0,2.202582938683184,0.0,1.4317559640203426,0.15624999999999112,0.14741706131681598,Risk-on
2017-11-24,9.67,63.58,92.72490845337825,2593.61,2.35,31.3,1282.0,246.669,0.0,2.202582938683184,-0.8424458537830137,1.4317559640203426,0.15624999999999112,0.14741706131681598,Risk-on
2017-11-25,9.67,63.58,92.72490845337825,2593.61,2.35,31.3,1282.0,246.669,0.0,2.202582938683184,0.0,1.4317559640203426,0.15624999999999112,0.14741706131681598,Risk-on
2017-11-26,9.67,63.58,92.72490845337825,2593.61,2.35,31.3,1282.0,246.669,0.0,2.202582938683184,0.0,1.4317559640203426,0.15624999999999112,0.14741706131681598,Risk-on
2017-11-27,9.87,63.25,92.82132547754367,2593.61,2.35,31.3,1282.0,246.669,0.0,2.202582938683184,0.10398179493904536,1.4317559640203426,0.15624999999999112,0.14741706131681598,Risk-on
2017-11-28,10.03,63.56,93.13521648060292,2593.61,2.35,31.3,1282.0,246.669,0.0,2.202582938683184,0.33816690447412423,1.4317559640203426,0.15624999999999112,0.14741706131681598,Risk-on
2017-11-29,10.7,63.74,93.16356657507961,2593.61,2.35,31.3,1282.0,246.669,0.0,2.202582938683184,0.030439715016505886,1.4317559640203426,0.15624999999999112,0.14741706131681598,Risk-on
2017-11-30,11.28,63.53,93.01608620556702,2593.61,2.35,31.3,1282.0,246.669,0.0,2.202582938683184,-0.1583026229397766,1.4317559640203426,0.15624999999999112,0.14741706131681598,Risk-on
2017-12-01,11.43,64.57,92.76983629108572,2664.34,2.4,32.09,1264.0,246.524,-0.06,2.1090824745684245,-0.2647390623779611,2.7270869560188205,-1.404056162246492,0.29091752543157545,Risk-on
2017-12-02,11.43,64.57,92.76983629108572,2664.34,2.4,32.09,1264.0,246.524,-0.06,2.1090824745684245,0.0,2.7270869560188205,-1.404056162246492,0.29091752543157545,Risk-on
2017-12-03,11.43,64.57,92.76983629108572,2664.34,2.4,32.09,1264.0,246.524,-0.06,2.1090824745684245,0.0,2.7270869560188205,-1.404056162246492,0.29091752543157545,Risk-on
2017-12-04,11.68,63.45,93.24165843447548,2664.34,2.4,32.09,1264.0,246.524,-0.06,2.1090824745684245,0.5085943473149168,2.7270869560188205,-1.404056162246492,0.29091752543157545,Risk-on
2017-12-05,11.33,63.45,93.35353863566495,2664.34,2.4,32.09,1264.0,246.524,-0.06,2.1090824745684245,0.1199895015467689,2.7270869560188205,-1.404056162246492,0.29091752543157545,Risk-on
2017-12-06,11.02,62.25,93.6094274140441,2664.34,2.4,32.09,1264.0,246.524,-0.06,2.1090824745684245,0.2741072080597151,2.7270869560188205,-1.404056162246492,0.29091752543157545,Risk-on
2017-12-07,10.16,62.37,93.65689412697634,2664.34,2.4,32.09,1264.0,246.524,-0.06,2.1090824745684245,0.050707192900856235,2.7270869560188205,-1.404056162246492,0.29091752543157545,Risk-on
2017-12-08,9.58,63.86,93.96679310764502,2664.34,2.4,32.09,1264.0,246.524,-0.06,2.1090824745684245,0.3308875268152045,2.7270869560188205,-1.404056162246492,0.29091752543157545,Risk-on
2017-12-09,9.58,63.86,93.96679310764502,2664.34,2.4,32.09,1264.0,246.524,-0.06,2.1090824745684245,0.0,2.7270869560188205,-1.404056162246492,0.29091752543157545,Risk-on
2017-12-10,9.58,63.86,93.96679310764502,2664.34,2.4,32.09,1264.0,246.524,-0.06,2.1090824745684245,0.0,2.7270869560188205,-1.404056162246492,0.29091752543157545,Risk-on
2017-12-11,9.34,65.62,93.74328130523175,2664.34,2.4,32.09,1264.0,246.524,-0.06,2.1090824745684245,-0.2378625416717406,2.7270869560188205,-1.404056162246492,0.29091752543157545,Risk-on
2017-12-12,9.92,64.96,94.17728756797142,2664.34,2.4,32.09,1264.0,246.524,-0.06,2.1090824745684245,0.462973193061722,2.7270869560188205,-1.404056162246492,0.29091752543157545,Risk-on
2017-12-13,10.18,63.66,93.90225553712467,2664.34,2.4,32.09,1264.0,246.524,-0.06,2.1090824745684245,-0.2920364749815496,2.7270869560188205,-1.404056162246492,0.29091752543157545,Risk-on
2017-12-14,10.49,63.72,93.67050520608399,2664.34,2.4,32.09,1264.0,246.524,-0.06,2.1090824745684245,-0.24679953608682803,2.7270869560188205,-1.404056162246492,0.29091752543157545,Risk-on
2017-12-15,9.42,63.81,93.82316563903392,2664.34,2.4,32.09,1264.0,246.524,-0.06,2.1090824745684245,0.16297598973558092,2.7270869560188205,-1.404056162246492,0.29091752543157545,Risk-on
2017-12-16,9.42,63.81,93.82316563903392,2664.34,2.4,32.09,1264.0,246.524,-0.06,2.1090824745684245,0.0,2.7270869560188205,-1.404056162246492,0.29091752543157545,Risk-on
2017-12-17,9.42,63.81,93.82316563903392,2664.34,2.4,32.09,1264.0,246.524,-0.06,2.1090824745684245,0.0,2.7270869560188205,-1.404056162246492,0.29091752543157545,Risk-on
2017-12-18,9.53,64.45,93.55790285644852,2664.34,2.4,32.09,1264.0,246.524,-0.06,2.1090824745684245,-0.28272631900519984,2.7270869560188205,-1.404056162246492,0.29091752543157545,Risk-on
2017-12-19,10.03,63.69,93.60554676340658,2664.34,2.4,32.09,1264.0,246.524,-0.06,2.1090824745684245,0.05092451359363093,2.7270869560188205,-1.404056162246492,0.29091752543157545,Risk-on
2017-12-20,9.72,64.43,93.27508008113664,2664.34,2.4,32.09,1264.0,246.524,-0.06,2.1090824745684245,-0.35304177337398546,2.7270869560188205,-1.404056162246492,0.29091752543157545,Risk-on
2017-12-21,9.62,64.64,93.28961500859452,2664.34,2.4,32.09,1264.0,246.524,-0.06,2.1090824745684245,0.015582862480778559,2.7270869560188205,-1.404056162246492,0.29091752543157545,Risk-on
2017-12-22,9.9,64.61,93.43001915062011,2664.34,2.4,32.09,1264.0,246.524,-0.06,2.1090824745684245,0.15050350675436253,2.7270869560188205,-1.404056162246492,0.29091752543157545,Risk-on
2017-12-23,9.9,64.61,93.43001915062011,2664.34,2.4,32.09,1264.0,246.524,-0.06,2.1090824745684245,0.0,2.7270869560188205,-1.404056162246492,0.29091752543157545,Risk-on
2017-12-24,9.9,64.61,93.43001915062011,2664.34,2.4,32.09,1264.0,246.524,-0.06,2.1090824745684245,0.0,2.7270869560188205,-1.404056162246492,0.29091752543157545,Risk-on
2017-12-25,9.9,64.61,93.43001915062011,2664.34,2.4,32.09,1264.0,246.524,-0.06,2.1090824745684245,0.0,2.7270869560188205,-1.404056162246492,0.29091752543157545,Risk-on
2017-12-26,10.25,64.61,93.24976253889118,2664.34,2.4,32.09,1264.0,246.524,-0.06,2.1090824745684245,-0.1929322217502083,2.7270869560188205,-1.404056162246492,0.29091752543157545,Risk-on
2017-12-27,10.47,66.03,93.00115126531331,2664.34,2.4,32.09,1264.0,246.524,-0.06,2.1090824745684245,-0.26660794280755074,2.7270869560188205,-1.404056162246492,0.29091752543157545,Risk-on
2017-12-28,10.18,66.8,92.60769102249662,2664.34,2.4,32.09,1264.0,246.524,-0.06,2.1090824745684245,-0.4230702926399488,2.7270869560188205,-1.404056162246492,0.29091752543157545,Risk-on
2017-12-29,11.04,66.73,92.1217893394447,2664.34,2.4,32.09,1264.0,246.524,-0.06,2.1090824745684245,-0.524688260431716,2.7270869560188205,-1.404056162246492,0.29091752543157545,Risk-on
2017-12-30,11.04,66.73,92.1217893394447,2664.34,2.4,32.09,1264.0,246.524,-0.06,2.1090824745684245,0.0,2.7270869560188205,-1.404056162246492,0.29091752543157545,Risk-on
2017-12-31,11.04,66.73,92.1217893394447,2664.34,2.4,32.09,1264.0,246.524,-0.06,2.1090824745684245,0.0,0.0,0.0,0.29091752543157545,Risk-on
2018-01-01,11.04,66.73,92.1217893394447,2789.8,2.58,33.31,1331.0,247.867,0.54,2.0705076202751638,0.0,4.708858479022959,5.3006329113924,0.5094923797248363,Risk-on
2018-01-02,9.77,66.65,91.87504137646475,2789.8,2.58,33.31,1331.0,247.867,0.54,2.0705076202751638,-0.26784972887440306,4.708858479022959,5.3006329113924,0.5094923797248363,Risk-on
2018-01-03,9.15,67.85,92.06708727800512,2789.8,2.58,33.31,1331.0,247.867,0.54,2.0705076202751638,0.20902945855931776,4.708858479022959,5.3006329113924,0.5094923797248363,Risk-on
2018-01-04,9.22,68.73,91.92904924856482,2789.8,2.58,33.31,1331.0,247.867,0.54,2.0705076202751638,-0.14993200449958666,4.708858479022959,5.3006329113924,0.5094923797248363,Risk-on
2018-01-05,9.22,68.01,91.97723156218953,2789.8,2.58,33.31,1331.0,247.867,0.54,2.0705076202751638,0.05241250074765613,4.708858479022959,5.3006329113924,0.5094923797248363,Risk-on
2018-01-06,9.22,68.01,91.97723156218953,2789.8,2.58,33.31,1331.0,247.867,0.54,2.0705076202751638,0.0,4.708858479022959,5.3006329113924,0.5094923797248363,Risk-on
2018-01-07,9.22,68.01,91.97723156218953,2789.8,2.58,33.31,1331.0,247.867,0.54,2.0705076202751638,0.0,4.708858479022959,5.3006329113924,0.5094923797248363,Risk-on
2018-01-08,9.52,68.48,92.30817564181672,2789.8,2.58,33.31,1331.0,247.867,0.54,2.0705076202751638,0.35981087276302226,4.708858479022959,5.3006329113924,0.5094923797248363,Risk-on
2018-01-09,10.08,69.08,92.58686352980334,2789.8,2.58,33.31,1331.0,247.867,0.54,2.0705076202751638,0.30191029781372336,4.708858479022959,5.3006329113924,0.5094923797248363,Risk-on
2018-01-10,9.82,69.79,92.28904268972121,2789.8,2.58,33.31,1331.0,247.867,0.54,2.0705076202751638,-0.32166641003694707,4.708858479022959,5.3006329113924,0.5094923797248363,Risk-on
2018-01-11,9.88,70.36,91.8930033276131,2789.8,2.58,33.31,1331.0,247.867,0.54,2.0705076202751638,-0.4291293425153553,4.708858479022959,5.3006329113924,0.5094923797248363,Risk-on
2018-01-12,10.16,69.64,91.31149860902158,2789.8,2.58,33.31,1331.0,247.867,0.54,2.0705076202751638,-0.6328063046523336,4.708858479022959,5.3006329113924,0.5094923797248363,Risk-on
2018-01-13,10.16,69.64,91.31149860902158,2789.8,2.58,33.31,1331.0,247.867,0.54,2.0705076202751638,0.0,4.708858479022959,5.3006329113924,0.5094923797248363,Risk-on
2018-01-14,10.16,69.64,91.31149860902158,2789.8,2.58,33.31,1331.0,247.867,0.54,2.0705076202751638,0.0,4.708858479022959,5.3006329113924,0.5094923797248363,Risk-on
2018-01-15,10.16,70.31,91.31149860902158,2789.8,2.58,33.31,1331.0,247.867,0.54,2.0705076202751638,0.0,4.708858479022959,5.3006329113924,0.5094923797248363,Risk-on
2018-01-16,11.66,69.4,90.57807228435266,2789.8,2.58,33.31,1331.0,247.867,0.54,2.0705076202751638,-0.8032135446701116,4.708858479022959,5.3006329113924,0.5094923797248363,Risk-on
2018-01-17,11.91,69.19,90.6198804915032,2789.8,2.58,33.31,1331.0,247.867,0.54,2.0705076202751638,0.046157095305909834,4.708858479022959,5.3006329113924,0.5094923797248363,Risk-on
2018-01-18,12.22,69.48,90.52024850613019,2789.8,2.58,33.31,1331.0,247.867,0.54,2.0705076202751638,-0.10994495339502475,4.708858479022959,5.3006329113924,0.5094923797248363,Risk-on
2018-01-19,11.27,68.56,90.53749683145588,2789.8,2.58,33.31,1331.0,247.867,0.54,2.0705076202751638,0.019054659714656808,4.708858479022959,5.3006329113924,0.5094923797248363,Risk-on
2018-01-20,11.27,68.56,90.53749683145588,2789.8,2.58,33.31,1331.0,247.867,0.54,2.0705076202751638,0.0,4.708858479022959,5.3006329113924,0.5094923797248363,Risk-on
2018-01-21,11.27,68.56,90.53749683145588,2789.8,2.58,33.31,1331.0,247.867,0.54,2.0705076202751638,0.0,4.708858479022959,5.3006329113924,0.5094923797248363,Risk-on
2018-01-22,11.03,69.32,90.58773626951735,2789.8,2.58,33.31,1331.0,247.867,0.54,2.0705076202751638,0.05549019999413485,4.708858479022959,5.3006329113924,0.5094923797248363,Risk-on
2018-01-23,11.1,69.81,90.26541948038373,2789.8,2.58,33.31,1331.0,247.867,0.54,2.0705076202751638,-0.3558062077792301,4.708858479022959,5.3006329113924,0.5094923797248363,Risk-on
2018-01-24,11.47,69.91,89.3174398401687,2789.8,2.58,33.31,1331.0,247.867,0.54,2.0705076202751638,-1.0502135210494812,4.708858479022959,5.3006329113924,0.5094923797248363,Risk-on
2018-01-25,11.58,71.08,88.71677257936298,2789.8,2.58,33.31,1331.0,247.867,0.54,2.0705076202751638,-0.6725083722513792,4.708858479022959,5.3006329113924,0.5094923797248363,Risk-on
2018-01-26,11.08,70.08,89.01847749824049,2789.8,2.58,33.31,1331.0,247.867,0.54,2.0705076202751638,0.3400765268006145,4.708858479022959,5.3006329113924,0.5094923797248363,Risk-on
2018-01-27,11.08,70.08,89.01847749824049,2789.8,2.58,33.31,1331.0,247.867,0.54,2.0705076202751638,0.0,4.708858479022959,5.3006329113924,0.5094923797248363,Risk-on
2018-01-28,11.08,70.08,89.01847749824049,2789.8,2.58,33.31,1331.0,247.867,0.54,2.0705076202751638,0.0,4.708858479022959,5.3006329113924,0.5094923797248363,Risk-on
2018-01-29,13.84,68.41,89.53777859437682,2789.8,2.58,33.31,1331.0,247.867,0.54,2.0705076202751638,0.5833632642690434,4.708858479022959,5.3006329113924,0.5094923797248363,Risk-on
2018-01-30,14.79,67.78,89.2780407670661,2789.8,2.58,33.31,1331.0,247.867,0.54,2.0705076202751638,-0.2900874149306065,4.708858479022959,5.3006329113924,0.5094923797248363,Risk-on
2018-01-31,13.54,67.78,89.06306342191715,2789.8,2.58,33.31,1331.0,247.867,0.54,2.0705076202751638,-0.24079532133758352,0.0,0.0,0.5094923797248363,Risk-on
2018-02-01,13.47,68.6,88.79807465405314,2705.16,2.86,32.04,1331.0,248.991,0.45,2.2117954212386604,-0.29752936591534995,-3.033909240805799,0.0,0.6482045787613395,Risk-on
2018-02-02,17.31,67.45,89.24345945317889,2705.16,2.86,32.04,1331.0,248.991,0.45,2.2117954212386604,0.5015703334344979,-3.033909240805799,0.0,0.6482045787613395,Trung tinh
2018-02-03,17.31,67.45,89.24345945317889,2705.16,2.86,32.04,1331.0,248.991,0.45,2.2117954212386604,0.0,-3.033909240805799,0.0,0.6482045787613395,Trung tinh
2018-02-04,17.31,67.45,89.24345945317889,2705.16,2.86,32.04,1331.0,248.991,0.45,2.2117954212386604,0.0,-3.033909240805799,0.0,0.6482045787613395,Trung tinh
2018-02-05,37.32,67.69,89.48634318897514,2705.16,2.86,32.04,1331.0,248.991,0.45,2.2117954212386604,0.2721585842643037,-3.033909240805799,0.0,0.6482045787613395,Risk-off
2018-02-06,29.98,66.75,89.64165224302438,2705.16,2.86,32.04,1331.0,248.991,0.45,2.2117954212386604,0.1735561522737239,-3.033909240805799,0.0,0.6482045787613395,Risk-off
2018-02-07,27.73,65.74,90.22573779768338,2705.16,2.86,32.04,1331.0,248.991,0.45,2.2117954212386604,0.6515783009839016,-3.033909240805799,0.0,0.6482045787613395,Risk-off
2018-02-08,33.46,64.26,90.37667935244853,2705.16,2.86,32.04,1331.0,248.991,0.45,2.2117954212386604,0.1672932341142186,-3.033909240805799,0.0,0.6482045787613395,Risk-off
2018-02-09,29.06,63.04,90.45222147944209,2705.16,2.86,32.04,1331.0,248.991,0.45,2.2117954212386604,0.08358586256411726,-3.033909240805799,0.0,0.6482045787613395,Risk-off
2018-02-10,29.06,63.04,90.45222147944209,2705.16,2.86,32.04,1331.0,248.991,0.45,2.2117954212386604,0.0,-3.033909240805799,0.0,0.6482045787613395,Risk-off
2018-02-11,29.06,63.04,90.45222147944209,2705.16,2.86,32.04,1331.0,248.991,0.45,2.2117954212386604,0.0,-3.033909240805799,0.0,0.6482045787613395,Risk-off
2018-02-12,25.61,62.2,90.28972060042244,2705.16,2.86,32.04,1331.0,248.991,0.45,2.2117954212386604,-0.1796538286863214,-3.033909240805799,0.0,0.6482045787613395,Risk-off
2018-02-13,24.97,61.94,89.6472997014336,2705.16,2.86,32.04,1331.0,248.991,0.45,2.2117954212386604,-0.7115105625721041,-3.033909240805799,0.0,0.6482045787613395,Trung tinh
2018-02-14,19.26,62.29,89.35402074362355,2705.16,2.86,32.04,1331.0,248.991,0.45,2.2117954212386604,-0.3271475647195099,-3.033909240805799,0.0,0.6482045787613395,Trung tinh
2018-02-15,19.13,62.86,88.76847052921173,2705.16,2.86,32.04,1331.0,248.991,0.45,2.2117954212386604,-0.6553149030550043,-3.033909240805799,0.0,0.6482045787613395,Trung tinh
2018-02-16,19.46,64.3,88.91414031062111,2705.16,2.86,32.04,1331.0,248.991,0.45,2.2117954212386604,0.1641008125305543,-3.033909240805799,0.0,0.6482045787613395,Trung tinh
2018-02-17,19.46,64.3,88.91414031062111,2705.16,2.86,32.04,1331.0,248.991,0.45,2.2117954212386604,0.0,-3.033909240805799,0.0,0.6482045787613395,Trung tinh
2018-02-18,19.46,64.3,88.91414031062111,2705.16,2.86,32.04,1331.0,248.991,0.45,2.2117954212386604,0.0,-3.033909240805799,0.0,0.6482045787613395,Trung tinh
2018-02-19,19.46,64.95,88.91414031062111,2705.16,2.86,32.04,1331.0,248.991,0.45,2.2117954212386604,0.0,-3.033909240805799,0.0,0.6482045787613395,Trung tinh
2018-02-20,20.6,64.68,89.61190454403986,2705.16,2.86,32.04,1331.0,248.991,0.45,2.2117954212386604,0.7847618286372926,-3.033909240805799,0.0,0.6482045787613395,Trung tinh
2018-02-21,20.02,64.81,89.90506339615742,2705.16,2.86,32.04,1331.0,248.991,0.45,2.2117954212386604,0.3271427536432725,-3.033909240805799,0.0,0.6482045787613395,Trung tinh
2018-02-22,18.72,66.12,89.80963176485078,2705.16,2.86,32.04,1331.0,248.991,0.45,2.2117954212386604,-0.10614711530331222,-3.033909240805799,0.0,0.6482045787613395,Trung tinh
2018-02-23,16.49,67.04,89.84975613204053,2705.16,2.86,32.04,1331.0,248.991,0.45,2.2117954212386604,0.04467713139588714,-3.033909240805799,0.0,0.6482045787613395,Trung tinh
2018-02-24,16.49,67.04,89.84975613204053,2705.16,2.86,32.04,1331.0,248.991,0.45,2.2117954212386604,0.0,-3.033909240805799,0.0,0.6482045787613395,Trung tinh
2018-02-25,16.49,67.04,89.84975613204053,2705.16,2.86,32.04,1331.0,248.991,0.45,2.2117954212386604,0.0,-3.033909240805799,0.0,0.6482045787613395,Trung tinh
2018-02-26,15.8,67.96,89.95015943437699,2705.16,2.86,32.04,1331.0,248.991,0.45,2.2117954212386604,0.11174577056047852,-3.033909240805799,0.0,0.6482045787613395,Trung tinh
2018-02-27,18.59,67.59,90.35555905468783,2705.16,2.86,32.04,1331.0,248.991,0.45,2.2117954212386604,0.45069360950560355,-3.033909240805799,0.0,0.6482045787613395,Trung tinh
2018-02-28,19.85,66.08,90.53003801749824,2705.16,2.86,32.04,1331.0,248.991,0.45,2.2117954212386604,0.19310263213003775,-3.033909240805799,0.0,0.6482045787613395,Trung tinh
2018-03-01,22.47,64.23,90.6024342211094,2702.77,2.84,31.81,1325.0,249.554,0.23,2.3597114039729084,0.07996926235374069,-3.1195784644060587,-0.4507888805409421,0.4802885960270915,Trung tinh
2018-03-02,19.59,64.26,90.02933077925373,2702.77,2.84,31.81,1325.0,249.554,0.23,2.3597114039729084,-0.632547510210435,-3.1195784644060587,-0.4507888805409421,0.4802885960270915,Trung tinh
2018-03-03,19.59,64.26,90.02933077925373,2702.77,2.84,31.81,1325.0,249.554,0.23,2.3597114039729084,0.0,-0.08834967247778325,-0.4507888805409421,0.4802885960270915,Trung tinh
2018-03-04,19.59,64.26,90.02933077925373,2702.77,2.84,31.81,1325.0,249.554,0.23,2.3597114039729084,0.0,-0.08834967247778325,-0.4507888805409421,0.4802885960270915,Trung tinh
2018-03-05,18.73,65.78,89.99645502946434,2702.77,2.84,31.81,1325.0,249.554,0.23,2.3597114039729084,-0.0365167101708086,-0.08834967247778325,-0.4507888805409421,0.4802885960270915,Trung tinh
2018-03-06,18.36,65.67,89.5453961917406,2702.77,2.84,31.81,1325.0,249.554,0.23,2.3597114039729084,-0.5011962277581716,-0.08834967247778325,-0.4507888805409421,0.4802885960270915,Trung tinh
2018-03-07,17.76,65.09,89.70225691329479,2702.77,2.84,31.81,1325.0,249.554,0.23,2.3597114039729084,0.17517452401272227,-0.08834967247778325,-0.4507888805409421,0.4802885960270915,Trung tinh
2018-03-08,16.54,63.87,90.11732608952822,2702.77,2.84,31.81,1325.0,249.554,0.23,2.3597114039729084,0.46271876596664097,-0.08834967247778325,-0.4507888805409421,0.4802885960270915,Trung tinh
2018-03-09,14.64,65.19,90.01816400845371,2702.77,2.84,31.81,1325.0,249.554,0.23,2.3597114039729084,-0.11003664375927036,-0.08834967247778325,-0.4507888805409421,0.4802885960270915,Risk-on
2018-03-10,14.64,65.19,90.01816400845371,2702.77,2.84,31.81,1325.0,249.554,0.23,2.3597114039729084,0.0,-0.08834967247778325,-0.4507888805409421,0.4802885960270915,Risk-on
2018-03-11,14.64,65.19,90.01816400845371,2702.77,2.84,31.81,1325.0,249.554,0.23,2.3597114039729084,0.0,-0.08834967247778325,-0.4507888805409421,0.4802885960270915,Risk-on
2018-03-12,15.78,64.53,90.01208795688711,2702.77,2.84,31.81,1325.0,249.554,0.23,2.3597114039729084,-0.006749806145822657,-0.08834967247778325,-0.4507888805409421,0.4802885960270915,Trung tinh
2018-03-13,16.35,64.2,89.64358553572616,2702.77,2.84,31.81,1325.0,249.554,0.23,2.3597114039729084,-0.40939214890499676,-0.08834967247778325,-0.4507888805409421,0.4802885960270915,Trung tinh
2018-03-14,17.23,63.61,89.78925917164067,2702.77,2.84,31.81,1325.0,249.554,0.23,2.3597114039729084,0.16250313398771254,-0.08834967247778325,-0.4507888805409421,0.4802885960270915,Trung tinh
2018-03-15,16.59,63.67,90.01955258939955,2702.77,2.84,31.81,1325.0,249.554,0.23,2.3597114039729084,0.25648214483946497,-0.08834967247778325,-0.4507888805409421,0.4802885960270915,Trung tinh
2018-03-16,15.8,64.68,90.26361561010619,2702.77,2.84,31.81,1325.0,249.554,0.23,2.3597114039729084,0.271122232544152,-0.08834967247778325,-0.4507888805409421,0.4802885960270915,Trung tinh
2018-03-17,15.8,64.68,90.26361561010619,2702.77,2.84,31.81,1325.0,249.554,0.23,2.3597114039729084,0.0,-0.08834967247778325,-0.4507888805409421,0.4802885960270915,Trung tinh
2018-03-18,15.8,64.68,90.26361561010619,2702.77,2.84,31.81,1325.0,249.554,0.23,2.3597114039729084,0.0,-0.08834967247778325,-0.4507888805409421,0.4802885960270915,Trung tinh
2018-03-19,19.02,64.82,89.91875161474806,2702.77,2.84,31.81,1325.0,249.554,0.23,2.3597114039729084,-0.3820631303400934,-0.08834967247778325,-0.4507888805409421,0.4802885960270915,Trung tinh
2018-03-20,18.2,66.0,90.268339405927,2702.77,2.84,31.81,1325.0,249.554,0.23,2.3597114039729084,0.3887818557320788,-0.08834967247778325,-0.4507888805409421,0.4802885960270915,Trung tinh
2018-03-21,17.86,68.15,90.15418280553901,2702.77,2.84,31.81,1325.0,249.554,0.23,2.3597114039729084,-0.12646360965458125,-0.08834967247778325,-0.4507888805409421,0.4802885960270915,Trung tinh
2018-03-22,23.34,68.98,89.81541394433812,2702.77,2.84,31.81,1325.0,249.554,0.23,2.3597114039729084,-0.37576610497552787,-0.08834967247778325,-0.4507888805409421,0.4802885960270915,Trung tinh
2018-03-23,24.87,69.03,89.46756723095093,2702.77,2.84,31.81,1325.0,249.554,0.23,2.3597114039729084,-0.387290664387252,-0.08834967247778325,-0.4507888805409421,0.4802885960270915,Trung tinh
2018-03-24,24.87,69.03,89.46756723095093,2702.77,2.84,31.81,1325.0,249.554,0.23,2.3597114039729084,0.0,-0.08834967247778325,-0.4507888805409421,0.4802885960270915,Trung tinh
2018-03-25,24.87,69.03,89.46756723095093,2702.77,2.84,31.81,1325.0,249.554,0.23,2.3597114039729084,0.0,-0.08834967247778325,-0.4507888805409421,0.4802885960270915,Trung tinh
2018-03-26,21.03,68.81,89.05634546332992,2702.77,2.84,31.81,1325.0,249.554,0.23,2.3597114039729084,-0.4596322224337368,-0.08834967247778325,-0.4507888805409421,0.4802885960270915,Trung tinh
2018-03-27,22.5,68.63,89.3209355255345,2702.77,2.84,31.81,1325.0,249.554,0.23,2.3597114039729084,0.29710410957017874,-0.08834967247778325,-0.4507888805409421,0.4802885960270915,Trung tinh
2018-03-28,22.87,68.13,89.77066379317513,2702.77,2.84,31.81,1325.0,249.554,0.23,2.3597114039729084,0.5034970413090534,-0.08834967247778325,-0.4507888805409421,0.4802885960270915,Trung tinh
2018-03-29,19.97,69.02,90.09137051066276,2702.77,2.84,31.81,1325.0,249.554,0.23,2.3597114039729084,0.3572511374389631,-0.08834967247778325,-0.4507888805409421,0.4802885960270915,Trung tinh
2018-03-30,19.97,69.02,89.9732006299004,2702.77,2.84,31.81,1325.0,249.554,0.23,2.3597114039729084,-0.13116670341735137,-0.08834967247778325,-0.4507888805409421,0.4802885960270915,Trung tinh
2018-03-31,19.97,69.02,89.9732006299004,2702.77,2.84,31.81,1325.0,249.554,0.23,2.3597114039729084,0.0,0.0,0.0,0.4802885960270915,Trung tinh
2018-04-01,19.97,69.02,89.9732006299004,2653.63,2.87,30.97,1335.0,250.546,0.4,2.462743943334811,0.0,-1.8181347284452531,0.7547169811320753,0.40725605666518927,Trung tinh
2018-04-02,23.62,69.02,90.1186304524246,2653.63,2.87,30.97,1335.0,250.546,0.4,2.462743943334811,0.16163682241605581,-1.8181347284452531,0.7547169811320753,0.40725605666518927,Trung tinh
2018-04-03,21.1,69.02,90.19668048020787,2653.63,2.87,30.97,1335.0,250.546,0.4,2.462743943334811,0.08660809356670907,-1.8181347284452531,0.7547169811320753,0.40725605666518927,Trung tinh
2018-04-04,20.06,66.04,90.0743087787336,2653.63,2.87,30.97,1335.0,250.546,0.4,2.462743943334811,-0.13567206777762575,-1.8181347284452531,0.7547169811320753,0.40725605666518927,Trung tinh
2018-04-05,18.94,66.54,90.52247444248418,2653.63,2.87,30.97,1335.0,250.546,0.4,2.462743943334811,0.49755104405131423,-1.8181347284452531,0.7547169811320753,0.40725605666518927,Trung tinh
2018-04-06,21.49,66.51,90.16814397628674,2653.63,2.87,30.97,1335.0,250.546,0.4,2.462743943334811,-0.3914281711582812,-1.8181347284452531,0.7547169811320753,0.40725605666518927,Trung tinh
2018-04-07,21.49,66.51,90.16814397628674,2653.63,2.87,30.97,1335.0,250.546,0.4,2.462743943334811,0.0,-1.8181347284452531,0.7547169811320753,0.40725605666518927,Trung tinh
2018-04-08,21.49,66.51,90.16814397628674,2653.63,2.87,30.97,1335.0,250.546,0.4,2.462743943334811,0.0,-1.8181347284452531,0.7547169811320753,0.40725605666518927,Trung tinh
2018-04-09,21.77,68.19,89.88094618815006,2653.63,2.87,30.97,1335.0,250.546,0.4,2.462743943334811,-0.31851358525490925,-1.8181347284452531,0.7547169811320753,0.40725605666518927,Trung tinh
2018-04-10,20.47,70.67,89.73404226741188,2653.63,2.87,30.97,1335.0,250.546,0.4,2.462743943334811,-0.1634427840030317,-1.8181347284452531,0.7547169811320753,0.40725605666518927,Trung tinh
2018-04-11,20.24,72.74,89.44630725000147,2653.63,2.87,30.97,1335.0,250.546,0.4,2.462743943334811,-0.3206531324566275,-1.8181347284452531,0.7547169811320753,0.40725605666518927,Trung tinh
2018-04-12,18.49,71.44,89.79577512952469,2653.63,2.87,30.97,1335.0,250.546,0.4,2.462743943334811,0.39070129362239747,-1.8181347284452531,0.7547169811320753,0.40725605666518927,Trung tinh
2018-04-13,17.41,73.18,89.83242136845263,2653.63,2.87,30.97,1335.0,250.546,0.4,2.462743943334811,0.04081064935970158,-1.8181347284452531,0.7547169811320753,0.40725605666518927,Trung tinh
2018-04-14,17.41,73.18,89.83242136845263,2653.63,2.87,30.97,1335.0,250.546,0.4,2.462743943334811,0.0,-1.8181347284452531,0.7547169811320753,0.40725605666518927,Trung tinh
2018-04-15,17.41,73.18,89.83242136845263,2653.63,2.87,30.97,1335.0,250.546,0.4,2.462743943334811,0.0,-1.8181347284452531,0.7547169811320753,0.40725605666518927,Trung tinh
2018-04-16,16.56,72.05,89.49275020830352,2653.63,2.87,30.97,1335.0,250.546,0.4,2.462743943334811,-0.37811644724117244,-1.8181347284452531,0.7547169811320753,0.40725605666518927,Trung tinh
2018-04-17,15.25,71.71,89.61098560976434,2653.63,2.87,30.97,1335.0,250.546,0.4,2.462743943334811,0.13211729574251763,-1.8181347284452531,0.7547169811320753,0.40725605666518927,Trung tinh
2018-04-18,15.6,73.73,89.59132963463854,2653.63,2.87,30.97,1335.0,250.546,0.4,2.462743943334811,-0.021934782875165926,-1.8181347284452531,0.7547169811320753,0.40725605666518927,Trung tinh
2018-04-19,15.96,74.85,89.8367064584204,2653.63,2.87,30.97,1335.0,250.546,0.4,2.462743943334811,0.2738845653731392,-1.8181347284452531,0.7547169811320753,0.40725605666518927,Trung tinh
2018-04-20,16.88,74.62,90.30119711860097,2653.63,2.87,30.97,1335.0,250.546,0.4,2.462743943334811,0.5170388346722898,-1.8181347284452531,0.7547169811320753,0.40725605666518927,Trung tinh
2018-04-21,16.88,74.62,90.30119711860097,2653.63,2.87,30.97,1335.0,250.546,0.4,2.462743943334811,0.0,-1.8181347284452531,0.7547169811320753,0.40725605666518927,Trung tinh
2018-04-22,16.88,74.62,90.30119711860097,2653.63,2.87,30.97,1335.0,250.546,0.4,2.462743943334811,0.0,-1.8181347284452531,0.7547169811320753,0.40725605666518927,Trung tinh
2018-04-23,16.34,74.54,90.86382908262911,2653.63,2.87,30.97,1335.0,250.546,0.4,2.462743943334811,0.623061467600694,-1.8181347284452531,0.7547169811320753,0.40725605666518927,Trung tinh
2018-04-24,18.02,75.86,90.84992828278811,2653.63,2.87,30.97,1335.0,250.546,0.4,2.462743943334811,-0.015298496642002224,-1.8181347284452531,0.7547169811320753,0.40725605666518927,Trung tinh
2018-04-25,17.84,73.79,91.18024260577035,2653.63,2.87,30.97,1335.0,250.546,0.4,2.462743943334811,0.36358237064761934,-1.8181347284452531,0.7547169811320753,0.40725605666518927,Trung tinh
2018-04-26,16.24,75.39,91.52826882707159,2653.63,2.87,30.97,1335.0,250.546,0.4,2.462743943334811,0.3816903874734878,-1.8181347284452531,0.7547169811320753,0.40725605666518927,Trung tinh
2018-04-27,15.41,75.33,91.6440741039579,2653.63,2.87,30.97,1335.0,250.546,0.4,2.462743943334811,0.12652405466677674,-1.8181347284452531,0.7547169811320753,0.40725605666518927,Trung tinh
2018-04-28,15.41,75.33,91.6440741039579,2653.63,2.87,30.97,1335.0,250.546,0.4,2.462743943334811,0.0,-1.8181347284452531,0.7547169811320753,0.40725605666518927,Trung tinh
2018-04-29,15.41,75.33,91.6440741039579,2653.63,2.87,30.97,1335.0,250.546,0.4,2.462743943334811,0.0,-1.8181347284452531,0.7547169811320753,0.40725605666518927,Trung tinh
2018-04-30,15.93,75.92,91.85483185219475,2653.63,2.87,30.97,1335.0,250.546,0.4,2.462743943334811,0.22997422397192935,-1.8181347284452531,0.7547169811320753,0.40725605666518927,Trung tinh
2018-05-01,15.49,74.85,92.42357610550653,2701.49,2.98,31.24,1303.0,251.588,0.42,2.8010117148075553,0.6191772842466747,1.8035671890956895,-2.397003745318349,0.1789882851924447,Trung tinh
2018-05-02,15.97,73.14,92.61129686551335,2701.49,2.98,31.24,1303.0,251.588,0.42,2.8010117148075553,0.2031091718335265,1.8035671890956895,-2.397003745318349,0.1789882851924447,Trung tinh
2018-05-03,15.9,73.45,92.53224711868027,2701.49,2.98,31.24,1303.0,251.588,0.42,2.8010117148075553,-0.08535648404521812,1.8035671890956895,-2.397003745318349,0.1789882851924447,Trung tinh
2018-05-04,14.77,74.75,92.65151569903504,2701.49,2.98,31.24,1303.0,251.588,0.42,2.8010117148075553,0.128894071060226,1.8035671890956895,-2.397003745318349,0.1789882851924447,Risk-on
2018-05-05,14.77,74.75,92.65151569903504,2701.49,2.98,31.24,1303.0,251.588,0.42,2.8010117148075553,0.0,1.8035671890956895,-2.397003745318349,0.1789882851924447,Risk-on
2018-05-06,14.77,74.75,92.65151569903504,2701.49,2.98,31.24,1303.0,251.588,0.42,2.8010117148075553,0.0,1.8035671890956895,-2.397003745318349,0.1789882851924447,Risk-on
2018-05-07,14.75,74.75,92.720624148988,2701.49,2.98,31.24,1303.0,251.588,0.42,2.8010117148075553,0.07458965936124606,1.8035671890956895,-2.397003745318349,0.1789882851924447,Risk-on
2018-05-08,14.71,74.16,93.12542458101592,2701.49,2.98,31.24,1303.0,251.588,0.42,2.8010117148075553,0.43658078851742665,1.8035671890956895,-2.397003745318349,0.1789882851924447,Risk-on
2018-05-09,13.42,77.6,93.07706204179235,2701.49,2.98,31.24,1303.0,251.588,0.42,2.8010117148075553,-0.051932691250711205,1.8035671890956895,-2.397003745318349,0.1789882851924447,Risk-on
2018-05-10,13.23,77.59,92.86500920462717,2701.49,2.98,31.24,1303.0,251.588,0.42,2.8010117148075553,-0.2278250220983158,1.8035671890956895,-2.397003745318349,0.1789882851924447,Risk-on
2018-05-11,12.65,77.37,92.49162323157921,2701.49,2.98,31.24,1303.0,251.588,0.42,2.8010117148075553,-0.4020739094799497,1.8035671890956895,-2.397003745318349,0.1789882851924447,Risk-on
2018-05-12,12.65,77.37,92.49162323157921,2701.49,2.98,31.24,1303.0,251.588,0.42,2.8010117148075553,0.0,1.8035671890956895,-2.397003745318349,0.1789882851924447,Risk-on
2018-05-13,12.65,77.37,92.49162323157921,2701.49,2.98,31.24,1303.0,251.588,0.42,2.8010117148075553,0.0,1.8035671890956895,-2.397003745318349,0.1789882851924447,Risk-on
2018-05-14,12.93,78.17,92.35382221819106,2701.49,2.98,31.24,1303.0,251.588,0.42,2.8010117148075553,-0.14898756079038122,1.8035671890956895,-2.397003745318349,0.1789882851924447,Risk-on
2018-05-15,14.63,78.94,93.11571497628854,2701.49,2.98,31.24,1303.0,251.588,0.42,2.8010117148075553,0.8249715494151211,1.8035671890956895,-2.397003745318349,0.1789882851924447,Risk-on
2018-05-16,13.42,78.19,93.45777386556573,2701.49,2.98,31.24,1303.0,251.588,0.42,2.8010117148075553,0.3673481853887717,1.8035671890956895,-2.397003745318349,0.1789882851924447,Risk-on
2018-05-17,13.43,80.09,93.48294702978261,2701.49,2.98,31.24,1303.0,251.588,0.42,2.8010117148075553,0.0269353347246426,1.8035671890956895,-2.397003745318349,0.1789882851924447,Risk-on
2018-05-18,13.42,78.38,93.64950238929481,2701.49,2.98,31.24,1303.0,251.588,0.42,2.8010117148075553,0.17816656920233154,1.8035671890956895,-2.397003745318349,0.1789882851924447,Risk-on
2018-05-19,13.42,78.38,93.64950238929481,2701.49,2.98,31.24,1303.0,251.588,0.42,2.8010117148075553,0.0,1.8035671890956895,-2.397003745318349,0.1789882851924447,Risk-on
2018-05-20,13.42,78.38,93.64950238929481,2701.49,2.98,31.24,1303.0,251.588,0.42,2.8010117148075553,0.0,1.8035671890956895,-2.397003745318349,0.1789882851924447,Risk-on
2018-05-21,13.08,78.34,93.71461836371981,2701.49,2.98,31.24,1303.0,251.588,0.42,2.8010117148075553,0.06953157546349953,1.8035671890956895,-2.397003745318349,0.1789882851924447,Risk-on
2018-05-22,13.22,80.42,93.53415495285822,2701.49,2.98,31.24,1303.0,251.588,0.42,2.8010117148075553,-0.1925669804909047,1.8035671890956895,-2.397003745318349,0.1789882851924447,Risk-on
2018-05-23,12.58,78.69,94.0554144867719,2701.49,2.98,31.24,1303.0,251.588,0.42,2.8010117148075553,0.5572932520493623,1.8035671890956895,-2.397003745318349,0.1789882851924447,Risk-on
2018-05-24,12.53,78.9,93.76500970384565,2701.49,2.98,31.24,1303.0,251.588,0.42,2.8010117148075553,-0.30875923997665256,1.8035671890956895,-2.397003745318349,0.1789882851924447,Risk-on
2018-05-25,13.22,76.6,94.15107006534899,2701.49,2.98,31.24,1303.0,251.588,0.42,2.8010117148075553,0.4117317992316183,1.8035671890956895,-2.397003745318349,0.1789882851924447,Risk-on
2018-05-26,13.22,76.6,94.15107006534899,2701.49,2.98,31.24,1303.0,251.588,0.42,2.8010117148075553,0.0,1.8035671890956895,-2.397003745318349,0.1789882851924447,Risk-on
2018-05-27,13.22,76.6,94.15107006534899,2701.49,2.98,31.24,1303.0,251.588,0.42,2.8010117148075553,0.0,1.8035671890956895,-2.397003745318349,0.1789882851924447,Risk-on
2018-05-28,13.22,76.6,94.15107006534899,2701.49,2.98,31.24,1303.0,251.588,0.42,2.8010117148075553,0.0,1.8035671890956895,-2.397003745318349,0.1789882851924447,Risk-on
2018-05-29,17.02,74.51,94.7917990235815,2701.49,2.98,31.24,1303.0,251.588,0.42,2.8010117148075553,0.6805328476753303,1.8035671890956895,-2.397003745318349,0.1789882851924447,Trung tinh
2018-05-30,14.94,75.89,94.07485322301181,2701.49,2.98,31.24,1303.0,251.588,0.42,2.8010117148075553,-0.756337370906246,1.8035671890956895,-2.397003745318349,0.1789882851924447,Risk-on
2018-05-31,15.43,76.45,94.09753644176608,2701.49,2.98,31.24,1303.0,251.588,0.42,2.8010117148075553,0.0241118832261078,0.0,0.0,0.1789882851924447,Trung tinh
2018-06-01,13.46,74.54,94.07631301744019,2754.35,2.91,31.63,1282.0,251.989,0.16,2.87154783531669,-0.022554707730348955,1.9566979703793175,-1.6116653875671516,0.03845216468331003,Risk-on
2018-06-02,13.46,74.54,94.07631301744019,2754.35,2.91,31.63,1282.0,251.989,0.16,2.87154783531669,0.0,1.9566979703793175,-1.6116653875671516,0.03845216468331003,Risk-on
2018-06-03,13.46,74.54,94.07631301744019,2754.35,2.91,31.63,1282.0,251.989,0.16,2.87154783531669,0.0,1.9566979703793175,-1.6116653875671516,0.03845216468331003,Risk-on
2018-06-04,12.74,73.41,94.01577554680475,2754.35,2.91,31.63,1282.0,251.989,0.16,2.87154783531669,-0.0643493231119896,1.9566979703793175,-1.6116653875671516,0.03845216468331003,Risk-on
2018-06-05,12.4,72.91,94.14697446402306,2754.35,2.91,31.63,1282.0,251.989,0.16,2.87154783531669,0.13954989623310432,1.9566979703793175,-1.6116653875671516,0.03845216468331003,Risk-on
2018-06-06,11.64,73.23,93.54444176263601,2754.35,2.91,31.63,1282.0,251.989,0.16,2.87154783531669,-0.6399915714947357,1.9566979703793175,-1.6116653875671516,0.03845216468331003,Risk-on
2018-06-07,12.13,75.23,93.39532002847116,2754.35,2.91,31.63,1282.0,251.989,0.16,2.87154783531669,-0.1594127148069835,1.9566979703793175,-1.6116653875671516,0.03845216468331003,Risk-on
2018-06-08,12.18,75.11,93.55634026449299,2754.35,2.91,31.63,1282.0,251.989,0.16,2.87154783531669,0.1724071784032999,1.9566979703793175,-1.6116653875671516,0.03845216468331003,Risk-on
2018-06-09,12.18,75.11,93.55634026449299,2754.35,2.91,31.63,1282.0,251.989,0.16,2.87154783531669,0.0,1.9566979703793175,-1.6116653875671516,0.03845216468331003,Risk-on
2018-06-10,12.18,75.11,93.55634026449299,2754.35,2.91,31.63,1282.0,251.989,0.16,2.87154783531669,0.0,1.9566979703793175,-1.6116653875671516,0.03845216468331003,Risk-on
2018-06-11,12.35,74.58,93.47850655133314,2754.35,2.91,31.63,1282.0,251.989,0.16,2.87154783531669,-0.08319448253298889,1.9566979703793175,-1.6116653875671516,0.03845216468331003,Risk-on
2018-06-12,12.34,74.86,93.51308948254027,2754.35,2.91,31.63,1282.0,251.989,0.16,2.87154783531669,0.03699559661678453,1.9566979703793175,-1.6116653875671516,0.03845216468331003,Risk-on
2018-06-13,12.94,75.07,93.59519250316337,2754.35,2.91,31.63,1282.0,251.989,0.16,2.87154783531669,0.08779842595023624,1.9566979703793175,-1.6116653875671516,0.03845216468331003,Risk-on
2018-06-14,12.12,74.77,94.46126226715157,2754.35,2.91,31.63,1282.0,251.989,0.16,2.87154783531669,0.9253357366180159,1.9566979703793175,-1.6116653875671516,0.03845216468331003,Risk-on
2018-06-15,11.98,72.02,94.72339312942447,2754.35,2.91,31.63,1282.0,251.989,0.16,2.87154783531669,0.2775009098772596,1.9566979703793175,-1.6116653875671516,0.03845216468331003,Risk-on
2018-06-16,11.98,72.02,94.72339312942447,2754.35,2.91,31.63,1282.0,251.989,0.16,2.87154783531669,0.0,1.9566979703793175,-1.6116653875671516,0.03845216468331003,Risk-on
2018-06-17,11.98,72.02,94.72339312942447,2754.35,2.91,31.63,1282.0,251.989,0.16,2.87154783531669,0.0,1.9566979703793175,-1.6116653875671516,0.03845216468331003,Risk-on
2018-06-18,12.31,74.87,94.84160129923782,2754.35,2.91,31.63,1282.0,251.989,0.16,2.87154783531669,0.12479300614984812,1.9566979703793175,-1.6116653875671516,0.03845216468331003,Risk-on
2018-06-19,13.35,74.92,95.05227584425907,2754.35,2.91,31.63,1282.0,251.989,0.16,2.87154783531669,0.22213305357059454,1.9566979703793175,-1.6116653875671516,0.03845216468331003,Risk-on
2018-06-20,12.79,74.25,94.96448551585067,2754.35,2.91,31.63,1282.0,251.989,0.16,2.87154783531669,-0.09236004885589955,1.9566979703793175,-1.6116653875671516,0.03845216468331003,Risk-on
2018-06-21,14.64,72.87,94.90741536763366,2754.35,2.91,31.63,1282.0,251.989,0.16,2.87154783531669,-0.06009630643182273,1.9566979703793175,-1.6116653875671516,0.03845216468331003,Risk-on
2018-06-22,13.77,73.67,94.72315974273451,2754.35,2.91,31.63,1282.0,251.989,0.16,2.87154783531669,-0.1941424958054272,1.9566979703793175,-1.6116653875671516,0.03845216468331003,Risk-on
2018-06-23,13.77,73.67,94.72315974273451,2754.35,2.91,31.63,1282.0,251.989,0.16,2.87154783531669,0.0,1.9566979703793175,-1.6116653875671516,0.03845216468331003,Risk-on
2018-06-24,13.77,73.67,94.72315974273451,2754.35,2.91,31.63,1282.0,251.989,0.16,2.87154783531669,0.0,1.9566979703793175,-1.6116653875671516,0.03845216468331003,Risk-on
2018-06-25,17.33,72.82,94.35626214371378,2754.35,2.91,31.63,1282.0,251.989,0.16,2.87154783531669,-0.38733674005091423,1.9566979703793175,-1.6116653875671516,0.03845216468331003,Trung tinh
2018-06-26,15.92,73.58,94.49571542126814,2754.35,2.91,31.63,1282.0,251.989,0.16,2.87154783531669,0.14779440641889963,1.9566979703793175,-1.6116653875671516,0.03845216468331003,Trung tinh
2018-06-27,17.91,76.09,95.10805572993559,2754.35,2.91,31.63,1282.0,251.989,0.16,2.87154783531669,0.648008542966827,1.9566979703793175,-1.6116653875671516,0.03845216468331003,Trung tinh
2018-06-28,16.85,76.26,95.1848582166481,2754.35,2.91,31.63,1282.0,251.989,0.16,2.87154783531669,0.08075287221789296,1.9566979703793175,-1.6116653875671516,0.03845216468331003,Trung tinh
2018-06-29,16.09,77.44,94.5702167587999,2754.35,2.91,31.63,1282.0,251.989,0.16,2.87154783531669,-0.6457344890394512,1.9566979703793175,-1.6116653875671516,0.03845216468331003,Trung tinh
2018-06-30,16.09,77.44,94.5702167587999,2754.35,2.91,31.63,1282.0,251.989,0.16,2.87154783531669,0.0,1.9566979703793175,-1.6116653875671516,0.03845216468331003,Trung tinh
2018-07-01,16.09,77.44,94.5702167587999,2793.64,2.89,31.89,1238.0,252.006,0.01,2.9495150866471143,0.0,1.4264708551926963,-3.432137285491421,-0.059515086647114135,Trung tinh
2018-07-02,15.6,76.71,95.04797302743667,2793.64,2.89,31.89,1238.0,252.006,0.01,2.9495150866471143,0.505186817806802,1.4264708551926963,-3.432137285491421,-0.059515086647114135,Trung tinh
2018-07-03,16.14,75.87,94.63000270496208,2793.64,2.89,31.89,1238.0,252.006,0.01,2.9495150866471143,-0.4397466975481268,1.4264708551926963,-3.432137285491421,-0.059515086647114135,Trung tinh
2018-07-04,16.14,76.99,94.63000270496208,2793.64,2.89,31.89,1238.0,252.006,0.01,2.9495150866471143,0.0,1.4264708551926963,-3.432137285491421,-0.059515086647114135,Trung tinh
2018-07-05,14.97,77.09,94.34146378146943,2793.64,2.89,31.89,1238.0,252.006,0.01,2.9495150866471143,-0.3049127287803821,1.4264708551926963,-3.432137285491421,-0.059515086647114135,Risk-on
2018-07-06,13.37,74.98,94.06226268891896,2793.64,2.89,31.89,1238.0,252.006,0.01,2.9495150866471143,-0.29594738236964346,1.4264708551926963,-3.432137285491421,-0.059515086647114135,Risk-on
2018-07-07,13.37,74.98,94.06226268891896,2793.64,2.89,31.89,1238.0,252.006,0.01,2.9495150866471143,0.0,1.4264708551926963,-3.432137285491421,-0.059515086647114135,Risk-on
2018-07-08,13.37,74.98,94.06226268891896,2793.64,2.89,31.89,1238.0,252.006,0.01,2.9495150866471143,0.0,1.4264708551926963,-3.432137285491421,-0.059515086647114135,Risk-on
2018-07-09,12.69,77.08,94.14205315288318,2793.64,2.89,31.89,1238.0,252.006,0.01,2.9495150866471143,0.08482728533556472,1.4264708551926963,-3.432137285491421,-0.059515086647114135,Risk-on
2018-07-10,12.64,77.8,94.23513814794379,2793.64,2.89,31.89,1238.0,252.006,0.01,2.9495150866471143,0.09887716694412241,1.4264708551926963,-3.432137285491421,-0.059515086647114135,Risk-on
2018-07-11,13.63,75.35,94.33362153528195,2793.64,2.89,31.89,1238.0,252.006,0.01,2.9495150866471143,0.10450813706406326,1.4264708551926963,-3.432137285491421,-0.059515086647114135,Risk-on
2018-07-12,12.58,72.11,94.65634532142472,2793.64,2.89,31.89,1238.0,252.006,0.01,2.9495150866471143,0.34210897545374763,1.4264708551926963,-3.432137285491421,-0.059515086647114135,Risk-on
2018-07-13,12.18,74.11,94.82630966899036,2793.64,2.89,31.89,1238.0,252.006,0.01,2.9495150866471143,0.1795593808196383,1.4264708551926963,-3.432137285491421,-0.059515086647114135,Risk-on
2018-07-14,12.18,74.11,94.82630966899036,2793.64,2.89,31.89,1238.0,252.006,0.01,2.9495150866471143,0.0,1.4264708551926963,-3.432137285491421,-0.059515086647114135,Risk-on
2018-07-15,12.18,74.11,94.82630966899036,2793.64,2.89,31.89,1238.0,252.006,0.01,2.9495150866471143,0.0,1.4264708551926963,-3.432137285491421,-0.059515086647114135,Risk-on
2018-07-16,12.83,71.03,94.52041391661948,2793.64,2.89,31.89,1238.0,252.006,0.01,2.9495150866471143,-0.32258531776536703,1.4264708551926963,-3.432137285491421,-0.059515086647114135,Risk-on
2018-07-17,12.06,70.87,94.90405047891322,2793.64,2.89,31.89,1238.0,252.006,0.01,2.9495150866471143,0.40587693853326723,1.4264708551926963,-3.432137285491421,-0.059515086647114135,Risk-on
2018-07-18,12.1,70.52,95.11491886711836,2793.64,2.89,31.89,1238.0,252.006,0.01,2.9495150866471143,0.2221911363540663,1.4264708551926963,-3.432137285491421,-0.059515086647114135,Risk-on
2018-07-19,12.87,71.94,95.47286075986756,2793.64,2.89,31.89,1238.0,252.006,0.01,2.9495150866471143,0.3763257089555605,1.4264708551926963,-3.432137285491421,-0.059515086647114135,Risk-on
2018-07-20,12.86,71.99,94.5938104989263,2793.64,2.89,31.89,1238.0,252.006,0.01,2.9495150866471143,-0.9207331318501488,1.4264708551926963,-3.432137285491421,-0.059515086647114135,Risk-on
2018-07-21,12.86,71.99,94.5938104989263,2793.64,2.89,31.89,1238.0,252.006,0.01,2.9495150866471143,0.0,1.4264708551926963,-3.432137285491421,-0.059515086647114135,Risk-on
2018-07-22,12.86,71.99,94.5938104989263,2793.64,2.89,31.89,1238.0,252.006,0.01,2.9495150866471143,0.0,1.4264708551926963,-3.432137285491421,-0.059515086647114135,Risk-on
2018-07-23,12.62,73.45,94.57494886932162,2793.64,2.89,31.89,1238.0,252.006,0.01,2.9495150866471143,-0.019939602290253156,1.4264708551926963,-3.432137285491421,-0.059515086647114135,Risk-on
2018-07-24,12.41,73.53,94.6255515795426,2793.64,2.89,31.89,1238.0,252.006,0.01,2.9495150866471143,0.053505405845788445,1.4264708551926963,-3.432137285491421,-0.059515086647114135,Risk-on
2018-07-25,12.29,73.67,94.56489479503139,2793.64,2.89,31.89,1238.0,252.006,0.01,2.9495150866471143,-0.064101908521208,1.4264708551926963,-3.432137285491421,-0.059515086647114135,Risk-on
2018-07-26,12.14,74.51,94.70407437635944,2793.64,2.89,31.89,1238.0,252.006,0.01,2.9495150866471143,0.14717890992181903,1.4264708551926963,-3.432137285491421,-0.059515086647114135,Risk-on
2018-07-27,13.03,74.84,94.6421432755011,2793.64,2.89,31.89,1238.0,252.006,0.01,2.9495150866471143,-0.06539433626924218,1.4264708551926963,-3.432137285491421,-0.059515086647114135,Risk-on
2018-07-28,13.03,74.84,94.6421432755011,2793.64,2.89,31.89,1238.0,252.006,0.01,2.9495150866471143,0.0,1.4264708551926963,-3.432137285491421,-0.059515086647114135,Risk-on
2018-07-29,13.03,74.84,94.6421432755011,2793.64,2.89,31.89,1238.0,252.006,0.01,2.9495150866471143,0.0,1.4264708551926963,-3.432137285491421,-0.059515086647114135,Risk-on
2018-07-30,14.26,74.99,94.27420676088126,2793.64,2.89,31.89,1238.0,252.006,0.01,2.9495150866471143,-0.3887660421518446,1.4264708551926963,-3.432137285491421,-0.059515086647114135,Risk-on
2018-07-31,12.83,74.16,94.46961140958551,2793.64,2.89,31.89,1238.0,252.006,0.01,2.9495150866471143,0.20727265221109903,0.0,0.0,-0.059515086647114135,Risk-on
2018-08-01,13.15,72.28,94.65055323226896,2857.82,2.89,32.39,1202.0,252.146,0.06,2.6991801041874375,0.1915344204169056,2.2973611488953605,-2.9079159935379684,0.19081989581256265,Risk-on
2018-08-02,12.19,72.95,94.9877700312994,2857.82,2.89,32.39,1202.0,252.146,0.06,2.6991801041874375,0.3562755710502019,2.2973611488953605,-2.9079159935379684,0.19081989581256265,Risk-on
2018-08-03,11.64,72.48,95.01502978376257,2857.82,2.89,32.39,1202.0,252.146,0.06,2.6991801041874375,0.028698170779439813,2.2973611488953605,-2.9079159935379684,0.19081989581256265,Risk-on
2018-08-04,11.64,72.48,95.01502978376257,2857.82,2.89,32.39,1202.0,252.146,0.06,2.6991801041874375,0.0,2.2973611488953605,-2.9079159935379684,0.19081989581256265,Risk-on
2018-08-05,11.64,72.48,95.01502978376257,2857.82,2.89,32.39,1202.0,252.146,0.06,2.6991801041874375,0.0,2.2973611488953605,-2.9079159935379684,0.19081989581256265,Risk-on
2018-08-06,11.27,72.51,95.31081002411403,2857.82,2.89,32.39,1202.0,252.146,0.06,2.6991801041874375,0.3112983714519846,2.2973611488953605,-2.9079159935379684,0.19081989581256265,Risk-on
2018-08-07,10.93,72.31,95.1175166180925,2857.82,2.89,32.39,1202.0,252.146,0.06,2.6991801041874375,-0.20280323498733654,2.2973611488953605,-2.9079159935379684,0.19081989581256265,Risk-on
2018-08-08,10.85,70.71,95.2026718422297,2857.82,2.89,32.39,1202.0,252.146,0.06,2.6991801041874375,0.0895263324410811,2.2973611488953605,-2.9079159935379684,0.19081989581256265,Risk-on
2018-08-09,11.27,70.55,95.34246770232885,2857.82,2.89,32.39,1202.0,252.146,0.06,2.6991801041874375,0.14684026970461783,2.2973611488953605,-2.9079159935379684,0.19081989581256265,Risk-on
2018-08-10,13.16,71.0,96.34870907270358,2857.82,2.89,32.39,1202.0,252.146,0.06,2.6991801041874375,1.055396818043719,2.2973611488953605,-2.9079159935379684,0.19081989581256265,Risk-on
2018-08-11,13.16,71.0,96.34870907270358,2857.82,2.89,32.39,1202.0,252.146,0.06,2.6991801041874375,0.0,2.2973611488953605,-2.9079159935379684,0.19081989581256265,Risk-on
2018-08-12,13.16,71.0,96.34870907270358,2857.82,2.89,32.39,1202.0,252.146,0.06,2.6991801041874375,0.0,2.2973611488953605,-2.9079159935379684,0.19081989581256265,Risk-on
2018-08-13,14.78,70.62,96.37105990252171,2857.82,2.89,32.39,1202.0,252.146,0.06,2.6991801041874375,0.023197850841216727,2.2973611488953605,-2.9079159935379684,0.19081989581256265,Risk-on
2018-08-14,13.31,70.77,96.61896066941158,2857.82,2.89,32.39,1202.0,252.146,0.06,2.6991801041874375,0.25723569621483033,2.2973611488953605,-2.9079159935379684,0.19081989581256265,Risk-on
2018-08-15,14.64,68.38,96.80201216065333,2857.82,2.89,32.39,1202.0,252.146,0.06,2.6991801041874375,0.18945711066804538,2.2973611488953605,-2.9079159935379684,0.19081989581256265,Risk-on
2018-08-16,13.45,69.21,96.50620358365067,2857.82,2.89,32.39,1202.0,252.146,0.06,2.6991801041874375,-0.30558102089007777,2.2973611488953605,-2.9079159935379684,0.19081989581256265,Risk-on
2018-08-17,12.64,70.14,96.29124949661207,2857.82,2.89,32.39,1202.0,252.146,0.06,2.6991801041874375,-0.22273603048977852,2.2973611488953605,-2.9079159935379684,0.19081989581256265,Risk-on
2018-08-18,12.64,70.14,96.29124949661207,2857.82,2.89,32.39,1202.0,252.146,0.06,2.6991801041874375,0.0,2.2973611488953605,-2.9079159935379684,0.19081989581256265,Risk-on
2018-08-19,12.64,70.14,96.29124949661207,2857.82,2.89,32.39,1202.0,252.146,0.06,2.6991801041874375,0.0,2.2973611488953605,-2.9079159935379684,0.19081989581256265,Risk-on
2018-08-20,12.49,71.11,96.11697884107666,2857.82,2.89,32.39,1202.0,252.146,0.06,2.6991801041874375,-0.18098285819994064,2.2973611488953605,-2.9079159935379684,0.19081989581256265,Risk-on
2018-08-21,12.86,71.65,95.5078029692243,2857.82,2.89,32.39,1202.0,252.146,0.06,2.6991801041874375,-0.6337859129546652,2.2973611488953605,-2.9079159935379684,0.19081989581256265,Risk-on
2018-08-22,12.25,72.96,95.1190506301571,2857.82,2.89,32.39,1202.0,252.146,0.06,2.6991801041874375,-0.4070372545293077,2.2973611488953605,-2.9079159935379684,0.19081989581256265,Risk-on
2018-08-23,12.41,73.73,95.44927696409823,2857.82,2.89,32.39,1202.0,252.146,0.06,2.6991801041874375,0.3471716041669959,2.2973611488953605,-2.9079159935379684,0.19081989581256265,Risk-on
2018-08-24,11.99,74.41,95.12544457011296,2857.82,2.89,32.39,1202.0,252.146,0.06,2.6991801041874375,-0.3392717098392173,2.2973611488953605,-2.9079159935379684,0.19081989581256265,Risk-on
2018-08-25,11.99,74.41,95.12544457011296,2857.82,2.89,32.39,1202.0,252.146,0.06,2.6991801041874375,0.0,2.2973611488953605,-2.9079159935379684,0.19081989581256265,Risk-on
2018-08-26,11.99,74.41,95.12544457011296,2857.82,2.89,32.39,1202.0,252.146,0.06,2.6991801041874375,0.0,2.2973611488953605,-2.9079159935379684,0.19081989581256265,Risk-on
2018-08-27,12.16,74.41,94.79245976525556,2857.82,2.89,32.39,1202.0,252.146,0.06,2.6991801041874375,-0.3500480931912797,2.2973611488953605,-2.9079159935379684,0.19081989581256265,Risk-on
2018-08-28,12.5,75.91,94.54458346569326,2857.82,2.89,32.39,1202.0,252.146,0.06,2.6991801041874375,-0.26149368860786115,2.2973611488953605,-2.9079159935379684,0.19081989581256265,Risk-on
2018-08-29,12.25,76.07,94.65044539078434,2857.82,2.89,32.39,1202.0,252.146,0.06,2.6991801041874375,0.11197037546788469,2.2973611488953605,-2.9079159935379684,0.19081989581256265,Risk-on
2018-08-30,13.53,77.05,94.85291667925965,2857.82,2.89,32.39,1202.0,252.146,0.06,2.6991801041874375,0.21391477624785882,2.2973611488953605,-2.9079159935379684,0.19081989581256265,Risk-on
2018-08-31,12.86,76.94,95.15306899585892,2857.82,2.89,32.39,1202.0,252.146,0.06,2.6991801041874375,0.3164397333338842,0.0,0.0,0.19081989581256265,Risk-on
2018-09-01,12.86,76.94,95.15306899585892,2901.5,3.0,32.62,1198.0,252.439,0.12,2.2769721941990007,0.0,1.5284377602508226,-0.33277870216306127,0.7230278058009993,Risk-on
2018-09-02,12.86,76.94,95.15306899585892,2901.5,3.0,32.62,1198.0,252.439,0.12,2.2769721941990007,0.0,1.5284377602508226,-0.33277870216306127,0.7230278058009993,Risk-on
2018-09-03,12.86,77.81,95.15306899585892,2901.5,3.0,32.62,1198.0,252.439,0.12,2.2769721941990007,0.0,1.5284377602508226,-0.33277870216306127,0.7230278058009993,Risk-on
2018-09-04,13.16,77.51,95.53324259967168,2901.5,3.0,32.62,1198.0,252.439,0.12,2.2769721941990007,0.39953898263576093,1.5284377602508226,-0.33277870216306127,0.7230278058009993,Risk-on
2018-09-05,13.91,76.68,95.19522735040128,2901.5,3.0,32.62,1198.0,252.439,0.12,2.2769721941990007,-0.3538195083431228,1.5284377602508226,-0.33277870216306127,0.7230278058009993,Risk-on
2018-09-06,14.65,75.67,95.08150807304442,2901.5,3.0,32.62,1198.0,252.439,0.12,2.2769721941990007,-0.11945901125722802,1.5284377602508226,-0.33277870216306127,0.7230278058009993,Risk-on
2018-09-07,14.88,75.55,95.34395145016924,2901.5,3.0,32.62,1198.0,252.439,0.12,2.2769721941990007,0.276019367428626,1.5284377602508226,-0.33277870216306127,0.7230278058009993,Risk-on
2018-09-08,14.88,75.55,95.34395145016924,2901.5,3.0,32.62,1198.0,252.439,0.12,2.2769721941990007,0.0,1.5284377602508226,-0.33277870216306127,0.7230278058009993,Risk-on
2018-09-09,14.88,75.55,95.34395145016924,2901.5,3.0,32.62,1198.0,252.439,0.12,2.2769721941990007,0.0,1.5284377602508226,-0.33277870216306127,0.7230278058009993,Risk-on
2018-09-10,14.16,76.77,95.09244380265987,2901.5,3.0,32.62,1198.0,252.439,0.12,2.2769721941990007,-0.26378983006679624,1.5284377602508226,-0.33277870216306127,0.7230278058009993,Risk-on
2018-09-11,13.22,78.22,95.19116825070142,2901.5,3.0,32.62,1198.0,252.439,0.12,2.2769721941990007,0.10381944568216284,1.5284377602508226,-0.33277870216306127,0.7230278058009993,Risk-on
2018-09-12,13.14,80.02,94.90331005965479,2901.5,3.0,32.62,1198.0,252.439,0.12,2.2769721941990007,-0.3024001032202017,1.5284377602508226,-0.33277870216306127,0.7230278058009993,Risk-on
2018-09-13,12.37,77.66,94.65882141928408,2901.5,3.0,32.62,1198.0,252.439,0.12,2.2769721941990007,-0.2576186649517531,1.5284377602508226,-0.33277870216306127,0.7230278058009993,Risk-on
2018-09-14,12.07,77.87,94.79520148826445,2901.5,3.0,32.62,1198.0,252.439,0.12,2.2769721941990007,0.144075393012022,1.5284377602508226,-0.33277870216306127,0.7230278058009993,Risk-on
2018-09-15,12.07,77.87,94.79520148826445,2901.5,3.0,32.62,1198.0,252.439,0.12,2.2769721941990007,0.0,1.5284377602508226,-0.33277870216306127,0.7230278058009993,Risk-on
2018-09-16,12.07,77.87,94.79520148826445,2901.5,3.0,32.62,1198.0,252.439,0.12,2.2769721941990007,0.0,1.5284377602508226,-0.33277870216306127,0.7230278058009993,Risk-on
2018-09-17,13.68,78.22,94.51308908765652,2901.5,3.0,32.62,1198.0,252.439,0.12,2.2769721941990007,-0.2976019842553468,1.5284377602508226,-0.33277870216306127,0.7230278058009993,Risk-on
2018-09-18,12.79,79.25,94.4756841831339,2901.5,3.0,32.62,1198.0,252.439,0.12,2.2769721941990007,-0.03957642786168725,1.5284377602508226,-0.33277870216306127,0.7230278058009993,Risk-on
2018-09-19,11.75,79.43,94.47902871056577,2901.5,3.0,32.62,1198.0,252.439,0.12,2.2769721941990007,0.003540093369847064,1.5284377602508226,-0.33277870216306127,0.7230278058009993,Risk-on
2018-09-20,11.8,79.03,94.1202362508138,2901.5,3.0,32.62,1198.0,252.439,0.12,2.2769721941990007,-0.3797588360599291,1.5284377602508226,-0.33277870216306127,0.7230278058009993,Risk-on
2018-09-21,11.68,78.9,94.28013517187294,2901.5,3.0,32.62,1198.0,252.439,0.12,2.2769721941990007,0.16988792998036129,1.5284377602508226,-0.33277870216306127,0.7230278058009993,Risk-on
2018-09-22,11.68,78.9,94.28013517187294,2901.5,3.0,32.62,1198.0,252.439,0.12,2.2769721941990007,0.0,1.5284377602508226,-0.33277870216306127,0.7230278058009993,Risk-on
2018-09-23,11.68,78.9,94.28013517187294,2901.5,3.0,32.62,1198.0,252.439,0.12,2.2769721941990007,0.0,1.5284377602508226,-0.33277870216306127,0.7230278058009993,Risk-on
2018-09-24,12.2,80.89,94.09264188655139,2901.5,3.0,32.62,1198.0,252.439,0.12,2.2769721941990007,-0.19886828225240682,1.5284377602508226,-0.33277870216306127,0.7230278058009993,Risk-on
2018-09-25,12.42,82.21,94.12208119082143,2901.5,3.0,32.62,1198.0,252.439,0.12,2.2769721941990007,0.031287573267979596,1.5284377602508226,-0.33277870216306127,0.7230278058009993,Risk-on
2018-09-26,12.89,81.87,94.19760161873482,2901.5,3.0,32.62,1198.0,252.439,0.12,2.2769721941990007,0.08023667449541527,1.5284377602508226,-0.33277870216306127,0.7230278058009993,Risk-on
2018-09-27,12.41,81.54,94.81137101618233,2901.5,3.0,32.62,1198.0,252.439,0.12,2.2769721941990007,0.6515764593792328,1.5284377602508226,-0.33277870216306127,0.7230278058009993,Risk-on
2018-09-28,12.12,82.72,95.03381021931034,2901.5,3.0,32.62,1198.0,252.439,0.12,2.2769721941990007,0.23461236847850397,1.5284377602508226,-0.33277870216306127,0.7230278058009993,Risk-on
2018-09-29,12.12,82.72,95.03381021931034,2901.5,3.0,32.62,1198.0,252.439,0.12,2.2769721941990007,0.0,1.5284377602508226,-0.33277870216306127,0.7230278058009993,Risk-on
2018-09-30,12.12,82.72,95.03381021931034,2901.5,3.0,32.62,1198.0,252.439,0.12,2.2769721941990007,0.0,1.5284377602508226,-0.33277870216306127,0.7230278058009993,Risk-on
2018-10-01,12.0,84.94,95.34441857168169,2785.46,3.15,31.04,1215.0,252.885,0.18,2.5224699286070296,0.3268398390578575,-3.9993107013613582,1.4190317195325486,0.6275300713929703,Risk-on
2018-10-02,12.05,85.63,95.41979542170846,2785.46,3.15,31.04,1215.0,252.885,0.18,2.5224699286070296,0.07905743320475445,-3.9993107013613582,1.4190317195325486,0.6275300713929703,Risk-on
2018-10-03,11.61,85.45,95.68081927304894,2785.46,3.15,31.04,1215.0,252.885,0.18,2.5224699286070296,0.27355314501240624,-3.9993107013613582,1.4190317195325486,0.6275300713929703,Risk-on
2018-10-04,14.22,86.07,95.77123413913682,2785.46,3.15,31.04,1215.0,252.885,0.18,2.5224699286070296,0.0944963335126392,-3.9993107013613582,1.4190317195325486,0.6275300713929703,Risk-on
2018-10-05,14.82,85.12,95.74044656073123,2785.46,3.15,31.04,1215.0,252.885,0.18,2.5224699286070296,-0.03214699975658819,-3.9993107013613582,1.4190317195325486,0.6275300713929703,Risk-on
2018-10-06,14.82,85.12,95.74044656073123,2785.46,3.15,31.04,1215.0,252.885,0.18,2.5224699286070296,0.0,-3.9993107013613582,1.4190317195325486,0.6275300713929703,Risk-on
2018-10-07,14.82,85.12,95.74044656073123,2785.46,3.15,31.04,1215.0,252.885,0.18,2.5224699286070296,0.0,-3.9993107013613582,1.4190317195325486,0.6275300713929703,Risk-on
2018-10-08,15.69,84.22,95.74044656073123,2785.46,3.15,31.04,1215.0,252.885,0.18,2.5224699286070296,0.0,-3.9993107013613582,1.4190317195325486,0.6275300713929703,Trung tinh
2018-10-09,15.95,85.16,95.77566356521164,2785.46,3.15,31.04,1215.0,252.885,0.18,2.5224699286070296,0.03678383143750352,-3.9993107013613582,1.4190317195325486,0.6275300713929703,Trung tinh
2018-10-10,22.96,83.82,95.39191351618192,2785.46,3.15,31.04,1215.0,252.885,0.18,2.5224699286070296,-0.4006759491344547,-3.9993107013613582,1.4190317195325486,0.6275300713929703,Trung tinh
2018-10-11,24.98,81.35,95.2409162642845,2785.46,3.15,31.04,1215.0,252.885,0.18,2.5224699286070296,-0.15829145923549337,-3.9993107013613582,1.4190317195325486,0.6275300713929703,Trung tinh
2018-10-12,21.31,80.71,95.23882644135094,2785.46,3.15,31.04,1215.0,252.885,0.18,2.5224699286070296,-0.0021942490848747553,-3.9993107013613582,1.4190317195325486,0.6275300713929703,Trung tinh
2018-10-13,21.31,80.71,95.23882644135094,2785.46,3.15,31.04,1215.0,252.885,0.18,2.5224699286070296,0.0,-3.9993107013613582,1.4190317195325486,0.6275300713929703,Trung tinh
2018-10-14,21.31,80.71,95.23882644135094,2785.46,3.15,31.04,1215.0,252.885,0.18,2.5224699286070296,0.0,-3.9993107013613582,1.4190317195325486,0.6275300713929703,Trung tinh
2018-10-15,21.3,80.91,94.97322115618537,2785.46,3.15,31.04,1215.0,252.885,0.18,2.5224699286070296,-0.27888340825905633,-3.9993107013613582,1.4190317195325486,0.6275300713929703,Trung tinh
2018-10-16,17.62,80.53,94.94692475862597,2785.46,3.15,31.04,1215.0,252.885,0.18,2.5224699286070296,-0.027688223311028715,-3.9993107013613582,1.4190317195325486,0.6275300713929703,Trung tinh
2018-10-17,17.4,79.91,95.34157265479817,2785.46,3.15,31.04,1215.0,252.885,0.18,2.5224699286070296,0.41565105681460324,-3.9993107013613582,1.4190317195325486,0.6275300713929703,Trung tinh
2018-10-18,20.06,80.3,95.69608663401988,2785.46,3.15,31.04,1215.0,252.885,0.18,2.5224699286070296,0.37183567393552774,-3.9993107013613582,1.4190317195325486,0.6275300713929703,Trung tinh
2018-10-19,19.89,80.38,95.69314462043468,2785.46,3.15,31.04,1215.0,252.885,0.18,2.5224699286070296,-0.003074330088803645,-3.9993107013613582,1.4190317195325486,0.6275300713929703,Trung tinh
2018-10-20,19.89,80.38,95.69314462043468,2785.46,3.15,31.04,1215.0,252.885,0.18,2.5224699286070296,0.0,-3.9993107013613582,1.4190317195325486,0.6275300713929703,Trung tinh
2018-10-21,19.89,80.38,95.69314462043468,2785.46,3.15,31.04,1215.0,252.885,0.18,2.5224699286070296,0.0,-3.9993107013613582,1.4190317195325486,0.6275300713929703,Trung tinh
2018-10-22,19.64,80.45,96.01245692702969,2785.46,3.15,31.04,1215.0,252.885,0.18,2.5224699286070296,0.33368357562242323,-3.9993107013613582,1.4190317195325486,0.6275300713929703,Trung tinh
2018-10-23,20.71,78.67,95.87323895455141,2785.46,3.15,31.04,1215.0,252.885,0.18,2.5224699286070296,-0.14499990619351033,-3.9993107013613582,1.4190317195325486,0.6275300713929703,Trung tinh
2018-10-24,25.23,77.34,96.40663107652445,2785.46,3.15,31.04,1215.0,252.885,0.18,2.5224699286070296,0.5563514154621307,-3.9993107013613582,1.4190317195325486,0.6275300713929703,Risk-off
2018-10-25,24.22,77.3,96.60510733263926,2785.46,3.15,31.04,1215.0,252.885,0.18,2.5224699286070296,0.20587407100376431,-3.9993107013613582,1.4190317195325486,0.6275300713929703,Trung tinh
2018-10-26,24.16,77.4,96.45291168577276,2785.46,3.15,31.04,1215.0,252.885,0.18,2.5224699286070296,-0.1575440999640465,-3.9993107013613582,1.4190317195325486,0.6275300713929703,Trung tinh
2018-10-27,24.16,77.4,96.45291168577276,2785.46,3.15,31.04,1215.0,252.885,0.18,2.5224699286070296,0.0,-3.9993107013613582,1.4190317195325486,0.6275300713929703,Trung tinh
2018-10-28,24.16,77.4,96.45291168577276,2785.46,3.15,31.04,1215.0,252.885,0.18,2.5224699286070296,0.0,-3.9993107013613582,1.4190317195325486,0.6275300713929703,Trung tinh
2018-10-29,24.7,77.56,96.59060497189446,2785.46,3.15,31.04,1215.0,252.885,0.18,2.5224699286070296,0.14275700309627215,-3.9993107013613582,1.4190317195325486,0.6275300713929703,Trung tinh
2018-10-30,23.35,75.68,96.8473844356541,2785.46,3.15,31.04,1215.0,252.885,0.18,2.5224699286070296,0.26584310537691724,-3.9993107013613582,1.4190317195325486,0.6275300713929703,Trung tinh
2018-10-31,21.23,74.84,96.96975377727343,2785.46,3.15,31.04,1215.0,252.885,0.18,2.5224699286070296,0.12635275834487203,0.0,0.0,0.6275300713929703,Trung tinh
2018-11-01,19.34,71.25,96.4493094957215,2723.23,3.12,30.2,1221.0,252.038,-0.33,2.176601032152403,-0.5367078509318723,-2.234101369253194,0.49382716049382047,0.9433989678475969,Trung tinh
2018-11-02,19.51,71.11,96.55079721151274,2723.23,3.12,30.2,1221.0,252.038,-0.33,2.176601032152403,0.10522389047871172,-2.234101369253194,0.49382716049382047,0.9433989678475969,Trung tinh
2018-11-03,19.51,71.11,96.55079721151274,2723.23,3.12,30.2,1221.0,252.038,-0.33,2.176601032152403,0.0,-2.234101369253194,0.49382716049382047,0.9433989678475969,Trung tinh
2018-11-04,19.51,71.11,96.55079721151274,2723.23,3.12,30.2,1221.0,252.038,-0.33,2.176601032152403,0.0,-2.234101369253194,0.49382716049382047,0.9433989678475969,Trung tinh
2018-11-05,19.96,72.68,96.43811331387552,2723.23,3.12,30.2,1221.0,252.038,-0.33,2.176601032152403,-0.11670944299959629,-2.234101369253194,0.49382716049382047,0.9433989678475969,Trung tinh
2018-11-06,19.91,70.64,96.33808658318696,2723.23,3.12,30.2,1221.0,252.038,-0.33,2.176601032152403,-0.10372116090968664,-2.234101369253194,0.49382716049382047,0.9433989678475969,Trung tinh
2018-11-07,16.36,70.1,95.98119158355928,2723.23,3.12,30.2,1221.0,252.038,-0.33,2.176601032152403,-0.3704609591965613,-2.234101369253194,0.49382716049382047,0.9433989678475969,Trung tinh
2018-11-08,16.72,69.29,96.2854814085171,2723.23,3.12,30.2,1221.0,252.038,-0.33,2.176601032152403,0.317030680633823,-2.234101369253194,0.49382716049382047,0.9433989678475969,Trung tinh
2018-11-09,17.36,69.01,96.96497062453537,2723.23,3.12,30.2,1221.0,252.038,-0.33,2.176601032152403,0.7057026730077354,-2.234101369253194,0.49382716049382047,0.9433989678475969,Trung tinh
2018-11-10,17.36,69.01,96.96497062453537,2723.23,3.12,30.2,1221.0,252.038,-0.33,2.176601032152403,0.0,-2.234101369253194,0.49382716049382047,0.9433989678475969,Trung tinh
2018-11-11,17.36,69.01,96.96497062453537,2723.23,3.12,30.2,1221.0,252.038,-0.33,2.176601032152403,0.0,-2.234101369253194,0.49382716049382047,0.9433989678475969,Trung tinh
2018-11-12,20.45,69.81,96.96497062453537,2723.23,3.12,30.2,1221.0,252.038,-0.33,2.176601032152403,0.0,-2.234101369253194,0.49382716049382047,0.9433989678475969,Trung tinh
2018-11-13,20.02,65.45,97.1495116227527,2723.23,3.12,30.2,1221.0,252.038,-0.33,2.176601032152403,0.19031718055368962,-2.234101369253194,0.49382716049382047,0.9433989678475969,Trung tinh
2018-11-14,21.25,64.88,97.00458546258568,2723.23,3.12,30.2,1221.0,252.038,-0.33,2.176601032152403,-0.14917847526582095,-2.234101369253194,0.49382716049382047,0.9433989678475969,Trung tinh
2018-11-15,19.98,65.61,97.10749276543282,2723.23,3.12,30.2,1221.0,252.038,-0.33,2.176601032152403,0.10608498799971056,-2.234101369253194,0.49382716049382047,0.9433989678475969,Trung tinh
2018-11-16,18.14,65.29,96.51248072727398,2723.23,3.12,30.2,1221.0,252.038,-0.33,2.176601032152403,-0.6127354555390707,-2.234101369253194,0.49382716049382047,0.9433989678475969,Trung tinh
2018-11-17,18.14,65.29,96.51248072727398,2723.23,3.12,30.2,1221.0,252.038,-0.33,2.176601032152403,0.0,-2.234101369253194,0.49382716049382047,0.9433989678475969,Trung tinh
2018-11-18,18.14,65.29,96.51248072727398,2723.23,3.12,30.2,1221.0,252.038,-0.33,2.176601032152403,0.0,-2.234101369253194,0.49382716049382047,0.9433989678475969,Trung tinh
2018-11-19,20.1,64.14,96.2392010485324,2723.23,3.12,30.2,1221.0,252.038,-0.33,2.176601032152403,-0.2831547554080882,-2.234101369253194,0.49382716049382047,0.9433989678475969,Trung tinh
2018-11-20,22.48,61.5,96.62980294231068,2723.23,3.12,30.2,1221.0,252.038,-0.33,2.176601032152403,0.40586568625118336,-2.234101369253194,0.49382716049382047,0.9433989678475969,Trung tinh
2018-11-21,20.8,61.65,96.69902136199791,2723.23,3.12,30.2,1221.0,252.038,-0.33,2.176601032152403,0.07163257874855944,-2.234101369253194,0.49382716049382047,0.9433989678475969,Trung tinh
2018-11-22,20.8,61.11,96.69902136199791,2723.23,3.12,30.2,1221.0,252.038,-0.33,2.176601032152403,0.0,-2.234101369253194,0.49382716049382047,0.9433989678475969,Trung tinh
2018-11-23,21.52,57.69,96.95613374626639,2723.23,3.12,30.2,1221.0,252.038,-0.33,2.176601032152403,0.26588933439768425,-2.234101369253194,0.49382716049382047,0.9433989678475969,Trung tinh
2018-11-24,21.52,57.69,96.95613374626639,2723.23,3.12,30.2,1221.0,252.038,-0.33,2.176601032152403,0.0,-2.234101369253194,0.49382716049382047,0.9433989678475969,Trung tinh
2018-11-25,21.52,57.69,96.95613374626639,2723.23,3.12,30.2,1221.0,252.038,-0.33,2.176601032152403,0.0,-2.234101369253194,0.49382716049382047,0.9433989678475969,Trung tinh
2018-11-26,18.9,59.7,97.02479503894261,2723.23,3.12,30.2,1221.0,252.038,-0.33,2.176601032152403,0.07081686327954362,-2.234101369253194,0.49382716049382047,0.9433989678475969,Trung tinh
2018-11-27,19.02,59.58,97.4652628005459,2723.23,3.12,30.2,1221.0,252.038,-0.33,2.176601032152403,0.45397443140848814,-2.234101369253194,0.49382716049382047,0.9433989678475969,Trung tinh
2018-11-28,18.49,57.97,97.42842625223928,2723.23,3.12,30.2,1221.0,252.038,-0.33,2.176601032152403,-0.037794540586222336,-2.234101369253194,0.49382716049382047,0.9433989678475969,Trung tinh
2018-11-29,18.79,58.29,96.80816861634311,2723.23,3.12,30.2,1221.0,252.038,-0.33,2.176601032152403,-0.6366290206621383,-2.234101369253194,0.49382716049382047,0.9433989678475969,Trung tinh
2018-11-30,18.07,57.71,97.15723942757765,2723.23,3.12,30.2,1221.0,252.038,-0.33,2.176601032152403,0.36057991409581547,-2.234101369253194,0.49382716049382047,0.9433989678475969,Trung tinh
2018-12-01,18.07,57.71,97.15723942757765,2567.31,2.83,28.29,1250.0,251.233,-0.32,1.9101588486313714,0.0,-5.725553845984366,2.375102375102367,0.9198411513686287,Trung tinh
2018-12-02,18.07,57.71,97.15723942757765,2567.31,2.83,28.29,1250.0,251.233,-0.32,1.9101588486313714,0.0,-5.725553845984366,2.375102375102367,0.9198411513686287,Trung tinh
2018-12-03,16.44,60.17,96.91974441887827,2567.31,2.83,28.29,1250.0,251.233,-0.32,1.9101588486313714,-0.24444396536854596,-5.725553845984366,2.375102375102367,0.9198411513686287,Trung tinh
2018-12-04,20.74,61.22,96.92132491138142,2567.31,2.83,28.29,1250.0,251.233,-0.32,1.9101588486313714,0.0016307229374401544,-5.725553845984366,2.375102375102367,0.9198411513686287,Trung tinh
2018-12-05,20.74,61.4,96.92132491138142,2567.31,2.83,28.29,1250.0,251.233,-0.32,1.9101588486313714,0.0,-5.725553845984366,2.375102375102367,0.9198411513686287,Trung tinh
2018-12-06,21.19,57.83,96.79853114768177,2567.31,2.83,28.29,1250.0,251.233,-0.32,1.9101588486313714,-0.1266942685852923,-5.725553845984366,2.375102375102367,0.9198411513686287,Trung tinh
2018-12-07,23.23,61.71,96.69642981657037,2567.31,2.83,28.29,1250.0,251.233,-0.32,1.9101588486313714,-0.10547818226253058,-5.725553845984366,2.375102375102367,0.9198411513686287,Trung tinh
2018-12-08,23.23,61.71,96.69642981657037,2567.31,2.83,28.29,1250.0,251.233,-0.32,1.9101588486313714,0.0,-5.725553845984366,2.375102375102367,0.9198411513686287,Trung tinh
2018-12-09,23.23,61.71,96.69642981657037,2567.31,2.83,28.29,1250.0,251.233,-0.32,1.9101588486313714,0.0,-5.725553845984366,2.375102375102367,0.9198411513686287,Trung tinh
2018-12-10,22.64,60.29,97.09040707053009,2567.31,2.83,28.29,1250.0,251.233,-0.32,1.9101588486313714,0.4074372287653949,-5.725553845984366,2.375102375102367,0.9198411513686287,Trung tinh
2018-12-11,21.76,59.73,97.4700701470289,2567.31,2.83,28.29,1250.0,251.233,-0.32,1.9101588486313714,0.3910407711268604,-5.725553845984366,2.375102375102367,0.9198411513686287,Trung tinh
2018-12-12,21.46,59.94,97.04251233324705,2567.31,2.83,28.29,1250.0,251.233,-0.32,1.9101588486313714,-0.4386554899744155,-5.725553845984366,2.375102375102367,0.9198411513686287,Trung tinh
2018-12-13,20.65,59.03,97.12574863729263,2567.31,2.83,28.29,1250.0,251.233,-0.32,1.9101588486313714,0.08577303085450794,-5.725553845984366,2.375102375102367,0.9198411513686287,Trung tinh
2018-12-14,21.63,58.56,97.48632146540987,2567.31,2.83,28.29,1250.0,251.233,-0.32,1.9101588486313714,0.37124329354079055,-5.725553845984366,2.375102375102367,0.9198411513686287,Trung tinh
2018-12-15,21.63,58.56,97.48632146540987,2567.31,2.83,28.29,1250.0,251.233,-0.32,1.9101588486313714,0.0,-5.725553845984366,2.375102375102367,0.9198411513686287,Trung tinh
2018-12-16,21.63,58.56,97.48632146540987,2567.31,2.83,28.29,1250.0,251.233,-0.32,1.9101588486313714,0.0,-5.725553845984366,2.375102375102367,0.9198411513686287,Trung tinh
2018-12-17,24.52,57.59,97.18716042296174,2567.31,2.83,28.29,1250.0,251.233,-0.32,1.9101588486313714,-0.30687489070380103,-5.725553845984366,2.375102375102367,0.9198411513686287,Trung tinh
2018-12-18,25.58,55.26,97.04279843800916,2567.31,2.83,28.29,1250.0,251.233,-0.32,1.9101588486313714,-0.14854018197909546,-5.725553845984366,2.375102375102367,0.9198411513686287,Risk-off
2018-12-19,25.58,55.6,96.65631544065792,2567.31,2.83,28.29,1250.0,251.233,-0.32,1.9101588486313714,-0.39826035890558886,-5.725553845984366,2.375102375102367,0.9198411513686287,Risk-off
2018-12-20,28.38,52.84,96.55129979352742,2567.31,2.83,28.29,1250.0,251.233,-0.32,1.9101588486313714,-0.108648510603504,-5.725553845984366,2.375102375102367,0.9198411513686287,Risk-off
2018-12-21,30.11,51.93,96.6942026861185,2567.31,2.83,28.29,1250.0,251.233,-0.32,1.9101588486313714,0.14800721781755843,-5.725553845984366,2.375102375102367,0.9198411513686287,Risk-off
2018-12-22,30.11,51.93,96.6942026861185,2567.31,2.83,28.29,1250.0,251.233,-0.32,1.9101588486313714,0.0,-5.725553845984366,2.375102375102367,0.9198411513686287,Risk-off
2018-12-23,30.11,51.93,96.6942026861185,2567.31,2.83,28.29,1250.0,251.233,-0.32,1.9101588486313714,0.0,-5.725553845984366,2.375102375102367,0.9198411513686287,Risk-off
2018-12-24,36.07,51.93,96.6942026861185,2567.31,2.83,28.29,1250.0,251.233,-0.32,1.9101588486313714,0.0,-5.725553845984366,2.375102375102367,0.9198411513686287,Risk-off
2018-12-25,36.07,51.93,96.6942026861185,2567.31,2.83,28.29,1250.0,251.233,-0.32,1.9101588486313714,0.0,-5.725553845984366,2.375102375102367,0.9198411513686287,Risk-off
2018-12-26,30.41,51.93,96.61450184545771,2567.31,2.83,28.29,1250.0,251.233,-0.32,1.9101588486313714,-0.08242566611724733,-5.725553845984366,2.375102375102367,0.9198411513686287,Risk-off
2018-12-27,29.96,51.49,96.6983986511891,2567.31,2.83,28.29,1250.0,251.233,-0.32,1.9101588486313714,0.08683665922697426,-5.725553845984366,2.375102375102367,0.9198411513686287,Risk-off
2018-12-28,28.34,50.57,96.35660182666422,2567.31,2.83,28.29,1250.0,251.233,-0.32,1.9101588486313714,-0.35346689220553396,-5.725553845984366,2.375102375102367,0.9198411513686287,Risk-off
2018-12-29,28.34,50.57,96.35660182666422,2567.31,2.83,28.29,1250.0,251.233,-0.32,1.9101588486313714,0.0,-5.725553845984366,2.375102375102367,0.9198411513686287,Risk-off
2018-12-30,28.34,50.57,96.35660182666422,2567.31,2.83,28.29,1250.0,251.233,-0.32,1.9101588486313714,0.0,-5.725553845984366,2.375102375102367,0.9198411513686287,Risk-off
2018-12-31,25.42,50.57,96.13618957109253,2567.31,2.83,28.29,1250.0,251.233,-0.32,1.9101588486313714,-0.22874639764506322,0.0,0.0,0.9198411513686287,Risk-off
2019-01-01,25.42,50.57,96.13618957109253,2607.39,2.71,28.38,1292.0,251.712,0.19,1.5512351381991252,0.0,1.5611671360295398,3.3600000000000074,1.1587648618008748,Risk-off
2019-01-02,23.22,54.06,96.75222490250192,2607.39,2.71,28.38,1292.0,251.712,0.19,1.5512351381991252,0.6407944127573728,1.5611671360295398,3.3600000000000074,1.1587648618008748,Trung tinh
2019-01-03,25.45,53.23,96.31454552287163,2607.39,2.71,28.38,1292.0,251.712,0.19,1.5512351381991252,-0.45237138481450945,1.5611671360295398,3.3600000000000074,1.1587648618008748,Risk-off
2019-01-04,21.38,55.64,96.09784719747009,2607.39,2.71,28.38,1292.0,251.712,0.19,1.5512351381991252,-0.2249902382086999,1.5611671360295398,3.3600000000000074,1.1587648618008748,Trung tinh
2019-01-05,21.38,55.64,96.09784719747009,2607.39,2.71,28.38,1292.0,251.712,0.19,1.5512351381991252,0.0,1.5611671360295398,3.3600000000000074,1.1587648618008748,Trung tinh
2019-01-06,21.38,55.64,96.09784719747009,2607.39,2.71,28.38,1292.0,251.712,0.19,1.5512351381991252,0.0,1.5611671360295398,3.3600000000000074,1.1587648618008748,Trung tinh
2019-01-07,21.4,57.1,95.73956288017244,2607.39,2.71,28.38,1292.0,251.712,0.19,1.5512351381991252,-0.372832823779512,1.5611671360295398,3.3600000000000074,1.1587648618008748,Trung tinh
2019-01-08,20.47,56.91,95.89507867787316,2607.39,2.71,28.38,1292.0,251.712,0.19,1.5512351381991252,0.16243629386041292,1.5611671360295398,3.3600000000000074,1.1587648618008748,Trung tinh
2019-01-09,19.98,59.46,95.36043023102987,2607.39,2.71,28.38,1292.0,251.712,0.19,1.5512351381991252,-0.5575348122287549,1.5611671360295398,3.3600000000000074,1.1587648618008748,Trung tinh
2019-01-10,19.5,60.47,95.4073004763258,2607.39,2.71,28.38,1292.0,251.712,0.19,1.5512351381991252,0.049150622729343674,1.5611671360295398,3.3600000000000074,1.1587648618008748,Trung tinh
2019-01-11,18.19,59.24,95.57843169084421,2607.39,2.71,28.38,1292.0,251.712,0.19,1.5512351381991252,0.17936909823883518,1.5611671360295398,3.3600000000000074,1.1587648618008748,Trung tinh
2019-01-12,18.19,59.24,95.57843169084421,2607.39,2.71,28.38,1292.0,251.712,0.19,1.5512351381991252,0.0,1.5611671360295398,3.3600000000000074,1.1587648618008748,Trung tinh
2019-01-13,18.19,59.24,95.57843169084421,2607.39,2.71,28.38,1292.0,251.712,0.19,1.5512351381991252,0.0,1.5611671360295398,3.3600000000000074,1.1587648618008748,Trung tinh
2019-01-14,19.07,58.8,95.57843169084421,2607.39,2.71,28.38,1292.0,251.712,0.19,1.5512351381991252,0.0,1.5611671360295398,3.3600000000000074,1.1587648618008748,Trung tinh
2019-01-15,18.6,58.65,96.15726745926506,2607.39,2.71,28.38,1292.0,251.712,0.19,1.5512351381991252,0.6056133776008554,1.5611671360295398,3.3600000000000074,1.1587648618008748,Trung tinh
2019-01-16,19.04,59.81,95.99612636257827,2607.39,2.71,28.38,1292.0,251.712,0.19,1.5512351381991252,-0.16758077776601876,1.5611671360295398,3.3600000000000074,1.1587648618008748,Trung tinh
2019-01-17,18.06,59.85,96.12399811643812,2607.39,2.71,28.38,1292.0,251.712,0.19,1.5512351381991252,0.13320511848247119,1.5611671360295398,3.3600000000000074,1.1587648618008748,Trung tinh
2019-01-18,17.8,62.04,96.34512610072989,2607.39,2.71,28.38,1292.0,251.712,0.19,1.5512351381991252,0.23004451398693782,1.5611671360295398,3.3600000000000074,1.1587648618008748,Trung tinh
2019-01-19,17.8,62.04,96.34512610072989,2607.39,2.71,28.38,1292.0,251.712,0.19,1.5512351381991252,0.0,1.5611671360295398,3.3600000000000074,1.1587648618008748,Trung tinh
2019-01-20,17.8,62.04,96.34512610072989,2607.39,2.71,28.38,1292.0,251.712,0.19,1.5512351381991252,0.0,1.5611671360295398,3.3600000000000074,1.1587648618008748,Trung tinh
2019-01-21,17.8,62.18,96.34512610072989,2607.39,2.71,28.38,1292.0,251.712,0.19,1.5512351381991252,0.0,1.5611671360295398,3.3600000000000074,1.1587648618008748,Trung tinh
2019-01-22,20.8,60.9,96.31632564608546,2607.39,2.71,28.38,1292.0,251.712,0.19,1.5512351381991252,-0.029893006330505845,1.5611671360295398,3.3600000000000074,1.1587648618008748,Trung tinh
2019-01-23,19.52,61.05,96.07623081818643,2607.39,2.71,28.38,1292.0,251.712,0.19,1.5512351381991252,-0.24927739538285199,1.5611671360295398,3.3600000000000074,1.1587648618008748,Trung tinh
2019-01-24,18.89,61.09,96.49838710262716,2607.39,2.71,28.38,1292.0,251.712,0.19,1.5512351381991252,0.43939721702823675,1.5611671360295398,3.3600000000000074,1.1587648618008748,Trung tinh
2019-01-25,17.42,61.49,95.86966023041632,2607.39,2.71,28.38,1292.0,251.712,0.19,1.5512351381991252,-0.651541327361449,1.5611671360295398,3.3600000000000074,1.1587648618008748,Trung tinh
2019-01-26,17.42,61.49,95.86966023041632,2607.39,2.71,28.38,1292.0,251.712,0.19,1.5512351381991252,0.0,1.5611671360295398,3.3600000000000074,1.1587648618008748,Trung tinh
2019-01-27,17.42,61.49,95.86966023041632,2607.39,2.71,28.38,1292.0,251.712,0.19,1.5512351381991252,0.0,1.5611671360295398,3.3600000000000074,1.1587648618008748,Trung tinh
2019-01-28,18.87,59.71,95.68582842524762,2607.39,2.71,28.38,1292.0,251.712,0.19,1.5512351381991252,-0.19175180628246968,1.5611671360295398,3.3600000000000074,1.1587648618008748,Trung tinh
2019-01-29,19.13,60.98,95.80415562628461,2607.39,2.71,28.38,1292.0,251.712,0.19,1.5512351381991252,0.12366220054147448,1.5611671360295398,3.3600000000000074,1.1587648618008748,Trung tinh
2019-01-30,17.66,61.89,95.89938394853911,2607.39,2.71,28.38,1292.0,251.712,0.19,1.5512351381991252,0.09939894739636745,1.5611671360295398,3.3600000000000074,1.1587648618008748,Trung tinh
2019-01-31,16.57,62.46,95.50868132747688,2607.39,2.71,28.38,1292.0,251.712,0.19,1.5512351381991252,-0.407408895631578,0.0,0.0,1.1587648618008748,Trung tinh
2019-02-01,16.14,61.86,95.49528963534011,2754.86,2.68,29.54,1320.0,252.776,0.42,1.520135265933309,-0.014021439675049319,5.655847418299542,2.1671826625387025,1.1598647340666912,Trung tinh
2019-02-02,16.14,61.86,95.49528963534011,2754.86,2.68,29.54,1320.0,252.776,0.42,1.520135265933309,0.0,5.655847418299542,2.1671826625387025,1.1598647340666912,Trung tinh
2019-02-03,16.14,61.86,95.49528963534011,2754.86,2.68,29.54,1320.0,252.776,0.42,1.520135265933309,0.0,5.655847418299542,2.1671826625387025,1.1598647340666912,Trung tinh
2019-02-04,15.73,62.26,95.8018155634756,2754.86,2.68,29.54,1320.0,252.776,0.42,1.520135265933309,0.32098539028049267,5.655847418299542,2.1671826625387025,1.1598647340666912,Trung tinh
2019-02-05,15.57,61.67,96.08359010386992,2754.86,2.68,29.54,1320.0,252.776,0.42,1.520135265933309,0.2941223386394354,5.655847418299542,2.1671826625387025,1.1598647340666912,Trung tinh
2019-02-06,15.38,62.22,96.24114643892041,2754.86,2.68,29.54,1320.0,252.776,0.42,1.520135265933309,0.16397840139004138,5.655847418299542,2.1671826625387025,1.1598647340666912,Trung tinh
2019-02-07,16.37,61.01,96.43797483258376,2754.86,2.68,29.54,1320.0,252.776,0.42,1.520135265933309,0.20451584477776397,5.655847418299542,2.1671826625387025,1.1598647340666912,Trung tinh
2019-02-08,15.72,61.37,96.62204947019976,2754.86,2.68,29.54,1320.0,252.776,0.42,1.520135265933309,0.19087360340732662,5.655847418299542,2.1671826625387025,1.1598647340666912,Trung tinh
2019-02-09,15.72,61.37,96.62204947019976,2754.86,2.68,29.54,1320.0,252.776,0.42,1.520135265933309,0.0,5.655847418299542,2.1671826625387025,1.1598647340666912,Trung tinh
2019-02-10,15.72,61.37,96.62204947019976,2754.86,2.68,29.54,1320.0,252.776,0.42,1.520135265933309,0.0,5.655847418299542,2.1671826625387025,1.1598647340666912,Trung tinh
2019-02-11,15.97,61.3,97.05057088517063,2754.86,2.68,29.54,1320.0,252.776,0.42,1.520135265933309,0.4435027173616657,5.655847418299542,2.1671826625387025,1.1598647340666912,Trung tinh
2019-02-12,15.43,62.58,96.80189506806623,2754.86,2.68,29.54,1320.0,252.776,0.42,1.520135265933309,-0.25623323473144,5.655847418299542,2.1671826625387025,1.1598647340666912,Trung tinh
2019-02-13,15.65,63.27,96.9822866085705,2754.86,2.68,29.54,1320.0,252.776,0.42,1.520135265933309,0.1863512489889141,5.655847418299542,2.1671826625387025,1.1598647340666912,Trung tinh
2019-02-14,16.22,64.0,97.12511364761089,2754.86,2.68,29.54,1320.0,252.776,0.42,1.520135265933309,0.147271263686366,5.655847418299542,2.1671826625387025,1.1598647340666912,Trung tinh
2019-02-15,14.91,65.65,97.1017298560081,2754.86,2.68,29.54,1320.0,252.776,0.42,1.520135265933309,-0.024075947738522174,5.655847418299542,2.1671826625387025,1.1598647340666912,Risk-on
2019-02-16,14.91,65.65,97.1017298560081,2754.86,2.68,29.54,1320.0,252.776,0.42,1.520135265933309,0.0,5.655847418299542,2.1671826625387025,1.1598647340666912,Risk-on
2019-02-17,14.91,65.65,97.1017298560081,2754.86,2.68,29.54,1320.0,252.776,0.42,1.520135265933309,0.0,5.655847418299542,2.1671826625387025,1.1598647340666912,Risk-on
2019-02-18,14.91,66.41,97.1017298560081,2754.86,2.68,29.54,1320.0,252.776,0.42,1.520135265933309,0.0,5.655847418299542,2.1671826625387025,1.1598647340666912,Risk-on
2019-02-19,14.88,65.86,96.6478486127387,2754.86,2.68,29.54,1320.0,252.776,0.42,1.520135265933309,-0.4674285864345262,5.655847418299542,2.1671826625387025,1.1598647340666912,Risk-on
2019-02-20,14.02,66.82,96.6478486127387,2754.86,2.68,29.54,1320.0,252.776,0.42,1.520135265933309,0.0,5.655847418299542,2.1671826625387025,1.1598647340666912,Risk-on
2019-02-21,14.46,66.91,96.55256161688216,2754.86,2.68,29.54,1320.0,252.776,0.42,1.520135265933309,-0.09859194718172537,5.655847418299542,2.1671826625387025,1.1598647340666912,Risk-on
2019-02-22,13.51,66.91,96.51804797529262,2754.86,2.68,29.54,1320.0,252.776,0.42,1.520135265933309,-0.03574596158980592,5.655847418299542,2.1671826625387025,1.1598647340666912,Risk-on
2019-02-23,13.51,66.91,96.51804797529262,2754.86,2.68,29.54,1320.0,252.776,0.42,1.520135265933309,0.0,5.655847418299542,2.1671826625387025,1.1598647340666912,Risk-on
2019-02-24,13.51,66.91,96.51804797529262,2754.86,2.68,29.54,1320.0,252.776,0.42,1.520135265933309,0.0,5.655847418299542,2.1671826625387025,1.1598647340666912,Risk-on
2019-02-25,14.85,64.02,96.53720263985802,2754.86,2.68,29.54,1320.0,252.776,0.42,1.520135265933309,0.01984568168049705,5.655847418299542,2.1671826625387025,1.1598647340666912,Risk-on
2019-02-26,15.17,64.51,96.17752823339448,2754.86,2.68,29.54,1320.0,252.776,0.42,1.520135265933309,-0.3725759568622866,5.655847418299542,2.1671826625387025,1.1598647340666912,Trung tinh
2019-02-27,14.7,65.55,96.12436489435821,2754.86,2.68,29.54,1320.0,252.776,0.42,1.520135265933309,-0.05527625840753281,5.655847418299542,2.1671826625387025,1.1598647340666912,Risk-on
2019-02-28,14.78,65.03,96.16192475793942,2754.86,2.68,29.54,1320.0,252.776,0.42,1.520135265933309,0.03907423848519276,5.655847418299542,2.1671826625387025,1.1598647340666912,Risk-on
2019-03-01,13.57,63.71,96.36805240150572,2803.98,2.57,29.58,1301.0,254.202,0.56,1.8625227405691724,0.21435473976334496,7.539723631677653,0.6965944272445901,0.7074772594308274,Risk-on
2019-03-02,13.57,63.71,96.36805240150572,2803.98,2.57,29.58,1301.0,254.202,0.56,1.8625227405691724,0.0,7.539723631677653,0.6965944272445901,0.7074772594308274,Risk-on
2019-03-03,13.57,63.71,96.36805240150572,2803.98,2.57,29.58,1301.0,254.202,0.56,1.8625227405691724,0.0,1.7830307166244452,-1.4393939393939403,0.7074772594308274,Risk-on
2019-03-04,14.63,64.44,96.68833690296609,2803.98,2.57,29.58,1301.0,254.202,0.56,1.8625227405691724,0.33235547827192846,1.7830307166244452,-1.4393939393939403,0.7074772594308274,Risk-on
2019-03-05,14.74,64.24,96.92608534644525,2803.98,2.57,29.58,1301.0,254.202,0.56,1.8625227405691724,0.24589154296630333,1.7830307166244452,-1.4393939393939403,0.7074772594308274,Risk-on
2019-03-06,15.74,64.51,96.82419261232305,2803.98,2.57,29.58,1301.0,254.202,0.56,1.8625227405691724,-0.10512416111514433,1.7830307166244452,-1.4393939393939403,0.7074772594308274,Trung tinh
2019-03-07,16.59,64.82,97.44977759027908,2803.98,2.57,29.58,1301.0,254.202,0.56,1.8625227405691724,0.6461039964059667,1.7830307166244452,-1.4393939393939403,0.7074772594308274,Trung tinh
2019-03-08,16.05,65.66,97.32321465381135,2803.98,2.57,29.58,1301.0,254.202,0.56,1.8625227405691724,-0.129875038812155,1.7830307166244452,-1.4393939393939403,0.7074772594308274,Trung tinh
2019-03-09,16.05,65.66,97.32321465381135,2803.98,2.57,29.58,1301.0,254.202,0.56,1.8625227405691724,0.0,1.7830307166244452,-1.4393939393939403,0.7074772594308274,Trung tinh
2019-03-10,16.05,65.66,97.32321465381135,2803.98,2.57,29.58,1301.0,254.202,0.56,1.8625227405691724,0.0,1.7830307166244452,-1.4393939393939403,0.7074772594308274,Trung tinh
2019-03-11,14.33,65.06,97.34772936125856,2803.98,2.57,29.58,1301.0,254.202,0.56,1.8625227405691724,0.02518896188787867,1.7830307166244452,-1.4393939393939403,0.7074772594308274,Risk-on
2019-03-12,13.77,65.33,97.05106775473124,2803.98,2.57,29.58,1301.0,254.202,0.56,1.8625227405691724,-0.3047442487604468,1.7830307166244452,-1.4393939393939403,0.7074772594308274,Risk-on
2019-03-13,13.41,65.89,96.67831724282506,2803.98,2.57,29.58,1301.0,254.202,0.56,1.8625227405691724,-0.38407667275561774,1.7830307166244452,-1.4393939393939403,0.7074772594308274,Risk-on
2019-03-14,13.5,66.18,96.71877823046226,2803.98,2.57,29.58,1301.0,254.202,0.56,1.8625227405691724,0.0418511500728469,1.7830307166244452,-1.4393939393939403,0.7074772594308274,Risk-on
2019-03-15,12.88,66.11,96.57180411093519,2803.98,2.57,29.58,1301.0,254.202,0.56,1.8625227405691724,-0.15196027308871374,1.7830307166244452,-1.4393939393939403,0.7074772594308274,Risk-on
2019-03-16,12.88,66.11,96.57180411093519,2803.98,2.57,29.58,1301.0,254.202,0.56,1.8625227405691724,0.0,1.7830307166244452,-1.4393939393939403,0.7074772594308274,Risk-on
2019-03-17,12.88,66.11,96.57180411093519,2803.98,2.57,29.58,1301.0,254.202,0.56,1.8625227405691724,0.0,1.7830307166244452,-1.4393939393939403,0.7074772594308274,Risk-on
2019-03-18,13.1,66.65,96.54481107574283,2803.98,2.57,29.58,1301.0,254.202,0.56,1.8625227405691724,-0.027951259108049964,1.7830307166244452,-1.4393939393939403,0.7074772594308274,Risk-on
2019-03-19,13.56,67.13,96.41495656593443,2803.98,2.57,29.58,1301.0,254.202,0.56,1.8625227405691724,-0.13450180114447097,1.7830307166244452,-1.4393939393939403,0.7074772594308274,Risk-on
2019-03-20,13.91,68.35,96.45359836059117,2803.98,2.57,29.58,1301.0,254.202,0.56,1.8625227405691724,0.0400786309853407,1.7830307166244452,-1.4393939393939403,0.7074772594308274,Risk-on
2019-03-21,13.63,68.3,96.45470648369111,2803.98,2.57,29.58,1301.0,254.202,0.56,1.8625227405691724,0.001148866521072378,1.7830307166244452,-1.4393939393939403,0.7074772594308274,Risk-on
2019-03-22,16.48,66.29,96.66825963043124,2803.98,2.57,29.58,1301.0,254.202,0.56,1.8625227405691724,0.22140251577691394,1.7830307166244452,-1.4393939393939403,0.7074772594308274,Trung tinh
2019-03-23,16.48,66.29,96.66825963043124,2803.98,2.57,29.58,1301.0,254.202,0.56,1.8625227405691724,0.0,1.7830307166244452,-1.4393939393939403,0.7074772594308274,Trung tinh
2019-03-24,16.48,66.29,96.66825963043124,2803.98,2.57,29.58,1301.0,254.202,0.56,1.8625227405691724,0.0,1.7830307166244452,-1.4393939393939403,0.7074772594308274,Trung tinh
2019-03-25,16.33,67.37,96.48490333620447,2803.98,2.57,29.58,1301.0,254.202,0.56,1.8625227405691724,-0.1896757994069076,1.7830307166244452,-1.4393939393939403,0.7074772594308274,Trung tinh
2019-03-26,14.68,67.51,96.72729510507472,2803.98,2.57,29.58,1301.0,254.202,0.56,1.8625227405691724,0.25122248195204033,1.7830307166244452,-1.4393939393939403,0.7074772594308274,Risk-on
2019-03-27,15.15,67.35,96.93509148267285,2803.98,2.57,29.58,1301.0,254.202,0.56,1.8625227405691724,0.21482703240320866,1.7830307166244452,-1.4393939393939403,0.7074772594308274,Trung tinh
2019-03-28,14.43,66.08,97.11973848407011,2803.98,2.57,29.58,1301.0,254.202,0.56,1.8625227405691724,0.19048519846940337,1.7830307166244452,-1.4393939393939403,0.7074772594308274,Risk-on
2019-03-29,13.71,67.93,97.18318207053069,2803.98,2.57,29.58,1301.0,254.202,0.56,1.8625227405691724,0.06532512077448427,1.7830307166244452,-1.4393939393939403,0.7074772594308274,Risk-on
2019-03-30,13.71,67.93,97.18318207053069,2803.98,2.57,29.58,1301.0,254.202,0.56,1.8625227405691724,0.0,1.7830307166244452,-1.4393939393939403,0.7074772594308274,Risk-on
2019-03-31,13.71,67.93,97.18318207053069,2803.98,2.57,29.58,1301.0,254.202,0.56,1.8625227405691724,0.0,0.0,0.0,0.7074772594308274,Risk-on
2019-04-01,13.4,69.08,97.24455722574385,2903.8,2.53,30.13,1286.0,255.548,0.53,1.9964397755302565,0.06315409097081837,3.5599397998559157,-1.152959262106068,0.5335602244697433,Risk-on
2019-04-02,13.36,69.68,97.49563759886344,2903.8,2.53,30.13,1286.0,255.548,0.53,1.9964397755302565,0.25819478260025175,3.5599397998559157,-1.152959262106068,0.5335602244697433,Risk-on
2019-04-03,13.74,69.21,97.03814804915459,2903.8,2.53,30.13,1286.0,255.548,0.53,1.9964397755302565,-0.46924104603649486,3.5599397998559157,-1.152959262106068,0.5335602244697433,Risk-on
2019-04-04,13.58,69.8,97.31894027348626,2903.8,2.53,30.13,1286.0,255.548,0.53,1.9964397755302565,0.28936271968982297,3.5599397998559157,-1.152959262106068,0.5335602244697433,Risk-on
2019-04-05,12.82,69.93,97.41096789205584,2903.8,2.53,30.13,1286.0,255.548,0.53,1.9964397755302565,0.09456290657394728,3.5599397998559157,-1.152959262106068,0.5335602244697433,Risk-on
2019-04-06,12.82,69.93,97.41096789205584,2903.8,2.53,30.13,1286.0,255.548,0.53,1.9964397755302565,0.0,3.5599397998559157,-1.152959262106068,0.5335602244697433,Risk-on
2019-04-07,12.82,69.93,97.41096789205584,2903.8,2.53,30.13,1286.0,255.548,0.53,1.9964397755302565,0.0,3.5599397998559157,-1.152959262106068,0.5335602244697433,Risk-on
2019-04-08,13.18,71.12,97.0570278391312,2903.8,2.53,30.13,1286.0,255.548,0.53,1.9964397755302565,-0.3633472293559925,3.5599397998559157,-1.152959262106068,0.5335602244697433,Risk-on
2019-04-09,14.28,71.02,96.93584348121813,2903.8,2.53,30.13,1286.0,255.548,0.53,1.9964397755302565,-0.12485892120447373,3.5599397998559157,-1.152959262106068,0.5335602244697433,Risk-on
2019-04-10,13.3,71.63,96.94533893647149,2903.8,2.53,30.13,1286.0,255.548,0.53,1.9964397755302565,0.00979560801490642,3.5599397998559157,-1.152959262106068,0.5335602244697433,Risk-on
2019-04-11,13.02,71.3,97.1030998533228,2903.8,2.53,30.13,1286.0,255.548,0.53,1.9964397755302565,0.16273182247028561,3.5599397998559157,-1.152959262106068,0.5335602244697433,Risk-on
2019-04-12,12.01,71.57,96.90200960342544,2903.8,2.53,30.13,1286.0,255.548,0.53,1.9964397755302565,-0.20708942371676642,3.5599397998559157,-1.152959262106068,0.5335602244697433,Risk-on
2019-04-13,12.01,71.57,96.90200960342544,2903.8,2.53,30.13,1286.0,255.548,0.53,1.9964397755302565,0.0,3.5599397998559157,-1.152959262106068,0.5335602244697433,Risk-on
2019-04-14,12.01,71.57,96.90200960342544,2903.8,2.53,30.13,1286.0,255.548,0.53,1.9964397755302565,0.0,3.5599397998559157,-1.152959262106068,0.5335602244697433,Risk-on
2019-04-15,12.32,70.9,96.9167020954907,2903.8,2.53,30.13,1286.0,255.548,0.53,1.9964397755302565,0.015162216062791778,3.5599397998559157,-1.152959262106068,0.5335602244697433,Risk-on
2019-04-16,12.18,70.74,97.00510286137842,2903.8,2.53,30.13,1286.0,255.548,0.53,1.9964397755302565,0.09121313868130088,3.5599397998559157,-1.152959262106068,0.5335602244697433,Risk-on
2019-04-17,12.6,71.14,97.01244934768323,2903.8,2.53,30.13,1286.0,255.548,0.53,1.9964397755302565,0.007573298814289586,3.5599397998559157,-1.152959262106068,0.5335602244697433,Risk-on
2019-04-18,12.09,70.71,97.37446630000112,2903.8,2.53,30.13,1286.0,255.548,0.53,1.9964397755302565,0.373165459435465,3.5599397998559157,-1.152959262106068,0.5335602244697433,Risk-on
2019-04-19,12.09,70.71,97.35357500381764,2903.8,2.53,30.13,1286.0,255.548,0.53,1.9964397755302565,-0.021454593773195807,3.5599397998559157,-1.152959262106068,0.5335602244697433,Risk-on
2019-04-20,12.09,70.71,97.35357500381764,2903.8,2.53,30.13,1286.0,255.548,0.53,1.9964397755302565,0.0,3.5599397998559157,-1.152959262106068,0.5335602244697433,Risk-on
2019-04-21,12.09,70.71,97.35357500381764,2903.8,2.53,30.13,1286.0,255.548,0.53,1.9964397755302565,0.0,3.5599397998559157,-1.152959262106068,0.5335602244697433,Risk-on
2019-04-22,12.42,70.71,97.296865374825,2903.8,2.53,30.13,1286.0,255.548,0.53,1.9964397755302565,-0.0582512033999949,3.5599397998559157,-1.152959262106068,0.5335602244697433,Risk-on
2019-04-23,12.28,74.39,97.63911321806128,2903.8,2.53,30.13,1286.0,255.548,0.53,1.9964397755302565,0.351756289288252,3.5599397998559157,-1.152959262106068,0.5335602244697433,Risk-on
2019-04-24,13.14,73.59,97.76924476502948,2903.8,2.53,30.13,1286.0,255.548,0.53,1.9964397755302565,0.13327809182122063,3.5599397998559157,-1.152959262106068,0.5335602244697433,Risk-on
2019-04-25,13.25,74.94,98.12935989474026,2903.8,2.53,30.13,1286.0,255.548,0.53,1.9964397755302565,0.368331708582037,3.5599397998559157,-1.152959262106068,0.5335602244697433,Risk-on
2019-04-26,12.73,71.03,97.98975462988031,2903.8,2.53,30.13,1286.0,255.548,0.53,1.9964397755302565,-0.14226656019126205,3.5599397998559157,-1.152959262106068,0.5335602244697433,Risk-on
2019-04-27,12.73,71.03,97.98975462988031,2903.8,2.53,30.13,1286.0,255.548,0.53,1.9964397755302565,0.0,3.5599397998559157,-1.152959262106068,0.5335602244697433,Risk-on
2019-04-28,12.73,71.03,97.98975462988031,2903.8,2.53,30.13,1286.0,255.548,0.53,1.9964397755302565,0.0,3.5599397998559157,-1.152959262106068,0.5335602244697433,Risk-on
2019-04-29,13.11,71.22,97.97085184714184,2903.8,2.53,30.13,1286.0,255.548,0.53,1.9964397755302565,-0.019290570539609586,3.5599397998559157,-1.152959262106068,0.5335602244697433,Risk-on
2019-04-30,13.12,72.19,97.62871184841153,2903.8,2.53,30.13,1286.0,255.548,0.53,1.9964397755302565,-0.3492263181136157,3.5599397998559157,-1.152959262106068,0.5335602244697433,Risk-on
2019-05-01,14.8,72.01,97.28967835692876,2854.71,2.4,29.24,1284.0,256.092,0.21,1.7902284687663972,-0.3472682216776435,-1.6905434258557839,-0.15552099533436836,0.6097715312336027,Risk-on
2019-05-02,14.42,70.56,97.7533308312598,2854.71,2.4,29.24,1284.0,256.092,0.21,1.7902284687663972,0.47656902783668187,-1.6905434258557839,-0.15552099533436836,0.6097715312336027,Risk-on
2019-05-03,12.87,71.95,97.60276648449522,2854.71,2.4,29.24,1284.0,256.092,0.21,1.7902284687663972,-0.15402477387137514,-1.6905434258557839,-0.15552099533436836,0.6097715312336027,Risk-on
2019-05-04,12.87,71.95,97.60276648449522,2854.71,2.4,29.24,1284.0,256.092,0.21,1.7902284687663972,0.0,-1.6905434258557839,-0.15552099533436836,0.6097715312336027,Risk-on
2019-05-05,12.87,71.95,97.60276648449522,2854.71,2.4,29.24,1284.0,256.092,0.21,1.7902284687663972,0.0,-1.6905434258557839,-0.15552099533436836,0.6097715312336027,Risk-on
2019-05-06,15.44,71.95,97.55710773607285,2854.71,2.4,29.24,1284.0,256.092,0.21,1.7902284687663972,-0.046780178540961614,-1.6905434258557839,-0.15552099533436836,0.6097715312336027,Trung tinh
2019-05-07,19.32,70.98,97.67122985187474,2854.71,2.4,29.24,1284.0,256.092,0.21,1.7902284687663972,0.11697980644387318,-1.6905434258557839,-0.15552099533436836,0.6097715312336027,Trung tinh
2019-05-08,19.4,71.09,97.51432320554979,2854.71,2.4,29.24,1284.0,256.092,0.21,1.7902284687663972,-0.16064776348461152,-1.6905434258557839,-0.15552099533436836,0.6097715312336027,Trung tinh
2019-05-09,19.1,70.61,97.3625616141972,2854.71,2.4,29.24,1284.0,256.092,0.21,1.7902284687663972,-0.15563005142607,-1.6905434258557839,-0.15552099533436836,0.6097715312336027,Trung tinh
2019-05-10,16.04,71.63,97.21818103276833,2854.71,2.4,29.24,1284.0,256.092,0.21,1.7902284687663972,-0.148291683204671,-1.6905434258557839,-0.15552099533436836,0.6097715312336027,Trung tinh
2019-05-11,16.04,71.63,97.21818103276833,2854.71,2.4,29.24,1284.0,256.092,0.21,1.7902284687663972,0.0,-1.6905434258557839,-0.15552099533436836,0.6097715312336027,Trung tinh
2019-05-12,16.04,71.63,97.21818103276833,2854.71,2.4,29.24,1284.0,256.092,0.21,1.7902284687663972,0.0,-1.6905434258557839,-0.15552099533436836,0.6097715312336027,Trung tinh
2019-05-13,20.55,72.35,97.29584163584958,2854.71,2.4,29.24,1284.0,256.092,0.21,1.7902284687663972,0.0798827979049399,-1.6905434258557839,-0.15552099533436836,0.6097715312336027,Trung tinh
2019-05-14,18.06,72.53,97.52635795804761,2854.71,2.4,29.24,1284.0,256.092,0.21,1.7902284687663972,0.23692309796834454,-1.6905434258557839,-0.15552099533436836,0.6097715312336027,Trung tinh
2019-05-15,16.44,73.09,97.5141983458741,2854.71,2.4,29.24,1284.0,256.092,0.21,1.7902284687663972,-0.01246802651928558,-1.6905434258557839,-0.15552099533436836,0.6097715312336027,Trung tinh
2019-05-16,15.29,74.7,97.77657004208925,2854.71,2.4,29.24,1284.0,256.092,0.21,1.7902284687663972,0.26905999399648994,-1.6905434258557839,-0.15552099533436836,0.6097715312336027,Trung tinh
2019-05-17,15.96,73.94,97.96181976343055,2854.71,2.4,29.24,1284.0,256.092,0.21,1.7902284687663972,0.18946228248910568,-1.6905434258557839,-0.15552099533436836,0.6097715312336027,Trung tinh
2019-05-18,15.96,73.94,97.96181976343055,2854.71,2.4,29.24,1284.0,256.092,0.21,1.7902284687663972,0.0,-1.6905434258557839,-0.15552099533436836,0.6097715312336027,Trung tinh
2019-05-19,15.96,73.94,97.96181976343055,2854.71,2.4,29.24,1284.0,256.092,0.21,1.7902284687663972,0.0,-1.6905434258557839,-0.15552099533436836,0.6097715312336027,Trung tinh
2019-05-20,16.31,73.21,97.92188618468876,2854.71,2.4,29.24,1284.0,256.092,0.21,1.7902284687663972,-0.0407644313246025,-1.6905434258557839,-0.15552099533436836,0.6097715312336027,Trung tinh
2019-05-21,14.95,72.94,98.03428467787879,2854.71,2.4,29.24,1284.0,256.092,0.21,1.7902284687663972,0.1147838318576122,-1.6905434258557839,-0.15552099533436836,0.6097715312336027,Risk-on
2019-05-22,14.75,71.94,98.05328941140225,2854.71,2.4,29.24,1284.0,256.092,0.21,1.7902284687663972,0.019385803227822684,-1.6905434258557839,-0.15552099533436836,0.6097715312336027,Risk-on
2019-05-23,16.92,68.37,97.90831861929553,2854.71,2.4,29.24,1284.0,256.092,0.21,1.7902284687663972,-0.14784898393205292,-1.6905434258557839,-0.15552099533436836,0.6097715312336027,Trung tinh
2019-05-24,15.85,67.98,97.67909110276214,2854.71,2.4,29.24,1284.0,256.092,0.21,1.7902284687663972,-0.23412465842121977,-1.6905434258557839,-0.15552099533436836,0.6097715312336027,Trung tinh
2019-05-25,15.85,67.98,97.67909110276214,2854.71,2.4,29.24,1284.0,256.092,0.21,1.7902284687663972,0.0,-1.6905434258557839,-0.15552099533436836,0.6097715312336027,Trung tinh
2019-05-26,15.85,67.98,97.67909110276214,2854.71,2.4,29.24,1284.0,256.092,0.21,1.7902284687663972,0.0,-1.6905434258557839,-0.15552099533436836,0.6097715312336027,Trung tinh
2019-05-27,15.85,67.98,97.67909110276214,2854.71,2.4,29.24,1284.0,256.092,0.21,1.7902284687663972,0.0,-1.6905434258557839,-0.15552099533436836,0.6097715312336027,Trung tinh
2019-05-28,17.5,70.19,97.86384109694238,2854.71,2.4,29.24,1284.0,256.092,0.21,1.7902284687663972,0.18913975559609053,-1.6905434258557839,-0.15552099533436836,0.6097715312336027,Trung tinh
2019-05-29,17.9,70.64,98.10852915085461,2854.71,2.4,29.24,1284.0,256.092,0.21,1.7902284687663972,0.25002907219822124,-1.6905434258557839,-0.15552099533436836,0.6097715312336027,Trung tinh
2019-05-30,17.3,69.55,98.12375980613736,2854.71,2.4,29.24,1284.0,256.092,0.21,1.7902284687663972,0.015524292754731661,-1.6905434258557839,-0.15552099533436836,0.6097715312336027,Trung tinh
2019-05-31,18.71,66.78,97.93658564491123,2854.71,2.4,29.24,1284.0,256.092,0.21,1.7902284687663972,-0.19075314846875857,0.0,0.0,0.6097715312336027,Trung tinh
2019-06-01,18.71,66.78,97.93658564491123,2890.17,2.07,29.28,1359.0,256.143,0.02,1.6484846560762545,0.0,1.2421576972792447,5.841121495327095,0.42151534392374534,Trung tinh
2019-06-02,18.71,66.78,97.93658564491123,2890.17,2.07,29.28,1359.0,256.143,0.02,1.6484846560762545,0.0,1.2421576972792447,5.841121495327095,0.42151534392374534,Trung tinh
2019-06-03,18.86,63.16,97.55319018403858,2890.17,2.07,29.28,1359.0,256.143,0.02,1.6484846560762545,-0.39147317455269226,1.2421576972792447,5.841121495327095,0.42151534392374534,Trung tinh
2019-06-04,16.97,63.56,97.28081883190355,2890.17,2.07,29.28,1359.0,256.143,0.02,1.6484846560762545,-0.27920291650247453,1.2421576972792447,5.841121495327095,0.42151534392374534,Trung tinh
2019-06-05,16.09,62.14,97.18786236367782,2890.17,2.07,29.28,1359.0,256.143,0.02,1.6484846560762545,-0.09555477569154203,1.2421576972792447,5.841121495327095,0.42151534392374534,Trung tinh
2019-06-06,15.93,62.77,96.87545405201543,2890.17,2.07,29.28,1359.0,256.143,0.02,1.6484846560762545,-0.3214478681436206,1.2421576972792447,5.841121495327095,0.42151534392374534,Trung tinh
2019-06-07,16.3,64.1,96.63547900382584,2890.17,2.07,29.28,1359.0,256.143,0.02,1.6484846560762545,-0.24771501773890314,1.2421576972792447,5.841121495327095,0.42151534392374534,Trung tinh
2019-06-08,16.3,64.1,96.63547900382584,2890.17,2.07,29.28,1359.0,256.143,0.02,1.6484846560762545,0.0,1.2421576972792447,5.841121495327095,0.42151534392374534,Trung tinh
2019-06-09,16.3,64.1,96.63547900382584,2890.17,2.07,29.28,1359.0,256.143,0.02,1.6484846560762545,0.0,1.2421576972792447,5.841121495327095,0.42151534392374534,Trung tinh
2019-06-10,15.94,64.31,96.79575772203319,2890.17,2.07,29.28,1359.0,256.143,0.02,1.6484846560762545,0.16585908183992526,1.2421576972792447,5.841121495327095,0.42151534392374534,Trung tinh
2019-06-11,15.99,63.56,96.77064179899507,2890.17,2.07,29.28,1359.0,256.143,0.02,1.6484846560762545,-0.025947338632592576,1.2421576972792447,5.841121495327095,0.42151534392374534,Trung tinh
2019-06-12,15.91,61.66,96.83312216931711,2890.17,2.07,29.28,1359.0,256.143,0.02,1.6484846560762545,0.06456541897470469,1.2421576972792447,5.841121495327095,0.42151534392374534,Trung tinh
2019-06-13,15.82,63.28,97.05791474242098,2890.17,2.07,29.28,1359.0,256.143,0.02,1.6484846560762545,0.23214429945861426,1.2421576972792447,5.841121495327095,0.42151534392374534,Trung tinh
2019-06-14,15.28,63.13,97.46700586345666,2890.17,2.07,29.28,1359.0,256.143,0.02,1.6484846560762545,0.4214917682101138,1.2421576972792447,5.841121495327095,0.42151534392374534,Trung tinh
2019-06-15,15.28,63.13,97.46700586345666,2890.17,2.07,29.28,1359.0,256.143,0.02,1.6484846560762545,0.0,1.2421576972792447,5.841121495327095,0.42151534392374534,Trung tinh
2019-06-16,15.28,63.13,97.46700586345666,2890.17,2.07,29.28,1359.0,256.143,0.02,1.6484846560762545,0.0,1.2421576972792447,5.841121495327095,0.42151534392374534,Trung tinh
2019-06-17,15.35,62.56,97.42527344094046,2890.17,2.07,29.28,1359.0,256.143,0.02,1.6484846560762545,-0.0428169739559503,1.2421576972792447,5.841121495327095,0.42151534392374534,Trung tinh
2019-06-18,15.15,63.35,97.64287200905139,2890.17,2.07,29.28,1359.0,256.143,0.02,1.6484846560762545,0.22334919926381147,1.2421576972792447,5.841121495327095,0.42151534392374534,Trung tinh
2019-06-19,14.33,62.85,97.4386621041626,2890.17,2.07,29.28,1359.0,256.143,0.02,1.6484846560762545,-0.2091395927701245,1.2421576972792447,5.841121495327095,0.42151534392374534,Risk-on
2019-06-20,14.75,65.44,96.72568791008074,2890.17,2.07,29.28,1359.0,256.143,0.02,1.6484846560762545,-0.7317159110001858,1.2421576972792447,5.841121495327095,0.42151534392374534,Risk-on
2019-06-21,15.4,65.99,96.4935693506415,2890.17,2.07,29.28,1359.0,256.143,0.02,1.6484846560762545,-0.2399761267710243,1.2421576972792447,5.841121495327095,0.42151534392374534,Trung tinh
2019-06-22,15.4,65.99,96.4935693506415,2890.17,2.07,29.28,1359.0,256.143,0.02,1.6484846560762545,0.0,1.2421576972792447,5.841121495327095,0.42151534392374534,Trung tinh
2019-06-23,15.4,65.99,96.4935693506415,2890.17,2.07,29.28,1359.0,256.143,0.02,1.6484846560762545,0.0,1.2421576972792447,5.841121495327095,0.42151534392374534,Trung tinh
2019-06-24,15.26,65.16,96.04923108068319,2890.17,2.07,29.28,1359.0,256.143,0.02,1.6484846560762545,-0.46048485194247757,1.2421576972792447,5.841121495327095,0.42151534392374534,Trung tinh
2019-06-25,16.28,66.24,96.00443426534524,2890.17,2.07,29.28,1359.0,256.143,0.02,1.6484846560762545,-0.04663943150187144,1.2421576972792447,5.841121495327095,0.42151534392374534,Trung tinh
2019-06-26,16.21,66.85,96.06701189430018,2890.17,2.07,29.28,1359.0,256.143,0.02,1.6484846560762545,0.06518201938672252,1.2421576972792447,5.841121495327095,0.42151534392374534,Trung tinh
2019-06-27,15.82,66.78,96.20163540093444,2890.17,2.07,29.28,1359.0,256.143,0.02,1.6484846560762545,0.14013499949636632,1.2421576972792447,5.841121495327095,0.42151534392374534,Trung tinh
2019-06-28,15.08,67.52,96.16416419969231,2890.17,2.07,29.28,1359.0,256.143,0.02,1.6484846560762545,-0.03895069048043265,1.2421576972792447,5.841121495327095,0.42151534392374534,Trung tinh
2019-06-29,15.08,67.52,96.16416419969231,2890.17,2.07,29.28,1359.0,256.143,0.02,1.6484846560762545,0.0,1.2421576972792447,5.841121495327095,0.42151534392374534,Trung tinh
2019-06-30,15.08,67.52,96.16416419969231,2890.17,2.07,29.28,1359.0,256.143,0.02,1.6484846560762545,0.0,1.2421576972792447,5.841121495327095,0.42151534392374534,Trung tinh
2019-07-01,14.06,65.1,96.69699348538374,2996.1136363636365,2.06,29.99,1413.0,256.571,0.17,1.8114648063935146,0.5540829997596308,3.6656541436537182,3.9735099337748325,0.24853519360648546,Risk-on
2019-07-02,12.93,62.72,96.70324217679077,2996.1136363636365,2.06,29.99,1413.0,256.571,0.17,1.8114648063935146,0.006462136186247136,3.6656541436537182,3.9735099337748325,0.24853519360648546,Risk-on
2019-07-03,12.57,63.53,96.80798197758199,2996.1136363636365,2.06,29.99,1413.0,256.571,0.17,1.8114648063935146,0.10831053688948877,3.6656541436537182,3.9735099337748325,0.24853519360648546,Risk-on
2019-07-04,12.57,63.62,96.80798197758199,2996.1136363636365,2.06,29.99,1413.0,256.571,0.17,1.8114648063935146,0.0,3.6656541436537182,3.9735099337748325,0.24853519360648546,Risk-on
2019-07-05,13.28,64.23,97.34782480420931,2996.1136363636365,2.06,29.99,1413.0,256.571,0.17,1.8114648063935146,0.5576428881167494,3.6656541436537182,3.9735099337748325,0.24853519360648546,Risk-on
2019-07-06,13.28,64.23,97.34782480420931,2996.1136363636365,2.06,29.99,1413.0,256.571,0.17,1.8114648063935146,0.0,3.6656541436537182,3.9735099337748325,0.24853519360648546,Risk-on
2019-07-07,13.28,64.23,97.34782480420931,2996.1136363636365,2.06,29.99,1413.0,256.571,0.17,1.8114648063935146,0.0,3.6656541436537182,3.9735099337748325,0.24853519360648546,Risk-on
2019-07-08,13.96,64.89,97.40981547380349,2996.1136363636365,2.06,29.99,1413.0,256.571,0.17,1.8114648063935146,0.06367956317345769,3.6656541436537182,3.9735099337748325,0.24853519360648546,Risk-on
2019-07-09,14.09,64.3,97.47220718736627,2996.1136363636365,2.06,29.99,1413.0,256.571,0.17,1.8114648063935146,0.06405074607656047,3.6656541436537182,3.9735099337748325,0.24853519360648546,Risk-on
2019-07-10,13.03,66.41,97.08380399568519,2996.1136363636365,2.06,29.99,1413.0,256.571,0.17,1.8114648063935146,-0.3984758352034379,3.6656541436537182,3.9735099337748325,0.24853519360648546,Risk-on
2019-07-11,12.93,67.64,96.98789471356712,2996.1136363636365,2.06,29.99,1413.0,256.571,0.17,1.8114648063935146,-0.09879019792254917,3.6656541436537182,3.9735099337748325,0.24853519360648546,Risk-on
2019-07-12,12.39,66.65,96.94824505054146,2996.1136363636365,2.06,29.99,1413.0,256.571,0.17,1.8114648063935146,-0.04088104308558327,3.6656541436537182,3.9735099337748325,0.24853519360648546,Risk-on
2019-07-13,12.39,66.65,96.94824505054146,2996.1136363636365,2.06,29.99,1413.0,256.571,0.17,1.8114648063935146,0.0,3.6656541436537182,3.9735099337748325,0.24853519360648546,Risk-on
2019-07-14,12.39,66.65,96.94824505054146,2996.1136363636365,2.06,29.99,1413.0,256.571,0.17,1.8114648063935146,0.0,3.6656541436537182,3.9735099337748325,0.24853519360648546,Risk-on
2019-07-15,12.68,66.86,96.91903962911985,2996.1136363636365,2.06,29.99,1413.0,256.571,0.17,1.8114648063935146,-0.030124755127214353,3.6656541436537182,3.9735099337748325,0.24853519360648546,Risk-on
2019-07-16,12.86,65.87,97.35088711570278,2996.1136363636365,2.06,29.99,1413.0,256.571,0.17,1.8114648063935146,0.4455754908792686,3.6656541436537182,3.9735099337748325,0.24853519360648546,Risk-on
2019-07-17,13.97,63.67,97.17246266364198,2996.1136363636365,2.06,29.99,1413.0,256.571,0.17,1.8114648063935146,-0.1832797392475105,3.6656541436537182,3.9735099337748325,0.24853519360648546,Risk-on
2019-07-18,13.53,60.7,97.1245025458571,2996.1136363636365,2.06,29.99,1413.0,256.571,0.17,1.8114648063935146,-0.049355667717199125,3.6656541436537182,3.9735099337748325,0.24853519360648546,Risk-on
2019-07-19,14.45,61.04,97.1587199255069,2996.1136363636365,2.06,29.99,1413.0,256.571,0.17,1.8114648063935146,0.0352304297606576,3.6656541436537182,3.9735099337748325,0.24853519360648546,Risk-on
2019-07-20,14.45,61.04,97.1587199255069,2996.1136363636365,2.06,29.99,1413.0,256.571,0.17,1.8114648063935146,0.0,3.6656541436537182,3.9735099337748325,0.24853519360648546,Risk-on
2019-07-21,14.45,61.04,97.1587199255069,2996.1136363636365,2.06,29.99,1413.0,256.571,0.17,1.8114648063935146,0.0,3.6656541436537182,3.9735099337748325,0.24853519360648546,Risk-on
2019-07-22,13.53,61.96,97.25669489648722,2996.1136363636365,2.06,29.99,1413.0,256.571,0.17,1.8114648063935146,0.10084012125255448,3.6656541436537182,3.9735099337748325,0.24853519360648546,Risk-on
2019-07-23,12.61,62.28,97.64679640592574,2996.1136363636365,2.06,29.99,1413.0,256.571,0.17,1.8114648063935146,0.40110504459740515,3.6656541436537182,3.9735099337748325,0.24853519360648546,Risk-on
2019-07-24,12.07,63.83,97.66170654219275,2996.1136363636365,2.06,29.99,1413.0,256.571,0.17,1.8114648063935146,0.015269457694255806,3.6656541436537182,3.9735099337748325,0.24853519360648546,Risk-on
2019-07-25,12.74,63.47,97.70194763778017,2996.1136363636365,2.06,29.99,1413.0,256.571,0.17,1.8114648063935146,0.04120457957597079,3.6656541436537182,3.9735099337748325,0.24853519360648546,Risk-on
2019-07-26,12.16,62.46,98.0352437188085,2996.1136363636365,2.06,29.99,1413.0,256.571,0.17,1.8114648063935146,0.34113555470152157,3.6656541436537182,3.9735099337748325,0.24853519360648546,Risk-on
2019-07-27,12.16,62.46,98.0352437188085,2996.1136363636365,2.06,29.99,1413.0,256.571,0.17,1.8114648063935146,0.0,3.6656541436537182,3.9735099337748325,0.24853519360648546,Risk-on
2019-07-28,12.16,62.46,98.0352437188085,2996.1136363636365,2.06,29.99,1413.0,256.571,0.17,1.8114648063935146,0.0,3.6656541436537182,3.9735099337748325,0.24853519360648546,Risk-on
2019-07-29,12.83,62.29,98.05716385359901,2996.1136363636365,2.06,29.99,1413.0,256.571,0.17,1.8114648063935146,0.022359443358332953,3.6656541436537182,3.9735099337748325,0.24853519360648546,Risk-on
2019-07-30,13.94,62.55,98.13014793020218,2996.1136363636365,2.06,29.99,1413.0,256.571,0.17,1.8114648063935146,0.07443013211370086,3.6656541436537182,3.9735099337748325,0.24853519360648546,Risk-on
2019-07-31,16.12,64.07,98.13605351342937,2996.1136363636365,2.06,29.99,1413.0,256.571,0.17,1.8114648063935146,0.006018113038397388,0.0,0.0,0.24853519360648546,Trung tinh
2019-08-01,17.87,62.9,98.59465347412981,2897.498181818182,1.63,28.71,1500.0,256.558,-0.01,1.7497798894291483,0.4673103760359343,-3.2914457365223138,6.157112526539277,-0.11977988942914841,Trung tinh
2019-08-02,17.61,61.12,98.10958380360405,2897.498181818182,1.63,28.71,1500.0,256.558,-0.01,1.7497798894291483,-0.49198374702238423,-3.2914457365223138,6.157112526539277,-0.11977988942914841,Trung tinh
2019-08-03,17.61,61.12,98.10958380360405,2897.498181818182,1.63,28.71,1500.0,256.558,-0.01,1.7497798894291483,0.0,-3.2914457365223138,6.157112526539277,-0.11977988942914841,Trung tinh
2019-08-04,17.61,61.12,98.10958380360405,2897.498181818182,1.63,28.71,1500.0,256.558,-0.01,1.7497798894291483,0.0,-3.2914457365223138,6.157112526539277,-0.11977988942914841,Trung tinh
2019-08-05,24.59,59.32,97.51004428040706,2897.498181818182,1.63,28.71,1500.0,256.558,-0.01,1.7497798894291483,-0.6110916996622362,-3.2914457365223138,6.157112526539277,-0.11977988942914841,Trung tinh
2019-08-06,20.17,58.63,97.63537374383954,2897.498181818182,1.63,28.71,1500.0,256.558,-0.01,1.7497798894291483,0.12852979850164203,-3.2914457365223138,6.157112526539277,-0.11977988942914841,Trung tinh
2019-08-07,19.49,55.03,97.36533857296168,2897.498181818182,1.63,28.71,1500.0,256.558,-0.01,1.7497798894291483,-0.2765751392382998,-3.2914457365223138,6.157112526539277,-0.11977988942914841,Trung tinh
2019-08-08,16.91,56.29,97.5032652452349,2897.498181818182,1.63,28.71,1500.0,256.558,-0.01,1.7497798894291483,0.14165890479584942,-3.2914457365223138,6.157112526539277,-0.11977988942914841,Trung tinh
2019-08-09,17.97,57.37,97.35642610892226,2897.498181818182,1.63,28.71,1500.0,256.558,-0.01,1.7497798894291483,-0.1505991988507427,-3.2914457365223138,6.157112526539277,-0.11977988942914841,Trung tinh
2019-08-10,17.97,57.37,97.35642610892226,2897.498181818182,1.63,28.71,1500.0,256.558,-0.01,1.7497798894291483,0.0,-3.2914457365223138,6.157112526539277,-0.11977988942914841,Trung tinh
2019-08-11,17.97,57.37,97.35642610892226,2897.498181818182,1.63,28.71,1500.0,256.558,-0.01,1.7497798894291483,0.0,-3.2914457365223138,6.157112526539277,-0.11977988942914841,Trung tinh
2019-08-12,21.09,57.13,97.44370424579914,2897.498181818182,1.63,28.71,1500.0,256.558,-0.01,1.7497798894291483,0.08964804930209347,-3.2914457365223138,6.157112526539277,-0.11977988942914841,Trung tinh
2019-08-13,17.52,59.9,97.75192148129736,2897.498181818182,1.63,28.71,1500.0,256.558,-0.01,1.7497798894291483,0.31630287239567956,-3.2914457365223138,6.157112526539277,-0.11977988942914841,Trung tinh
2019-08-14,22.1,57.86,97.93612236679262,2897.498181818182,1.63,28.71,1500.0,256.558,-0.01,1.7497798894291483,0.1884370994492457,-3.2914457365223138,6.157112526539277,-0.11977988942914841,Trung tinh
2019-08-15,21.18,57.37,98.14370841204041,2897.498181818182,1.63,28.71,1500.0,256.558,-0.01,1.7497798894291483,0.21196065377220297,-3.2914457365223138,6.157112526539277,-0.11977988942914841,Trung tinh
2019-08-16,18.47,59.0,98.20460542325284,2897.498181818182,1.63,28.71,1500.0,256.558,-0.01,1.7497798894291483,0.06204881820519592,-3.2914457365223138,6.157112526539277,-0.11977988942914841,Trung tinh
2019-08-17,18.47,59.0,98.20460542325284,2897.498181818182,1.63,28.71,1500.0,256.558,-0.01,1.7497798894291483,0.0,-3.2914457365223138,6.157112526539277,-0.11977988942914841,Trung tinh
2019-08-18,18.47,59.0,98.20460542325284,2897.498181818182,1.63,28.71,1500.0,256.558,-0.01,1.7497798894291483,0.0,-3.2914457365223138,6.157112526539277,-0.11977988942914841,Trung tinh
2019-08-19,16.88,59.79,98.23521278692836,2897.498181818182,1.63,28.71,1500.0,256.558,-0.01,1.7497798894291483,0.031166933102166894,-3.2914457365223138,6.157112526539277,-0.11977988942914841,Trung tinh
2019-08-20,17.5,59.03,98.25345138503346,2897.498181818182,1.63,28.71,1500.0,256.558,-0.01,1.7497798894291483,0.018566252963347907,-3.2914457365223138,6.157112526539277,-0.11977988942914841,Trung tinh
2019-08-21,15.8,60.6,98.18929069135883,2897.498181818182,1.63,28.71,1500.0,256.558,-0.01,1.7497798894291483,-0.06530121107215514,-3.2914457365223138,6.157112526539277,-0.11977988942914841,Trung tinh
2019-08-22,16.68,59.81,98.15785677414597,2897.498181818182,1.63,28.71,1500.0,256.558,-0.01,1.7497798894291483,-0.03201359027195094,-3.2914457365223138,6.157112526539277,-0.11977988942914841,Trung tinh
2019-08-23,19.87,58.64,97.67310361224659,2897.498181818182,1.63,28.71,1500.0,256.558,-0.01,1.7497798894291483,-0.49385059722194535,-3.2914457365223138,6.157112526539277,-0.11977988942914841,Trung tinh
2019-08-24,19.87,58.64,97.67310361224659,2897.498181818182,1.63,28.71,1500.0,256.558,-0.01,1.7497798894291483,0.0,-3.2914457365223138,6.157112526539277,-0.11977988942914841,Trung tinh
2019-08-25,19.87,58.64,97.67310361224659,2897.498181818182,1.63,28.71,1500.0,256.558,-0.01,1.7497798894291483,0.0,-3.2914457365223138,6.157112526539277,-0.11977988942914841,Trung tinh
2019-08-26,19.32,58.64,97.97619256711636,2897.498181818182,1.63,28.71,1500.0,256.558,-0.01,1.7497798894291483,0.31030953625985624,-3.2914457365223138,6.157112526539277,-0.11977988942914841,Trung tinh
2019-08-27,20.31,58.44,97.99484826792326,2897.498181818182,1.63,28.71,1500.0,256.558,-0.01,1.7497798894291483,0.0190410550952258,-3.2914457365223138,6.157112526539277,-0.11977988942914841,Trung tinh
2019-08-28,19.35,60.42,98.12917930268473,2897.498181818182,1.63,28.71,1500.0,256.558,-0.01,1.7497798894291483,0.13707969055087865,-3.2914457365223138,6.157112526539277,-0.11977988942914841,Trung tinh
2019-08-29,17.88,60.59,98.42163101021019,2897.498181818182,1.63,28.71,1500.0,256.558,-0.01,1.7497798894291483,0.2980272632499892,-3.2914457365223138,6.157112526539277,-0.11977988942914841,Trung tinh
2019-08-30,18.98,61.04,98.82472929161761,2897.498181818182,1.63,28.71,1500.0,256.558,-0.01,1.7497798894291483,0.40956269193059835,-3.2914457365223138,6.157112526539277,-0.11977988942914841,Trung tinh
2019-08-31,18.98,61.04,98.82472929161761,2897.498181818182,1.63,28.71,1500.0,256.558,-0.01,1.7497798894291483,0.0,0.0,0.0,-0.11977988942914841,Trung tinh
2019-09-01,18.98,61.04,98.82472929161761,2982.156,1.7,29.23,1511.0,256.759,0.08,1.7113045131695204,0.0,2.9217556964503455,0.7333333333333414,-0.011304513169520414,Trung tinh
2019-09-02,18.98,58.55,98.82472929161761,2982.156,1.7,29.23,1511.0,256.759,0.08,1.7113045131695204,0.0,2.9217556964503455,0.7333333333333414,-0.011304513169520414,Trung tinh
2019-09-03,19.66,57.93,98.97780574292595,2982.156,1.7,29.23,1511.0,256.759,0.08,1.7113045131695204,0.15489690931167477,2.9217556964503455,0.7333333333333414,-0.011304513169520414,Trung tinh
2019-09-04,17.33,60.68,98.52015912211337,2982.156,1.7,29.23,1511.0,256.759,0.08,1.7113045131695204,-0.4623729707660118,2.9217556964503455,0.7333333333333414,-0.011304513169520414,Trung tinh
2019-09-05,16.27,62.7,98.38446179640296,2982.156,1.7,29.23,1511.0,256.759,0.08,1.7113045131695204,-0.1377355933238178,2.9217556964503455,0.7333333333333414,-0.011304513169520414,Trung tinh
2019-09-06,15.0,61.28,98.30224431269598,2982.156,1.7,29.23,1511.0,256.759,0.08,1.7113045131695204,-0.08356754939323752,2.9217556964503455,0.7333333333333414,-0.011304513169520414,Trung tinh
2019-09-07,15.0,61.28,98.30224431269598,2982.156,1.7,29.23,1511.0,256.759,0.08,1.7113045131695204,0.0,2.9217556964503455,0.7333333333333414,-0.011304513169520414,Trung tinh
2019-09-08,15.0,61.28,98.30224431269598,2982.156,1.7,29.23,1511.0,256.759,0.08,1.7113045131695204,0.0,2.9217556964503455,0.7333333333333414,-0.011304513169520414,Trung tinh
2019-09-09,15.27,63.99,98.21822054798837,2982.156,1.7,29.23,1511.0,256.759,0.08,1.7113045131695204,-0.08547492002353163,2.9217556964503455,0.7333333333333414,-0.011304513169520414,Trung tinh
2019-09-10,15.2,64.67,98.34183526401988,2982.156,1.7,29.23,1511.0,256.759,0.08,1.7113045131695204,0.12585721400961702,2.9217556964503455,0.7333333333333414,-0.011304513169520414,Trung tinh
2019-09-11,14.61,63.02,98.67546580763357,2982.156,1.7,29.23,1511.0,256.759,0.08,1.7113045131695204,0.33925596641346534,2.9217556964503455,0.7333333333333414,-0.011304513169520414,Risk-on
2019-09-12,14.22,60.76,98.27142886473509,2982.156,1.7,29.23,1511.0,256.759,0.08,1.7113045131695204,-0.4094603857114243,2.9217556964503455,0.7333333333333414,-0.011304513169520414,Risk-on
2019-09-13,13.74,61.25,98.22291167163591,2982.156,1.7,29.23,1511.0,256.759,0.08,1.7113045131695204,-0.04937059902319074,2.9217556964503455,0.7333333333333414,-0.011304513169520414,Risk-on
2019-09-14,13.74,61.25,98.22291167163591,2982.156,1.7,29.23,1511.0,256.759,0.08,1.7113045131695204,0.0,2.9217556964503455,0.7333333333333414,-0.011304513169520414,Risk-on
2019-09-15,13.74,61.25,98.22291167163591,2982.156,1.7,29.23,1511.0,256.759,0.08,1.7113045131695204,0.0,2.9217556964503455,0.7333333333333414,-0.011304513169520414,Risk-on
2019-09-16,14.67,68.42,98.60129814617208,2982.156,1.7,29.23,1511.0,256.759,0.08,1.7113045131695204,0.38523239445511503,2.9217556964503455,0.7333333333333414,-0.011304513169520414,Risk-on
2019-09-17,14.44,65.59,98.27329873936817,2982.156,1.7,29.23,1511.0,256.759,0.08,1.7113045131695204,-0.3326522195657766,2.9217556964503455,0.7333333333333414,-0.011304513169520414,Risk-on
2019-09-18,13.95,64.29,98.34885284181527,2982.156,1.7,29.23,1511.0,256.759,0.08,1.7113045131695204,0.07688161831982399,2.9217556964503455,0.7333333333333414,-0.011304513169520414,Risk-on
2019-09-19,14.05,64.25,98.3776673348798,2982.156,1.7,29.23,1511.0,256.759,0.08,1.7113045131695204,0.029298250291609484,2.9217556964503455,0.7333333333333414,-0.011304513169520414,Risk-on
2019-09-20,15.32,65.23,98.60344031807055,2982.156,1.7,29.23,1511.0,256.759,0.08,1.7113045131695204,0.2294961745964219,2.9217556964503455,0.7333333333333414,-0.011304513169520414,Trung tinh
2019-09-21,15.32,65.23,98.60344031807055,2982.156,1.7,29.23,1511.0,256.759,0.08,1.7113045131695204,0.0,2.9217556964503455,0.7333333333333414,-0.011304513169520414,Trung tinh
2019-09-22,15.32,65.23,98.60344031807055,2982.156,1.7,29.23,1511.0,256.759,0.08,1.7113045131695204,0.0,2.9217556964503455,0.7333333333333414,-0.011304513169520414,Trung tinh
2019-09-23,14.91,64.66,98.64821262645455,2982.156,1.7,29.23,1511.0,256.759,0.08,1.7113045131695204,0.04540643636730124,2.9217556964503455,0.7333333333333414,-0.011304513169520414,Risk-on
2019-09-24,17.05,64.13,98.51481939074164,2982.156,1.7,29.23,1511.0,256.759,0.08,1.7113045131695204,-0.135221137982533,2.9217556964503455,0.7333333333333414,-0.011304513169520414,Trung tinh
2019-09-25,15.96,62.41,98.99264634456618,2982.156,1.7,29.23,1511.0,256.759,0.08,1.7113045131695204,0.4850305332534166,2.9217556964503455,0.7333333333333414,-0.011304513169520414,Trung tinh
2019-09-26,16.07,62.08,99.0567602138621,2982.156,1.7,29.23,1511.0,256.759,0.08,1.7113045131695204,0.06476629493543662,2.9217556964503455,0.7333333333333414,-0.011304513169520414,Trung tinh
2019-09-27,17.22,62.48,99.11561587880067,2982.156,1.7,29.23,1511.0,256.759,0.08,1.7113045131695204,0.05941610124486907,2.9217556964503455,0.7333333333333414,-0.011304513169520414,Trung tinh
2019-09-28,17.22,62.48,99.11561587880067,2982.156,1.7,29.23,1511.0,256.759,0.08,1.7113045131695204,0.0,2.9217556964503455,0.7333333333333414,-0.011304513169520414,Trung tinh
2019-09-29,17.22,62.48,99.11561587880067,2982.156,1.7,29.23,1511.0,256.759,0.08,1.7113045131695204,0.0,2.9217556964503455,0.7333333333333414,-0.011304513169520414,Trung tinh
2019-09-30,16.24,60.99,99.35312919832877,2982.156,1.7,29.23,1511.0,256.759,0.08,1.7113045131695204,0.23963259212205212,2.9217556964503455,0.7333333333333414,-0.011304513169520414,Trung tinh
2019-10-01,18.56,60.06,99.219049044492,2977.68,1.71,28.84,1495.0,257.346,0.23,1.7640429444213845,-0.13495312620614985,-0.1500927516870365,-1.0589013898080757,-0.054042944421384576,Trung tinh
2019-10-02,20.56,57.92,99.06131235957685,2977.68,1.71,28.84,1495.0,257.346,0.23,1.7640429444213845,-0.15897822689715513,-0.1500927516870365,-1.0589013898080757,-0.054042944421384576,Trung tinh
2019-10-03,19.12,58.01,98.7084876612962,2977.68,1.71,28.84,1495.0,257.346,0.23,1.7640429444213845,-0.35616800330682263,-0.1500927516870365,-1.0589013898080757,-0.054042944421384576,Trung tinh
2019-10-04,17.04,59.13,98.8979532891523,2977.68,1.71,28.84,1495.0,257.346,0.23,1.7640429444213845,0.19194461625855475,-0.1500927516870365,-1.0589013898080757,-0.054042944421384576,Trung tinh
2019-10-05,17.04,59.13,98.8979532891523,2977.68,1.71,28.84,1495.0,257.346,0.23,1.7640429444213845,0.0,-0.1500927516870365,-1.0589013898080757,-0.054042944421384576,Trung tinh
2019-10-06,17.04,59.13,98.8979532891523,2977.68,1.71,28.84,1495.0,257.346,0.23,1.7640429444213845,0.0,-0.1500927516870365,-1.0589013898080757,-0.054042944421384576,Trung tinh
2019-10-07,17.86,59.46,98.85349474918787,2977.68,1.71,28.84,1495.0,257.346,0.23,1.7640429444213845,-0.04495395353070197,-0.1500927516870365,-1.0589013898080757,-0.054042944421384576,Trung tinh
2019-10-08,20.28,58.14,99.18168526968074,2977.68,1.71,28.84,1495.0,257.346,0.23,1.7640429444213845,0.3319968821795971,-0.1500927516870365,-1.0589013898080757,-0.054042944421384576,Trung tinh
2019-10-09,18.64,59.7,99.07391138362563,2977.68,1.71,28.84,1495.0,257.346,0.23,1.7640429444213845,-0.10866309214455638,-0.1500927516870365,-1.0589013898080757,-0.054042944421384576,Trung tinh
2019-10-10,17.57,59.08,98.68302250046648,2977.68,1.71,28.84,1495.0,257.346,0.23,1.7640429444213845,-0.39454269817367216,-0.1500927516870365,-1.0589013898080757,-0.054042944421384576,Trung tinh
2019-10-11,15.58,60.59,98.31323135501286,2977.68,1.71,28.84,1495.0,257.346,0.23,1.7640429444213845,-0.37472620526176614,-0.1500927516870365,-1.0589013898080757,-0.054042944421384576,Trung tinh
2019-10-12,15.58,60.59,98.31323135501286,2977.68,1.71,28.84,1495.0,257.346,0.23,1.7640429444213845,0.0,-0.1500927516870365,-1.0589013898080757,-0.054042944421384576,Trung tinh
2019-10-13,15.58,60.59,98.31323135501286,2977.68,1.71,28.84,1495.0,257.346,0.23,1.7640429444213845,0.0,-0.1500927516870365,-1.0589013898080757,-0.054042944421384576,Trung tinh
2019-10-14,14.57,58.81,98.31323135501286,2977.68,1.71,28.84,1495.0,257.346,0.23,1.7640429444213845,0.0,-0.1500927516870365,-1.0589013898080757,-0.054042944421384576,Risk-on
2019-10-15,13.54,59.19,98.31023576546451,2977.68,1.71,28.84,1495.0,257.346,0.23,1.7640429444213845,-0.0030469851382775026,-0.1500927516870365,-1.0589013898080757,-0.054042944421384576,Risk-on
2019-10-16,13.68,59.3,97.97126613306729,2977.68,1.71,28.84,1495.0,257.346,0.23,1.7640429444213845,-0.3447958696853215,-0.1500927516870365,-1.0589013898080757,-0.054042944421384576,Risk-on
2019-10-17,13.79,59.35,97.57885365759734,2977.68,1.71,28.84,1495.0,257.346,0.23,1.7640429444213845,-0.40053833226669777,-0.1500927516870365,-1.0589013898080757,-0.054042944421384576,Risk-on
2019-10-18,14.25,59.96,97.36991428402858,2977.68,1.71,28.84,1495.0,257.346,0.23,1.7640429444213845,-0.214123619756712,-0.1500927516870365,-1.0589013898080757,-0.054042944421384576,Risk-on
2019-10-19,14.25,59.96,97.36991428402858,2977.68,1.71,28.84,1495.0,257.346,0.23,1.7640429444213845,0.0,-0.1500927516870365,-1.0589013898080757,-0.054042944421384576,Risk-on
2019-10-20,14.25,59.96,97.36991428402858,2977.68,1.71,28.84,1495.0,257.346,0.23,1.7640429444213845,0.0,-0.1500927516870365,-1.0589013898080757,-0.054042944421384576,Risk-on
2019-10-21,14.0,58.95,97.32816301382113,2977.68,1.71,28.84,1495.0,257.346,0.23,1.7640429444213845,-0.04287902532774668,-0.1500927516870365,-1.0589013898080757,-0.054042944421384576,Risk-on
2019-10-22,14.46,60.5,97.39038628157965,2977.68,1.71,28.84,1495.0,257.346,0.23,1.7640429444213845,0.06393141083911313,-0.1500927516870365,-1.0589013898080757,-0.054042944421384576,Risk-on
2019-10-23,14.01,60.52,97.57519511253008,2977.68,1.71,28.84,1495.0,257.346,0.23,1.7640429444213845,0.1897608562883235,-0.1500927516870365,-1.0589013898080757,-0.054042944421384576,Risk-on
2019-10-24,13.71,61.71,97.74114379132737,2977.68,1.71,28.84,1495.0,257.346,0.23,1.7640429444213845,0.17007260770107724,-0.1500927516870365,-1.0589013898080757,-0.054042944421384576,Risk-on
2019-10-25,12.65,62.06,97.83346829462104,2977.68,1.71,28.84,1495.0,257.346,0.23,1.7640429444213845,0.0944581777053699,-0.1500927516870365,-1.0589013898080757,-0.054042944421384576,Risk-on
2019-10-26,12.65,62.06,97.83346829462104,2977.68,1.71,28.84,1495.0,257.346,0.23,1.7640429444213845,0.0,-0.1500927516870365,-1.0589013898080757,-0.054042944421384576,Risk-on
2019-10-27,12.65,62.06,97.83346829462104,2977.68,1.71,28.84,1495.0,257.346,0.23,1.7640429444213845,0.0,-0.1500927516870365,-1.0589013898080757,-0.054042944421384576,Risk-on
2019-10-28,13.11,60.39,97.79078701005044,2977.68,1.71,28.84,1495.0,257.346,0.23,1.7640429444213845,-0.04362646578374152,-0.1500927516870365,-1.0589013898080757,-0.054042944421384576,Risk-on
2019-10-29,13.2,61.05,97.61567408237013,2977.68,1.71,28.84,1495.0,257.346,0.23,1.7640429444213845,-0.1790689420081093,-0.1500927516870365,-1.0589013898080757,-0.054042944421384576,Risk-on
2019-10-30,12.33,60.22,97.66770814818597,2977.68,1.71,28.84,1495.0,257.346,0.23,1.7640429444213845,0.05330503149723054,-0.1500927516870365,-1.0589013898080757,-0.054042944421384576,Risk-on
2019-10-31,13.22,59.3,97.29267697093368,2977.68,1.71,28.84,1495.0,257.346,0.23,1.7640429444213845,-0.3839868717747219,0.0,0.0,-0.054042944421384576,Risk-on
2019-11-01,12.3,60.17,97.18222164570908,3104.9045,1.81,29.84,1471.0,257.208,-0.05,2.0512779818916194,-0.1135289198154199,4.272604846726313,-1.6053511705685586,-0.2412779818916193,Risk-on
2019-11-02,12.3,60.17,97.18222164570908,3104.9045,1.81,29.84,1471.0,257.208,-0.05,2.0512779818916194,0.0,4.272604846726313,-1.6053511705685586,-0.2412779818916193,Risk-on
2019-11-03,12.3,60.17,97.18222164570908,3104.9045,1.81,29.84,1471.0,257.208,-0.05,2.0512779818916194,0.0,4.272604846726313,-1.6053511705685586,-0.2412779818916193,Risk-on
2019-11-04,12.83,62.52,97.41740237119274,3104.9045,1.81,29.84,1471.0,257.208,-0.05,2.0512779818916194,0.24199974182628203,4.272604846726313,-1.6053511705685586,-0.2412779818916193,Risk-on
2019-11-05,13.1,62.72,97.96600262617429,3104.9045,1.81,29.84,1471.0,257.208,-0.05,2.0512779818916194,0.5631439985344766,4.272604846726313,-1.6053511705685586,-0.2412779818916193,Risk-on
2019-11-06,12.62,62.11,97.88756848282988,3104.9045,1.81,29.84,1471.0,257.208,-0.05,2.0512779818916194,-0.08006261482741417,4.272604846726313,-1.6053511705685586,-0.2412779818916193,Risk-on
2019-11-07,12.73,62.6,98.16450101511218,3104.9045,1.81,29.84,1471.0,257.208,-0.05,2.0512779818916194,0.2829087866564661,4.272604846726313,-1.6053511705685586,-0.2412779818916193,Risk-on
2019-11-08,12.07,62.0,98.3621240633322,3104.9045,1.81,29.84,1471.0,257.208,-0.05,2.0512779818916194,0.20131824251783392,4.272604846726313,-1.6053511705685586,-0.2412779818916193,Risk-on
2019-11-09,12.07,62.0,98.3621240633322,3104.9045,1.81,29.84,1471.0,257.208,-0.05,2.0512779818916194,0.0,4.272604846726313,-1.6053511705685586,-0.2412779818916193,Risk-on
2019-11-10,12.07,62.0,98.3621240633322,3104.9045,1.81,29.84,1471.0,257.208,-0.05,2.0512779818916194,0.0,4.272604846726313,-1.6053511705685586,-0.2412779818916193,Risk-on
2019-11-11,12.69,62.58,98.3621240633322,3104.9045,1.81,29.84,1471.0,257.208,-0.05,2.0512779818916194,0.0,4.272604846726313,-1.6053511705685586,-0.2412779818916193,Risk-on
2019-11-12,12.68,62.19,98.29982305734403,3104.9045,1.81,29.84,1471.0,257.208,-0.05,2.0512779818916194,-0.06333841057363232,4.272604846726313,-1.6053511705685586,-0.2412779818916193,Risk-on
2019-11-13,13.0,62.27,98.35355995758744,3104.9045,1.81,29.84,1471.0,257.208,-0.05,2.0512779818916194,0.05466632448773989,4.272604846726313,-1.6053511705685586,-0.2412779818916193,Risk-on
2019-11-14,13.05,62.46,98.1838009169317,3104.9045,1.81,29.84,1471.0,257.208,-0.05,2.0512779818916194,-0.17260080949681456,4.272604846726313,-1.6053511705685586,-0.2412779818916193,Risk-on
2019-11-15,12.05,63.32,98.03689691489421,3104.9045,1.81,29.84,1471.0,257.208,-0.05,2.0512779818916194,-0.14962142498615716,4.272604846726313,-1.6053511705685586,-0.2412779818916193,Risk-on
2019-11-16,12.05,63.32,98.03689691489421,3104.9045,1.81,29.84,1471.0,257.208,-0.05,2.0512779818916194,0.0,4.272604846726313,-1.6053511705685586,-0.2412779818916193,Risk-on
2019-11-17,12.05,63.32,98.03689691489421,3104.9045,1.81,29.84,1471.0,257.208,-0.05,2.0512779818916194,0.0,4.272604846726313,-1.6053511705685586,-0.2412779818916193,Risk-on
2019-11-18,12.46,62.82,97.7532642455483,3104.9045,1.81,29.84,1471.0,257.208,-0.05,2.0512779818916194,-0.2893121653902875,4.272604846726313,-1.6053511705685586,-0.2412779818916193,Risk-on
2019-11-19,12.86,62.37,97.842503458058,3104.9045,1.81,29.84,1471.0,257.208,-0.05,2.0512779818916194,0.09129026350009894,4.272604846726313,-1.6053511705685586,-0.2412779818916193,Risk-on
2019-11-20,12.78,63.8,97.9790694769665,3104.9045,1.81,29.84,1471.0,257.208,-0.05,2.0512779818916194,0.13957739640935163,4.272604846726313,-1.6053511705685586,-0.2412779818916193,Risk-on
2019-11-21,13.13,64.99,97.91943800967779,3104.9045,1.81,29.84,1471.0,257.208,-0.05,2.0512779818916194,-0.06086143459723692,4.272604846726313,-1.6053511705685586,-0.2412779818916193,Risk-on
2019-11-22,12.34,64.83,98.2309984642834,3104.9045,1.81,29.84,1471.0,257.208,-0.05,2.0512779818916194,0.31818039496389616,4.272604846726313,-1.6053511705685586,-0.2412779818916193,Risk-on
2019-11-23,12.34,64.83,98.2309984642834,3104.9045,1.81,29.84,1471.0,257.208,-0.05,2.0512779818916194,0.0,4.272604846726313,-1.6053511705685586,-0.2412779818916193,Risk-on
2019-11-24,12.34,64.83,98.2309984642834,3104.9045,1.81,29.84,1471.0,257.208,-0.05,2.0512779818916194,0.0,4.272604846726313,-1.6053511705685586,-0.2412779818916193,Risk-on
2019-11-25,11.87,64.67,98.33577084094888,3104.9045,1.81,29.84,1471.0,257.208,-0.05,2.0512779818916194,0.10665917918322165,4.272604846726313,-1.6053511705685586,-0.2412779818916193,Risk-on
2019-11-26,11.54,64.82,98.34022836141527,3104.9045,1.81,29.84,1471.0,257.208,-0.05,2.0512779818916194,0.004532959296765782,4.272604846726313,-1.6053511705685586,-0.2412779818916193,Risk-on
2019-11-27,11.75,65.03,98.39243642194263,3104.9045,1.81,29.84,1471.0,257.208,-0.05,2.0512779818916194,0.05308922034987784,4.272604846726313,-1.6053511705685586,-0.2412779818916193,Risk-on
2019-11-28,11.75,64.68,98.39243642194263,3104.9045,1.81,29.84,1471.0,257.208,-0.05,2.0512779818916194,0.0,4.272604846726313,-1.6053511705685586,-0.2412779818916193,Risk-on
2019-11-29,12.62,64.5,98.26719581625119,3104.9045,1.81,29.84,1471.0,257.208,-0.05,2.0512779818916194,-0.12728682228618782,4.272604846726313,-1.6053511705685586,-0.2412779818916193,Risk-on
2019-11-30,12.62,64.5,98.26719581625119,3104.9045,1.81,29.84,1471.0,257.208,-0.05,2.0512779818916194,0.0,4.272604846726313,-1.6053511705685586,-0.2412779818916193,Risk-on
2019-12-01,12.62,64.5,98.26719581625119,3176.7495238095235,1.86,30.33,1479.0,256.974,-0.09,2.2851297401217163,0.0,2.3139205669457263,0.5438477226376692,-0.4251297401217162,Risk-on
2019-12-02,14.91,63.2,97.89758560607932,3176.7495238095235,1.86,30.33,1479.0,256.974,-0.09,2.2851297401217163,-0.37612776786976054,2.3139205669457263,0.5438477226376692,-0.4251297401217162,Risk-on
2019-12-03,15.96,62.95,97.67537623116465,3176.7495238095235,1.86,30.33,1479.0,256.974,-0.09,2.2851297401217163,-0.22698146592582402,2.3139205669457263,0.5438477226376692,-0.4251297401217162,Trung tinh
2019-12-04,14.8,65.25,97.65538753438481,3176.7495238095235,1.86,30.33,1479.0,256.974,-0.09,2.2851297401217163,-0.020464417493026854,2.3139205669457263,0.5438477226376692,-0.4251297401217162,Risk-on
2019-12-05,14.52,65.67,97.37920643785613,3176.7495238095235,1.86,30.33,1479.0,256.974,-0.09,2.2851297401217163,-0.28281194054086134,2.3139205669457263,0.5438477226376692,-0.4251297401217162,Risk-on
2019-12-06,13.62,66.5,97.74121013603458,3176.7495238095235,1.86,30.33,1479.0,256.974,-0.09,2.2851297401217163,0.37174640400203796,2.3139205669457263,0.5438477226376692,-0.4251297401217162,Risk-on
2019-12-07,13.62,66.5,97.74121013603458,3176.7495238095235,1.86,30.33,1479.0,256.974,-0.09,2.2851297401217163,0.0,2.3139205669457263,0.5438477226376692,-0.4251297401217162,Risk-on
2019-12-08,13.62,66.5,97.74121013603458,3176.7495238095235,1.86,30.33,1479.0,256.974,-0.09,2.2851297401217163,0.0,2.3139205669457263,0.5438477226376692,-0.4251297401217162,Risk-on
2019-12-09,15.86,66.44,97.61888171951517,3176.7495238095235,1.86,30.33,1479.0,256.974,-0.09,2.2851297401217163,-0.12515541433255617,2.3139205669457263,0.5438477226376692,-0.4251297401217162,Trung tinh
2019-12-10,15.68,66.57,97.476412002811,3176.7495238095235,1.86,30.33,1479.0,256.974,-0.09,2.2851297401217163,-0.145944835870504,2.3139205669457263,0.5438477226376692,-0.4251297401217162,Trung tinh
2019-12-11,14.99,65.37,97.4232542383171,3176.7495238095235,1.86,30.33,1479.0,256.974,-0.09,2.2851297401217163,-0.05453397740200483,2.3139205669457263,0.5438477226376692,-0.4251297401217162,Risk-on
2019-12-12,13.94,66.67,97.37628669644897,3176.7495238095235,1.86,30.33,1479.0,256.974,-0.09,2.2851297401217163,-0.04820978547199761,2.3139205669457263,0.5438477226376692,-0.4251297401217162,Risk-on
2019-12-13,12.63,67.44,97.13084297766527,3176.7495238095235,1.86,30.33,1479.0,256.974,-0.09,2.2851297401217163,-0.2520569710660947,2.3139205669457263,0.5438477226376692,-0.4251297401217162,Risk-on
2019-12-14,12.63,67.44,97.13084297766527,3176.7495238095235,1.86,30.33,1479.0,256.974,-0.09,2.2851297401217163,0.0,2.3139205669457263,0.5438477226376692,-0.4251297401217162,Risk-on
2019-12-15,12.63,67.44,97.13084297766527,3176.7495238095235,1.86,30.33,1479.0,256.974,-0.09,2.2851297401217163,0.0,2.3139205669457263,0.5438477226376692,-0.4251297401217162,Risk-on
2019-12-16,12.14,68.04,97.0968869838365,3176.7495238095235,1.86,30.33,1479.0,256.974,-0.09,2.2851297401217163,-0.034959023094838226,2.3139205669457263,0.5438477226376692,-0.4251297401217162,Risk-on
2019-12-17,12.29,68.99,97.21567951031915,3176.7495238095235,1.86,30.33,1479.0,256.974,-0.09,2.2851297401217163,0.12234432037190324,2.3139205669457263,0.5438477226376692,-0.4251297401217162,Risk-on
2019-12-18,12.58,69.12,97.42777599242083,3176.7495238095235,1.86,30.33,1479.0,256.974,-0.09,2.2851297401217163,0.21817106373172024,2.3139205669457263,0.5438477226376692,-0.4251297401217162,Risk-on
2019-12-19,12.5,69.7,97.3385862023319,3176.7495238095235,1.86,30.33,1479.0,256.974,-0.09,2.2851297401217163,-0.09154452021554738,2.3139205669457263,0.5438477226376692,-0.4251297401217162,Risk-on
2019-12-20,12.51,68.66,97.67675735334231,3176.7495238095235,1.86,30.33,1479.0,256.974,-0.09,2.2851297401217163,0.3474173646897727,2.3139205669457263,0.5438477226376692,-0.4251297401217162,Risk-on
2019-12-21,12.51,68.66,97.67675735334231,3176.7495238095235,1.86,30.33,1479.0,256.974,-0.09,2.2851297401217163,0.0,2.3139205669457263,0.5438477226376692,-0.4251297401217162,Risk-on
2019-12-22,12.51,68.66,97.67675735334231,3176.7495238095235,1.86,30.33,1479.0,256.974,-0.09,2.2851297401217163,0.0,2.3139205669457263,0.5438477226376692,-0.4251297401217162,Risk-on
2019-12-23,12.61,67.49,97.7000558431942,3176.7495238095235,1.86,30.33,1479.0,256.974,-0.09,2.2851297401217163,0.023852644665112166,2.3139205669457263,0.5438477226376692,-0.4251297401217162,Risk-on
2019-12-24,12.67,69.26,97.68524623609099,3176.7495238095235,1.86,30.33,1479.0,256.974,-0.09,2.2851297401217163,-0.015158238115020595,2.3139205669457263,0.5438477226376692,-0.4251297401217162,Risk-on
2019-12-25,12.67,69.26,97.68524623609099,3176.7495238095235,1.86,30.33,1479.0,256.974,-0.09,2.2851297401217163,0.0,2.3139205669457263,0.5438477226376692,-0.4251297401217162,Risk-on
2019-12-26,12.65,69.26,97.55502179532836,3176.7495238095235,1.86,30.33,1479.0,256.974,-0.09,2.2851297401217163,-0.13331024466878283,2.3139205669457263,0.5438477226376692,-0.4251297401217162,Risk-on
2019-12-27,13.43,68.91,97.00575491088804,3176.7495238095235,1.86,30.33,1479.0,256.974,-0.09,2.2851297401217163,-0.5630329165347114,2.3139205669457263,0.5438477226376692,-0.4251297401217162,Risk-on
2019-12-28,13.43,68.91,97.00575491088804,3176.7495238095235,1.86,30.33,1479.0,256.974,-0.09,2.2851297401217163,0.0,2.3139205669457263,0.5438477226376692,-0.4251297401217162,Risk-on
2019-12-29,13.43,68.91,97.00575491088804,3176.7495238095235,1.86,30.33,1479.0,256.974,-0.09,2.2851297401217163,0.0,2.3139205669457263,0.5438477226376692,-0.4251297401217162,Risk-on
2019-12-30,14.82,68.3,96.63044112659503,3176.7495238095235,1.86,30.33,1479.0,256.974,-0.09,2.2851297401217163,-0.3868984728151337,2.3139205669457263,0.5438477226376692,-0.4251297401217162,Risk-on
2019-12-31,13.78,67.77,96.39394369807374,3176.7495238095235,1.86,30.33,1479.0,256.974,-0.09,2.2851297401217163,-0.24474422942089014,0.0,0.0,-0.4251297401217162,Risk-on
2020-01-01,13.78,67.77,96.39394369807374,3278.2028571428577,1.76,30.99,1561.0,257.971,0.39,2.4865719552504606,0.0,3.1936207929818883,5.544286680189314,-0.7265719552504606,Risk-on
2020-01-02,12.47,67.05,96.8447517925436,3278.2028571428577,1.76,30.99,1561.0,257.971,0.39,2.4865719552504606,0.4676726329217118,3.1936207929818883,5.544286680189314,-0.7265719552504606,Risk-on
2020-01-03,14.02,69.08,96.77242196744864,3278.2028571428577,1.76,30.99,1561.0,257.971,0.39,2.4865719552504606,-0.07468636529722739,3.1936207929818883,5.544286680189314,-0.7265719552504606,Risk-on
2020-01-04,14.02,69.08,96.77242196744864,3278.2028571428577,1.76,30.99,1561.0,257.971,0.39,2.4865719552504606,0.0,3.1936207929818883,5.544286680189314,-0.7265719552504606,Risk-on
2020-01-05,14.02,69.08,96.77242196744864,3278.2028571428577,1.76,30.99,1561.0,257.971,0.39,2.4865719552504606,0.0,3.1936207929818883,5.544286680189314,-0.7265719552504606,Risk-on
2020-01-06,13.85,70.25,96.68434311593391,3278.2028571428577,1.76,30.99,1561.0,257.971,0.39,2.4865719552504606,-0.09101647941016644,3.1936207929818883,5.544286680189314,-0.7265719552504606,Risk-on
2020-01-07,13.79,68.74,97.0410962041783,3278.2028571428577,1.76,30.99,1561.0,257.971,0.39,2.4865719552504606,0.3689874458955744,3.1936207929818883,5.544286680189314,-0.7265719552504606,Risk-on
2020-01-08,13.45,67.31,97.23328402277272,3278.2028571428577,1.76,30.99,1561.0,257.971,0.39,2.4865719552504606,0.19804786437083166,3.1936207929818883,5.544286680189314,-0.7265719552504606,Risk-on
2020-01-09,12.54,66.58,97.43777607586476,3278.2028571428577,1.76,30.99,1561.0,257.971,0.39,2.4865719552504606,0.2103107543340199,3.1936207929818883,5.544286680189314,-0.7265719552504606,Risk-on
2020-01-10,12.56,66.77,97.36888013307356,3278.2028571428577,1.76,30.99,1561.0,257.971,0.39,2.4865719552504606,-0.07070763061911567,3.1936207929818883,5.544286680189314,-0.7265719552504606,Risk-on
2020-01-11,12.56,66.77,97.36888013307356,3278.2028571428577,1.76,30.99,1561.0,257.971,0.39,2.4865719552504606,0.0,3.1936207929818883,5.544286680189314,-0.7265719552504606,Risk-on
2020-01-12,12.56,66.77,97.36888013307356,3278.2028571428577,1.76,30.99,1561.0,257.971,0.39,2.4865719552504606,0.0,3.1936207929818883,5.544286680189314,-0.7265719552504606,Risk-on
2020-01-13,12.32,64.14,97.36336549897246,3278.2028571428577,1.76,30.99,1561.0,257.971,0.39,2.4865719552504606,-0.005663651562559657,3.1936207929818883,5.544286680189314,-0.7265719552504606,Risk-on
2020-01-14,12.39,64.45,97.38035920800777,3278.2028571428577,1.76,30.99,1561.0,257.971,0.39,2.4865719552504606,0.017453904708641943,3.1936207929818883,5.544286680189314,-0.7265719552504606,Risk-on
2020-01-15,12.42,63.29,97.17562962770285,3278.2028571428577,1.76,30.99,1561.0,257.971,0.39,2.4865719552504606,-0.21023703544532646,3.1936207929818883,5.544286680189314,-0.7265719552504606,Risk-on
2020-01-16,12.32,64.63,97.33081884652366,3278.2028571428577,1.76,30.99,1561.0,257.971,0.39,2.4865719552504606,0.1596997306993142,3.1936207929818883,5.544286680189314,-0.7265719552504606,Risk-on
2020-01-17,12.1,64.05,97.61022118016545,3278.2028571428577,1.76,30.99,1561.0,257.971,0.39,2.4865719552504606,0.28706460805838496,3.1936207929818883,5.544286680189314,-0.7265719552504606,Risk-on
2020-01-18,12.1,64.05,97.61022118016545,3278.2028571428577,1.76,30.99,1561.0,257.971,0.39,2.4865719552504606,0.0,3.1936207929818883,5.544286680189314,-0.7265719552504606,Risk-on
2020-01-19,12.1,64.05,97.61022118016545,3278.2028571428577,1.76,30.99,1561.0,257.971,0.39,2.4865719552504606,0.0,3.1936207929818883,5.544286680189314,-0.7265719552504606,Risk-on
2020-01-20,12.1,64.63,97.61022118016545,3278.2028571428577,1.76,30.99,1561.0,257.971,0.39,2.4865719552504606,0.0,3.1936207929818883,5.544286680189314,-0.7265719552504606,Risk-on
2020-01-21,12.85,63.66,97.54444211597462,3278.2028571428577,1.76,30.99,1561.0,257.971,0.39,2.4865719552504606,-0.06738952478083649,3.1936207929818883,5.544286680189314,-0.7265719552504606,Risk-on
2020-01-22,12.91,62.11,97.57216930288905,3278.2028571428577,1.76,30.99,1561.0,257.971,0.39,2.4865719552504606,0.028425183755187433,3.1936207929818883,5.544286680189314,-0.7265719552504606,Risk-on
2020-01-23,12.98,61.26,97.7803706821033,3278.2028571428577,1.76,30.99,1561.0,257.971,0.39,2.4865719552504606,0.21338193124305072,3.1936207929818883,5.544286680189314,-0.7265719552504606,Risk-on
2020-01-24,14.56,59.34,97.88835025191486,3278.2028571428577,1.76,30.99,1561.0,257.971,0.39,2.4865719552504606,0.11043072250422892,3.1936207929818883,5.544286680189314,-0.7265719552504606,Risk-on
2020-01-25,14.56,59.34,97.88835025191486,3278.2028571428577,1.76,30.99,1561.0,257.971,0.39,2.4865719552504606,0.0,3.1936207929818883,5.544286680189314,-0.7265719552504606,Risk-on
2020-01-26,14.56,59.34,97.88835025191486,3278.2028571428577,1.76,30.99,1561.0,257.971,0.39,2.4865719552504606,0.0,3.1936207929818883,5.544286680189314,-0.7265719552504606,Risk-on
2020-01-27,18.23,58.54,97.93343264508472,3278.2028571428577,1.76,30.99,1561.0,257.971,0.39,2.4865719552504606,0.04605491159452857,3.1936207929818883,5.544286680189314,-0.7265719552504606,Trung tinh
2020-01-28,16.28,59.37,98.08396598442627,3278.2028571428577,1.76,30.99,1561.0,257.971,0.39,2.4865719552504606,0.15370985706901763,3.1936207929818883,5.544286680189314,-0.7265719552504606,Trung tinh
2020-01-29,16.39,59.46,98.11322719889453,3278.2028571428577,1.76,30.99,1561.0,257.971,0.39,2.4865719552504606,0.029832821475550553,3.1936207929818883,5.544286680189314,-0.7265719552504606,Trung tinh
2020-01-30,15.49,57.72,97.83469588357556,3278.2028571428577,1.76,30.99,1561.0,257.971,0.39,2.4865719552504606,-0.28388762990573246,3.1936207929818883,5.544286680189314,-0.7265719552504606,Trung tinh
2020-01-31,18.84,57.77,97.45539787947197,3278.2028571428577,1.76,30.99,1561.0,257.971,0.39,2.4865719552504606,-0.3876927307618572,0.0,0.0,-0.7265719552504606,Trung tinh
2020-02-01,18.84,57.77,97.45539787947197,3277.3142105263164,1.5,30.73,1597.0,258.678,0.27,2.3348735639459495,0.0,-0.027107737234899343,2.3062139654068003,-0.8348735639459495,Trung tinh
2020-02-02,18.84,57.77,97.45539787947197,3277.3142105263164,1.5,30.73,1597.0,258.678,0.27,2.3348735639459495,0.0,-0.027107737234899343,2.3062139654068003,-0.8348735639459495,Trung tinh
2020-02-03,17.97,54.0,97.79531364808855,3277.3142105263164,1.5,30.73,1597.0,258.678,0.27,2.3348735639459495,0.3487911147179057,-0.027107737234899343,2.3062139654068003,-0.8348735639459495,Trung tinh
2020-02-04,16.05,53.9,97.94258681054625,3277.3142105263164,1.5,30.73,1597.0,258.678,0.27,2.3348735639459495,0.150593271767252,-0.027107737234899343,2.3062139654068003,-0.8348735639459495,Trung tinh
2020-02-05,15.15,55.36,98.22786018407746,3277.3142105263164,1.5,30.73,1597.0,258.678,0.27,2.3348735639459495,0.29126591692234527,-0.027107737234899343,2.3062139654068003,-0.8348735639459495,Trung tinh
2020-02-06,14.96,55.18,98.46282202961724,3277.3142105263164,1.5,30.73,1597.0,258.678,0.27,2.3348735639459495,0.2392008184841643,-0.027107737234899343,2.3062139654068003,-0.8348735639459495,Risk-on
2020-02-07,15.47,54.53,98.65366882213651,3277.3142105263164,1.5,30.73,1597.0,258.678,0.27,2.3348735639459495,0.19382624688724093,-0.027107737234899343,2.3062139654068003,-0.8348735639459495,Trung tinh
2020-02-08,15.47,54.53,98.65366882213651,3277.3142105263164,1.5,30.73,1597.0,258.678,0.27,2.3348735639459495,0.0,-0.027107737234899343,2.3062139654068003,-0.8348735639459495,Trung tinh
2020-02-09,15.47,54.53,98.65366882213651,3277.3142105263164,1.5,30.73,1597.0,258.678,0.27,2.3348735639459495,0.0,-0.027107737234899343,2.3062139654068003,-0.8348735639459495,Trung tinh
2020-02-10,15.04,53.39,98.83985443773331,3277.3142105263164,1.5,30.73,1597.0,258.678,0.27,2.3348735639459495,0.1887264992977311,-0.027107737234899343,2.3062139654068003,-0.8348735639459495,Trung tinh
2020-02-11,15.18,54.0,98.77467462625775,3277.3142105263164,1.5,30.73,1597.0,258.678,0.27,2.3348735639459495,-0.0659448679344421,-0.027107737234899343,2.3062139654068003,-0.8348735639459495,Trung tinh
2020-02-12,13.74,55.54,98.85516520513997,3277.3142105263164,1.5,30.73,1597.0,258.678,0.27,2.3348735639459495,0.08148908532148447,-0.027107737234899343,2.3062139654068003,-0.8348735639459495,Risk-on
2020-02-13,14.15,56.34,99.03976980463102,3277.3142105263164,1.5,30.73,1597.0,258.678,0.27,2.3348735639459495,0.1867424925222405,-0.027107737234899343,2.3062139654068003,-0.8348735639459495,Risk-on
2020-02-14,13.68,57.37,99.12126856319014,3277.3142105263164,1.5,30.73,1597.0,258.678,0.27,2.3348735639459495,0.08228892163206769,-0.027107737234899343,2.3062139654068003,-0.8348735639459495,Risk-on
2020-02-15,13.68,57.37,99.12126856319014,3277.3142105263164,1.5,30.73,1597.0,258.678,0.27,2.3348735639459495,0.0,-0.027107737234899343,2.3062139654068003,-0.8348735639459495,Risk-on
2020-02-16,13.68,57.37,99.12126856319014,3277.3142105263164,1.5,30.73,1597.0,258.678,0.27,2.3348735639459495,0.0,-0.027107737234899343,2.3062139654068003,-0.8348735639459495,Risk-on
2020-02-17,13.68,57.83,99.12126856319014,3277.3142105263164,1.5,30.73,1597.0,258.678,0.27,2.3348735639459495,0.0,-0.027107737234899343,2.3062139654068003,-0.8348735639459495,Risk-on
2020-02-18,14.83,57.35,99.29368946791573,3277.3142105263164,1.5,30.73,1597.0,258.678,0.27,2.3348735639459495,0.17394945325550637,-0.027107737234899343,2.3062139654068003,-0.8348735639459495,Risk-on
2020-02-19,14.38,59.72,99.65630178240592,3277.3142105263164,1.5,30.73,1597.0,258.678,0.27,2.3348735639459495,0.36519170194331263,-0.027107737234899343,2.3062139654068003,-0.8348735639459495,Risk-on
2020-02-20,15.56,59.57,99.8008937882274,3277.3142105263164,1.5,30.73,1597.0,258.678,0.27,2.3348735639459495,0.14509067990220448,-0.027107737234899343,2.3062139654068003,-0.8348735639459495,Trung tinh
2020-02-21,17.08,58.6,99.30781248034155,3277.3142105263164,1.5,30.73,1597.0,258.678,0.27,2.3348735639459495,-0.4940650220349174,-0.027107737234899343,2.3062139654068003,-0.8348735639459495,Trung tinh
2020-02-22,17.08,58.6,99.30781248034155,3277.3142105263164,1.5,30.73,1597.0,258.678,0.27,2.3348735639459495,0.0,-0.027107737234899343,2.3062139654068003,-0.8348735639459495,Trung tinh
2020-02-23,17.08,58.6,99.30781248034155,3277.3142105263164,1.5,30.73,1597.0,258.678,0.27,2.3348735639459495,0.0,-0.027107737234899343,2.3062139654068003,-0.8348735639459495,Trung tinh
2020-02-24,25.03,56.71,99.24086571247297,3277.3142105263164,1.5,30.73,1597.0,258.678,0.27,2.3348735639459495,-0.06741339497517984,-0.027107737234899343,2.3062139654068003,-0.8348735639459495,Risk-off
2020-02-25,27.85,55.29,99.06337537549047,3277.3142105263164,1.5,30.73,1597.0,258.678,0.27,2.3348735639459495,-0.17884803372910651,-0.027107737234899343,2.3062139654068003,-0.8348735639459495,Risk-off
2020-02-26,27.56,54.96,99.07616978586223,3277.3142105263164,1.5,30.73,1597.0,258.678,0.27,2.3348735639459495,0.012915378991751325,-0.027107737234899343,2.3062139654068003,-0.8348735639459495,Risk-off
2020-02-27,39.16,52.19,98.60359848588121,3277.3142105263164,1.5,30.73,1597.0,258.678,0.27,2.3348735639459495,-0.47697776468591524,-0.027107737234899343,2.3062139654068003,-0.8348735639459495,Risk-off
2020-02-28,40.11,51.31,98.34964969783834,3277.3142105263164,1.5,30.73,1597.0,258.678,0.27,2.3348735639459495,-0.2575451524512329,-0.027107737234899343,2.3062139654068003,-0.8348735639459495,Risk-off
2020-02-29,40.11,51.31,98.34964969783834,3277.3142105263164,1.5,30.73,1597.0,258.678,0.27,2.3348735639459495,0.0,-0.027107737234899343,2.3062139654068003,-0.8348735639459495,Risk-off
2020-03-01,40.11,51.31,98.34964969783834,2652.3936363636367,0.87,24.82,1592.0,258.115,-0.22,1.5393269919198094,0.0,-19.090009009529375,1.985906470211396,-0.6693269919198094,Risk-off
2020-03-02,33.42,52.52,97.32912900556084,2652.3936363636367,0.87,24.82,1592.0,258.115,-0.22,1.5393269919198094,-1.0376454775516408,-19.068070194658617,-0.3130870381966133,-0.6693269919198094,Risk-off
2020-03-03,36.82,52.24,97.13498710449669,2652.3936363636367,0.87,24.82,1592.0,258.115,-0.22,1.5393269919198094,-0.19946947337118326,-19.068070194658617,-0.3130870381966133,-0.6693269919198094,Risk-off
2020-03-04,31.99,51.86,97.43507507318564,2652.3936363636367,0.87,24.82,1592.0,258.115,-0.22,1.5393269919198094,0.30893911414857644,-19.068070194658617,-0.3130870381966133,-0.6693269919198094,Risk-off
2020-03-05,39.62,51.29,96.82378574332101,2652.3936363636367,0.87,24.82,1592.0,258.115,-0.22,1.5393269919198094,-0.6273811862981371,-19.068070194658617,-0.3130870381966133,-0.6693269919198094,Risk-off
2020-03-06,41.94,45.6,95.95927300157014,2652.3936363636367,0.87,24.82,1592.0,258.115,-0.22,1.5393269919198094,-0.8928722783497545,-19.068070194658617,-0.3130870381966133,-0.6693269919198094,Risk-off
2020-03-07,41.94,45.6,95.95927300157014,2652.3936363636367,0.87,24.82,1592.0,258.115,-0.22,1.5393269919198094,0.0,-19.068070194658617,-0.3130870381966133,-0.6693269919198094,Risk-off
2020-03-08,41.94,45.6,95.95927300157014,2652.3936363636367,0.87,24.82,1592.0,258.115,-0.22,1.5393269919198094,0.0,-19.068070194658617,-0.3130870381966133,-0.6693269919198094,Risk-off
2020-03-09,54.46,35.33,95.11007105331072,2652.3936363636367,0.87,24.82,1592.0,258.115,-0.22,1.5393269919198094,-0.8849607981560315,-19.068070194658617,-0.3130870381966133,-0.6693269919198094,Risk-off
2020-03-10,47.3,35.57,95.98767487407997,2652.3936363636367,0.87,24.82,1592.0,258.115,-0.22,1.5393269919198094,0.9227243877016456,-19.068070194658617,-0.3130870381966133,-0.6693269919198094,Risk-off
2020-03-11,53.9,34.45,96.46760494696048,2652.3936363636367,0.87,24.82,1592.0,258.115,-0.22,1.5393269919198094,0.4999913515043364,-19.068070194658617,-0.3130870381966133,-0.6693269919198094,Risk-off
2020-03-12,75.47,31.02,98.16617774893592,2652.3936363636367,0.87,24.82,1592.0,258.115,-0.22,1.5393269919198094,1.760770160002778,-19.068070194658617,-0.3130870381966133,-0.6693269919198094,Risk-off
2020-03-13,57.83,32.25,98.63108650235436,2652.3936363636367,0.87,24.82,1592.0,258.115,-0.22,1.5393269919198094,0.4735936185755074,-19.068070194658617,-0.3130870381966133,-0.6693269919198094,Risk-off
2020-03-14,57.83,32.25,98.63108650235436,2652.3936363636367,0.87,24.82,1592.0,258.115,-0.22,1.5393269919198094,0.0,-19.068070194658617,-0.3130870381966133,-0.6693269919198094,Risk-off
2020-03-15,57.83,32.25,98.63108650235436,2652.3936363636367,0.87,24.82,1592.0,258.115,-0.22,1.5393269919198094,0.0,-19.068070194658617,-0.3130870381966133,-0.6693269919198094,Risk-off
2020-03-16,82.69,27.98,98.15881824560499,2652.3936363636367,0.87,24.82,1592.0,258.115,-0.22,1.5393269919198094,-0.47882292844669827,-19.068070194658617,-0.3130870381966133,-0.6693269919198094,Risk-off
2020-03-17,75.91,27.97,99.75310073637999,2652.3936363636367,0.87,24.82,1592.0,258.115,-0.22,1.5393269919198094,1.6241867203269589,-19.068070194658617,-0.3130870381966133,-0.6693269919198094,Risk-off
2020-03-18,76.45,22.79,101.24556098408083,2652.3936363636367,0.87,24.82,1592.0,258.115,-0.22,1.5393269919198094,1.4961542415057316,-19.068070194658617,-0.3130870381966133,-0.6693269919198094,Risk-off
2020-03-19,72.0,23.98,102.34729923088553,2652.3936363636367,0.87,24.82,1592.0,258.115,-0.22,1.5393269919198094,1.0881842483720705,-19.068070194658617,-0.3130870381966133,-0.6693269919198094,Risk-off
2020-03-20,66.04,25.55,102.43384005217648,2652.3936363636367,0.87,24.82,1592.0,258.115,-0.22,1.5393269919198094,0.08455603805990197,-19.068070194658617,-0.3130870381966133,-0.6693269919198094,Risk-off
2020-03-21,66.04,25.55,102.43384005217648,2652.3936363636367,0.87,24.82,1592.0,258.115,-0.22,1.5393269919198094,0.0,-19.068070194658617,-0.3130870381966133,-0.6693269919198094,Risk-off
2020-03-22,66.04,25.55,102.43384005217648,2652.3936363636367,0.87,24.82,1592.0,258.115,-0.22,1.5393269919198094,0.0,-19.068070194658617,-0.3130870381966133,-0.6693269919198094,Risk-off
2020-03-23,61.59,23.75,102.36141853911049,2652.3936363636367,0.87,24.82,1592.0,258.115,-0.22,1.5393269919198094,-0.07070076942258252,-19.068070194658617,-0.3130870381966133,-0.6693269919198094,Risk-off
2020-03-24,61.67,24.5,101.77307114011428,2652.3936363636367,0.87,24.82,1592.0,258.115,-0.22,1.5393269919198094,-0.5747745658403636,-19.068070194658617,-0.3130870381966133,-0.6693269919198094,Risk-off
2020-03-25,63.95,25.62,101.47185796043503,2652.3936363636367,0.87,24.82,1592.0,258.115,-0.22,1.5393269919198094,-0.2959655007998774,-19.068070194658617,-0.3130870381966133,-0.6693269919198094,Risk-off
2020-03-26,61.0,23.55,99.51172459118136,2652.3936363636367,0.87,24.82,1592.0,258.115,-0.22,1.5393269919198094,-1.931701467433411,-19.068070194658617,-0.3130870381966133,-0.6693269919198094,Risk-off
2020-03-27,65.54,22.39,98.94987916487416,2652.3936363636367,0.87,24.82,1592.0,258.115,-0.22,1.5393269919198094,-0.5646022402037598,-19.068070194658617,-0.3130870381966133,-0.6693269919198094,Risk-off
2020-03-28,65.54,22.39,98.94987916487416,2652.3936363636367,0.87,24.82,1592.0,258.115,-0.22,1.5393269919198094,0.0,-19.068070194658617,-0.3130870381966133,-0.6693269919198094,Risk-off
2020-03-29,65.54,22.39,98.94987916487416,2652.3936363636367,0.87,24.82,1592.0,258.115,-0.22,1.5393269919198094,0.0,-19.068070194658617,-0.3130870381966133,-0.6693269919198094,Risk-off
2020-03-30,57.08,19.19,99.24528452374638,2652.3936363636367,0.87,24.82,1592.0,258.115,-0.22,1.5393269919198094,0.2985403937482367,-19.068070194658617,-0.3130870381966133,-0.6693269919198094,Risk-off
2020-03-31,53.54,14.85,99.05089585846427,2652.3936363636367,0.87,24.82,1592.0,258.115,-0.22,1.5393269919198094,-0.19586690311275134,0.0,0.0,-0.6693269919198094,Risk-off
2020-04-01,57.06,14.97,99.60946342972153,2761.975238095238,0.66,25.93,1683.0,256.389,-0.67,0.3290966863368272,0.5639197570261212,4.131423037262105,5.71608040201006,0.3309033136631728,Risk-off
2020-04-02,50.91,20.24,100.0740082511497,2761.975238095238,0.66,25.93,1683.0,256.389,-0.67,0.3290966863368272,0.4663661518023554,4.131423037262105,5.71608040201006,0.3309033136631728,Risk-off
2020-04-03,46.8,24.33,100.7231253075809,2761.975238095238,0.66,25.93,1683.0,256.389,-0.67,0.3290966863368272,0.6486370115226459,4.131423037262105,5.71608040201006,0.3309033136631728,Risk-off
2020-04-04,46.8,24.33,100.7231253075809,2761.975238095238,0.66,25.93,1683.0,256.389,-0.67,0.3290966863368272,0.0,4.131423037262105,5.71608040201006,0.3309033136631728,Risk-off
2020-04-05,46.8,24.33,100.7231253075809,2761.975238095238,0.66,25.93,1683.0,256.389,-0.67,0.3290966863368272,0.0,4.131423037262105,5.71608040201006,0.3309033136631728,Risk-off
2020-04-06,45.24,22.58,100.63038016742863,2761.975238095238,0.66,25.93,1683.0,256.389,-0.67,0.3290966863368272,-0.09207929149245286,4.131423037262105,5.71608040201006,0.3309033136631728,Risk-off
2020-04-07,46.7,22.1,99.99544278563916,2761.975238095238,0.66,25.93,1683.0,256.389,-0.67,0.3290966863368272,-0.630959935491715,4.131423037262105,5.71608040201006,0.3309033136631728,Risk-off
2020-04-08,43.35,25.22,100.07096407797738,2761.975238095238,0.66,25.93,1683.0,256.389,-0.67,0.3290966863368272,0.0755247341622578,4.131423037262105,5.71608040201006,0.3309033136631728,Risk-off
2020-04-09,41.67,20.23,99.52942940870284,2761.975238095238,0.66,25.93,1683.0,256.389,-0.67,0.3290966863368272,-0.5411506467076332,4.131423037262105,5.71608040201006,0.3309033136631728,Risk-off
2020-04-10,41.67,20.23,99.37785007903749,2761.975238095238,0.66,25.93,1683.0,256.389,-0.67,0.3290966863368272,-0.15229598980509573,4.131423037262105,5.71608040201006,0.3309033136631728,Risk-off
2020-04-11,41.67,20.23,99.37785007903749,2761.975238095238,0.66,25.93,1683.0,256.389,-0.67,0.3290966863368272,0.0,4.131423037262105,5.71608040201006,0.3309033136631728,Risk-off
2020-04-12,41.67,20.23,99.37785007903749,2761.975238095238,0.66,25.93,1683.0,256.389,-0.67,0.3290966863368272,0.0,4.131423037262105,5.71608040201006,0.3309033136631728,Risk-off
2020-04-13,41.17,20.23,99.50777718717866,2761.975238095238,0.66,25.93,1683.0,256.389,-0.67,0.3290966863368272,0.13074051012156307,4.131423037262105,5.71608040201006,0.3309033136631728,Risk-off
2020-04-14,37.76,21.74,98.94286811107811,2761.975238095238,0.66,25.93,1683.0,256.389,-0.67,0.3290966863368272,-0.5677034419510063,4.131423037262105,5.71608040201006,0.3309033136631728,Risk-off
2020-04-15,40.84,19.8,99.5767426923246,2761.975238095238,0.66,25.93,1683.0,256.389,-0.67,0.3290966863368272,0.6406470656731722,4.131423037262105,5.71608040201006,0.3309033136631728,Risk-off
2020-04-16,40.11,18.69,100.10401278416619,2761.975238095238,0.66,25.93,1683.0,256.389,-0.67,0.3290966863368272,0.5295112870590257,4.131423037262105,5.71608040201006,0.3309033136631728,Risk-off
2020-04-17,38.15,19.75,99.67617792467217,2761.975238095238,0.66,25.93,1683.0,256.389,-0.67,0.3290966863368272,-0.427390318924048,4.131423037262105,5.71608040201006,0.3309033136631728,Risk-off
2020-04-18,38.15,19.75,99.67617792467217,2761.975238095238,0.66,25.93,1683.0,256.389,-0.67,0.3290966863368272,0.0,4.131423037262105,5.71608040201006,0.3309033136631728,Risk-off
2020-04-19,38.15,19.75,99.67617792467217,2761.975238095238,0.66,25.93,1683.0,256.389,-0.67,0.3290966863368272,0.0,4.131423037262105,5.71608040201006,0.3309033136631728,Risk-off
2020-04-20,43.83,17.36,99.81752840951546,2761.975238095238,0.66,25.93,1683.0,256.389,-0.67,0.3290966863368272,0.14180969594370652,4.131423037262105,5.71608040201006,0.3309033136631728,Risk-off
2020-04-21,45.41,9.12,100.2506911610957,2761.975238095238,0.66,25.93,1683.0,256.389,-0.67,0.3290966863368272,0.43395459543251746,4.131423037262105,5.71608040201006,0.3309033136631728,Risk-off
2020-04-22,41.98,13.77,100.29287996243016,2761.975238095238,0.66,25.93,1683.0,256.389,-0.67,0.3290966863368272,0.04208330221551204,4.131423037262105,5.71608040201006,0.3309033136631728,Risk-off
2020-04-23,41.38,15.06,100.23214386503189,2761.975238095238,0.66,25.93,1683.0,256.389,-0.67,0.3290966863368272,-0.060558733003801546,4.131423037262105,5.71608040201006,0.3309033136631728,Risk-off
2020-04-24,35.93,15.87,100.39518654713791,2761.975238095238,0.66,25.93,1683.0,256.389,-0.67,0.3290966863368272,0.16266506513675782,4.131423037262105,5.71608040201006,0.3309033136631728,Risk-off
2020-04-25,35.93,15.87,100.39518654713791,2761.975238095238,0.66,25.93,1683.0,256.389,-0.67,0.3290966863368272,0.0,4.131423037262105,5.71608040201006,0.3309033136631728,Risk-off
2020-04-26,35.93,15.87,100.39518654713791,2761.975238095238,0.66,25.93,1683.0,256.389,-0.67,0.3290966863368272,0.0,4.131423037262105,5.71608040201006,0.3309033136631728,Risk-off
2020-04-27,33.29,15.17,100.07107813599842,2761.975238095238,0.66,25.93,1683.0,256.389,-0.67,0.3290966863368272,-0.3228326200552578,4.131423037262105,5.71608040201006,0.3309033136631728,Risk-off
2020-04-28,33.57,15.6,99.8629840618091,2761.975238095238,0.66,25.93,1683.0,256.389,-0.67,0.3290966863368272,-0.20794626985682907,4.131423037262105,5.71608040201006,0.3309033136631728,Risk-off
2020-04-29,31.23,17.86,99.72778546337206,2761.975238095238,0.66,25.93,1683.0,256.389,-0.67,0.3290966863368272,-0.13538409622665393,4.131423037262105,5.71608040201006,0.3309033136631728,Risk-off
2020-04-30,34.15,18.11,99.0825639759308,2761.975238095238,0.66,25.93,1683.0,256.389,-0.67,0.3290966863368272,-0.646982668313878,4.131423037262105,5.71608040201006,0.3309033136631728,Risk-off
2020-05-01,37.19,18.49,98.93665377208178,2919.615,0.67,27.33,1716.0,256.394,0.0,0.11792637021070806,-0.14726123143569136,5.707500912045682,1.9607843137254832,0.552073629789292,Risk-off
2020-05-02,37.19,18.49,98.93665377208178,2919.615,0.67,27.33,1716.0,256.394,0.0,0.11792637021070806,0.0,5.707500912045682,1.9607843137254832,0.552073629789292,Risk-off
2020-05-03,37.19,18.49,98.93665377208178,2919.615,0.67,27.33,1716.0,256.394,0.0,0.11792637021070806,0.0,5.707500912045682,1.9607843137254832,0.552073629789292,Risk-off
2020-05-04,35.97,20.4,99.50173934488178,2919.615,0.67,27.33,1716.0,256.394,0.0,0.11792637021070806,0.5711589701646647,5.707500912045682,1.9607843137254832,0.552073629789292,Risk-off
2020-05-05,33.61,25.46,99.76474596200272,2919.615,0.67,27.33,1716.0,256.394,0.0,0.11792637021070806,0.2643236378103264,5.707500912045682,1.9607843137254832,0.552073629789292,Risk-off
2020-05-06,34.12,24.2,100.09706682810692,2919.615,0.67,27.33,1716.0,256.394,0.0,0.11792637021070806,0.3331045079097983,5.707500912045682,1.9607843137254832,0.552073629789292,Risk-off
2020-05-07,31.44,24.23,99.95725323299676,2919.615,0.67,27.33,1716.0,256.394,0.0,0.11792637021070806,-0.13967801409231484,5.707500912045682,1.9607843137254832,0.552073629789292,Risk-off
2020-05-08,27.98,24.23,99.60494604002342,2919.615,0.67,27.33,1716.0,256.394,0.0,0.11792637021070806,-0.35245785731239376,5.707500912045682,1.9607843137254832,0.552073629789292,Risk-off
2020-05-09,27.98,24.23,99.60494604002342,2919.615,0.67,27.33,1716.0,256.394,0.0,0.11792637021070806,0.0,5.707500912045682,1.9607843137254832,0.552073629789292,Risk-off
2020-05-10,27.98,24.23,99.60494604002342,2919.615,0.67,27.33,1716.0,256.394,0.0,0.11792637021070806,0.0,5.707500912045682,1.9607843137254832,0.552073629789292,Risk-off
2020-05-11,27.57,25.53,100.18000751206931,2919.615,0.67,27.33,1716.0,256.394,0.0,0.11792637021070806,0.5773422856077959,5.707500912045682,1.9607843137254832,0.552073629789292,Risk-off
2020-05-12,33.04,26.67,99.8413179140419,2919.615,0.67,27.33,1716.0,256.394,0.0,0.11792637021070806,-0.338081026782322,5.707500912045682,1.9607843137254832,0.552073629789292,Risk-off
2020-05-13,35.28,27.89,100.08859025561605,2919.615,0.67,27.33,1716.0,256.394,0.0,0.11792637021070806,0.24766534210520774,5.707500912045682,1.9607843137254832,0.552073629789292,Risk-off
2020-05-14,32.61,29.87,100.3624267135247,2919.615,0.67,27.33,1716.0,256.394,0.0,0.11792637021070806,0.27359408021363496,5.707500912045682,1.9607843137254832,0.552073629789292,Risk-off
2020-05-15,31.89,30.95,100.37975149510312,2919.615,0.67,27.33,1716.0,256.394,0.0,0.11792637021070806,0.017262218686564523,5.707500912045682,1.9607843137254832,0.552073629789292,Risk-off
2020-05-16,31.89,30.95,100.37975149510312,2919.615,0.67,27.33,1716.0,256.394,0.0,0.11792637021070806,0.0,5.707500912045682,1.9607843137254832,0.552073629789292,Risk-off
2020-05-17,31.89,30.95,100.37975149510312,2919.615,0.67,27.33,1716.0,256.394,0.0,0.11792637021070806,0.0,5.707500912045682,1.9607843137254832,0.552073629789292,Risk-off
2020-05-18,29.3,33.3,99.67338568678638,2919.615,0.67,27.33,1716.0,256.394,0.0,0.11792637021070806,-0.7036935216473417,5.707500912045682,1.9607843137254832,0.552073629789292,Risk-off
2020-05-19,30.53,33.06,99.46371604646622,2919.615,0.67,27.33,1716.0,256.394,0.0,0.11792637021070806,-0.21035669539613,5.707500912045682,1.9607843137254832,0.552073629789292,Risk-off
2020-05-20,27.99,34.76,99.1423628501212,2919.615,0.67,27.33,1716.0,256.394,0.0,0.11792637021070806,-0.3230858539358117,5.707500912045682,1.9607843137254832,0.552073629789292,Risk-off
2020-05-21,29.53,34.78,99.40816888595973,2919.615,0.67,27.33,1716.0,256.394,0.0,0.11792637021070806,0.26810540741333266,5.707500912045682,1.9607843137254832,0.552073629789292,Risk-off
2020-05-22,28.16,33.8,99.81725056736246,2919.615,0.67,27.33,1716.0,256.394,0.0,0.11792637021070806,0.4115171680428409,5.707500912045682,1.9607843137254832,0.552073629789292,Risk-off
2020-05-23,28.16,33.8,99.81725056736246,2919.615,0.67,27.33,1716.0,256.394,0.0,0.11792637021070806,0.0,5.707500912045682,1.9607843137254832,0.552073629789292,Risk-off
2020-05-24,28.16,33.8,99.81725056736246,2919.615,0.67,27.33,1716.0,256.394,0.0,0.11792637021070806,0.0,5.707500912045682,1.9607843137254832,0.552073629789292,Risk-off
2020-05-25,28.16,33.8,99.81725056736246,2919.615,0.67,27.33,1716.0,256.394,0.0,0.11792637021070806,0.0,5.707500912045682,1.9607843137254832,0.552073629789292,Risk-off
2020-05-26,28.01,33.95,99.11868669629808,2919.615,0.67,27.33,1716.0,256.394,0.0,0.11792637021070806,-0.6998428298653159,5.707500912045682,1.9607843137254832,0.552073629789292,Risk-off
2020-05-27,27.62,32.73,99.23485968779029,2919.615,0.67,27.33,1716.0,256.394,0.0,0.11792637021070806,0.1172059430611272,5.707500912045682,1.9607843137254832,0.552073629789292,Risk-off
2020-05-28,28.59,33.98,98.5122495395602,2919.615,0.67,27.33,1716.0,256.394,0.0,0.11792637021070806,-0.7281817604252616,5.707500912045682,1.9607843137254832,0.552073629789292,Risk-off
2020-05-29,27.51,34.15,98.32060983715704,2919.615,0.67,27.33,1716.0,256.394,0.0,0.11792637021070806,-0.19453388111516645,5.707500912045682,1.9607843137254832,0.552073629789292,Risk-off
2020-05-30,27.51,34.15,98.32060983715704,2919.615,0.67,27.33,1716.0,256.394,0.0,0.11792637021070806,0.0,5.707500912045682,1.9607843137254832,0.552073629789292,Risk-off
2020-05-31,27.51,34.15,98.32060983715704,2919.615,0.67,27.33,1716.0,256.394,0.0,0.11792637021070806,0.0,0.0,0.0,0.552073629789292,Risk-off
2020-06-01,28.23,36.74,97.91659300707045,3104.6609090909087,0.73,28.84,1732.0,257.797,0.55,0.6457330475554857,-0.4109177422269239,6.338024331663905,0.932400932400923,0.08426695244451432,Risk-off
2020-06-02,26.84,37.72,97.70759675389614,3104.6609090909087,0.73,28.84,1732.0,257.797,0.55,0.6457330475554857,-0.213443142531744,6.338024331663905,0.932400932400923,0.08426695244451432,Risk-off
2020-06-03,25.66,37.98,97.21448053091557,3104.6609090909087,0.73,28.84,1732.0,257.797,0.55,0.6457330475554857,-0.5046856532789579,6.338024331663905,0.932400932400923,0.08426695244451432,Risk-off
2020-06-04,25.81,38.41,96.81190289078513,3104.6609090909087,0.73,28.84,1732.0,257.797,0.55,0.6457330475554857,-0.4141128337381894,6.338024331663905,0.932400932400923,0.08426695244451432,Risk-off
2020-06-05,24.52,41.0,96.88697661415821,3104.6609090909087,0.73,28.84,1732.0,257.797,0.55,0.6457330475554857,0.07754596400999514,6.338024331663905,0.932400932400923,0.08426695244451432,Trung tinh
2020-06-06,24.52,41.0,96.88697661415821,3104.6609090909087,0.73,28.84,1732.0,257.797,0.55,0.6457330475554857,0.0,6.338024331663905,0.932400932400923,0.08426695244451432,Trung tinh
2020-06-07,24.52,41.0,96.88697661415821,3104.6609090909087,0.73,28.84,1732.0,257.797,0.55,0.6457330475554857,0.0,6.338024331663905,0.932400932400923,0.08426695244451432,Trung tinh
2020-06-08,25.81,39.66,96.7351190529173,3104.6609090909087,0.73,28.84,1732.0,257.797,0.55,0.6457330475554857,-0.1567368149443582,6.338024331663905,0.932400932400923,0.08426695244451432,Risk-off
2020-06-09,27.57,40.45,96.31946160371773,3104.6609090909087,0.73,28.84,1732.0,257.797,0.55,0.6457330475554857,-0.42968619180816514,6.338024331663905,0.932400932400923,0.08426695244451432,Risk-off
2020-06-10,27.57,41.18,96.19658936623262,3104.6609090909087,0.73,28.84,1732.0,257.797,0.55,0.6457330475554857,-0.1275674047999109,6.338024331663905,0.932400932400923,0.08426695244451432,Risk-off
2020-06-11,40.79,37.76,96.2212647787737,3104.6609090909087,0.73,28.84,1732.0,257.797,0.55,0.6457330475554857,0.025651026407125244,6.338024331663905,0.932400932400923,0.08426695244451432,Risk-off
2020-06-12,36.09,38.54,97.12389835966287,3104.6609090909087,0.73,28.84,1732.0,257.797,0.55,0.6457330475554857,0.9380811850316695,6.338024331663905,0.932400932400923,0.08426695244451432,Risk-off
2020-06-13,36.09,38.54,97.12389835966287,3104.6609090909087,0.73,28.84,1732.0,257.797,0.55,0.6457330475554857,0.0,6.338024331663905,0.932400932400923,0.08426695244451432,Risk-off
2020-06-14,36.09,38.54,97.12389835966287,3104.6609090909087,0.73,28.84,1732.0,257.797,0.55,0.6457330475554857,0.0,6.338024331663905,0.932400932400923,0.08426695244451432,Risk-off
2020-06-15,34.4,39.44,97.03687252435529,3104.6609090909087,0.73,28.84,1732.0,257.797,0.55,0.6457330475554857,-0.08960290595556586,6.338024331663905,0.932400932400923,0.08426695244451432,Risk-off
2020-06-16,33.67,40.75,97.03309100131416,3104.6609090909087,0.73,28.84,1732.0,257.797,0.55,0.6457330475554857,-0.003896996000340991,6.338024331663905,0.932400932400923,0.08426695244451432,Risk-off
2020-06-17,33.47,40.47,97.27462257851049,3104.6609090909087,0.73,28.84,1732.0,257.797,0.55,0.6457330475554857,0.248916709448177,6.338024331663905,0.932400932400923,0.08426695244451432,Risk-off
2020-06-18,32.94,41.75,97.36505731826031,3104.6609090909087,0.73,28.84,1732.0,257.797,0.55,0.6457330475554857,0.09296848176083561,6.338024331663905,0.932400932400923,0.08426695244451432,Risk-off
2020-06-19,35.12,42.33,97.59697039070448,3104.6609090909087,0.73,28.84,1732.0,257.797,0.55,0.6457330475554857,0.2381892219157411,6.338024331663905,0.932400932400923,0.08426695244451432,Risk-off
2020-06-20,35.12,42.33,97.59697039070448,3104.6609090909087,0.73,28.84,1732.0,257.797,0.55,0.6457330475554857,0.0,6.338024331663905,0.932400932400923,0.08426695244451432,Risk-off
2020-06-21,35.12,42.33,97.59697039070448,3104.6609090909087,0.73,28.84,1732.0,257.797,0.55,0.6457330475554857,0.0,6.338024331663905,0.932400932400923,0.08426695244451432,Risk-off
2020-06-22,31.77,43.2,97.06947565196266,3104.6609090909087,0.73,28.84,1732.0,257.797,0.55,0.6457330475554857,-0.5404826980080712,6.338024331663905,0.932400932400923,0.08426695244451432,Risk-off
2020-06-23,31.37,42.72,96.55831758034954,3104.6609090909087,0.73,28.84,1732.0,257.797,0.55,0.6457330475554857,-0.5265899173555355,6.338024331663905,0.932400932400923,0.08426695244451432,Risk-off
2020-06-24,33.84,40.4,97.04462725115539,3104.6609090909087,0.73,28.84,1732.0,257.797,0.55,0.6457330475554857,0.5036434799116973,6.338024331663905,0.932400932400923,0.08426695244451432,Risk-off
2020-06-25,32.22,41.18,97.40784696362448,3104.6609090909087,0.73,28.84,1732.0,257.797,0.55,0.6457330475554857,0.37428111453203794,6.338024331663905,0.932400932400923,0.08426695244451432,Risk-off
2020-06-26,34.73,40.97,97.53753585121713,3104.6609090909087,0.73,28.84,1732.0,257.797,0.55,0.6457330475554857,0.1331400822780493,6.338024331663905,0.932400932400923,0.08426695244451432,Risk-off
2020-06-27,34.73,40.97,97.53753585121713,3104.6609090909087,0.73,28.84,1732.0,257.797,0.55,0.6457330475554857,0.0,6.338024331663905,0.932400932400923,0.08426695244451432,Risk-off
2020-06-28,34.73,40.97,97.53753585121713,3104.6609090909087,0.73,28.84,1732.0,257.797,0.55,0.6457330475554857,0.0,6.338024331663905,0.932400932400923,0.08426695244451432,Risk-off
2020-06-29,31.78,41.58,97.53115319410801,3104.6609090909087,0.73,28.84,1732.0,257.797,0.55,0.6457330475554857,-0.006543795733005009,6.338024331663905,0.932400932400923,0.08426695244451432,Risk-off
2020-06-30,30.43,41.64,97.3857029163493,3104.6609090909087,0.73,28.84,1732.0,257.797,0.55,0.6457330475554857,-0.14913212137380727,6.338024331663905,0.932400932400923,0.08426695244451432,Risk-off
2020-07-01,28.62,42.18,97.11293791246892,3207.6190909090906,0.62,29.6,1847.0,259.101,0.51,0.9860818253037085,-0.2800873184790498,3.3162456330321,6.639722863741349,-0.3660818253037085,Risk-off
2020-07-02,27.68,43.19,97.25255771140898,3207.6190909090906,0.62,29.6,1847.0,259.101,0.51,0.9860818253037085,0.1437705438032344,3.3162456330321,6.639722863741349,-0.3660818253037085,Risk-off
2020-07-03,27.68,42.92,97.25255771140898,3207.6190909090906,0.62,29.6,1847.0,259.101,0.51,0.9860818253037085,0.0,3.3162456330321,6.639722863741349,-0.3660818253037085,Risk-off
2020-07-04,27.68,42.92,97.25255771140898,3207.6190909090906,0.62,29.6,1847.0,259.101,0.51,0.9860818253037085,0.0,3.3162456330321,6.639722863741349,-0.3660818253037085,Risk-off
2020-07-05,27.68,42.92,97.25255771140898,3207.6190909090906,0.62,29.6,1847.0,259.101,0.51,0.9860818253037085,0.0,3.3162456330321,6.639722863741349,-0.3660818253037085,Risk-off
2020-07-06,27.94,42.73,96.82119802005865,3207.6190909090906,0.62,29.6,1847.0,259.101,0.51,0.9860818253037085,-0.4435458578173068,3.3162456330321,6.639722863741349,-0.3660818253037085,Risk-off
2020-07-07,29.43,43.28,96.78422337330014,3207.6190909090906,0.62,29.6,1847.0,259.101,0.51,0.9860818253037085,-0.03818858629579536,3.3162456330321,6.639722863741349,-0.3660818253037085,Risk-off
2020-07-08,28.08,43.67,96.5469401802175,3207.6190909090906,0.62,29.6,1847.0,259.101,0.51,0.9860818253037085,-0.24516722334736452,3.3162456330321,6.639722863741349,-0.3660818253037085,Risk-off
2020-07-09,29.26,42.35,96.70566670835584,3207.6190909090906,0.62,29.6,1847.0,259.101,0.51,0.9860818253037085,0.16440347860020577,3.3162456330321,6.639722863741349,-0.3660818253037085,Risk-off
2020-07-10,27.29,43.27,96.49797494001241,3207.6190909090906,0.62,29.6,1847.0,259.101,0.51,0.9860818253037085,-0.21476690602814097,3.3162456330321,6.639722863741349,-0.3660818253037085,Risk-off
2020-07-11,27.29,43.27,96.49797494001241,3207.6190909090906,0.62,29.6,1847.0,259.101,0.51,0.9860818253037085,0.0,3.3162456330321,6.639722863741349,-0.3660818253037085,Risk-off
2020-07-12,27.29,43.27,96.49797494001241,3207.6190909090906,0.62,29.6,1847.0,259.101,0.51,0.9860818253037085,0.0,3.3162456330321,6.639722863741349,-0.3660818253037085,Risk-off
2020-07-13,32.19,42.85,96.3426522414117,3207.6190909090906,0.62,29.6,1847.0,259.101,0.51,0.9860818253037085,-0.1609595421015464,3.3162456330321,6.639722863741349,-0.3660818253037085,Risk-off
2020-07-14,29.52,42.97,96.19161450968177,3207.6190909090906,0.62,29.6,1847.0,259.101,0.51,0.9860818253037085,-0.15677140728019845,3.3162456330321,6.639722863741349,-0.3660818253037085,Risk-off
2020-07-15,27.76,43.96,96.07379141241127,3207.6190909090906,0.62,29.6,1847.0,259.101,0.51,0.9860818253037085,-0.12248790902521511,3.3162456330321,6.639722863741349,-0.3660818253037085,Risk-off
2020-07-16,28.0,43.71,95.92364848080663,3207.6190909090906,0.62,29.6,1847.0,259.101,0.51,0.9860818253037085,-0.15627876176982358,3.3162456330321,6.639722863741349,-0.3660818253037085,Risk-off
2020-07-17,25.68,43.53,95.96458193959117,3207.6190909090906,0.62,29.6,1847.0,259.101,0.51,0.9860818253037085,0.042672958579892395,3.3162456330321,6.639722863741349,-0.3660818253037085,Risk-off
2020-07-18,25.68,43.53,95.96458193959117,3207.6190909090906,0.62,29.6,1847.0,259.101,0.51,0.9860818253037085,0.0,3.3162456330321,6.639722863741349,-0.3660818253037085,Risk-off
2020-07-19,25.68,43.53,95.96458193959117,3207.6190909090906,0.62,29.6,1847.0,259.101,0.51,0.9860818253037085,0.0,3.3162456330321,6.639722863741349,-0.3660818253037085,Risk-off
2020-07-20,24.46,43.3,95.81816739088698,3207.6190909090906,0.62,29.6,1847.0,259.101,0.51,0.9860818253037085,-0.15257144432344605,3.3162456330321,6.639722863741349,-0.3660818253037085,Trung tinh
2020-07-21,24.84,44.31,95.33431855157703,3207.6190909090906,0.62,29.6,1847.0,259.101,0.51,0.9860818253037085,-0.5049656578549611,3.3162456330321,6.639722863741349,-0.3660818253037085,Trung tinh
2020-07-22,24.32,43.98,94.88219564183153,3207.6190909090906,0.62,29.6,1847.0,259.101,0.51,0.9860818253037085,-0.47424989931710293,3.3162456330321,6.639722863741349,-0.3660818253037085,Trung tinh
2020-07-23,26.08,42.96,94.60397772289816,3207.6190909090906,0.62,29.6,1847.0,259.101,0.51,0.9860818253037085,-0.293224579228335,3.3162456330321,6.639722863741349,-0.3660818253037085,Risk-off
2020-07-24,25.84,43.29,94.4268023476595,3207.6190909090906,0.62,29.6,1847.0,259.101,0.51,0.9860818253037085,-0.1872811054072332,3.3162456330321,6.639722863741349,-0.3660818253037085,Risk-off
2020-07-25,25.84,43.29,94.4268023476595,3207.6190909090906,0.62,29.6,1847.0,259.101,0.51,0.9860818253037085,0.0,3.3162456330321,6.639722863741349,-0.3660818253037085,Risk-off
2020-07-26,25.84,43.29,94.4268023476595,3207.6190909090906,0.62,29.6,1847.0,259.101,0.51,0.9860818253037085,0.0,3.3162456330321,6.639722863741349,-0.3660818253037085,Risk-off
2020-07-27,24.74,43.39,93.66559930548655,3207.6190909090906,0.62,29.6,1847.0,259.101,0.51,0.9860818253037085,-0.8061302757773836,3.3162456330321,6.639722863741349,-0.3660818253037085,Trung tinh
2020-07-28,25.44,43.11,93.6375125969103,3207.6190909090906,0.62,29.6,1847.0,259.101,0.51,0.9860818253037085,-0.029986151569527664,3.3162456330321,6.639722863741349,-0.3660818253037085,Risk-off
2020-07-29,24.1,43.51,93.44342320055162,3207.6190909090906,0.62,29.6,1847.0,259.101,0.51,0.9860818253037085,-0.2072773944713724,3.3162456330321,6.639722863741349,-0.3660818253037085,Trung tinh
2020-07-30,24.76,42.98,93.32904720390033,3207.6190909090906,0.62,29.6,1847.0,259.101,0.51,0.9860818253037085,-0.12240133412686482,3.3162456330321,6.639722863741349,-0.3660818253037085,Trung tinh
2020-07-31,24.46,43.13,93.15578123011964,3207.6190909090906,0.62,29.6,1847.0,259.101,0.51,0.9860818253037085,-0.18565064036509815,0.0,0.0,-0.3660818253037085,Trung tinh
2020-08-01,24.46,43.13,93.15578123011964,3391.71,0.65,31.16,1969.0,259.918,0.32,1.3096453823307153,0.0,5.739176126387724,6.605305901461822,-0.6596453823307152,Trung tinh
2020-08-02,24.46,43.13,93.15578123011964,3391.71,0.65,31.16,1969.0,259.918,0.32,1.3096453823307153,0.0,5.739176126387724,6.605305901461822,-0.6596453823307152,Trung tinh
2020-08-03,24.28,43.76,93.64308530040314,3391.71,0.65,31.16,1969.0,259.918,0.32,1.3096453823307153,0.5231066326197409,5.739176126387724,6.605305901461822,-0.6596453823307152,Trung tinh
2020-08-04,23.76,43.99,93.48623061134468,3391.71,0.65,31.16,1969.0,259.918,0.32,1.3096453823307153,-0.16750269232936876,5.739176126387724,6.605305901461822,-0.6596453823307152,Trung tinh
2020-08-05,22.99,44.92,92.61924622623846,3391.71,0.65,31.16,1969.0,259.918,0.32,1.3096453823307153,-0.9273926004253807,5.739176126387724,6.605305901461822,-0.6596453823307152,Trung tinh
2020-08-06,22.65,45.04,92.8705206656027,3391.71,0.65,31.16,1969.0,259.918,0.32,1.3096453823307153,0.2712982987903567,5.739176126387724,6.605305901461822,-0.6596453823307152,Trung tinh
2020-08-07,22.21,44.07,93.47591091408405,3391.71,0.65,31.16,1969.0,259.918,0.32,1.3096453823307153,0.6518648158129414,5.739176126387724,6.605305901461822,-0.6596453823307152,Trung tinh
2020-08-08,22.21,44.07,93.47591091408405,3391.71,0.65,31.16,1969.0,259.918,0.32,1.3096453823307153,0.0,5.739176126387724,6.605305901461822,-0.6596453823307152,Trung tinh
2020-08-09,22.21,44.07,93.47591091408405,3391.71,0.65,31.16,1969.0,259.918,0.32,1.3096453823307153,0.0,5.739176126387724,6.605305901461822,-0.6596453823307152,Trung tinh
2020-08-10,22.13,44.19,93.49613317435049,3391.71,0.65,31.16,1969.0,259.918,0.32,1.3096453823307153,0.02163365948368856,5.739176126387724,6.605305901461822,-0.6596453823307152,Trung tinh
2020-08-11,24.03,43.68,93.52145209331857,3391.71,0.65,31.16,1969.0,259.918,0.32,1.3096453823307153,0.027080177659177807,5.739176126387724,6.605305901461822,-0.6596453823307152,Trung tinh
2020-08-12,22.28,45.09,93.35791903586438,3391.71,0.65,31.16,1969.0,259.918,0.32,1.3096453823307153,-0.17486154651555896,5.739176126387724,6.605305901461822,-0.6596453823307152,Trung tinh
2020-08-13,22.13,44.87,93.20732041761433,3391.71,0.65,31.16,1969.0,259.918,0.32,1.3096453823307153,-0.16131316957933572,5.739176126387724,6.605305901461822,-0.6596453823307152,Trung tinh
2020-08-14,22.05,44.86,93.0956336670444,3391.71,0.65,31.16,1969.0,259.918,0.32,1.3096453823307153,-0.11982615750514292,5.739176126387724,6.605305901461822,-0.6596453823307152,Trung tinh
2020-08-15,22.05,44.86,93.0956336670444,3391.71,0.65,31.16,1969.0,259.918,0.32,1.3096453823307153,0.0,5.739176126387724,6.605305901461822,-0.6596453823307152,Trung tinh
2020-08-16,22.05,44.86,93.0956336670444,3391.71,0.65,31.16,1969.0,259.918,0.32,1.3096453823307153,0.0,5.739176126387724,6.605305901461822,-0.6596453823307152,Trung tinh
2020-08-17,21.35,44.91,92.82582287596281,3391.71,0.65,31.16,1969.0,259.918,0.32,1.3096453823307153,-0.2898211016496788,5.739176126387724,6.605305901461822,-0.6596453823307152,Trung tinh
2020-08-18,21.51,45.34,92.35223924597783,3391.71,0.65,31.16,1969.0,259.918,0.32,1.3096453823307153,-0.5101852214311142,5.739176126387724,6.605305901461822,-0.6596453823307152,Trung tinh
2020-08-19,22.54,45.21,92.58199850409916,3391.71,0.65,31.16,1969.0,259.918,0.32,1.3096453823307153,0.24878580096945324,5.739176126387724,6.605305901461822,-0.6596453823307152,Trung tinh
2020-08-20,22.72,44.56,92.76652538143789,3391.71,0.65,31.16,1969.0,259.918,0.32,1.3096453823307153,0.19931183201944425,5.739176126387724,6.605305901461822,-0.6596453823307152,Trung tinh
2020-08-21,22.54,43.94,93.3259298530523,3391.71,0.65,31.16,1969.0,259.918,0.32,1.3096453823307153,0.6030240642454388,5.739176126387724,6.605305901461822,-0.6596453823307152,Trung tinh
2020-08-22,22.54,43.94,93.3259298530523,3391.71,0.65,31.16,1969.0,259.918,0.32,1.3096453823307153,0.0,5.739176126387724,6.605305901461822,-0.6596453823307152,Trung tinh
2020-08-23,22.54,43.94,93.3259298530523,3391.71,0.65,31.16,1969.0,259.918,0.32,1.3096453823307153,0.0,5.739176126387724,6.605305901461822,-0.6596453823307152,Trung tinh
2020-08-24,22.37,44.43,93.20788254789686,3391.71,0.65,31.16,1969.0,259.918,0.32,1.3096453823307153,-0.12648928903394863,5.739176126387724,6.605305901461822,-0.6596453823307152,Trung tinh
2020-08-25,22.03,46.01,93.12587114794417,3391.71,0.65,31.16,1969.0,259.918,0.32,1.3096453823307153,-0.08798762262467452,5.739176126387724,6.605305901461822,-0.6596453823307152,Trung tinh
2020-08-26,23.27,45.79,93.02492284718203,3391.71,0.65,31.16,1969.0,259.918,0.32,1.3096453823307153,-0.10839984584065654,5.739176126387724,6.605305901461822,-0.6596453823307152,Trung tinh
2020-08-27,24.47,44.84,92.93404564634987,3391.71,0.65,31.16,1969.0,259.918,0.32,1.3096453823307153,-0.09769124020821973,5.739176126387724,6.605305901461822,-0.6596453823307152,Trung tinh
2020-08-28,22.96,45.22,92.313101341067,3391.71,0.65,31.16,1969.0,259.918,0.32,1.3096453823307153,-0.6681558958982703,5.739176126387724,6.605305901461822,-0.6596453823307152,Trung tinh
2020-08-29,22.96,45.22,92.313101341067,3391.71,0.65,31.16,1969.0,259.918,0.32,1.3096453823307153,0.0,5.739176126387724,6.605305901461822,-0.6596453823307152,Trung tinh
2020-08-30,22.96,45.22,92.313101341067,3391.71,0.65,31.16,1969.0,259.918,0.32,1.3096453823307153,0.0,5.739176126387724,6.605305901461822,-0.6596453823307152,Trung tinh
2020-08-31,26.41,45.22,92.06992822483673,3391.71,0.65,31.16,1969.0,259.918,0.32,1.3096453823307153,-0.2634221066106557,0.0,0.0,-0.6596453823307152,Risk-off
2020-09-01,26.12,45.72,92.11013748078585,3365.5166666666664,0.68,30.84,1922.0,260.28,0.14,1.3713248610564666,0.043672517970172464,-0.7722751453789867,-2.3869984763839502,-0.6913248610564665,Risk-off
2020-09-02,26.57,42.7,92.74869937657124,3365.5166666666664,0.68,30.84,1922.0,260.28,0.14,1.3713248610564666,0.6932590844505038,-0.7722751453789867,-2.3869984763839502,-0.6913248610564665,Risk-off
2020-09-03,33.6,42.72,92.88176078968979,3365.5166666666664,0.68,30.84,1922.0,260.28,0.14,1.3713248610564666,0.14346445180681844,-0.7722751453789867,-2.3869984763839502,-0.6913248610564665,Risk-off
2020-09-04,30.75,41.1,92.98317278039752,3365.5166666666664,0.68,30.84,1922.0,260.28,0.14,1.3713248610564666,0.10918396663188723,-0.7722751453789867,-2.3869984763839502,-0.6913248610564665,Risk-off
2020-09-05,30.75,41.1,92.98317278039752,3365.5166666666664,0.68,30.84,1922.0,260.28,0.14,1.3713248610564666,0.0,-0.7722751453789867,-2.3869984763839502,-0.6913248610564665,Risk-off
2020-09-06,30.75,41.1,92.98317278039752,3365.5166666666664,0.68,30.84,1922.0,260.28,0.14,1.3713248610564666,0.0,-0.7722751453789867,-2.3869984763839502,-0.6913248610564665,Risk-off
2020-09-07,30.75,40.67,92.98317278039752,3365.5166666666664,0.68,30.84,1922.0,260.28,0.14,1.3713248610564666,0.0,-0.7722751453789867,-2.3869984763839502,-0.6913248610564665,Risk-off
2020-09-08,31.46,38.53,93.33070554404769,3365.5166666666664,0.68,30.84,1922.0,260.28,0.14,1.3713248610564666,0.373758770816468,-0.7722751453789867,-2.3869984763839502,-0.6913248610564665,Risk-off
2020-09-09,28.81,39.98,93.23642770300738,3365.5166666666664,0.68,30.84,1922.0,260.28,0.14,1.3713248610564666,-0.10101481660375056,-0.7722751453789867,-2.3869984763839502,-0.6913248610564665,Risk-off
2020-09-10,29.71,39.27,93.02981311576423,3365.5166666666664,0.68,30.84,1922.0,260.28,0.14,1.3713248610564666,-0.2216028566659589,-0.7722751453789867,-2.3869984763839502,-0.6913248610564665,Risk-off
2020-09-11,26.87,38.8,93.33419198998367,3365.5166666666664,0.68,30.84,1922.0,260.28,0.14,1.3713248610564666,0.3271842262444036,-0.7722751453789867,-2.3869984763839502,-0.6913248610564665,Risk-off
2020-09-12,26.87,38.8,93.33419198998367,3365.5166666666664,0.68,30.84,1922.0,260.28,0.14,1.3713248610564666,0.0,-0.7722751453789867,-2.3869984763839502,-0.6913248610564665,Risk-off
2020-09-13,26.87,38.8,93.33419198998367,3365.5166666666664,0.68,30.84,1922.0,260.28,0.14,1.3713248610564666,0.0,-0.7722751453789867,-2.3869984763839502,-0.6913248610564665,Risk-off
2020-09-14,25.85,38.57,92.98461511550165,3365.5166666666664,0.68,30.84,1922.0,260.28,0.14,1.3713248610564666,-0.3745432054734321,-0.7722751453789867,-2.3869984763839502,-0.6913248610564665,Risk-off
2020-09-15,25.59,39.54,93.13125731567138,3365.5166666666664,0.68,30.84,1922.0,260.28,0.14,1.3713248610564666,0.1577058742326054,-0.7722751453789867,-2.3869984763839502,-0.6913248610564665,Risk-off
2020-09-16,26.04,41.23,92.99355288742004,3365.5166666666664,0.68,30.84,1922.0,260.28,0.14,1.3713248610564666,-0.1478605918360909,-0.7722751453789867,-2.3869984763839502,-0.6913248610564665,Risk-off
2020-09-17,26.46,42.35,93.08542469053872,3365.5166666666664,0.68,30.84,1922.0,260.28,0.14,1.3713248610564666,0.098793733830016,-0.7722751453789867,-2.3869984763839502,-0.6913248610564665,Risk-off
2020-09-18,25.83,42.16,92.8572800051577,3365.5166666666664,0.68,30.84,1922.0,260.28,0.14,1.3713248610564666,-0.24509173819582397,-0.7722751453789867,-2.3869984763839502,-0.6913248610564665,Risk-off
2020-09-19,25.83,42.16,92.8572800051577,3365.5166666666664,0.68,30.84,1922.0,260.28,0.14,1.3713248610564666,0.0,-0.7722751453789867,-2.3869984763839502,-0.6913248610564665,Risk-off
2020-09-20,25.83,42.16,92.8572800051577,3365.5166666666664,0.68,30.84,1922.0,260.28,0.14,1.3713248610564666,0.0,-0.7722751453789867,-2.3869984763839502,-0.6913248610564665,Risk-off
2020-09-21,27.78,40.37,93.72601256014754,3365.5166666666664,0.68,30.84,1922.0,260.28,0.14,1.3713248610564666,0.935556754345579,-0.7722751453789867,-2.3869984763839502,-0.6913248610564665,Risk-off
2020-09-22,26.86,40.84,94.0219103808093,3365.5166666666664,0.68,30.84,1922.0,260.28,0.14,1.3713248610564666,0.3157051202534289,-0.7722751453789867,-2.3869984763839502,-0.6913248610564665,Risk-off
2020-09-23,28.58,41.09,94.23909669015586,3365.5166666666664,0.68,30.84,1922.0,260.28,0.14,1.3713248610564666,0.23099542273381513,-0.7722751453789867,-2.3869984763839502,-0.6913248610564665,Risk-off
2020-09-24,28.51,41.24,94.37750904366408,3365.5166666666664,0.68,30.84,1922.0,260.28,0.14,1.3713248610564666,0.14687359956695456,-0.7722751453789867,-2.3869984763839502,-0.6913248610564665,Risk-off
2020-09-25,26.38,40.91,94.69243665897756,3365.5166666666664,0.68,30.84,1922.0,260.28,0.14,1.3713248610564666,0.3336892640043887,-0.7722751453789867,-2.3869984763839502,-0.6913248610564665,Risk-off
2020-09-26,26.38,40.91,94.69243665897756,3365.5166666666664,0.68,30.84,1922.0,260.28,0.14,1.3713248610564666,0.0,-0.7722751453789867,-2.3869984763839502,-0.6913248610564665,Risk-off
2020-09-27,26.38,40.91,94.69243665897756,3365.5166666666664,0.68,30.84,1922.0,260.28,0.14,1.3713248610564666,0.0,-0.7722751453789867,-2.3869984763839502,-0.6913248610564665,Risk-off
2020-09-28,26.19,41.59,94.27704782255366,3365.5166666666664,0.68,30.84,1922.0,260.28,0.14,1.3713248610564666,-0.4386716099828214,-0.7722751453789867,-2.3869984763839502,-0.6913248610564665,Risk-off
2020-09-29,26.27,40.33,94.03827990534006,3365.5166666666664,0.68,30.84,1922.0,260.28,0.14,1.3713248610564666,-0.2532619791648538,-0.7722751453789867,-2.3869984763839502,-0.6913248610564665,Risk-off
2020-09-30,26.37,40.3,93.84667650656202,3365.5166666666664,0.68,30.84,1922.0,260.28,0.14,1.3713248610564666,-0.2037504290496539,-0.7722751453789867,-2.3869984763839502,-0.6913248610564665,Risk-off
2020-10-01,26.7,39.75,93.68074845266919,3418.701363636364,0.79,31.28,1900.0,260.388,0.04,1.1820661677274913,-0.17680759731669715,1.5802832740796857,-1.144640998959412,-0.39206616772749125,Risk-off
2020-10-02,27.63,38.0,93.88690702990203,3418.701363636364,0.79,31.28,1900.0,260.388,0.04,1.1820661677274913,0.22006504072391575,1.5802832740796857,-1.144640998959412,-0.39206616772749125,Risk-off
2020-10-03,27.63,38.0,93.88690702990203,3418.701363636364,0.79,31.28,1900.0,260.388,0.04,1.1820661677274913,0.0,1.5802832740796857,-1.144640998959412,-0.39206616772749125,Risk-off
2020-10-04,27.63,38.0,93.88690702990203,3418.701363636364,0.79,31.28,1900.0,260.388,0.04,1.1820661677274913,0.0,1.5802832740796857,-1.144640998959412,-0.39206616772749125,Risk-off
2020-10-05,27.96,39.78,93.46095394005481,3418.701363636364,0.79,31.28,1900.0,260.388,0.04,1.1820661677274913,-0.4536874238615263,1.5802832740796857,-1.144640998959412,-0.39206616772749125,Risk-off
2020-10-06,29.48,41.27,93.51638525438989,3418.701363636364,0.79,31.28,1900.0,260.388,0.04,1.1820661677274913,0.05930959614497411,1.5802832740796857,-1.144640998959412,-0.39206616772749125,Risk-off
2020-10-07,28.06,40.62,93.64073020267602,3418.701363636364,0.79,31.28,1900.0,260.388,0.04,1.1820661677274913,0.13296594810405793,1.5802832740796857,-1.144640998959412,-0.39206616772749125,Risk-off
2020-10-08,26.36,42.0,93.62733030305282,3418.701363636364,0.79,31.28,1900.0,260.388,0.04,1.1820661677274913,-0.014309905096010489,1.5802832740796857,-1.144640998959412,-0.39206616772749125,Risk-off
2020-10-09,25.0,41.63,93.11949129795566,3418.701363636364,0.79,31.28,1900.0,260.388,0.04,1.1820661677274913,-0.5424046626699486,1.5802832740796857,-1.144640998959412,-0.39206616772749125,Trung tinh
2020-10-10,25.0,41.63,93.11949129795566,3418.701363636364,0.79,31.28,1900.0,260.388,0.04,1.1820661677274913,0.0,1.5802832740796857,-1.144640998959412,-0.39206616772749125,Trung tinh
2020-10-11,25.0,41.63,93.11949129795566,3418.701363636364,0.79,31.28,1900.0,260.388,0.04,1.1820661677274913,0.0,1.5802832740796857,-1.144640998959412,-0.39206616772749125,Trung tinh
2020-10-12,25.07,40.5,93.11949129795566,3418.701363636364,0.79,31.28,1900.0,260.388,0.04,1.1820661677274913,0.0,1.5802832740796857,-1.144640998959412,-0.39206616772749125,Risk-off
2020-10-13,26.07,41.34,93.53946590214753,3418.701363636364,0.79,31.28,1900.0,260.388,0.04,1.1820661677274913,0.45100611949013825,1.5802832740796857,-1.144640998959412,-0.39206616772749125,Risk-off
2020-10-14,26.4,41.81,93.35651048246076,3418.701363636364,0.79,31.28,1900.0,260.388,0.04,1.1820661677274913,-0.19559168733992438,1.5802832740796857,-1.144640998959412,-0.39206616772749125,Risk-off
2020-10-15,26.97,41.61,93.81844002234838,3418.701363636364,0.79,31.28,1900.0,260.388,0.04,1.1820661677274913,0.49480163461594895,1.5802832740796857,-1.144640998959412,-0.39206616772749125,Risk-off
2020-10-16,27.41,41.34,93.69758545762964,3418.701363636364,0.79,31.28,1900.0,260.388,0.04,1.1820661677274913,-0.12881749546246324,1.5802832740796857,-1.144640998959412,-0.39206616772749125,Risk-off
2020-10-17,27.41,41.34,93.69758545762964,3418.701363636364,0.79,31.28,1900.0,260.388,0.04,1.1820661677274913,0.0,1.5802832740796857,-1.144640998959412,-0.39206616772749125,Risk-off
2020-10-18,27.41,41.34,93.69758545762964,3418.701363636364,0.79,31.28,1900.0,260.388,0.04,1.1820661677274913,0.0,1.5802832740796857,-1.144640998959412,-0.39206616772749125,Risk-off
2020-10-19,29.18,41.29,93.25032717554792,3418.701363636364,0.79,31.28,1900.0,260.388,0.04,1.1820661677274913,-0.47734237749805786,1.5802832740796857,-1.144640998959412,-0.39206616772749125,Risk-off
2020-10-20,29.35,41.62,93.08630768541515,3418.701363636364,0.79,31.28,1900.0,260.388,0.04,1.1820661677274913,-0.1758915974889863,1.5802832740796857,-1.144640998959412,-0.39206616772749125,Risk-off
2020-10-21,28.65,40.09,92.58785109013573,3418.701363636364,0.79,31.28,1900.0,260.388,0.04,1.1820661677274913,-0.5354778889328782,1.5802832740796857,-1.144640998959412,-0.39206616772749125,Risk-off
2020-10-22,28.11,41.28,92.90969293781413,3418.701363636364,0.79,31.28,1900.0,260.388,0.04,1.1820661677274913,0.34760699583045174,1.5802832740796857,-1.144640998959412,-0.39206616772749125,Risk-off
2020-10-23,27.55,40.71,92.85025491380112,3418.701363636364,0.79,31.28,1900.0,260.388,0.04,1.1820661677274913,-0.06397397530178983,1.5802832740796857,-1.144640998959412,-0.39206616772749125,Risk-off
2020-10-24,27.55,40.71,92.85025491380112,3418.701363636364,0.79,31.28,1900.0,260.388,0.04,1.1820661677274913,0.0,1.5802832740796857,-1.144640998959412,-0.39206616772749125,Risk-off
2020-10-25,27.55,40.71,92.85025491380112,3418.701363636364,0.79,31.28,1900.0,260.388,0.04,1.1820661677274913,0.0,1.5802832740796857,-1.144640998959412,-0.39206616772749125,Risk-off
2020-10-26,32.46,39.06,93.04444771957967,3418.701363636364,0.79,31.28,1900.0,260.388,0.04,1.1820661677274913,0.20914622793315463,1.5802832740796857,-1.144640998959412,-0.39206616772749125,Risk-off
2020-10-27,33.35,39.72,92.81057650666212,3418.701363636364,0.79,31.28,1900.0,260.388,0.04,1.1820661677274913,-0.2513542921146694,1.5802832740796857,-1.144640998959412,-0.39206616772749125,Risk-off
2020-10-28,40.28,37.86,93.41697812033775,3418.701363636364,0.79,31.28,1900.0,260.388,0.04,1.1820661677274913,0.6533755488870474,1.5802832740796857,-1.144640998959412,-0.39206616772749125,Risk-off
2020-10-29,37.59,36.56,94.08145639742904,3418.701363636364,0.79,31.28,1900.0,260.388,0.04,1.1820661677274913,0.711303545095765,1.5802832740796857,-1.144640998959412,-0.39206616772749125,Risk-off
2020-10-30,38.02,36.33,94.03415914147128,3418.701363636364,0.79,31.28,1900.0,260.388,0.04,1.1820661677274913,-0.050272665590933574,1.5802832740796857,-1.144640998959412,-0.39206616772749125,Risk-off
2020-10-31,38.02,36.33,94.03415914147128,3418.701363636364,0.79,31.28,1900.0,260.388,0.04,1.1820661677274913,0.0,0.0,0.0,-0.39206616772749125,Risk-off
2020-11-01,38.02,36.33,94.03415914147128,3548.992500000001,0.87,32.47,1866.0,260.229,-0.06,1.1745357842679605,0.0,3.811129505182942,-1.7894736842105297,-0.30453578426796046,Risk-off
2020-11-02,37.13,37.78,94.11960411989413,3548.992500000001,0.87,32.47,1866.0,260.229,-0.06,1.1745357842679605,0.09086589299354131,3.811129505182942,-1.7894736842105297,-0.30453578426796046,Risk-off
2020-11-03,35.55,38.17,93.4047265707922,3548.992500000001,0.87,32.47,1866.0,260.229,-0.06,1.1745357842679605,-0.759541602184477,3.811129505182942,-1.7894736842105297,-0.30453578426796046,Risk-off
2020-11-04,29.57,39.68,93.33578174120949,3548.992500000001,0.87,32.47,1866.0,260.229,-0.06,1.1745357842679605,-0.07381299867139646,3.811129505182942,-1.7894736842105297,-0.30453578426796046,Risk-off
2020-11-05,27.58,39.47,92.72286155087595,3548.992500000001,0.87,32.47,1866.0,260.229,-0.06,1.1745357842679605,-0.6566829772026495,3.811129505182942,-1.7894736842105297,-0.30453578426796046,Risk-off
2020-11-06,24.86,38.08,92.2198646402239,3548.992500000001,0.87,32.47,1866.0,260.229,-0.06,1.1745357842679605,-0.542473455023873,3.811129505182942,-1.7894736842105297,-0.30453578426796046,Trung tinh
2020-11-07,24.86,38.08,92.2198646402239,3548.992500000001,0.87,32.47,1866.0,260.229,-0.06,1.1745357842679605,0.0,3.811129505182942,-1.7894736842105297,-0.30453578426796046,Trung tinh
2020-11-08,24.86,38.08,92.2198646402239,3548.992500000001,0.87,32.47,1866.0,260.229,-0.06,1.1745357842679605,0.0,3.811129505182942,-1.7894736842105297,-0.30453578426796046,Trung tinh
2020-11-09,25.75,40.93,92.87220007951596,3548.992500000001,0.87,32.47,1866.0,260.229,-0.06,1.1745357842679605,0.7073697644612853,3.811129505182942,-1.7894736842105297,-0.30453578426796046,Risk-off
2020-11-10,24.8,42.25,92.77233377430932,3548.992500000001,0.87,32.47,1866.0,260.229,-0.06,1.1745357842679605,-0.10753089204427191,3.811129505182942,-1.7894736842105297,-0.30453578426796046,Trung tinh
2020-11-11,23.45,42.5,92.77233377430932,3548.992500000001,0.87,32.47,1866.0,260.229,-0.06,1.1745357842679605,0.0,3.811129505182942,-1.7894736842105297,-0.30453578426796046,Trung tinh
2020-11-12,25.35,42.16,92.88695633037815,3548.992500000001,0.87,32.47,1866.0,260.229,-0.06,1.1745357842679605,0.12355251981446269,3.811129505182942,-1.7894736842105297,-0.30453578426796046,Risk-off
2020-11-13,23.1,41.51,92.81045210869495,3548.992500000001,0.87,32.47,1866.0,260.229,-0.06,1.1745357842679605,-0.08236271776534965,3.811129505182942,-1.7894736842105297,-0.30453578426796046,Trung tinh
2020-11-14,23.1,41.51,92.81045210869495,3548.992500000001,0.87,32.47,1866.0,260.229,-0.06,1.1745357842679605,0.0,3.811129505182942,-1.7894736842105297,-0.30453578426796046,Trung tinh
2020-11-15,23.1,41.51,92.81045210869495,3548.992500000001,0.87,32.47,1866.0,260.229,-0.06,1.1745357842679605,0.0,3.811129505182942,-1.7894736842105297,-0.30453578426796046,Trung tinh
2020-11-16,22.45,42.71,92.60316492136607,3548.992500000001,0.87,32.47,1866.0,260.229,-0.06,1.1745357842679605,-0.223344658515523,3.811129505182942,-1.7894736842105297,-0.30453578426796046,Trung tinh
2020-11-17,22.71,42.54,92.45538210526132,3548.992500000001,0.87,32.47,1866.0,260.229,-0.06,1.1745357842679605,-0.15958721954075772,3.811129505182942,-1.7894736842105297,-0.30453578426796046,Trung tinh
2020-11-18,23.84,42.91,92.258942807179,3548.992500000001,0.87,32.47,1866.0,260.229,-0.06,1.1745357842679605,-0.2124692944956652,3.811129505182942,-1.7894736842105297,-0.30453578426796046,Trung tinh
2020-11-19,23.11,43.09,92.50748125326542,3548.992500000001,0.87,32.47,1866.0,260.229,-0.06,1.1745357842679605,0.26939225458704197,3.811129505182942,-1.7894736842105297,-0.30453578426796046,Trung tinh
2020-11-20,23.7,43.79,92.37187853811145,3548.992500000001,0.87,32.47,1866.0,260.229,-0.06,1.1745357842679605,-0.14658567427938696,3.811129505182942,-1.7894736842105297,-0.30453578426796046,Trung tinh
2020-11-21,23.7,43.79,92.37187853811145,3548.992500000001,0.87,32.47,1866.0,260.229,-0.06,1.1745357842679605,0.0,3.811129505182942,-1.7894736842105297,-0.30453578426796046,Trung tinh
2020-11-22,23.7,43.79,92.37187853811145,3548.992500000001,0.87,32.47,1866.0,260.229,-0.06,1.1745357842679605,0.0,3.811129505182942,-1.7894736842105297,-0.30453578426796046,Trung tinh
2020-11-23,22.66,45.0,92.61349365932132,3548.992500000001,0.87,32.47,1866.0,260.229,-0.06,1.1745357842679605,0.26156783323421084,3.811129505182942,-1.7894736842105297,-0.30453578426796046,Trung tinh
2020-11-24,21.64,46.63,92.29511815402904,3548.992500000001,0.87,32.47,1866.0,260.229,-0.06,1.1745357842679605,-0.34376794645435416,3.811129505182942,-1.7894736842105297,-0.30453578426796046,Trung tinh
2020-11-25,21.25,47.3,92.03814348728179,3548.992500000001,0.87,32.47,1866.0,260.229,-0.06,1.1745357842679605,-0.2784271496553026,3.811129505182942,-1.7894736842105297,-0.30453578426796046,Trung tinh
2020-11-26,21.25,46.32,92.03814348728179,3548.992500000001,0.87,32.47,1866.0,260.229,-0.06,1.1745357842679605,0.0,3.811129505182942,-1.7894736842105297,-0.30453578426796046,Trung tinh
2020-11-27,20.84,46.88,92.03814348728179,3548.992500000001,0.87,32.47,1866.0,260.229,-0.06,1.1745357842679605,0.0,3.811129505182942,-1.7894736842105297,-0.30453578426796046,Trung tinh
2020-11-28,20.84,46.88,92.03814348728179,3548.992500000001,0.87,32.47,1866.0,260.229,-0.06,1.1745357842679605,0.0,3.811129505182942,-1.7894736842105297,-0.30453578426796046,Trung tinh
2020-11-29,20.84,46.88,92.03814348728179,3548.992500000001,0.87,32.47,1866.0,260.229,-0.06,1.1745357842679605,0.0,3.811129505182942,-1.7894736842105297,-0.30453578426796046,Trung tinh
2020-11-30,20.57,46.84,91.8919345494664,3548.992500000001,0.87,32.47,1866.0,260.229,-0.06,1.1745357842679605,-0.15885689592988195,3.811129505182942,-1.7894736842105297,-0.30453578426796046,Trung tinh
2020-12-01,20.77,47.03,91.38763595641542,3695.31,0.93,33.77,1858.0,260.474,0.09,1.3620054947193205,-0.5487952729730683,4.122789777662206,-0.4287245444801746,-0.4320054947193205,Trung tinh
2020-12-02,21.17,47.8,91.16765217168535,3695.31,0.93,33.77,1858.0,260.474,0.09,1.3620054947193205,-0.24071504030915847,4.122789777662206,-0.4287245444801746,-0.4320054947193205,Trung tinh
2020-12-03,21.28,48.37,90.62201659800539,3695.31,0.93,33.77,1858.0,260.474,0.09,1.3620054947193205,-0.5984969017875152,4.122789777662206,-0.4287245444801746,-0.4320054947193205,Trung tinh
2020-12-04,20.79,49.1,90.67555821476681,3695.31,0.93,33.77,1858.0,260.474,0.09,1.3620054947193205,0.05908234971081505,4.122789777662206,-0.4287245444801746,-0.4320054947193205,Trung tinh
2020-12-05,20.79,49.1,90.67555821476681,3695.31,0.93,33.77,1858.0,260.474,0.09,1.3620054947193205,0.0,4.122789777662206,-0.4287245444801746,-0.4320054947193205,Trung tinh
2020-12-06,20.79,49.1,90.67555821476681,3695.31,0.93,33.77,1858.0,260.474,0.09,1.3620054947193205,0.0,4.122789777662206,-0.4287245444801746,-0.4320054947193205,Trung tinh
2020-12-07,21.3,48.63,90.747517409835,3695.31,0.93,33.77,1858.0,260.474,0.09,1.3620054947193205,0.07935897664699265,4.122789777662206,-0.4287245444801746,-0.4320054947193205,Trung tinh
2020-12-08,20.68,48.84,90.91707864791466,3695.31,0.93,33.77,1858.0,260.474,0.09,1.3620054947193205,0.18684945100360117,4.122789777662206,-0.4287245444801746,-0.4320054947193205,Trung tinh
2020-12-09,22.27,48.81,91.04256644439143,3695.31,0.93,33.77,1858.0,260.474,0.09,1.3620054947193205,0.13802444858872498,4.122789777662206,-0.4287245444801746,-0.4320054947193205,Trung tinh
2020-12-10,22.52,50.33,90.89227512459571,3695.31,0.93,33.77,1858.0,260.474,0.09,1.3620054947193205,-0.1650780790406592,4.122789777662206,-0.4287245444801746,-0.4320054947193205,Trung tinh
2020-12-11,23.31,50.01,90.98980688344574,3695.31,0.93,33.77,1858.0,260.474,0.09,1.3620054947193205,0.10730478329024074,4.122789777662206,-0.4287245444801746,-0.4320054947193205,Trung tinh
2020-12-12,23.31,50.01,90.98980688344574,3695.31,0.93,33.77,1858.0,260.474,0.09,1.3620054947193205,0.0,4.122789777662206,-0.4287245444801746,-0.4320054947193205,Trung tinh
2020-12-13,23.31,50.01,90.98980688344574,3695.31,0.93,33.77,1858.0,260.474,0.09,1.3620054947193205,0.0,4.122789777662206,-0.4287245444801746,-0.4320054947193205,Trung tinh
2020-12-14,24.72,50.27,90.74380415524904,3695.31,0.93,33.77,1858.0,260.474,0.09,1.3620054947193205,-0.2703629523159834,4.122789777662206,-0.4287245444801746,-0.4320054947193205,Trung tinh
2020-12-15,22.89,50.77,90.4962309105811,3695.31,0.93,33.77,1858.0,260.474,0.09,1.3620054947193205,-0.2728266100067489,4.122789777662206,-0.4287245444801746,-0.4320054947193205,Trung tinh
2020-12-16,22.5,50.83,90.37128418029677,3695.31,0.93,33.77,1858.0,260.474,0.09,1.3620054947193205,-0.1380684355879902,4.122789777662206,-0.4287245444801746,-0.4320054947193205,Trung tinh
2020-12-17,21.93,51.2,89.80092865097814,3695.31,0.93,33.77,1858.0,260.474,0.09,1.3620054947193205,-0.6311247366815542,4.122789777662206,-0.4287245444801746,-0.4320054947193205,Trung tinh
2020-12-18,21.57,52.17,90.05750793663293,3695.31,0.93,33.77,1858.0,260.474,0.09,1.3620054947193205,0.28572008052614173,4.122789777662206,-0.4287245444801746,-0.4320054947193205,Trung tinh
2020-12-19,21.57,52.17,90.05750793663293,3695.31,0.93,33.77,1858.0,260.474,0.09,1.3620054947193205,0.0,4.122789777662206,-0.4287245444801746,-0.4320054947193205,Trung tinh
2020-12-20,21.57,52.17,90.05750793663293,3695.31,0.93,33.77,1858.0,260.474,0.09,1.3620054947193205,0.0,4.122789777662206,-0.4287245444801746,-0.4320054947193205,Trung tinh
2020-12-21,25.16,50.61,90.23948531435208,3695.31,0.93,33.77,1858.0,260.474,0.09,1.3620054947193205,0.20206796955473116,4.122789777662206,-0.4287245444801746,-0.4320054947193205,Risk-off
2020-12-22,24.23,49.88,90.60969628440407,3695.31,0.93,33.77,1858.0,260.474,0.09,1.3620054947193205,0.41025385812245574,4.122789777662206,-0.4287245444801746,-0.4320054947193205,Trung tinh
2020-12-23,23.31,51.05,90.30104818395698,3695.31,0.93,33.77,1858.0,260.474,0.09,1.3620054947193205,-0.34063473679274425,4.122789777662206,-0.4287245444801746,-0.4320054947193205,Trung tinh
2020-12-24,21.53,50.88,90.30104818395698,3695.31,0.93,33.77,1858.0,260.474,0.09,1.3620054947193205,0.0,4.122789777662206,-0.4287245444801746,-0.4320054947193205,Trung tinh
2020-12-25,21.53,50.88,90.30104818395698,3695.31,0.93,33.77,1858.0,260.474,0.09,1.3620054947193205,0.0,4.122789777662206,-0.4287245444801746,-0.4320054947193205,Trung tinh
2020-12-26,21.53,50.88,90.30104818395698,3695.31,0.93,33.77,1858.0,260.474,0.09,1.3620054947193205,0.0,4.122789777662206,-0.4287245444801746,-0.4320054947193205,Trung tinh
2020-12-27,21.53,50.88,90.30104818395698,3695.31,0.93,33.77,1858.0,260.474,0.09,1.3620054947193205,0.0,4.122789777662206,-0.4287245444801746,-0.4320054947193205,Trung tinh
2020-12-28,21.7,50.88,90.33275518392693,3695.31,0.93,33.77,1858.0,260.474,0.09,1.3620054947193205,0.03511254919805751,4.122789777662206,-0.4287245444801746,-0.4320054947193205,Trung tinh
2020-12-29,23.08,50.44,89.96060015263463,3695.31,0.93,33.77,1858.0,260.474,0.09,1.3620054947193205,-0.4119823761984942,4.122789777662206,-0.4287245444801746,-0.4320054947193205,Trung tinh
2020-12-30,22.77,50.74,89.72526436802627,3695.31,0.93,33.77,1858.0,260.474,0.09,1.3620054947193205,-0.2615987267860165,4.122789777662206,-0.4287245444801746,-0.4320054947193205,Trung tinh
2020-12-31,22.75,51.22,89.88479534077689,3695.31,0.93,33.77,1858.0,260.474,0.09,1.3620054947193205,0.17779939003161882,0.0,0.0,-0.4320054947193205,Trung tinh
2021-01-01,22.75,51.22,89.88479534077689,3793.748421052632,1.08,34.51,1867.0,261.582,0.43,1.3997697415600863,0.0,2.663874507216768,0.4843918191603791,-0.3197697415600862,Trung tinh
2021-01-02,22.75,51.22,89.88479534077689,3793.748421052632,1.08,34.51,1867.0,261.582,0.43,1.3997697415600863,0.0,2.663874507216768,0.4843918191603791,-0.3197697415600862,Trung tinh
2021-01-03,22.75,51.22,89.88479534077689,3793.748421052632,1.08,34.51,1867.0,261.582,0.43,1.3997697415600863,0.0,2.663874507216768,0.4843918191603791,-0.3197697415600862,Trung tinh
2021-01-04,26.97,50.37,89.89558567724033,3793.748421052632,1.08,34.51,1867.0,261.582,0.43,1.3997697415600863,0.012004629284123602,2.663874507216768,0.4843918191603791,-0.3197697415600862,Risk-off
2021-01-05,25.34,53.16,89.51413129659052,3793.748421052632,1.08,34.51,1867.0,261.582,0.43,1.3997697415600863,-0.42433049162100556,2.663874507216768,0.4843918191603791,-0.3197697415600862,Risk-off
2021-01-06,25.07,53.8,89.62616823030231,3793.748421052632,1.08,34.51,1867.0,261.582,0.43,1.3997697415600863,0.1251611696264865,2.663874507216768,0.4843918191603791,-0.3197697415600862,Risk-off
2021-01-07,22.37,53.7,89.87075917527285,3793.748421052632,1.08,34.51,1867.0,261.582,0.43,1.3997697415600863,0.2729012628789773,2.663874507216768,0.4843918191603791,-0.3197697415600862,Trung tinh
2021-01-08,21.56,55.51,89.89849654598588,3793.748421052632,1.08,34.51,1867.0,261.582,0.43,1.3997697415600863,0.030863621235166505,2.663874507216768,0.4843918191603791,-0.3197697415600862,Trung tinh
2021-01-09,21.56,55.51,89.89849654598588,3793.748421052632,1.08,34.51,1867.0,261.582,0.43,1.3997697415600863,0.0,2.663874507216768,0.4843918191603791,-0.3197697415600862,Trung tinh
2021-01-10,21.56,55.51,89.89849654598588,3793.748421052632,1.08,34.51,1867.0,261.582,0.43,1.3997697415600863,0.0,2.663874507216768,0.4843918191603791,-0.3197697415600862,Trung tinh
2021-01-11,24.08,54.84,90.4315924725636,3793.748421052632,1.08,34.51,1867.0,261.582,0.43,1.3997697415600863,0.5929975995816905,2.663874507216768,0.4843918191603791,-0.3197697415600862,Trung tinh
2021-01-12,23.33,55.98,90.31859948254613,3793.748421052632,1.08,34.51,1867.0,261.582,0.43,1.3997697415600863,-0.12494857928300185,2.663874507216768,0.4843918191603791,-0.3197697415600862,Trung tinh
2021-01-13,22.21,55.52,90.3337455607135,3793.748421052632,1.08,34.51,1867.0,261.582,0.43,1.3997697415600863,0.016769611413525176,2.663874507216768,0.4843918191603791,-0.3197697415600862,Trung tinh
2021-01-14,23.25,55.76,90.20705286621751,3793.748421052632,1.08,34.51,1867.0,261.582,0.43,1.3997697415600863,-0.1402495752939159,2.663874507216768,0.4843918191603791,-0.3197697415600862,Trung tinh
2021-01-15,24.34,54.8,90.62705349128959,3793.748421052632,1.08,34.51,1867.0,261.582,0.43,1.3997697415600863,0.4655962164011429,2.663874507216768,0.4843918191603791,-0.3197697415600862,Trung tinh
2021-01-16,24.34,54.8,90.62705349128959,3793.748421052632,1.08,34.51,1867.0,261.582,0.43,1.3997697415600863,0.0,2.663874507216768,0.4843918191603791,-0.3197697415600862,Trung tinh
2021-01-17,24.34,54.8,90.62705349128959,3793.748421052632,1.08,34.51,1867.0,261.582,0.43,1.3997697415600863,0.0,2.663874507216768,0.4843918191603791,-0.3197697415600862,Trung tinh
2021-01-18,24.34,54.21,90.62705349128959,3793.748421052632,1.08,34.51,1867.0,261.582,0.43,1.3997697415600863,0.0,2.663874507216768,0.4843918191603791,-0.3197697415600862,Trung tinh
2021-01-19,23.24,55.38,90.493322591244,3793.748421052632,1.08,34.51,1867.0,261.582,0.43,1.3997697415600863,-0.14756178745063409,2.663874507216768,0.4843918191603791,-0.3197697415600862,Trung tinh
2021-01-20,21.58,55.66,90.493322591244,3793.748421052632,1.08,34.51,1867.0,261.582,0.43,1.3997697415600863,0.0,2.663874507216768,0.4843918191603791,-0.3197697415600862,Trung tinh
2021-01-21,21.32,55.68,90.22237408078264,3793.748421052632,1.08,34.51,1867.0,261.582,0.43,1.3997697415600863,-0.2994127110187095,2.663874507216768,0.4843918191603791,-0.3197697415600862,Trung tinh
2021-01-22,21.91,55.22,90.15896680219124,3793.748421052632,1.08,34.51,1867.0,261.582,0.43,1.3997697415600863,-0.0702788850741487,2.663874507216768,0.4843918191603791,-0.3197697415600862,Trung tinh
2021-01-23,21.91,55.22,90.15896680219124,3793.748421052632,1.08,34.51,1867.0,261.582,0.43,1.3997697415600863,0.0,2.663874507216768,0.4843918191603791,-0.3197697415600862,Trung tinh
2021-01-24,21.91,55.22,90.15896680219124,3793.748421052632,1.08,34.51,1867.0,261.582,0.43,1.3997697415600863,0.0,2.663874507216768,0.4843918191603791,-0.3197697415600862,Trung tinh
2021-01-25,23.19,55.44,90.39577313735354,3793.748421052632,1.08,34.51,1867.0,261.582,0.43,1.3997697415600863,0.2626542246007002,2.663874507216768,0.4843918191603791,-0.3197697415600862,Trung tinh
2021-01-26,23.02,55.26,90.26882738517321,3793.748421052632,1.08,34.51,1867.0,261.582,0.43,1.3997697415600863,-0.14043328329903515,2.663874507216768,0.4843918191603791,-0.3197697415600862,Trung tinh
2021-01-27,37.21,55.07,90.62244895405813,3793.748421052632,1.08,34.51,1867.0,261.582,0.43,1.3997697415600863,0.391742730163136,2.663874507216768,0.4843918191603791,-0.3197697415600862,Risk-off
2021-01-28,30.21,54.87,90.53129099536534,3793.748421052632,1.08,34.51,1867.0,261.582,0.43,1.3997697415600863,-0.100590923932109,2.663874507216768,0.4843918191603791,-0.3197697415600862,Risk-off
2021-01-29,33.09,55.25,90.50851324666819,3793.748421052632,1.08,34.51,1867.0,261.582,0.43,1.3997697415600863,-0.025160083819331103,2.663874507216768,0.4843918191603791,-0.3197697415600862,Risk-off
2021-01-30,33.09,55.25,90.50851324666819,3793.748421052632,1.08,34.51,1867.0,261.582,0.43,1.3997697415600863,0.0,2.663874507216768,0.4843918191603791,-0.3197697415600862,Risk-off
2021-01-31,33.09,55.25,90.50851324666819,3793.748421052632,1.08,34.51,1867.0,261.582,0.43,1.3997697415600863,0.0,0.0,0.0,-0.3197697415600862,Risk-off
2021-02-01,30.24,56.42,90.96080021573833,3883.4321052631576,1.26,35.1,1808.0,263.014,0.55,1.6762152173745104,0.499717598760574,2.363986070158064,-3.160149973219073,-0.4162152173745104,Risk-off
2021-02-02,25.56,57.62,91.21172780549313,3883.4321052631576,1.26,35.1,1808.0,263.014,0.55,1.6762152173745104,0.27586343695267246,2.363986070158064,-3.160149973219073,-0.4162152173745104,Risk-off
2021-02-03,22.91,58.61,91.14497845981009,3883.4321052631576,1.26,35.1,1808.0,263.014,0.55,1.6762152173745104,-0.07318066140066248,2.363986070158064,-3.160149973219073,-0.4162152173745104,Trung tinh
2021-02-04,21.77,58.98,91.48013107103962,3883.4321052631576,1.26,35.1,1808.0,263.014,0.55,1.6762152173745104,0.3677137423180321,2.363986070158064,-3.160149973219073,-0.4162152173745104,Trung tinh
2021-02-05,20.87,59.48,91.09924005052625,3883.4321052631576,1.26,35.1,1808.0,263.014,0.55,1.6762152173745104,-0.4163647516175817,2.363986070158064,-3.160149973219073,-0.4162152173745104,Trung tinh
2021-02-06,20.87,59.48,91.09924005052625,3883.4321052631576,1.26,35.1,1808.0,263.014,0.55,1.6762152173745104,0.0,2.363986070158064,-3.160149973219073,-0.4162152173745104,Trung tinh
2021-02-07,20.87,59.48,91.09924005052625,3883.4321052631576,1.26,35.1,1808.0,263.014,0.55,1.6762152173745104,0.0,2.363986070158064,-3.160149973219073,-0.4162152173745104,Trung tinh
2021-02-08,21.24,60.17,90.98739662251195,3883.4321052631576,1.26,35.1,1808.0,263.014,0.55,1.6762152173745104,-0.12277097805893922,2.363986070158064,-3.160149973219073,-0.4162152173745104,Trung tinh
2021-02-09,21.63,60.74,90.53903176270715,3883.4321052631576,1.26,35.1,1808.0,263.014,0.55,1.6762152173745104,-0.49277688608343473,2.363986070158064,-3.160149973219073,-0.4162152173745104,Trung tinh
2021-02-10,21.99,61.17,90.34461059854951,3883.4321052631576,1.26,35.1,1808.0,263.014,0.55,1.6762152173745104,-0.21473740150789178,2.363986070158064,-3.160149973219073,-0.4162152173745104,Trung tinh
2021-02-11,21.25,61.09,90.41609906943164,3883.4321052631576,1.26,35.1,1808.0,263.014,0.55,1.6762152173745104,0.07912865018566695,2.363986070158064,-3.160149973219073,-0.4162152173745104,Trung tinh
2021-02-12,19.97,62.47,90.41299088708402,3883.4321052631576,1.26,35.1,1808.0,263.014,0.55,1.6762152173745104,-0.0034376426096716095,2.363986070158064,-3.160149973219073,-0.4162152173745104,Trung tinh
2021-02-13,19.97,62.47,90.41299088708402,3883.4321052631576,1.26,35.1,1808.0,263.014,0.55,1.6762152173745104,0.0,2.363986070158064,-3.160149973219073,-0.4162152173745104,Trung tinh
2021-02-14,19.97,62.47,90.41299088708402,3883.4321052631576,1.26,35.1,1808.0,263.014,0.55,1.6762152173745104,0.0,2.363986070158064,-3.160149973219073,-0.4162152173745104,Trung tinh
2021-02-15,19.97,63.58,90.41299088708402,3883.4321052631576,1.26,35.1,1808.0,263.014,0.55,1.6762152173745104,0.0,2.363986070158064,-3.160149973219073,-0.4162152173745104,Trung tinh
2021-02-16,21.46,63.96,90.56270291802274,3883.4321052631576,1.26,35.1,1808.0,263.014,0.55,1.6762152173745104,0.16558685811609575,2.363986070158064,-3.160149973219073,-0.4162152173745104,Trung tinh
2021-02-17,21.5,65.02,90.93510682427859,3883.4321052631576,1.26,35.1,1808.0,263.014,0.55,1.6762152173745104,0.41121112141822014,2.363986070158064,-3.160149973219073,-0.4162152173745104,Trung tinh
2021-02-18,22.49,64.09,90.66977436496919,3883.4321052631576,1.26,35.1,1808.0,263.014,0.55,1.6762152173745104,-0.29178220444842085,2.363986070158064,-3.160149973219073,-0.4162152173745104,Trung tinh
2021-02-19,22.05,62.84,90.24524980762403,3883.4321052631576,1.26,35.1,1808.0,263.014,0.55,1.6762152173745104,-0.4682095663283925,2.363986070158064,-3.160149973219073,-0.4162152173745104,Trung tinh
2021-02-20,22.05,62.84,90.24524980762403,3883.4321052631576,1.26,35.1,1808.0,263.014,0.55,1.6762152173745104,0.0,2.363986070158064,-3.160149973219073,-0.4162152173745104,Trung tinh
2021-02-21,22.05,62.84,90.24524980762403,3883.4321052631576,1.26,35.1,1808.0,263.014,0.55,1.6762152173745104,0.0,2.363986070158064,-3.160149973219073,-0.4162152173745104,Trung tinh
2021-02-22,23.45,64.73,90.07397493864167,3883.4321052631576,1.26,35.1,1808.0,263.014,0.55,1.6762152173745104,-0.18978823743905915,2.363986070158064,-3.160149973219073,-0.4162152173745104,Trung tinh
2021-02-23,23.11,65.16,90.17550132008621,3883.4321052631576,1.26,35.1,1808.0,263.014,0.55,1.6762152173745104,0.11271444555844834,2.363986070158064,-3.160149973219073,-0.4162152173745104,Trung tinh
2021-02-24,21.34,66.85,90.21350662547344,3883.4321052631576,1.26,35.1,1808.0,263.014,0.55,1.6762152173745104,0.04214593191151916,2.363986070158064,-3.160149973219073,-0.4162152173745104,Trung tinh
2021-02-25,28.89,66.69,89.8384167176678,3883.4321052631576,1.26,35.1,1808.0,263.014,0.55,1.6762152173745104,-0.41578021056519754,2.363986070158064,-3.160149973219073,-0.4162152173745104,Risk-off
2021-02-26,27.95,65.86,90.80054737098986,3883.4321052631576,1.26,35.1,1808.0,263.014,0.55,1.6762152173745104,1.0709568227874167,2.363986070158064,-3.160149973219073,-0.4162152173745104,Risk-off
2021-02-27,27.95,65.86,90.80054737098986,3883.4321052631576,1.26,35.1,1808.0,263.014,0.55,1.6762152173745104,0.0,2.363986070158064,-3.160149973219073,-0.4162152173745104,Risk-off
2021-02-28,27.95,65.86,90.80054737098986,3883.4321052631576,1.26,35.1,1808.0,263.014,0.55,1.6762152173745104,0.0,2.363986070158064,-3.160149973219073,-0.4162152173745104,Risk-off
2021-03-01,23.35,64.56,90.97653740069279,3910.5082608695648,1.61,35.04,1718.0,264.877,0.71,2.619762508959189,0.19382045020486238,3.0776906335959975,-7.9807177289769715,-1.009762508959189,Trung tinh
2021-03-02,24.1,63.17,90.81041650237555,3910.5082608695648,1.61,35.04,1718.0,264.877,0.71,2.619762508959189,-0.18259751696813042,3.0776906335959975,-7.9807177289769715,-1.009762508959189,Trung tinh
2021-03-03,26.67,64.7,90.86289631602307,3910.5082608695648,1.61,35.04,1718.0,264.877,0.71,2.619762508959189,0.057790521912370885,0.697222324801583,-4.97787610619469,-1.009762508959189,Risk-off
2021-03-04,28.57,67.32,91.06265434682219,3910.5082608695648,1.61,35.04,1718.0,264.877,0.71,2.619762508959189,0.21984554631007125,0.697222324801583,-4.97787610619469,-1.009762508959189,Risk-off
2021-03-05,24.66,69.95,91.97778775850217,3910.5082608695648,1.61,35.04,1718.0,264.877,0.71,2.619762508959189,1.0049491948638023,0.697222324801583,-4.97787610619469,-1.009762508959189,Trung tinh
2021-03-06,24.66,69.95,91.97778775850217,3910.5082608695648,1.61,35.04,1718.0,264.877,0.71,2.619762508959189,0.0,0.697222324801583,-4.97787610619469,-1.009762508959189,Trung tinh
2021-03-07,24.66,69.95,91.97778775850217,3910.5082608695648,1.61,35.04,1718.0,264.877,0.71,2.619762508959189,0.0,0.697222324801583,-4.97787610619469,-1.009762508959189,Trung tinh
2021-03-08,25.47,68.0,92.40060947660643,3910.5082608695648,1.61,35.04,1718.0,264.877,0.71,2.619762508959189,0.4596998127574192,0.697222324801583,-4.97787610619469,-1.009762508959189,Risk-off
2021-03-09,24.03,67.03,92.08220854539137,3910.5082608695648,1.61,35.04,1718.0,264.877,0.71,2.619762508959189,-0.34458747947510027,0.697222324801583,-4.97787610619469,-1.009762508959189,Trung tinh
2021-03-10,22.56,67.53,91.99052961660365,3910.5082608695648,1.61,35.04,1718.0,264.877,0.71,2.619762508959189,-0.099562043782353,0.697222324801583,-4.97787610619469,-1.009762508959189,Trung tinh
2021-03-11,21.91,69.34,91.46917488503357,3910.5082608695648,1.61,35.04,1718.0,264.877,0.71,2.619762508959189,-0.5667482660910661,0.697222324801583,-4.97787610619469,-1.009762508959189,Trung tinh
2021-03-12,20.69,68.87,91.64117754009607,3910.5082608695648,1.61,35.04,1718.0,264.877,0.71,2.619762508959189,0.18804439340214252,0.697222324801583,-4.97787610619469,-1.009762508959189,Trung tinh
2021-03-13,20.69,68.87,91.64117754009607,3910.5082608695648,1.61,35.04,1718.0,264.877,0.71,2.619762508959189,0.0,0.697222324801583,-4.97787610619469,-1.009762508959189,Trung tinh
2021-03-14,20.69,68.87,91.64117754009607,3910.5082608695648,1.61,35.04,1718.0,264.877,0.71,2.619762508959189,0.0,0.697222324801583,-4.97787610619469,-1.009762508959189,Trung tinh
2021-03-15,20.03,68.78,91.89960477236131,3910.5082608695648,1.61,35.04,1718.0,264.877,0.71,2.619762508959189,0.28199903056917996,0.697222324801583,-4.97787610619469,-1.009762508959189,Trung tinh
2021-03-16,19.79,67.95,91.92929803149929,3910.5082608695648,1.61,35.04,1718.0,264.877,0.71,2.619762508959189,0.03231054062911021,0.697222324801583,-4.97787610619469,-1.009762508959189,Trung tinh
2021-03-17,19.23,67.73,91.93149047755955,3910.5082608695648,1.61,35.04,1718.0,264.877,0.71,2.619762508959189,0.0023849263588449077,0.697222324801583,-4.97787610619469,-1.009762508959189,Trung tinh
2021-03-18,21.58,62.11,91.74358333686537,3910.5082608695648,1.61,35.04,1718.0,264.877,0.71,2.619762508959189,-0.20439910167675546,0.697222324801583,-4.97787610619469,-1.009762508959189,Trung tinh
2021-03-19,20.95,64.0,91.92973071305646,3910.5082608695648,1.61,35.04,1718.0,264.877,0.71,2.619762508959189,0.20289961370658638,0.697222324801583,-4.97787610619469,-1.009762508959189,Trung tinh
2021-03-20,20.95,64.0,91.92973071305646,3910.5082608695648,1.61,35.04,1718.0,264.877,0.71,2.619762508959189,0.0,0.697222324801583,-4.97787610619469,-1.009762508959189,Trung tinh
2021-03-21,20.95,64.0,91.92973071305646,3910.5082608695648,1.61,35.04,1718.0,264.877,0.71,2.619762508959189,0.0,0.697222324801583,-4.97787610619469,-1.009762508959189,Trung tinh
2021-03-22,18.88,63.89,91.79214382687336,3910.5082608695648,1.61,35.04,1718.0,264.877,0.71,2.619762508959189,-0.14966527707185318,0.697222324801583,-4.97787610619469,-1.009762508959189,Trung tinh
2021-03-23,20.3,59.96,92.1705101263166,3910.5082608695648,1.61,35.04,1718.0,264.877,0.71,2.619762508959189,0.41219900055593506,0.697222324801583,-4.97787610619469,-1.009762508959189,Trung tinh
2021-03-24,21.2,63.7,92.45815417590985,3910.5082608695648,1.61,35.04,1718.0,264.877,0.71,2.619762508959189,0.3120781790173943,0.697222324801583,-4.97787610619469,-1.009762508959189,Trung tinh
2021-03-25,19.81,61.21,92.83058166368461,3910.5082608695648,1.61,35.04,1718.0,264.877,0.71,2.619762508959189,0.402806535663891,0.697222324801583,-4.97787610619469,-1.009762508959189,Trung tinh
2021-03-26,18.86,63.77,92.69474261108907,3910.5082608695648,1.61,35.04,1718.0,264.877,0.71,2.619762508959189,-0.1463300672699397,0.697222324801583,-4.97787610619469,-1.009762508959189,Trung tinh
2021-03-27,18.86,63.77,92.69474261108907,3910.5082608695648,1.61,35.04,1718.0,264.877,0.71,2.619762508959189,0.0,0.697222324801583,-4.97787610619469,-1.009762508959189,Trung tinh
2021-03-28,18.86,63.77,92.69474261108907,3910.5082608695648,1.61,35.04,1718.0,264.877,0.71,2.619762508959189,0.0,0.697222324801583,-4.97787610619469,-1.009762508959189,Trung tinh
2021-03-29,20.74,64.06,92.82805539608216,3910.5082608695648,1.61,35.04,1718.0,264.877,0.71,2.619762508959189,0.1438191436081926,0.697222324801583,-4.97787610619469,-1.009762508959189,Trung tinh
2021-03-30,19.61,63.28,93.2449620978429,3910.5082608695648,1.61,35.04,1718.0,264.877,0.71,2.619762508959189,0.44911713380384466,0.697222324801583,-4.97787610619469,-1.009762508959189,Trung tinh
2021-03-31,19.4,63.52,93.10287011017206,3910.5082608695648,1.61,35.04,1718.0,264.877,0.71,2.619762508959189,-0.1523856994244288,0.0,0.0,-1.009762508959189,Trung tinh
2021-04-01,17.33,63.85,92.93852538522391,4141.176190476191,1.64,36.72,1760.0,267.054,0.82,4.15969483870211,-0.1765195044510226,5.898668771903659,2.4447031431897637,-2.5196948387021108,Trung tinh
2021-04-02,17.33,63.85,92.99211318157063,4141.176190476191,1.64,36.72,1760.0,267.054,0.82,4.15969483870211,0.05765940025903582,5.898668771903659,2.4447031431897637,-2.5196948387021108,Trung tinh
2021-04-03,17.33,63.85,92.99211318157063,4141.176190476191,1.64,36.72,1760.0,267.054,0.82,4.15969483870211,0.0,5.898668771903659,2.4447031431897637,-2.5196948387021108,Trung tinh
2021-04-04,17.33,63.85,92.99211318157063,4141.176190476191,1.64,36.72,1760.0,267.054,0.82,4.15969483870211,0.0,5.898668771903659,2.4447031431897637,-2.5196948387021108,Trung tinh
2021-04-05,17.91,63.85,92.576669546224,4141.176190476191,1.64,36.72,1760.0,267.054,0.82,4.15969483870211,-0.4467514729291744,5.898668771903659,2.4447031431897637,-2.5196948387021108,Trung tinh
2021-04-06,18.12,61.47,92.382658610084,4141.176190476191,1.64,36.72,1760.0,267.054,0.82,4.15969483870211,-0.20956785018403368,5.898668771903659,2.4447031431897637,-2.5196948387021108,Trung tinh
2021-04-07,17.16,61.86,92.28502180143771,4141.176190476191,1.64,36.72,1760.0,267.054,0.82,4.15969483870211,-0.1056873769549993,5.898668771903659,2.4447031431897637,-2.5196948387021108,Trung tinh
2021-04-08,16.95,62.09,92.13796379834761,4141.176190476191,1.64,36.72,1760.0,267.054,0.82,4.15969483870211,-0.15935197307154203,5.898668771903659,2.4447031431897637,-2.5196948387021108,Trung tinh
2021-04-09,16.69,61.89,92.17862623573572,4141.176190476191,1.64,36.72,1760.0,267.054,0.82,4.15969483870211,0.044132120693585186,5.898668771903659,2.4447031431897637,-2.5196948387021108,Trung tinh
2021-04-10,16.69,61.89,92.17862623573572,4141.176190476191,1.64,36.72,1760.0,267.054,0.82,4.15969483870211,0.0,5.898668771903659,2.4447031431897637,-2.5196948387021108,Trung tinh
2021-04-11,16.69,61.89,92.17862623573572,4141.176190476191,1.64,36.72,1760.0,267.054,0.82,4.15969483870211,0.0,5.898668771903659,2.4447031431897637,-2.5196948387021108,Trung tinh
2021-04-12,16.91,62.38,92.12540499976411,4141.176190476191,1.64,36.72,1760.0,267.054,0.82,4.15969483870211,-0.057737067848573354,5.898668771903659,2.4447031431897637,-2.5196948387021108,Trung tinh
2021-04-13,16.65,62.83,91.91981193138189,4141.176190476191,1.64,36.72,1760.0,267.054,0.82,4.15969483870211,-0.22316652869287523,5.898668771903659,2.4447031431897637,-2.5196948387021108,Trung tinh
2021-04-14,16.99,66.11,91.64969463558053,4141.176190476191,1.64,36.72,1760.0,267.054,0.82,4.15969483870211,-0.29386188910286437,5.898668771903659,2.4447031431897637,-2.5196948387021108,Trung tinh
2021-04-15,16.57,66.13,91.69949138806575,4141.176190476191,1.64,36.72,1760.0,267.054,0.82,4.15969483870211,0.05433378985411075,5.898668771903659,2.4447031431897637,-2.5196948387021108,Trung tinh
2021-04-16,16.25,65.98,91.55022218160262,4141.176190476191,1.64,36.72,1760.0,267.054,0.82,4.15969483870211,-0.16278084447757246,5.898668771903659,2.4447031431897637,-2.5196948387021108,Trung tinh
2021-04-17,16.25,65.98,91.55022218160262,4141.176190476191,1.64,36.72,1760.0,267.054,0.82,4.15969483870211,0.0,5.898668771903659,2.4447031431897637,-2.5196948387021108,Trung tinh
2021-04-18,16.25,65.98,91.55022218160262,4141.176190476191,1.64,36.72,1760.0,267.054,0.82,4.15969483870211,0.0,5.898668771903659,2.4447031431897637,-2.5196948387021108,Trung tinh
2021-04-19,17.29,66.54,91.13876115863751,4141.176190476191,1.64,36.72,1760.0,267.054,0.82,4.15969483870211,-0.4494374925152256,5.898668771903659,2.4447031431897637,-2.5196948387021108,Trung tinh
2021-04-20,18.68,65.34,91.10728915806789,4141.176190476191,1.64,36.72,1760.0,267.054,0.82,4.15969483870211,-0.03453196002394243,5.898668771903659,2.4447031431897637,-2.5196948387021108,Trung tinh
2021-04-21,17.5,64.02,91.11835036669325,4141.176190476191,1.64,36.72,1760.0,267.054,0.82,4.15969483870211,0.012140860218301519,5.898668771903659,2.4447031431897637,-2.5196948387021108,Trung tinh
2021-04-22,18.71,65.07,91.30784833973384,4141.176190476191,1.64,36.72,1760.0,267.054,0.82,4.15969483870211,0.207969055934365,5.898668771903659,2.4447031431897637,-2.5196948387021108,Trung tinh
2021-04-23,17.33,65.75,91.01755893544306,4141.176190476191,1.64,36.72,1760.0,267.054,0.82,4.15969483870211,-0.31792382535472674,5.898668771903659,2.4447031431897637,-2.5196948387021108,Trung tinh
2021-04-24,17.33,65.75,91.01755893544306,4141.176190476191,1.64,36.72,1760.0,267.054,0.82,4.15969483870211,0.0,5.898668771903659,2.4447031431897637,-2.5196948387021108,Trung tinh
2021-04-25,17.33,65.75,91.01755893544306,4141.176190476191,1.64,36.72,1760.0,267.054,0.82,4.15969483870211,0.0,5.898668771903659,2.4447031431897637,-2.5196948387021108,Trung tinh
2021-04-26,17.64,65.5,90.8629126178335,4141.176190476191,1.64,36.72,1760.0,267.054,0.82,4.15969483870211,-0.16990822366401703,5.898668771903659,2.4447031431897637,-2.5196948387021108,Trung tinh
2021-04-27,17.56,66.25,90.9106581493323,4141.176190476191,1.64,36.72,1760.0,267.054,0.82,4.15969483870211,0.05254677637247518,5.898668771903659,2.4447031431897637,-2.5196948387021108,Trung tinh
2021-04-28,17.28,67.08,90.81201765027191,4141.176190476191,1.64,36.72,1760.0,267.054,0.82,4.15969483870211,-0.10850267841903127,5.898668771903659,2.4447031431897637,-2.5196948387021108,Trung tinh
2021-04-29,17.61,68.26,90.7039946318149,4141.176190476191,1.64,36.72,1760.0,267.054,0.82,4.15969483870211,-0.11895233830507834,5.898668771903659,2.4447031431897637,-2.5196948387021108,Trung tinh
2021-04-30,18.61,67.73,91.22738930983266,4141.176190476191,1.64,36.72,1760.0,267.054,0.82,4.15969483870211,0.5770359730487451,5.898668771903659,2.4447031431897637,-2.5196948387021108,Trung tinh
2021-05-01,18.61,67.73,91.22738930983266,4167.849500000001,1.62,36.55,1850.0,269.195,0.8,4.992706537594471,0.0,0.6440998474093851,5.1136363636363535,-3.372706537594471,Trung tinh
2021-05-02,18.61,67.73,91.22738930983266,4167.849500000001,1.62,36.55,1850.0,269.195,0.8,4.992706537594471,0.0,0.6440998474093851,5.1136363636363535,-3.372706537594471,Trung tinh
2021-05-03,18.31,67.73,90.98826813992333,4167.849500000001,1.62,36.55,1850.0,269.195,0.8,4.992706537594471,-0.26211554634891776,0.6440998474093851,5.1136363636363535,-3.372706537594471,Trung tinh
2021-05-04,19.48,68.91,91.3087952006113,4167.849500000001,1.62,36.55,1850.0,269.195,0.8,4.992706537594471,0.35227295478912346,0.6440998474093851,5.1136363636363535,-3.372706537594471,Trung tinh
2021-05-05,19.15,69.71,91.27616397198672,4167.849500000001,1.62,36.55,1850.0,269.195,0.8,4.992706537594471,-0.03573722394747403,0.6440998474093851,5.1136363636363535,-3.372706537594471,Trung tinh
2021-05-06,18.39,68.62,91.00597490392593,4167.849500000001,1.62,36.55,1850.0,269.195,0.8,4.992706537594471,-0.2960127335584706,0.6440998474093851,5.1136363636363535,-3.372706537594471,Trung tinh
2021-05-07,16.69,68.73,90.2145787582628,4167.849500000001,1.62,36.55,1850.0,269.195,0.8,4.992706537594471,-0.8696089971000243,0.6440998474093851,5.1136363636363535,-3.372706537594471,Trung tinh
2021-05-08,16.69,68.73,90.2145787582628,4167.849500000001,1.62,36.55,1850.0,269.195,0.8,4.992706537594471,0.0,0.6440998474093851,5.1136363636363535,-3.372706537594471,Trung tinh
2021-05-09,16.69,68.73,90.2145787582628,4167.849500000001,1.62,36.55,1850.0,269.195,0.8,4.992706537594471,0.0,0.6440998474093851,5.1136363636363535,-3.372706537594471,Trung tinh
2021-05-10,19.66,68.61,90.05399354504502,4167.849500000001,1.62,36.55,1850.0,269.195,0.8,4.992706537594471,-0.1780036169631627,0.6440998474093851,5.1136363636363535,-3.372706537594471,Trung tinh
2021-05-11,21.84,68.83,90.05938274380634,4167.849500000001,1.62,36.55,1850.0,269.195,0.8,4.992706537594471,0.005984408407866404,0.6440998474093851,5.1136363636363535,-3.372706537594471,Trung tinh
2021-05-12,27.59,69.62,90.7105642956054,4167.849500000001,1.62,36.55,1850.0,269.195,0.8,4.992706537594471,0.7230579779249569,0.6440998474093851,5.1136363636363535,-3.372706537594471,Risk-off
2021-05-13,23.13,67.36,90.79144247171743,4167.849500000001,1.62,36.55,1850.0,269.195,0.8,4.992706537594471,0.08916070221818284,0.6440998474093851,5.1136363636363535,-3.372706537594471,Trung tinh
2021-05-14,18.81,69.24,90.34430126479292,4167.849500000001,1.62,36.55,1850.0,269.195,0.8,4.992706537594471,-0.4924926785515038,0.6440998474093851,5.1136363636363535,-3.372706537594471,Trung tinh
2021-05-15,18.81,69.24,90.34430126479292,4167.849500000001,1.62,36.55,1850.0,269.195,0.8,4.992706537594471,0.0,0.6440998474093851,5.1136363636363535,-3.372706537594471,Trung tinh
2021-05-16,18.81,69.24,90.34430126479292,4167.849500000001,1.62,36.55,1850.0,269.195,0.8,4.992706537594471,0.0,0.6440998474093851,5.1136363636363535,-3.372706537594471,Trung tinh
2021-05-17,19.72,69.62,90.20231679510191,4167.849500000001,1.62,36.55,1850.0,269.195,0.8,4.992706537594471,-0.1571592980445624,0.6440998474093851,5.1136363636363535,-3.372706537594471,Trung tinh
2021-05-18,21.34,69.01,89.90379115804373,4167.849500000001,1.62,36.55,1850.0,269.195,0.8,4.992706537594471,-0.33095118580633853,0.6440998474093851,5.1136363636363535,-3.372706537594471,Trung tinh
2021-05-19,22.18,66.88,89.86867417122141,4167.849500000001,1.62,36.55,1850.0,269.195,0.8,4.992706537594471,-0.03906062955741918,0.6440998474093851,5.1136363636363535,-3.372706537594471,Trung tinh
2021-05-20,20.67,65.18,89.7778199668317,4167.849500000001,1.62,36.55,1850.0,269.195,0.8,4.992706537594471,-0.10109663375762468,0.6440998474093851,5.1136363636363535,-3.372706537594471,Trung tinh
2021-05-21,20.15,66.72,90.0435618868762,4167.849500000001,1.62,36.55,1850.0,269.195,0.8,4.992706537594471,0.2959995243175584,0.6440998474093851,5.1136363636363535,-3.372706537594471,Trung tinh
2021-05-22,20.15,66.72,90.0435618868762,4167.849500000001,1.62,36.55,1850.0,269.195,0.8,4.992706537594471,0.0,0.6440998474093851,5.1136363636363535,-3.372706537594471,Trung tinh
2021-05-23,20.15,66.72,90.0435618868762,4167.849500000001,1.62,36.55,1850.0,269.195,0.8,4.992706537594471,0.0,0.6440998474093851,5.1136363636363535,-3.372706537594471,Trung tinh
2021-05-24,18.4,68.59,89.89961561754218,4167.849500000001,1.62,36.55,1850.0,269.195,0.8,4.992706537594471,-0.15986292225408372,0.6440998474093851,5.1136363636363535,-3.372706537594471,Trung tinh
2021-05-25,18.84,68.8,89.80960441863287,4167.849500000001,1.62,36.55,1850.0,269.195,0.8,4.992706537594471,-0.10012411987637693,0.6440998474093851,5.1136363636363535,-3.372706537594471,Trung tinh
2021-05-26,17.36,68.93,89.98575949893272,4167.849500000001,1.62,36.55,1850.0,269.195,0.8,4.992706537594471,0.19614280837796372,0.6440998474093851,5.1136363636363535,-3.372706537594471,Trung tinh
2021-05-27,16.74,69.43,90.04409467248084,4167.849500000001,1.62,36.55,1850.0,269.195,0.8,4.992706537594471,0.06482711694932863,0.6440998474093851,5.1136363636363535,-3.372706537594471,Trung tinh
2021-05-28,16.76,69.36,90.05340576204573,4167.849500000001,1.62,36.55,1850.0,269.195,0.8,4.992706537594471,0.010340588795698658,0.6440998474093851,5.1136363636363535,-3.372706537594471,Trung tinh
2021-05-29,16.76,69.36,90.05340576204573,4167.849500000001,1.62,36.55,1850.0,269.195,0.8,4.992706537594471,0.0,0.6440998474093851,5.1136363636363535,-3.372706537594471,Trung tinh
2021-05-30,16.76,69.36,90.05340576204573,4167.849500000001,1.62,36.55,1850.0,269.195,0.8,4.992706537594471,0.0,0.6440998474093851,5.1136363636363535,-3.372706537594471,Trung tinh
2021-05-31,16.76,69.36,90.05340576204573,4167.849500000001,1.62,36.55,1850.0,269.195,0.8,4.992706537594471,0.0,0.0,0.0,-3.372706537594471,Trung tinh
2021-06-01,17.9,70.03,89.75072500512498,4238.489545454546,1.52,36.7,1835.0,271.696,0.93,5.391451413321335,-0.3361125038630397,1.6948799483893273,-0.8108108108108136,-3.8714514133213354,Trung tinh
2021-06-02,17.48,70.6,89.90482862013887,4238.489545454546,1.52,36.7,1835.0,271.696,0.93,5.391451413321335,0.17170180520000855,1.6948799483893273,-0.8108108108108136,-3.8714514133213354,Trung tinh
2021-06-03,18.04,70.71,90.53188091330286,4238.489545454546,1.52,36.7,1835.0,271.696,0.93,5.391451413321335,0.6974623085189036,1.6948799483893273,-0.8108108108108136,-3.8714514133213354,Trung tinh
2021-06-04,16.42,71.3,90.0891579656516,4238.489545454546,1.52,36.7,1835.0,271.696,0.93,5.391451413321335,-0.48902435604450956,1.6948799483893273,-0.8108108108108136,-3.8714514133213354,Trung tinh
2021-06-05,16.42,71.3,90.0891579656516,4238.489545454546,1.52,36.7,1835.0,271.696,0.93,5.391451413321335,0.0,1.6948799483893273,-0.8108108108108136,-3.8714514133213354,Trung tinh
2021-06-06,16.42,71.3,90.0891579656516,4238.489545454546,1.52,36.7,1835.0,271.696,0.93,5.391451413321335,0.0,1.6948799483893273,-0.8108108108108136,-3.8714514133213354,Trung tinh
2021-06-07,16.42,70.89,89.92435612678716,4238.489545454546,1.52,36.7,1835.0,271.696,0.93,5.391451413321335,-0.18293193385964246,1.6948799483893273,-0.8108108108108136,-3.8714514133213354,Trung tinh
2021-06-08,17.07,71.39,90.08223634794835,4238.489545454546,1.52,36.7,1835.0,271.696,0.93,5.391451413321335,0.17557003237098634,1.6948799483893273,-0.8108108108108136,-3.8714514133213354,Trung tinh
2021-06-09,17.89,71.31,90.09272682473765,4238.489545454546,1.52,36.7,1835.0,271.696,0.93,5.391451413321335,0.01164544444565152,1.6948799483893273,-0.8108108108108136,-3.8714514133213354,Trung tinh
2021-06-10,16.1,71.65,90.08767421219049,4238.489545454546,1.52,36.7,1835.0,271.696,0.93,5.391451413321335,-0.0056082357868803,1.6948799483893273,-0.8108108108108136,-3.8714514133213354,Trung tinh
2021-06-11,15.65,72.05,90.56003124360686,4238.489545454546,1.52,36.7,1835.0,271.696,0.93,5.391451413321335,0.5243303654435483,1.6948799483893273,-0.8108108108108136,-3.8714514133213354,Trung tinh
2021-06-12,15.65,72.05,90.56003124360686,4238.489545454546,1.52,36.7,1835.0,271.696,0.93,5.391451413321335,0.0,1.6948799483893273,-0.8108108108108136,-3.8714514133213354,Trung tinh
2021-06-13,15.65,72.05,90.56003124360686,4238.489545454546,1.52,36.7,1835.0,271.696,0.93,5.391451413321335,0.0,1.6948799483893273,-0.8108108108108136,-3.8714514133213354,Trung tinh
2021-06-14,16.39,72.27,90.45111902390046,4238.489545454546,1.52,36.7,1835.0,271.696,0.93,5.391451413321335,-0.1202652187844544,1.6948799483893273,-0.8108108108108136,-3.8714514133213354,Trung tinh
2021-06-15,17.02,73.38,90.58107743703795,4238.489545454546,1.52,36.7,1835.0,271.696,0.93,5.391451413321335,0.1436780600836407,1.6948799483893273,-0.8108108108108136,-3.8714514133213354,Trung tinh
2021-06-16,18.15,73.88,90.51567511992566,4238.489545454546,1.52,36.7,1835.0,271.696,0.93,5.391451413321335,-0.07220306819352151,1.6948799483893273,-0.8108108108108136,-3.8714514133213354,Trung tinh
2021-06-17,17.75,72.92,91.89793201814793,4238.489545454546,1.52,36.7,1835.0,271.696,0.93,5.391451413321335,1.527091187676488,1.6948799483893273,-0.8108108108108136,-3.8714514133213354,Trung tinh
2021-06-18,20.7,73.1,92.24517588142419,4238.489545454546,1.52,36.7,1835.0,271.696,0.93,5.391451413321335,0.3778581907672107,1.6948799483893273,-0.8108108108108136,-3.8714514133213354,Trung tinh
2021-06-19,20.7,73.1,92.24517588142419,4238.489545454546,1.52,36.7,1835.0,271.696,0.93,5.391451413321335,0.0,1.6948799483893273,-0.8108108108108136,-3.8714514133213354,Trung tinh
2021-06-20,20.7,73.1,92.24517588142419,4238.489545454546,1.52,36.7,1835.0,271.696,0.93,5.391451413321335,0.0,1.6948799483893273,-0.8108108108108136,-3.8714514133213354,Trung tinh
2021-06-21,17.89,74.49,91.91208763993987,4238.489545454546,1.52,36.7,1835.0,271.696,0.93,5.391451413321335,-0.36109014731836586,1.6948799483893273,-0.8108108108108136,-3.8714514133213354,Trung tinh
2021-06-22,16.66,74.92,91.94716717249115,4238.489545454546,1.52,36.7,1835.0,271.696,0.93,5.391451413321335,0.03816639731728522,1.6948799483893273,-0.8108108108108136,-3.8714514133213354,Trung tinh
2021-06-23,16.32,75.22,91.66473140628466,4238.489545454546,1.52,36.7,1835.0,271.696,0.93,5.391451413321335,-0.3071717975570043,1.6948799483893273,-0.8108108108108136,-3.8714514133213354,Trung tinh
2021-06-24,15.97,75.95,91.86351349025925,4238.489545454546,1.52,36.7,1835.0,271.696,0.93,5.391451413321335,0.2168577608039124,1.6948799483893273,-0.8108108108108136,-3.8714514133213354,Trung tinh
2021-06-25,15.62,76.45,91.76943292195062,4238.489545454546,1.52,36.7,1835.0,271.696,0.93,5.391451413321335,-0.10241342262464759,1.6948799483893273,-0.8108108108108136,-3.8714514133213354,Trung tinh
2021-06-26,15.62,76.45,91.76943292195062,4238.489545454546,1.52,36.7,1835.0,271.696,0.93,5.391451413321335,0.0,1.6948799483893273,-0.8108108108108136,-3.8714514133213354,Trung tinh
2021-06-27,15.62,76.45,91.76943292195062,4238.489545454546,1.52,36.7,1835.0,271.696,0.93,5.391451413321335,0.0,1.6948799483893273,-0.8108108108108136,-3.8714514133213354,Trung tinh
2021-06-28,15.76,74.78,91.78939115491576,4238.489545454546,1.52,36.7,1835.0,271.696,0.93,5.391451413321335,0.021748236127949738,1.6948799483893273,-0.8108108108108136,-3.8714514133213354,Trung tinh
2021-06-29,16.02,75.38,92.0261822738935,4238.489545454546,1.52,36.7,1835.0,271.696,0.93,5.391451413321335,0.25797220789720576,1.6948799483893273,-0.8108108108108136,-3.8714514133213354,Trung tinh
2021-06-30,15.83,76.94,92.42185102254047,4238.489545454546,1.52,36.7,1835.0,271.696,0.93,5.391451413321335,0.4299523666746907,1.6948799483893273,-0.8108108108108136,-3.8714514133213354,Trung tinh
2021-07-01,15.48,76.69,92.46985694120711,4363.7128571428575,1.32,37.44,1808.0,273.003,0.48,5.365475239385398,0.051942173994046215,2.954432477546254,-1.4713896457765663,-4.045475239385397,Trung tinh
2021-07-02,15.07,77.51,92.40492587521784,4363.7128571428575,1.32,37.44,1808.0,273.003,0.48,5.365475239385398,-0.07021862922373945,2.954432477546254,-1.4713896457765663,-4.045475239385397,Trung tinh
2021-07-03,15.07,77.51,92.40492587521784,4363.7128571428575,1.32,37.44,1808.0,273.003,0.48,5.365475239385398,0.0,2.954432477546254,-1.4713896457765663,-4.045475239385397,Trung tinh
2021-07-04,15.07,77.51,92.40492587521784,4363.7128571428575,1.32,37.44,1808.0,273.003,0.48,5.365475239385398,0.0,2.954432477546254,-1.4713896457765663,-4.045475239385397,Trung tinh
2021-07-05,15.07,78.34,92.40492587521784,4363.7128571428575,1.32,37.44,1808.0,273.003,0.48,5.365475239385398,0.0,2.954432477546254,-1.4713896457765663,-4.045475239385397,Trung tinh
2021-07-06,16.44,75.81,92.58530072063304,4363.7128571428575,1.32,37.44,1808.0,273.003,0.48,5.365475239385398,0.1952004654587114,2.954432477546254,-1.4713896457765663,-4.045475239385397,Trung tinh
2021-07-07,16.2,74.31,92.68502716870901,4363.7128571428575,1.32,37.44,1808.0,273.003,0.48,5.365475239385398,0.10771304656327363,2.954432477546254,-1.4713896457765663,-4.045475239385397,Trung tinh
2021-07-08,19.0,75.07,92.41461268928333,4363.7128571428575,1.32,37.44,1808.0,273.003,0.48,5.365475239385398,-0.2917563793054301,2.954432477546254,-1.4713896457765663,-4.045475239385397,Trung tinh
2021-07-09,16.18,77.14,92.25735610598964,4363.7128571428575,1.32,37.44,1808.0,273.003,0.48,5.365475239385398,-0.17016419667571503,2.954432477546254,-1.4713896457765663,-4.045475239385397,Trung tinh
2021-07-10,16.18,77.14,92.25735610598964,4363.7128571428575,1.32,37.44,1808.0,273.003,0.48,5.365475239385398,0.0,2.954432477546254,-1.4713896457765663,-4.045475239385397,Trung tinh
2021-07-11,16.18,77.14,92.25735610598964,4363.7128571428575,1.32,37.44,1808.0,273.003,0.48,5.365475239385398,0.0,2.954432477546254,-1.4713896457765663,-4.045475239385397,Trung tinh
2021-07-12,16.17,76.77,92.24066192960467,4363.7128571428575,1.32,37.44,1808.0,273.003,0.48,5.365475239385398,-0.018095225236880452,2.954432477546254,-1.4713896457765663,-4.045475239385397,Trung tinh
2021-07-13,17.12,77.5,92.53949062894215,4363.7128571428575,1.32,37.44,1808.0,273.003,0.48,5.365475239385398,0.3239663431356732,2.954432477546254,-1.4713896457765663,-4.045475239385397,Trung tinh
2021-07-14,16.33,75.74,92.44056554557655,4363.7128571428575,1.32,37.44,1808.0,273.003,0.48,5.365475239385398,-0.10690039754190916,2.954432477546254,-1.4713896457765663,-4.045475239385397,Trung tinh
2021-07-15,17.01,74.53,92.60407083030411,4363.7128571428575,1.32,37.44,1808.0,273.003,0.48,5.365475239385398,0.17687611900962796,2.954432477546254,-1.4713896457765663,-4.045475239385397,Trung tinh
2021-07-16,18.45,74.46,92.65673396347299,4363.7128571428575,1.32,37.44,1808.0,273.003,0.48,5.365475239385398,0.05686913404203686,2.954432477546254,-1.4713896457765663,-4.045475239385397,Trung tinh
2021-07-17,18.45,74.46,92.65673396347299,4363.7128571428575,1.32,37.44,1808.0,273.003,0.48,5.365475239385398,0.0,2.954432477546254,-1.4713896457765663,-4.045475239385397,Trung tinh
2021-07-18,18.45,74.46,92.65673396347299,4363.7128571428575,1.32,37.44,1808.0,273.003,0.48,5.365475239385398,0.0,2.954432477546254,-1.4713896457765663,-4.045475239385397,Trung tinh
2021-07-19,22.5,69.33,92.79527965579562,4363.7128571428575,1.32,37.44,1808.0,273.003,0.48,5.365475239385398,0.1495257672013972,2.954432477546254,-1.4713896457765663,-4.045475239385397,Trung tinh
2021-07-20,19.73,70.03,93.04202176806461,4363.7128571428575,1.32,37.44,1808.0,273.003,0.48,5.365475239385398,0.2658994220225752,2.954432477546254,-1.4713896457765663,-4.045475239385397,Trung tinh
2021-07-21,17.91,72.54,92.75940859160382,4363.7128571428575,1.32,37.44,1808.0,273.003,0.48,5.365475239385398,-0.30374788841680544,2.954432477546254,-1.4713896457765663,-4.045475239385397,Trung tinh
2021-07-22,17.69,74.25,92.857428100148,4363.7128571428575,1.32,37.44,1808.0,273.003,0.48,5.365475239385398,0.10567069155835718,2.954432477546254,-1.4713896457765663,-4.045475239385397,Trung tinh
2021-07-23,17.2,74.86,92.96630814573945,4363.7128571428575,1.32,37.44,1808.0,273.003,0.48,5.365475239385398,0.11725507352413622,2.954432477546254,-1.4713896457765663,-4.045475239385397,Trung tinh
2021-07-24,17.2,74.86,92.96630814573945,4363.7128571428575,1.32,37.44,1808.0,273.003,0.48,5.365475239385398,0.0,2.954432477546254,-1.4713896457765663,-4.045475239385397,Trung tinh
2021-07-25,17.2,74.86,92.96630814573945,4363.7128571428575,1.32,37.44,1808.0,273.003,0.48,5.365475239385398,0.0,2.954432477546254,-1.4713896457765663,-4.045475239385397,Trung tinh
2021-07-26,17.58,74.79,92.57727874559718,4363.7128571428575,1.32,37.44,1808.0,273.003,0.48,5.365475239385398,-0.4184627828098697,2.954432477546254,-1.4713896457765663,-4.045475239385397,Trung tinh
2021-07-27,19.36,74.87,92.37307641001304,4363.7128571428575,1.32,37.44,1808.0,273.003,0.48,5.365475239385398,-0.22057500323086066,2.954432477546254,-1.4713896457765663,-4.045475239385397,Trung tinh
2021-07-28,18.31,75.09,92.51708940046744,4363.7128571428575,1.32,37.44,1808.0,273.003,0.48,5.365475239385398,0.15590364211230945,2.954432477546254,-1.4713896457765663,-4.045475239385397,Trung tinh
2021-07-29,17.7,76.3,91.90355020460015,4363.7128571428575,1.32,37.44,1808.0,273.003,0.48,5.365475239385398,-0.6631630975889591,2.954432477546254,-1.4713896457765663,-4.045475239385397,Trung tinh
2021-07-30,18.24,77.72,92.10129124105885,4363.7128571428575,1.32,37.44,1808.0,273.003,0.48,5.365475239385398,0.21516147746030168,2.954432477546254,-1.4713896457765663,-4.045475239385397,Trung tinh
2021-07-31,18.24,77.72,92.10129124105885,4363.7128571428575,1.32,37.44,1808.0,273.003,0.48,5.365475239385398,0.0,0.0,0.0,-4.045475239385397,Trung tinh
2021-08-01,18.24,77.72,92.10129124105885,4454.206363636363,1.28,37.97,1785.0,273.567,0.21,5.251271554874992,0.0,2.0737731710595675,-1.2721238938053103,-3.971271554874992,Trung tinh
2021-08-02,19.46,73.91,92.0384829323375,4454.206363636363,1.28,37.97,1785.0,273.567,0.21,5.251271554874992,-0.06819481885107503,2.0737731710595675,-1.2721238938053103,-3.971271554874992,Trung tinh
2021-08-03,18.04,73.24,92.1134299703509,4454.206363636363,1.28,37.97,1785.0,273.567,0.21,5.251271554874992,0.08143011012957668,2.0737731710595675,-1.2721238938053103,-3.971271554874992,Trung tinh
2021-08-04,17.97,70.99,92.23498354081632,4454.206363636363,1.28,37.97,1785.0,273.567,0.21,5.251271554874992,0.1319607472054285,2.0737731710595675,-1.2721238938053103,-3.971271554874992,Trung tinh
2021-08-05,17.28,72.14,92.23296721990232,4454.206363636363,1.28,37.97,1785.0,273.567,0.21,5.251271554874992,-0.002186069576415317,2.0737731710595675,-1.2721238938053103,-3.971271554874992,Trung tinh
2021-08-06,16.15,71.02,92.78458874381401,4454.206363636363,1.28,37.97,1785.0,273.567,0.21,5.251271554874992,0.5980741382812793,2.0737731710595675,-1.2721238938053103,-3.971271554874992,Trung tinh
2021-08-07,16.15,71.02,92.78458874381401,4454.206363636363,1.28,37.97,1785.0,273.567,0.21,5.251271554874992,0.0,2.0737731710595675,-1.2721238938053103,-3.971271554874992,Trung tinh
2021-08-08,16.15,71.02,92.78458874381401,4454.206363636363,1.28,37.97,1785.0,273.567,0.21,5.251271554874992,0.0,2.0737731710595675,-1.2721238938053103,-3.971271554874992,Trung tinh
2021-08-09,16.72,69.65,92.89385454660564,4454.206363636363,1.28,37.97,1785.0,273.567,0.21,5.251271554874992,0.11776287880449487,2.0737731710595675,-1.2721238938053103,-3.971271554874992,Trung tinh
2021-08-10,16.79,71.14,93.05318855995658,4454.206363636363,1.28,37.97,1785.0,273.567,0.21,5.251271554874992,0.1715226632898581,2.0737731710595675,-1.2721238938053103,-3.971271554874992,Trung tinh
2021-08-11,16.06,71.99,92.93086792539462,4454.206363636363,1.28,37.97,1785.0,273.567,0.21,5.251271554874992,-0.13145238379783653,2.0737731710595675,-1.2721238938053103,-3.971271554874992,Trung tinh
2021-08-12,15.59,71.79,92.95681377110976,4454.206363636363,1.28,37.97,1785.0,273.567,0.21,5.251271554874992,0.02791951296092776,2.0737731710595675,-1.2721238938053103,-3.971271554874992,Trung tinh
2021-08-13,15.45,70.9,92.54062350947297,4454.206363636363,1.28,37.97,1785.0,273.567,0.21,5.251271554874992,-0.44772431923236766,2.0737731710595675,-1.2721238938053103,-3.971271554874992,Trung tinh
2021-08-14,15.45,70.9,92.54062350947297,4454.206363636363,1.28,37.97,1785.0,273.567,0.21,5.251271554874992,0.0,2.0737731710595675,-1.2721238938053103,-3.971271554874992,Trung tinh
2021-08-15,15.45,70.9,92.54062350947297,4454.206363636363,1.28,37.97,1785.0,273.567,0.21,5.251271554874992,0.0,2.0737731710595675,-1.2721238938053103,-3.971271554874992,Trung tinh
2021-08-16,16.12,70.07,92.61512339377595,4454.206363636363,1.28,37.97,1785.0,273.567,0.21,5.251271554874992,0.08050505980798928,2.0737731710595675,-1.2721238938053103,-3.971271554874992,Trung tinh
2021-08-17,17.91,69.4,93.11052306520175,4454.206363636363,1.28,37.97,1785.0,273.567,0.21,5.251271554874992,0.5349014861422585,2.0737731710595675,-1.2721238938053103,-3.971271554874992,Trung tinh
2021-08-18,21.57,68.61,93.20998147279133,4454.206363636363,1.28,37.97,1785.0,273.567,0.21,5.251271554874992,0.10681758013530995,2.0737731710595675,-1.2721238938053103,-3.971271554874992,Trung tinh
2021-08-19,21.67,66.8,93.41908286576175,4454.206363636363,1.28,37.97,1785.0,273.567,0.21,5.251271554874992,0.22433369223602284,2.0737731710595675,-1.2721238938053103,-3.971271554874992,Trung tinh
2021-08-20,18.56,65.51,93.52737290325331,4454.206363636363,1.28,37.97,1785.0,273.567,0.21,5.251271554874992,0.11591854059107565,2.0737731710595675,-1.2721238938053103,-3.971271554874992,Trung tinh
2021-08-21,18.56,65.51,93.52737290325331,4454.206363636363,1.28,37.97,1785.0,273.567,0.21,5.251271554874992,0.0,2.0737731710595675,-1.2721238938053103,-3.971271554874992,Trung tinh
2021-08-22,18.56,65.51,93.52737290325331,4454.206363636363,1.28,37.97,1785.0,273.567,0.21,5.251271554874992,0.0,2.0737731710595675,-1.2721238938053103,-3.971271554874992,Trung tinh
2021-08-23,17.15,69.07,93.0828263074208,4454.206363636363,1.28,37.97,1785.0,273.567,0.21,5.251271554874992,-0.47531175316166685,2.0737731710595675,-1.2721238938053103,-3.971271554874992,Trung tinh
2021-08-24,17.22,71.21,92.96274450669634,4454.206363636363,1.28,37.97,1785.0,273.567,0.21,5.251271554874992,-0.1290053229882293,2.0737731710595675,-1.2721238938053103,-3.971271554874992,Trung tinh
2021-08-25,16.79,72.12,92.95004265540301,4454.206363636363,1.28,37.97,1785.0,273.567,0.21,5.251271554874992,-0.01366337812069851,2.0737731710595675,-1.2721238938053103,-3.971271554874992,Trung tinh
2021-08-26,18.84,70.42,92.99360377243525,4454.206363636363,1.28,37.97,1785.0,273.567,0.21,5.251271554874992,0.04686508557476543,2.0737731710595675,-1.2721238938053103,-3.971271554874992,Trung tinh
2021-08-27,16.39,72.26,92.68925026946982,4454.206363636363,1.28,37.97,1785.0,273.567,0.21,5.251271554874992,-0.3272843406630477,2.0737731710595675,-1.2721238938053103,-3.971271554874992,Trung tinh
2021-08-28,16.39,72.26,92.68925026946982,4454.206363636363,1.28,37.97,1785.0,273.567,0.21,5.251271554874992,0.0,2.0737731710595675,-1.2721238938053103,-3.971271554874992,Trung tinh
2021-08-29,16.39,72.26,92.68925026946982,4454.206363636363,1.28,37.97,1785.0,273.567,0.21,5.251271554874992,0.0,2.0737731710595675,-1.2721238938053103,-3.971271554874992,Trung tinh
2021-08-30,16.19,72.26,92.70397010086607,4454.206363636363,1.28,37.97,1785.0,273.567,0.21,5.251271554874992,0.015880839852999706,2.0737731710595675,-1.2721238938053103,-3.971271554874992,Trung tinh
2021-08-31,16.48,73.45,92.72620306177168,4454.206363636363,1.28,37.97,1785.0,273.567,0.21,5.251271554874992,0.023982749478168586,0.0,0.0,-3.971271554874992,Trung tinh
2021-09-01,16.11,71.99,92.43397708146856,4445.543333333333,1.37,37.62,1775.0,274.31,0.27,5.390348855079163,-0.3151493004716843,-0.19449099560706617,-0.5602240896358524,-4.020348855079163,Trung tinh
2021-09-02,16.41,73.56,92.3234816954205,4445.543333333333,1.37,37.62,1775.0,274.31,0.27,5.390348855079163,-0.11953979428005468,-0.19449099560706617,-0.5602240896358524,-4.020348855079163,Trung tinh
2021-09-03,16.41,73.07,92.09201774746468,4445.543333333333,1.37,37.62,1775.0,274.31,0.27,5.390348855079163,-0.25070972596054064,-0.19449099560706617,-0.5602240896358524,-4.020348855079163,Trung tinh
2021-09-04,16.41,73.07,92.09201774746468,4445.543333333333,1.37,37.62,1775.0,274.31,0.27,5.390348855079163,0.0,-0.19449099560706617,-0.5602240896358524,-4.020348855079163,Trung tinh
2021-09-05,16.41,73.07,92.09201774746468,4445.543333333333,1.37,37.62,1775.0,274.31,0.27,5.390348855079163,0.0,-0.19449099560706617,-0.5602240896358524,-4.020348855079163,Trung tinh
2021-09-06,16.41,72.43,92.09201774746468,4445.543333333333,1.37,37.62,1775.0,274.31,0.27,5.390348855079163,0.0,-0.19449099560706617,-0.5602240896358524,-4.020348855079163,Trung tinh
2021-09-07,18.14,71.52,92.46128640610031,4445.543333333333,1.37,37.62,1775.0,274.31,0.27,5.390348855079163,0.40097792150481926,-0.19449099560706617,-0.5602240896358524,-4.020348855079163,Trung tinh
2021-09-08,17.96,72.36,92.71788476929915,4445.543333333333,1.37,37.62,1775.0,274.31,0.27,5.390348855079163,0.2775197849528288,-0.19449099560706617,-0.5602240896358524,-4.020348855079163,Trung tinh
2021-09-09,18.8,71.32,92.48450104363368,4445.543333333333,1.37,37.62,1775.0,274.31,0.27,5.390348855079163,-0.25171381578232843,-0.19449099560706617,-0.5602240896358524,-4.020348855079163,Trung tinh
2021-09-10,20.95,72.44,92.54307618040676,4445.543333333333,1.37,37.62,1775.0,274.31,0.27,5.390348855079163,0.06333508437854629,-0.19449099560706617,-0.5602240896358524,-4.020348855079163,Trung tinh
2021-09-11,20.95,72.44,92.54307618040676,4445.543333333333,1.37,37.62,1775.0,274.31,0.27,5.390348855079163,0.0,-0.19449099560706617,-0.5602240896358524,-4.020348855079163,Trung tinh
2021-09-12,20.95,72.44,92.54307618040676,4445.543333333333,1.37,37.62,1775.0,274.31,0.27,5.390348855079163,0.0,-0.19449099560706617,-0.5602240896358524,-4.020348855079163,Trung tinh
2021-09-13,19.37,72.97,92.61164451426747,4445.543333333333,1.37,37.62,1775.0,274.31,0.27,5.390348855079163,0.07409342404725017,-0.19449099560706617,-0.5602240896358524,-4.020348855079163,Trung tinh
2021-09-14,19.46,73.05,92.49984232979548,4445.543333333333,1.37,37.62,1775.0,274.31,0.27,5.390348855079163,-0.12072151947886134,-0.19449099560706617,-0.5602240896358524,-4.020348855079163,Trung tinh
2021-09-15,18.18,74.84,92.53607746072574,4445.543333333333,1.37,37.62,1775.0,274.31,0.27,5.390348855079163,0.039173181291563,-0.19449099560706617,-0.5602240896358524,-4.020348855079163,Trung tinh
2021-09-16,18.69,75.14,92.88127989675569,4445.543333333333,1.37,37.62,1775.0,274.31,0.27,5.390348855079163,0.37304632474448596,-0.19449099560706617,-0.5602240896358524,-4.020348855079163,Trung tinh
2021-09-17,20.81,74.64,93.14715559694501,4445.543333333333,1.37,37.62,1775.0,274.31,0.27,5.390348855079163,0.2862532692108344,-0.19449099560706617,-0.5602240896358524,-4.020348855079163,Trung tinh
2021-09-18,20.81,74.64,93.14715559694501,4445.543333333333,1.37,37.62,1775.0,274.31,0.27,5.390348855079163,0.0,-0.19449099560706617,-0.5602240896358524,-4.020348855079163,Trung tinh
2021-09-19,20.81,74.64,93.14715559694501,4445.543333333333,1.37,37.62,1775.0,274.31,0.27,5.390348855079163,0.0,-0.19449099560706617,-0.5602240896358524,-4.020348855079163,Trung tinh
2021-09-20,25.71,73.59,93.2516439210551,4445.543333333333,1.37,37.62,1775.0,274.31,0.27,5.390348855079163,0.11217553927489465,-0.19449099560706617,-0.5602240896358524,-4.020348855079163,Risk-off
2021-09-21,24.36,73.65,93.20972863526453,4445.543333333333,1.37,37.62,1775.0,274.31,0.27,5.390348855079163,-0.04494857573349442,-0.19449099560706617,-0.5602240896358524,-4.020348855079163,Trung tinh
2021-09-22,20.87,75.5,93.11299503874817,4445.543333333333,1.37,37.62,1775.0,274.31,0.27,5.390348855079163,-0.10378057948745578,-0.19449099560706617,-0.5602240896358524,-4.020348855079163,Trung tinh
2021-09-23,18.63,76.44,93.08941046191497,4445.543333333333,1.37,37.62,1775.0,274.31,0.27,5.390348855079163,-0.02532898530799299,-0.19449099560706617,-0.5602240896358524,-4.020348855079163,Trung tinh
2021-09-24,17.75,77.42,93.31155794050245,4445.543333333333,1.37,37.62,1775.0,274.31,0.27,5.390348855079163,0.23863882850387874,-0.19449099560706617,-0.5602240896358524,-4.020348855079163,Trung tinh
2021-09-25,17.75,77.42,93.31155794050245,4445.543333333333,1.37,37.62,1775.0,274.31,0.27,5.390348855079163,0.0,-0.19449099560706617,-0.5602240896358524,-4.020348855079163,Trung tinh
2021-09-26,17.75,77.42,93.31155794050245,4445.543333333333,1.37,37.62,1775.0,274.31,0.27,5.390348855079163,0.0,-0.19449099560706617,-0.5602240896358524,-4.020348855079163,Trung tinh
2021-09-27,18.76,78.85,93.38419635493551,4445.543333333333,1.37,37.62,1775.0,274.31,0.27,5.390348855079163,0.07784503445904534,-0.19449099560706617,-0.5602240896358524,-4.020348855079163,Trung tinh
2021-09-28,23.25,78.3,93.7167461821073,4445.543333333333,1.37,37.62,1775.0,274.31,0.27,5.390348855079163,0.3561093205833643,-0.19449099560706617,-0.5602240896358524,-4.020348855079163,Trung tinh
2021-09-29,22.56,77.86,94.26040536623393,4445.543333333333,1.37,37.62,1775.0,274.31,0.27,5.390348855079163,0.5801088986489233,-0.19449099560706617,-0.5602240896358524,-4.020348855079163,Trung tinh
2021-09-30,23.14,77.81,94.29789674090712,4445.543333333333,1.37,37.62,1775.0,274.31,0.27,5.390348855079163,0.039774255720126384,-0.19449099560706617,-0.5602240896358524,-4.020348855079163,Trung tinh
2021-10-01,21.15,79.4,94.02190517727203,4460.707142857143,1.58,37.25,1777.0,276.589,0.83,6.221868903328898,-0.2926805084459083,0.3411013769702542,0.11267605633802358,-4.641868903328898,Trung tinh
2021-10-02,21.15,79.4,94.02190517727203,4460.707142857143,1.58,37.25,1777.0,276.589,0.83,6.221868903328898,0.0,0.3411013769702542,0.11267605633802358,-4.641868903328898,Trung tinh
2021-10-03,21.15,79.4,94.02190517727203,4460.707142857143,1.58,37.25,1777.0,276.589,0.83,6.221868903328898,0.0,0.3411013769702542,0.11267605633802358,-4.641868903328898,Trung tinh
2021-10-04,22.96,81.44,93.7928033794458,4460.707142857143,1.58,37.25,1777.0,276.589,0.83,6.221868903328898,-0.24366853383185338,0.3411013769702542,0.11267605633802358,-4.641868903328898,Trung tinh
2021-10-05,21.3,82.72,93.87902507656088,4460.707142857143,1.58,37.25,1777.0,276.589,0.83,6.221868903328898,0.09192783881963873,0.3411013769702542,0.11267605633802358,-4.641868903328898,Trung tinh
2021-10-06,21.0,81.39,94.29973757286444,4460.707142857143,1.58,37.25,1777.0,276.589,0.83,6.221868903328898,0.4481432311002953,0.3411013769702542,0.11267605633802358,-4.641868903328898,Trung tinh
2021-10-07,19.54,82.34,94.13905118175305,4460.707142857143,1.58,37.25,1777.0,276.589,0.83,6.221868903328898,-0.17039961642230095,0.3411013769702542,0.11267605633802358,-4.641868903328898,Trung tinh
2021-10-08,18.77,82.17,94.09890740327374,4460.707142857143,1.58,37.25,1777.0,276.589,0.83,6.221868903328898,-0.042643066798919715,0.3411013769702542,0.11267605633802358,-4.641868903328898,Trung tinh
2021-10-09,18.77,82.17,94.09890740327374,4460.707142857143,1.58,37.25,1777.0,276.589,0.83,6.221868903328898,0.0,0.3411013769702542,0.11267605633802358,-4.641868903328898,Trung tinh
2021-10-10,18.77,82.17,94.09890740327374,4460.707142857143,1.58,37.25,1777.0,276.589,0.83,6.221868903328898,0.0,0.3411013769702542,0.11267605633802358,-4.641868903328898,Trung tinh
2021-10-11,20.0,83.75,94.09890740327374,4460.707142857143,1.58,37.25,1777.0,276.589,0.83,6.221868903328898,0.0,0.3411013769702542,0.11267605633802358,-4.641868903328898,Trung tinh
2021-10-12,19.85,83.53,94.4363369379266,4460.707142857143,1.58,37.25,1777.0,276.589,0.83,6.221868903328898,0.35859027906324226,0.3411013769702542,0.11267605633802358,-4.641868903328898,Trung tinh
2021-10-13,18.64,83.53,94.22022728552662,4460.707142857143,1.58,37.25,1777.0,276.589,0.83,6.221868903328898,-0.22884162961765986,0.3411013769702542,0.11267605633802358,-4.641868903328898,Trung tinh
2021-10-14,16.86,83.86,93.98136453955686,4460.707142857143,1.58,37.25,1777.0,276.589,0.83,6.221868903328898,-0.2535153574252158,0.3411013769702542,0.11267605633802358,-4.641868903328898,Trung tinh
2021-10-15,16.3,84.67,94.00374730224908,4460.707142857143,1.58,37.25,1777.0,276.589,0.83,6.221868903328898,0.023816171218493665,0.3411013769702542,0.11267605633802358,-4.641868903328898,Trung tinh
2021-10-16,16.3,84.67,94.00374730224908,4460.707142857143,1.58,37.25,1777.0,276.589,0.83,6.221868903328898,0.0,0.3411013769702542,0.11267605633802358,-4.641868903328898,Trung tinh
2021-10-17,16.3,84.67,94.00374730224908,4460.707142857143,1.58,37.25,1777.0,276.589,0.83,6.221868903328898,0.0,0.3411013769702542,0.11267605633802358,-4.641868903328898,Trung tinh
2021-10-18,16.31,84.13,93.94622312759084,4460.707142857143,1.58,37.25,1777.0,276.589,0.83,6.221868903328898,-0.06119349101401106,0.3411013769702542,0.11267605633802358,-4.641868903328898,Trung tinh
2021-10-19,15.7,85.02,93.75675370296912,4460.707142857143,1.58,37.25,1777.0,276.589,0.83,6.221868903328898,-0.2016785968759982,0.3411013769702542,0.11267605633802358,-4.641868903328898,Trung tinh
2021-10-20,15.49,85.76,93.64789704580258,4460.707142857143,1.58,37.25,1777.0,276.589,0.83,6.221868903328898,-0.11610540346929099,0.3411013769702542,0.11267605633802358,-4.641868903328898,Trung tinh
2021-10-21,15.01,84.58,93.59937983399644,4460.707142857143,1.58,37.25,1777.0,276.589,0.83,6.221868903328898,-0.05180811671874341,0.3411013769702542,0.11267605633802358,-4.641868903328898,Trung tinh
2021-10-22,15.43,85.43,93.70637696954854,4460.707142857143,1.58,37.25,1777.0,276.589,0.83,6.221868903328898,0.11431393641909704,0.3411013769702542,0.11267605633802358,-4.641868903328898,Trung tinh
2021-10-23,15.43,85.43,93.70637696954854,4460.707142857143,1.58,37.25,1777.0,276.589,0.83,6.221868903328898,0.0,0.3411013769702542,0.11267605633802358,-4.641868903328898,Trung tinh
2021-10-24,15.43,85.43,93.70637696954854,4460.707142857143,1.58,37.25,1777.0,276.589,0.83,6.221868903328898,0.0,0.3411013769702542,0.11267605633802358,-4.641868903328898,Trung tinh
2021-10-25,15.24,84.85,93.81518401937535,4460.707142857143,1.58,37.25,1777.0,276.589,0.83,6.221868903328898,0.11611488283467253,0.3411013769702542,0.11267605633802358,-4.641868903328898,Trung tinh
2021-10-26,15.98,85.11,93.98428623348876,4460.707142857143,1.58,37.25,1777.0,276.589,0.83,6.221868903328898,0.18025036765740854,0.3411013769702542,0.11267605633802358,-4.641868903328898,Trung tinh
2021-10-27,16.98,84.12,93.85823720344838,4460.707142857143,1.58,37.25,1777.0,276.589,0.83,6.221868903328898,-0.13411713286540783,0.3411013769702542,0.11267605633802358,-4.641868903328898,Trung tinh
2021-10-28,16.53,83.4,93.32956984626848,4460.707142857143,1.58,37.25,1777.0,276.589,0.83,6.221868903328898,-0.5632615452109468,0.3411013769702542,0.11267605633802358,-4.641868903328898,Trung tinh
2021-10-29,16.26,83.1,94.19770667498545,4460.707142857143,1.58,37.25,1777.0,276.589,0.83,6.221868903328898,0.9301841100810337,0.3411013769702542,0.11267605633802358,-4.641868903328898,Trung tinh
2021-10-30,16.26,83.1,94.19770667498545,4460.707142857143,1.58,37.25,1777.0,276.589,0.83,6.221868903328898,0.0,0.3411013769702542,0.11267605633802358,-4.641868903328898,Trung tinh
2021-10-31,16.26,83.1,94.19770667498545,4460.707142857143,1.58,37.25,1777.0,276.589,0.83,6.221868903328898,0.0,0.0,0.0,-4.641868903328898,Trung tinh
2021-11-01,16.41,84.51,93.9433822777404,4667.386666666667,1.56,38.58,1822.0,277.948,0.49,6.809002839806477,-0.2699900095472163,4.633335415002016,2.532357906584126,-5.249002839806478,Trung tinh
2021-11-02,16.03,84.42,94.08946068336066,4667.386666666667,1.56,38.58,1822.0,277.948,0.49,6.809002839806477,0.15549621706016925,4.633335415002016,2.532357906584126,-5.249002839806478,Trung tinh
2021-11-03,15.1,81.1,94.05281502262892,4667.386666666667,1.56,38.58,1822.0,277.948,0.49,6.809002839806477,-0.03894767858757531,4.633335415002016,2.532357906584126,-5.249002839806478,Trung tinh
2021-11-04,15.44,80.15,94.36170894613547,4667.386666666667,1.56,38.58,1822.0,277.948,0.49,6.809002839806477,0.32842602683633704,4.633335415002016,2.532357906584126,-5.249002839806478,Trung tinh
2021-11-05,16.48,82.43,94.29239298512802,4667.386666666667,1.56,38.58,1822.0,277.948,0.49,6.809002839806477,-0.07345772112606896,4.633335415002016,2.532357906584126,-5.249002839806478,Trung tinh
2021-11-06,16.48,82.43,94.29239298512802,4667.386666666667,1.56,38.58,1822.0,277.948,0.49,6.809002839806477,0.0,4.633335415002016,2.532357906584126,-5.249002839806478,Trung tinh
2021-11-07,16.48,82.43,94.29239298512802,4667.386666666667,1.56,38.58,1822.0,277.948,0.49,6.809002839806477,0.0,4.633335415002016,2.532357906584126,-5.249002839806478,Trung tinh
2021-11-08,17.22,83.22,94.02598873821252,4667.386666666667,1.56,38.58,1822.0,277.948,0.49,6.809002839806477,-0.2825299459284225,4.633335415002016,2.532357906584126,-5.249002839806478,Trung tinh
2021-11-09,17.78,84.52,94.01700446928089,4667.386666666667,1.56,38.58,1822.0,277.948,0.49,6.809002839806477,-0.009555091153190531,4.633335415002016,2.532357906584126,-5.249002839806478,Trung tinh
2021-11-10,18.73,82.91,94.59203691977149,4667.386666666667,1.56,38.58,1822.0,277.948,0.49,6.809002839806477,0.6116260071639346,4.633335415002016,2.532357906584126,-5.249002839806478,Trung tinh
2021-11-11,17.66,83.4,94.59203691977149,4667.386666666667,1.56,38.58,1822.0,277.948,0.49,6.809002839806477,0.0,4.633335415002016,2.532357906584126,-5.249002839806478,Trung tinh
2021-11-12,16.29,82.9,95.12468366583234,4667.386666666667,1.56,38.58,1822.0,277.948,0.49,6.809002839806477,0.5630989282032317,4.633335415002016,2.532357906584126,-5.249002839806478,Trung tinh
2021-11-13,16.29,82.9,95.12468366583234,4667.386666666667,1.56,38.58,1822.0,277.948,0.49,6.809002839806477,0.0,4.633335415002016,2.532357906584126,-5.249002839806478,Trung tinh
2021-11-14,16.29,82.9,95.12468366583234,4667.386666666667,1.56,38.58,1822.0,277.948,0.49,6.809002839806477,0.0,4.633335415002016,2.532357906584126,-5.249002839806478,Trung tinh
2021-11-15,16.49,81.94,95.19257672280949,4667.386666666667,1.56,38.58,1822.0,277.948,0.49,6.809002839806477,0.07137270197465906,4.633335415002016,2.532357906584126,-5.249002839806478,Trung tinh
2021-11-16,16.37,82.85,95.8135712990165,4667.386666666667,1.56,38.58,1822.0,277.948,0.49,6.809002839806477,0.6523560949666107,4.633335415002016,2.532357906584126,-5.249002839806478,Trung tinh
2021-11-17,17.11,80.67,95.79403338889219,4667.386666666667,1.56,38.58,1822.0,277.948,0.49,6.809002839806477,-0.0203915894788409,4.633335415002016,2.532357906584126,-5.249002839806478,Trung tinh
2021-11-18,17.59,82.45,95.63273746433033,4667.386666666667,1.56,38.58,1822.0,277.948,0.49,6.809002839806477,-0.16837784030561131,4.633335415002016,2.532357906584126,-5.249002839806478,Trung tinh
2021-11-19,17.91,80.24,95.80691002163434,4667.386666666667,1.56,38.58,1822.0,277.948,0.49,6.809002839806477,0.18212649969260308,4.633335415002016,2.532357906584126,-5.249002839806478,Trung tinh
2021-11-20,17.91,80.24,95.80691002163434,4667.386666666667,1.56,38.58,1822.0,277.948,0.49,6.809002839806477,0.0,4.633335415002016,2.532357906584126,-5.249002839806478,Trung tinh
2021-11-21,17.91,80.24,95.80691002163434,4667.386666666667,1.56,38.58,1822.0,277.948,0.49,6.809002839806477,0.0,4.633335415002016,2.532357906584126,-5.249002839806478,Trung tinh
2021-11-22,19.17,80.97,96.32190863911477,4667.386666666667,1.56,38.58,1822.0,277.948,0.49,6.809002839806477,0.5375380725295642,4.633335415002016,2.532357906584126,-5.249002839806478,Trung tinh
2021-11-23,19.38,83.43,96.40727570161418,4667.386666666667,1.56,38.58,1822.0,277.948,0.49,6.809002839806477,0.08862683859314213,4.633335415002016,2.532357906584126,-5.249002839806478,Trung tinh
2021-11-24,18.58,82.37,96.85204184971323,4667.386666666667,1.56,38.58,1822.0,277.948,0.49,6.809002839806477,0.46134085302402816,4.633335415002016,2.532357906584126,-5.249002839806478,Trung tinh
2021-11-25,18.58,82.05,96.85204184971323,4667.386666666667,1.56,38.58,1822.0,277.948,0.49,6.809002839806477,0.0,4.633335415002016,2.532357906584126,-5.249002839806478,Trung tinh
2021-11-26,28.62,72.37,96.13978142880887,4667.386666666667,1.56,38.58,1822.0,277.948,0.49,6.809002839806477,-0.735410846587603,4.633335415002016,2.532357906584126,-5.249002839806478,Risk-off
2021-11-27,28.62,72.37,96.13978142880887,4667.386666666667,1.56,38.58,1822.0,277.948,0.49,6.809002839806477,0.0,4.633335415002016,2.532357906584126,-5.249002839806478,Risk-off
2021-11-28,28.62,72.37,96.13978142880887,4667.386666666667,1.56,38.58,1822.0,277.948,0.49,6.809002839806477,0.0,4.633335415002016,2.532357906584126,-5.249002839806478,Risk-off
2021-11-29,22.96,73.34,96.42858607171414,4667.386666666667,1.56,38.58,1822.0,277.948,0.49,6.809002839806477,0.3004007691853605,4.633335415002016,2.532357906584126,-5.249002839806478,Trung tinh
2021-11-30,27.19,70.86,96.26501626498941,4667.386666666667,1.56,38.58,1822.0,277.948,0.49,6.809002839806477,-0.1696279219557062,4.633335415002016,2.532357906584126,-5.249002839806478,Risk-off
2021-12-01,31.12,69.53,95.96411238831139,4674.772727272726,1.47,38.3,1790.0,278.802,0.31,7.036402865545144,-0.31257863796513297,0.158248311818876,-1.7563117453347932,-5.566402865545144,Risk-off
2021-12-02,27.95,70.56,96.0952507090046,4674.772727272726,1.47,38.3,1790.0,278.802,0.31,7.036402865545144,0.1366535024703408,0.158248311818876,-1.7563117453347932,-5.566402865545144,Risk-off
2021-12-03,30.67,70.71,96.1661351745563,4674.772727272726,1.47,38.3,1790.0,278.802,0.31,7.036402865545144,0.07376479589646934,0.158248311818876,-1.7563117453347932,-5.566402865545144,Risk-off
2021-12-04,30.67,70.71,96.1661351745563,4674.772727272726,1.47,38.3,1790.0,278.802,0.31,7.036402865545144,0.0,0.158248311818876,-1.7563117453347932,-5.566402865545144,Risk-off
2021-12-05,30.67,70.71,96.1661351745563,4674.772727272726,1.47,38.3,1790.0,278.802,0.31,7.036402865545144,0.0,0.158248311818876,-1.7563117453347932,-5.566402865545144,Risk-off
2021-12-06,27.18,73.38,96.30403940313519,4674.772727272726,1.47,38.3,1790.0,278.802,0.31,7.036402865545144,0.14340207010354877,0.158248311818876,-1.7563117453347932,-5.566402865545144,Risk-off
2021-12-07,21.89,75.54,96.44388109563049,4674.772727272726,1.47,38.3,1790.0,278.802,0.31,7.036402865545144,0.1452085430289296,0.158248311818876,-1.7563117453347932,-5.566402865545144,Trung tinh
2021-12-08,19.9,75.94,96.01381997561636,4674.772727272726,1.47,38.3,1790.0,278.802,0.31,7.036402865545144,-0.44591851253652504,0.158248311818876,-1.7563117453347932,-5.566402865545144,Trung tinh
2021-12-09,21.58,74.1,96.30210367438022,4674.772727272726,1.47,38.3,1790.0,278.802,0.31,7.036402865545144,0.30025229580186164,0.158248311818876,-1.7563117453347932,-5.566402865545144,Trung tinh
2021-12-10,18.69,74.98,96.05899737531499,4674.772727272726,1.47,38.3,1790.0,278.802,0.31,7.036402865545144,-0.2524413172605544,0.158248311818876,-1.7563117453347932,-5.566402865545144,Trung tinh
2021-12-11,18.69,74.98,96.05899737531499,4674.772727272726,1.47,38.3,1790.0,278.802,0.31,7.036402865545144,0.0,0.158248311818876,-1.7563117453347932,-5.566402865545144,Trung tinh
2021-12-12,18.69,74.98,96.05899737531499,4674.772727272726,1.47,38.3,1790.0,278.802,0.31,7.036402865545144,0.0,0.158248311818876,-1.7563117453347932,-5.566402865545144,Trung tinh
2021-12-13,20.31,74.12,96.24202363931647,4674.772727272726,1.47,38.3,1790.0,278.802,0.31,7.036402865545144,0.19053526374668284,0.158248311818876,-1.7563117453347932,-5.566402865545144,Trung tinh
2021-12-14,21.89,73.37,96.49809845244516,4674.772727272726,1.47,38.3,1790.0,278.802,0.31,7.036402865545144,0.26607380377658973,0.158248311818876,-1.7563117453347932,-5.566402865545144,Trung tinh
2021-12-15,19.29,73.71,96.60163352075664,4674.772727272726,1.47,38.3,1790.0,278.802,0.31,7.036402865545144,0.10729234044182245,0.158248311818876,-1.7563117453347932,-5.566402865545144,Trung tinh
2021-12-16,20.57,74.64,96.10856121036147,4674.772727272726,1.47,38.3,1790.0,278.802,0.31,7.036402865545144,-0.5104181911056549,0.158248311818876,-1.7563117453347932,-5.566402865545144,Trung tinh
2021-12-17,21.57,72.97,96.36393481240631,4674.772727272726,1.47,38.3,1790.0,278.802,0.31,7.036402865545144,0.2657136875515942,0.158248311818876,-1.7563117453347932,-5.566402865545144,Trung tinh
2021-12-18,21.57,72.97,96.36393481240631,4674.772727272726,1.47,38.3,1790.0,278.802,0.31,7.036402865545144,0.0,0.158248311818876,-1.7563117453347932,-5.566402865545144,Trung tinh
2021-12-19,21.57,72.97,96.36393481240631,4674.772727272726,1.47,38.3,1790.0,278.802,0.31,7.036402865545144,0.0,0.158248311818876,-1.7563117453347932,-5.566402865545144,Trung tinh
2021-12-20,22.87,70.51,96.37031053991755,4674.772727272726,1.47,38.3,1790.0,278.802,0.31,7.036402865545144,0.006616300510819961,0.158248311818876,-1.7563117453347932,-5.566402865545144,Trung tinh
2021-12-21,21.01,72.85,96.56090513377798,4674.772727272726,1.47,38.3,1790.0,278.802,0.31,7.036402865545144,0.19777314485407427,0.158248311818876,-1.7563117453347932,-5.566402865545144,Trung tinh
2021-12-22,18.63,74.69,96.13935548029964,4674.772727272726,1.47,38.3,1790.0,278.802,0.31,7.036402865545144,-0.43656348591006866,0.158248311818876,-1.7563117453347932,-5.566402865545144,Trung tinh
2021-12-23,17.96,76.26,96.09776181998323,4674.772727272726,1.47,38.3,1790.0,278.802,0.31,7.036402865545144,-0.043263926732828306,0.158248311818876,-1.7563117453347932,-5.566402865545144,Trung tinh
2021-12-24,17.96,75.24,96.09776181998323,4674.772727272726,1.47,38.3,1790.0,278.802,0.31,7.036402865545144,0.0,0.158248311818876,-1.7563117453347932,-5.566402865545144,Trung tinh
2021-12-25,17.96,75.24,96.09776181998323,4674.772727272726,1.47,38.3,1790.0,278.802,0.31,7.036402865545144,0.0,0.158248311818876,-1.7563117453347932,-5.566402865545144,Trung tinh
2021-12-26,17.96,75.24,96.09776181998323,4674.772727272726,1.47,38.3,1790.0,278.802,0.31,7.036402865545144,0.0,0.158248311818876,-1.7563117453347932,-5.566402865545144,Trung tinh
2021-12-27,17.68,75.24,96.07144726277927,4674.772727272726,1.47,38.3,1790.0,278.802,0.31,7.036402865545144,-0.027383111433187945,0.158248311818876,-1.7563117453347932,-5.566402865545144,Trung tinh
2021-12-28,17.54,75.24,96.12587070384113,4674.772727272726,1.47,38.3,1790.0,278.802,0.31,7.036402865545144,0.05664892391283871,0.158248311818876,-1.7563117453347932,-5.566402865545144,Trung tinh
2021-12-29,16.95,78.63,95.98970747410488,4674.772727272726,1.47,38.3,1790.0,278.802,0.31,7.036402865545144,-0.14165097152228912,0.158248311818876,-1.7563117453347932,-5.566402865545144,Trung tinh
2021-12-30,17.33,78.61,96.05660620515769,4674.772727272726,1.47,38.3,1790.0,278.802,0.31,7.036402865545144,0.06969365030189412,0.158248311818876,-1.7563117453347932,-5.566402865545144,Trung tinh
2021-12-31,17.22,77.24,96.05660620515769,4674.772727272726,1.47,38.3,1790.0,278.802,0.31,7.036402865545144,0.0,0.0,0.0,-5.566402865545144,Trung tinh
2022-01-01,17.22,77.24,96.05660620515769,4573.8155,1.76,36.94,1816.0,281.148,0.84,7.479872468289117,0.0,-2.1596178715542647,1.452513966480451,-5.719872468289117,Trung tinh
2022-01-02,17.22,77.24,96.05660620515769,4573.8155,1.76,36.94,1816.0,281.148,0.84,7.479872468289117,0.0,-2.1596178715542647,1.452513966480451,-5.719872468289117,Trung tinh
2022-01-03,16.6,78.25,96.26556826676405,4573.8155,1.76,36.94,1816.0,281.148,0.84,7.479872468289117,0.2175405418343157,-2.1596178715542647,1.452513966480451,-5.719872468289117,Trung tinh
2022-01-04,16.91,79.39,96.20408420034076,4573.8155,1.76,36.94,1816.0,281.148,0.84,7.479872468289117,-0.06386921879785179,-2.1596178715542647,1.452513966480451,-5.719872468289117,Trung tinh
2022-01-05,19.73,80.6,95.957531121205,4573.8155,1.76,36.94,1816.0,281.148,0.84,7.479872468289117,-0.25628130155298523,-2.1596178715542647,1.452513966480451,-5.719872468289117,Trung tinh
2022-01-06,19.61,81.99,96.16929006664418,4573.8155,1.76,36.94,1816.0,281.148,0.84,7.479872468289117,0.22067986010572138,-2.1596178715542647,1.452513966480451,-5.719872468289117,Trung tinh
2022-01-07,18.76,82.28,95.77224510865649,4573.8155,1.76,36.94,1816.0,281.148,0.84,7.479872468289117,-0.4128604440279626,-2.1596178715542647,1.452513966480451,-5.719872468289117,Trung tinh
2022-01-08,18.76,82.28,95.77224510865649,4573.8155,1.76,36.94,1816.0,281.148,0.84,7.479872468289117,0.0,-2.1596178715542647,1.452513966480451,-5.719872468289117,Trung tinh
2022-01-09,18.76,82.28,95.77224510865649,4573.8155,1.76,36.94,1816.0,281.148,0.84,7.479872468289117,0.0,-2.1596178715542647,1.452513966480451,-5.719872468289117,Trung tinh
2022-01-10,19.4,81.56,95.95034957244725,4573.8155,1.76,36.94,1816.0,281.148,0.84,7.479872468289117,0.18596667916543907,-2.1596178715542647,1.452513966480451,-5.719872468289117,Trung tinh
2022-01-11,18.41,84.98,95.67091940408338,4573.8155,1.76,36.94,1816.0,281.148,0.84,7.479872468289117,-0.2912237106055482,-2.1596178715542647,1.452513966480451,-5.719872468289117,Trung tinh
2022-01-12,17.62,85.83,95.06004268838008,4573.8155,1.76,36.94,1816.0,281.148,0.84,7.479872468289117,-0.6385187050655938,-2.1596178715542647,1.452513966480451,-5.719872468289117,Trung tinh
2022-01-13,20.31,85.8,94.76723037664847,4573.8155,1.76,36.94,1816.0,281.148,0.84,7.479872468289117,-0.30802880311288083,-2.1596178715542647,1.452513966480451,-5.719872468289117,Trung tinh
2022-01-14,19.19,87.17,95.12715791555249,4573.8155,1.76,36.94,1816.0,281.148,0.84,7.479872468289117,0.3798016861667364,-2.1596178715542647,1.452513966480451,-5.719872468289117,Trung tinh
2022-01-15,19.19,87.17,95.12715791555249,4573.8155,1.76,36.94,1816.0,281.148,0.84,7.479872468289117,0.0,-2.1596178715542647,1.452513966480451,-5.719872468289117,Trung tinh
2022-01-16,19.19,87.17,95.12715791555249,4573.8155,1.76,36.94,1816.0,281.148,0.84,7.479872468289117,0.0,-2.1596178715542647,1.452513966480451,-5.719872468289117,Trung tinh
2022-01-17,19.19,87.82,95.12715791555249,4573.8155,1.76,36.94,1816.0,281.148,0.84,7.479872468289117,0.0,-2.1596178715542647,1.452513966480451,-5.719872468289117,Trung tinh
2022-01-18,22.79,88.83,95.70329168655353,4573.8155,1.76,36.94,1816.0,281.148,0.84,7.479872468289117,0.6056459413120496,-2.1596178715542647,1.452513966480451,-5.719872468289117,Trung tinh
2022-01-19,23.85,89.64,95.55482071419391,4573.8155,1.76,36.94,1816.0,281.148,0.84,7.479872468289117,-0.15513674581423276,-2.1596178715542647,1.452513966480451,-5.719872468289117,Trung tinh
2022-01-20,25.59,89.75,95.54412704879016,4573.8155,1.76,36.94,1816.0,281.148,0.84,7.479872468289117,-0.011191131252008546,-2.1596178715542647,1.452513966480451,-5.719872468289117,Risk-off
2022-01-21,28.85,89.75,95.59907600057704,4573.8155,1.76,36.94,1816.0,281.148,0.84,7.479872468289117,0.05751159541058648,-2.1596178715542647,1.452513966480451,-5.719872468289117,Risk-off
2022-01-22,28.85,89.75,95.59907600057704,4573.8155,1.76,36.94,1816.0,281.148,0.84,7.479872468289117,0.0,-2.1596178715542647,1.452513966480451,-5.719872468289117,Risk-off
2022-01-23,28.85,89.75,95.59907600057704,4573.8155,1.76,36.94,1816.0,281.148,0.84,7.479872468289117,0.0,-2.1596178715542647,1.452513966480451,-5.719872468289117,Risk-off
2022-01-24,29.9,87.74,96.05554931673208,4573.8155,1.76,36.94,1816.0,281.148,0.84,7.479872468289117,0.4774871633197453,-2.1596178715542647,1.452513966480451,-5.719872468289117,Risk-off
2022-01-25,31.16,89.49,96.11526197916169,4573.8155,1.76,36.94,1816.0,281.148,0.84,7.479872468289117,0.06216471911759669,-2.1596178715542647,1.452513966480451,-5.719872468289117,Risk-off
2022-01-26,31.96,91.22,96.13735406633278,4573.8155,1.76,36.94,1816.0,281.148,0.84,7.479872468289117,0.022984993970975864,-2.1596178715542647,1.452513966480451,-5.719872468289117,Risk-off
2022-01-27,30.49,90.7,97.2340125324899,4573.8155,1.76,36.94,1816.0,281.148,0.84,7.479872468289117,1.1407204585643704,-2.1596178715542647,1.452513966480451,-5.719872468289117,Risk-off
2022-01-28,27.66,91.47,97.1294405455045,4573.8155,1.76,36.94,1816.0,281.148,0.84,7.479872468289117,-0.1075467156623433,-2.1596178715542647,1.452513966480451,-5.719872468289117,Risk-off
2022-01-29,27.66,91.47,97.1294405455045,4573.8155,1.76,36.94,1816.0,281.148,0.84,7.479872468289117,0.0,-2.1596178715542647,1.452513966480451,-5.719872468289117,Risk-off
2022-01-30,27.66,91.47,97.1294405455045,4573.8155,1.76,36.94,1816.0,281.148,0.84,7.479872468289117,0.0,-2.1596178715542647,1.452513966480451,-5.719872468289117,Risk-off
2022-01-31,24.83,92.35,96.76748224369817,4573.8155,1.76,36.94,1816.0,281.148,0.84,7.479872468289117,-0.37265560243472384,0.0,0.0,-5.719872468289117,Trung tinh
2022-02-01,21.96,90.24,96.47477187858586,4435.980526315789,1.93,35.29,1856.0,283.716,0.91,7.871063897739283,-0.30248835489503634,-3.0135665438234427,2.2026431718061623,-5.941063897739284,Trung tinh
2022-02-02,22.09,91.43,96.06113700699345,4435.980526315789,1.93,35.29,1856.0,283.716,0.91,7.871063897739283,-0.42874926111561296,-3.0135665438234427,2.2026431718061623,-5.941063897739284,Trung tinh
2022-02-03,24.35,92.99,95.41527884124908,4435.980526315789,1.93,35.29,1856.0,283.716,0.91,7.871063897739283,-0.672340746599065,-3.0135665438234427,2.2026431718061623,-5.941063897739284,Trung tinh
2022-02-04,23.22,96.86,95.43251510008481,4435.980526315789,1.93,35.29,1856.0,283.716,0.91,7.871063897739283,0.018064464145628456,-3.0135665438234427,2.2026431718061623,-5.941063897739284,Trung tinh
2022-02-05,23.22,96.86,95.43251510008481,4435.980526315789,1.93,35.29,1856.0,283.716,0.91,7.871063897739283,0.0,-3.0135665438234427,2.2026431718061623,-5.941063897739284,Trung tinh
2022-02-06,23.22,96.86,95.43251510008481,4435.980526315789,1.93,35.29,1856.0,283.716,0.91,7.871063897739283,0.0,-3.0135665438234427,2.2026431718061623,-5.941063897739284,Trung tinh
2022-02-07,22.86,97.28,95.47607737141007,4435.980526315789,1.93,35.29,1856.0,283.716,0.91,7.871063897739283,0.045647200306486724,-3.0135665438234427,2.2026431718061623,-5.941063897739284,Trung tinh
2022-02-08,21.44,96.07,95.62912835508399,4435.980526315789,1.93,35.29,1856.0,283.716,0.91,7.871063897739283,0.1603029658189037,-3.0135665438234427,2.2026431718061623,-5.941063897739284,Trung tinh
2022-02-09,19.96,94.95,95.47120393086978,4435.980526315789,1.93,35.29,1856.0,283.716,0.91,7.871063897739283,-0.1651425950760732,-3.0135665438234427,2.2026431718061623,-5.941063897739284,Trung tinh
2022-02-10,23.91,96.37,95.20807091455215,4435.980526315789,1.93,35.29,1856.0,283.716,0.91,7.871063897739283,-0.2756150603360541,-3.0135665438234427,2.2026431718061623,-5.941063897739284,Trung tinh
2022-02-11,27.36,97.5,95.70572121708553,4435.980526315789,1.93,35.29,1856.0,283.716,0.91,7.871063897739283,0.5226976008998241,-3.0135665438234427,2.2026431718061623,-5.941063897739284,Risk-off
2022-02-12,27.36,97.5,95.70572121708553,4435.980526315789,1.93,35.29,1856.0,283.716,0.91,7.871063897739283,0.0,-3.0135665438234427,2.2026431718061623,-5.941063897739284,Risk-off
2022-02-13,27.36,97.5,95.70572121708553,4435.980526315789,1.93,35.29,1856.0,283.716,0.91,7.871063897739283,0.0,-3.0135665438234427,2.2026431718061623,-5.941063897739284,Risk-off
2022-02-14,28.33,101.66,96.32725881153826,4435.980526315789,1.93,35.29,1856.0,283.716,0.91,7.871063897739283,0.6494257464952691,-3.0135665438234427,2.2026431718061623,-5.941063897739284,Risk-off
2022-02-15,25.7,98.43,95.97174214560724,4435.980526315789,1.93,35.29,1856.0,283.716,0.91,7.871063897739283,-0.3690717148160272,-3.0135665438234427,2.2026431718061623,-5.941063897739284,Risk-off
2022-02-16,24.29,97.44,95.77601641262304,4435.980526315789,1.93,35.29,1856.0,283.716,0.91,7.871063897739283,-0.20394100243303903,-3.0135665438234427,2.2026431718061623,-5.941063897739284,Trung tinh
2022-02-17,28.11,95.28,95.80609121536753,4435.980526315789,1.93,35.29,1856.0,283.716,0.91,7.871063897739283,0.0314011835853778,-3.0135665438234427,2.2026431718061623,-5.941063897739284,Risk-off
2022-02-18,27.75,96.18,96.0849362283605,4435.980526315789,1.93,35.29,1856.0,283.716,0.91,7.871063897739283,0.29105144511756276,-3.0135665438234427,2.2026431718061623,-5.941063897739284,Risk-off
2022-02-19,27.75,96.18,96.0849362283605,4435.980526315789,1.93,35.29,1856.0,283.716,0.91,7.871063897739283,0.0,-3.0135665438234427,2.2026431718061623,-5.941063897739284,Risk-off
2022-02-20,27.75,96.18,96.0849362283605,4435.980526315789,1.93,35.29,1856.0,283.716,0.91,7.871063897739283,0.0,-3.0135665438234427,2.2026431718061623,-5.941063897739284,Risk-off
2022-02-21,27.75,98.95,96.0849362283605,4435.980526315789,1.93,35.29,1856.0,283.716,0.91,7.871063897739283,0.0,-3.0135665438234427,2.2026431718061623,-5.941063897739284,Risk-off
2022-02-22,28.81,98.73,95.94881619171666,4435.980526315789,1.93,35.29,1856.0,283.716,0.91,7.871063897739283,-0.14166636518375686,-3.0135665438234427,2.2026431718061623,-5.941063897739284,Risk-off
2022-02-23,31.02,99.29,96.1270423381467,4435.980526315789,1.93,35.29,1856.0,283.716,0.91,7.871063897739283,0.18575127188011908,-3.0135665438234427,2.2026431718061623,-5.941063897739284,Risk-off
2022-02-24,30.32,101.29,97.33918230157158,4435.980526315789,1.93,35.29,1856.0,283.716,0.91,7.871063897739283,1.2609770715309665,-3.0135665438234427,2.2026431718061623,-5.941063897739284,Risk-off
2022-02-25,27.59,98.56,96.65548687210513,4435.980526315789,1.93,35.29,1856.0,283.716,0.91,7.871063897739283,-0.702384603302153,-3.0135665438234427,2.2026431718061623,-5.941063897739284,Risk-off
2022-02-26,27.59,98.56,96.65548687210513,4435.980526315789,1.93,35.29,1856.0,283.716,0.91,7.871063897739283,0.0,-3.0135665438234427,2.2026431718061623,-5.941063897739284,Risk-off
2022-02-27,27.59,98.56,96.65548687210513,4435.980526315789,1.93,35.29,1856.0,283.716,0.91,7.871063897739283,0.0,-3.0135665438234427,2.2026431718061623,-5.941063897739284,Risk-off
2022-02-28,30.15,103.08,96.68978996131385,4435.980526315789,1.93,35.29,1856.0,283.716,0.91,7.871063897739283,0.035490058887299725,-3.0135665438234427,2.2026431718061623,-5.941063897739284,Risk-off
2022-03-01,33.32,110.93,97.48095129877089,4391.265217391306,2.13,34.27,1948.0,287.504,1.34,8.542455554842432,0.8182470328807145,-3.991203462594717,7.268722466960353,-6.412455554842432,Risk-off
2022-03-02,30.74,118.94,97.51402757461356,4391.265217391306,2.13,34.27,1948.0,287.504,1.34,8.542455554842432,0.03393101462592085,-3.991203462594717,7.268722466960353,-6.412455554842432,Risk-off
2022-03-03,30.48,115.36,97.85128783929297,4391.265217391306,2.13,34.27,1948.0,287.504,1.34,8.542455554842432,0.3458582042684455,-1.008014094273324,4.956896551724133,-6.412455554842432,Risk-off
2022-03-04,31.98,123.86,98.65211677795025,4391.265217391306,2.13,34.27,1948.0,287.504,1.34,8.542455554842432,0.8184143063835192,-1.008014094273324,4.956896551724133,-6.412455554842432,Risk-off
2022-03-05,31.98,123.86,98.65211677795025,4391.265217391306,2.13,34.27,1948.0,287.504,1.34,8.542455554842432,0.0,-1.008014094273324,4.956896551724133,-6.412455554842432,Risk-off
2022-03-06,31.98,123.86,98.65211677795025,4391.265217391306,2.13,34.27,1948.0,287.504,1.34,8.542455554842432,0.0,-1.008014094273324,4.956896551724133,-6.412455554842432,Risk-off
2022-03-07,36.45,129.02,99.20070296383938,4391.265217391306,2.13,34.27,1948.0,287.504,1.34,8.542455554842432,0.5560815153352383,-1.008014094273324,4.956896551724133,-6.412455554842432,Risk-off
2022-03-08,35.13,133.18,99.2077697814308,4391.265217391306,2.13,34.27,1948.0,287.504,1.34,8.542455554842432,0.0071237575745897175,-1.008014094273324,4.956896551724133,-6.412455554842432,Risk-off
2022-03-09,32.45,116.58,98.01824042512946,4391.265217391306,2.13,34.27,1948.0,287.504,1.34,8.542455554842432,-1.1990284217879732,-1.008014094273324,4.956896551724133,-6.412455554842432,Risk-off
2022-03-10,30.23,114.54,98.38034856475367,4391.265217391306,2.13,34.27,1948.0,287.504,1.34,8.542455554842432,0.3694293409610916,-1.008014094273324,4.956896551724133,-6.412455554842432,Risk-off
2022-03-11,30.75,118.11,98.90299297488261,4391.265217391306,2.13,34.27,1948.0,287.504,1.34,8.542455554842432,0.5312487887608297,-1.008014094273324,4.956896551724133,-6.412455554842432,Risk-off
2022-03-12,30.75,118.11,98.90299297488261,4391.265217391306,2.13,34.27,1948.0,287.504,1.34,8.542455554842432,0.0,-1.008014094273324,4.956896551724133,-6.412455554842432,Risk-off
2022-03-13,30.75,118.11,98.90299297488261,4391.265217391306,2.13,34.27,1948.0,287.504,1.34,8.542455554842432,0.0,-1.008014094273324,4.956896551724133,-6.412455554842432,Risk-off
2022-03-14,31.77,110.39,98.79409754767879,4391.265217391306,2.13,34.27,1948.0,287.504,1.34,8.542455554842432,-0.11010326778632118,-1.008014094273324,4.956896551724133,-6.412455554842432,Risk-off
2022-03-15,29.83,105.14,98.88345026662809,4391.265217391306,2.13,34.27,1948.0,287.504,1.34,8.542455554842432,0.09044337786088263,-1.008014094273324,4.956896551724133,-6.412455554842432,Risk-off
2022-03-16,26.67,104.61,98.66534179436422,4391.265217391306,2.13,34.27,1948.0,287.504,1.34,8.542455554842432,-0.22057126008018235,-1.008014094273324,4.956896551724133,-6.412455554842432,Risk-off
2022-03-17,25.67,113.5,97.8939275118482,4391.265217391306,2.13,34.27,1948.0,287.504,1.34,8.542455554842432,-0.7818492983319159,-1.008014094273324,4.956896551724133,-6.412455554842432,Risk-off
2022-03-18,23.87,114.32,98.30770603350857,4391.265217391306,2.13,34.27,1948.0,287.504,1.34,8.542455554842432,0.4226804789401184,-1.008014094273324,4.956896551724133,-6.412455554842432,Trung tinh
2022-03-19,23.87,114.32,98.30770603350857,4391.265217391306,2.13,34.27,1948.0,287.504,1.34,8.542455554842432,0.0,-1.008014094273324,4.956896551724133,-6.412455554842432,Trung tinh
2022-03-20,23.87,114.32,98.30770603350857,4391.265217391306,2.13,34.27,1948.0,287.504,1.34,8.542455554842432,0.0,-1.008014094273324,4.956896551724133,-6.412455554842432,Trung tinh
2022-03-21,23.53,122.29,98.20977251800475,4391.265217391306,2.13,34.27,1948.0,287.504,1.34,8.542455554842432,-0.09961936805893412,-1.008014094273324,4.956896551724133,-6.412455554842432,Trung tinh
2022-03-22,22.94,121.53,98.48271833922125,4391.265217391306,2.13,34.27,1948.0,287.504,1.34,8.542455554842432,0.2779212436994971,-1.008014094273324,4.956896551724133,-6.412455554842432,Trung tinh
2022-03-23,23.57,127.52,98.6472613130582,4391.265217391306,2.13,34.27,1948.0,287.504,1.34,8.542455554842432,0.16707801796267407,-1.008014094273324,4.956896551724133,-6.412455554842432,Trung tinh
2022-03-24,21.67,123.98,98.72050443599338,4391.265217391306,2.13,34.27,1948.0,287.504,1.34,8.542455554842432,0.07424749755875482,-1.008014094273324,4.956896551724133,-6.412455554842432,Trung tinh
2022-03-25,20.81,122.67,98.80571025956236,4391.265217391306,2.13,34.27,1948.0,287.504,1.34,8.542455554842432,0.08631015821463084,-1.008014094273324,4.956896551724133,-6.412455554842432,Trung tinh
2022-03-26,20.81,122.67,98.80571025956236,4391.265217391306,2.13,34.27,1948.0,287.504,1.34,8.542455554842432,0.0,-1.008014094273324,4.956896551724133,-6.412455554842432,Trung tinh
2022-03-27,20.81,122.67,98.80571025956236,4391.265217391306,2.13,34.27,1948.0,287.504,1.34,8.542455554842432,0.0,-1.008014094273324,4.956896551724133,-6.412455554842432,Trung tinh
2022-03-28,19.63,114.5,99.15933286110662,4391.265217391306,2.13,34.27,1948.0,287.504,1.34,8.542455554842432,0.35789692783472216,-1.008014094273324,4.956896551724133,-6.412455554842432,Trung tinh
2022-03-29,18.9,112.79,98.26578873410695,4391.265217391306,2.13,34.27,1948.0,287.504,1.34,8.542455554842432,-0.9011195428788032,-1.008014094273324,4.956896551724133,-6.412455554842432,Trung tinh
2022-03-30,19.33,115.59,97.81665654537,4391.265217391306,2.13,34.27,1948.0,287.504,1.34,8.542455554842432,-0.45705854959576797,-1.008014094273324,4.956896551724133,-6.412455554842432,Trung tinh
2022-03-31,20.56,107.29,98.13639455105994,4391.265217391306,2.13,34.27,1948.0,287.504,1.34,8.542455554842432,0.32687480535755764,0.0,0.0,-6.412455554842432,Trung tinh
2022-04-01,19.63,106.13,98.59434160347597,4391.295999999999,2.75,33.89,1937.0,289.109,0.56,8.258629340882372,0.46664344508577926,0.0007009963454596146,-0.5646817248459945,-5.508629340882372,Trung tinh
2022-04-02,19.63,106.13,98.59434160347597,4391.295999999999,2.75,33.89,1937.0,289.109,0.56,8.258629340882372,0.0,0.0007009963454596146,-0.5646817248459945,-5.508629340882372,Trung tinh
2022-04-03,19.63,106.13,98.59434160347597,4391.295999999999,2.75,33.89,1937.0,289.109,0.56,8.258629340882372,0.0,0.0007009963454596146,-0.5646817248459945,-5.508629340882372,Trung tinh
2022-04-04,18.57,108.15,98.8782478193235,4391.295999999999,2.75,33.89,1937.0,289.109,0.56,8.258629340882372,0.2879538635080614,0.0007009963454596146,-0.5646817248459945,-5.508629340882372,Trung tinh
2022-04-05,21.03,106.6,99.33562611481044,4391.295999999999,2.75,33.89,1937.0,289.109,0.56,8.258629340882372,0.4625671526084174,0.0007009963454596146,-0.5646817248459945,-5.508629340882372,Trung tinh
2022-04-06,22.1,100.81,99.46236182377889,4391.295999999999,2.75,33.89,1937.0,289.109,0.56,8.258629340882372,0.12758333935698474,0.0007009963454596146,-0.5646817248459945,-5.508629340882372,Trung tinh
2022-04-07,21.55,99.83,99.64873920071258,4391.295999999999,2.75,33.89,1937.0,289.109,0.56,8.258629340882372,0.1873848293125313,0.0007009963454596146,-0.5646817248459945,-5.508629340882372,Trung tinh
2022-04-08,21.16,101.26,99.84595568749805,4391.295999999999,2.75,33.89,1937.0,289.109,0.56,8.258629340882372,0.19791167290961198,0.0007009963454596146,-0.5646817248459945,-5.508629340882372,Trung tinh
2022-04-09,21.16,101.26,99.84595568749805,4391.295999999999,2.75,33.89,1937.0,289.109,0.56,8.258629340882372,0.0,0.0007009963454596146,-0.5646817248459945,-5.508629340882372,Trung tinh
2022-04-10,21.16,101.26,99.84595568749805,4391.295999999999,2.75,33.89,1937.0,289.109,0.56,8.258629340882372,0.0,0.0007009963454596146,-0.5646817248459945,-5.508629340882372,Trung tinh
2022-04-11,24.37,97.92,100.0196101565377,4391.295999999999,2.75,33.89,1937.0,289.109,0.56,8.258629340882372,0.17392238658435755,0.0007009963454596146,-0.5646817248459945,-5.508629340882372,Trung tinh
2022-04-12,24.26,104.42,100.10332274445119,4391.295999999999,2.75,33.89,1937.0,289.109,0.56,8.258629340882372,0.08369617496257753,0.0007009963454596146,-0.5646817248459945,-5.508629340882372,Trung tinh
2022-04-13,21.82,108.49,99.98189072021879,4391.295999999999,2.75,33.89,1937.0,289.109,0.56,8.258629340882372,-0.12130668683436596,0.0007009963454596146,-0.5646817248459945,-5.508629340882372,Trung tinh
2022-04-14,22.7,110.83,100.5394215141222,4391.295999999999,2.75,33.89,1937.0,289.109,0.56,8.258629340882372,0.5576317770020545,0.0007009963454596146,-0.5646817248459945,-5.508629340882372,Trung tinh
2022-04-15,22.7,110.83,100.48716054753932,4391.295999999999,2.75,33.89,1937.0,289.109,0.56,8.258629340882372,-0.05198057219329977,0.0007009963454596146,-0.5646817248459945,-5.508629340882372,Trung tinh
2022-04-16,22.7,110.83,100.48716054753932,4391.295999999999,2.75,33.89,1937.0,289.109,0.56,8.258629340882372,0.0,0.0007009963454596146,-0.5646817248459945,-5.508629340882372,Trung tinh
2022-04-17,22.7,110.83,100.48716054753932,4391.295999999999,2.75,33.89,1937.0,289.109,0.56,8.258629340882372,0.0,0.0007009963454596146,-0.5646817248459945,-5.508629340882372,Trung tinh
2022-04-18,22.17,110.83,100.74592737135352,4391.295999999999,2.75,33.89,1937.0,289.109,0.56,8.258629340882372,0.2575123253599987,0.0007009963454596146,-0.5646817248459945,-5.508629340882372,Trung tinh
2022-04-19,21.37,105.49,100.92838261952738,4391.295999999999,2.75,33.89,1937.0,289.109,0.56,8.258629340882372,0.18110434132123654,0.0007009963454596146,-0.5646817248459945,-5.508629340882372,Trung tinh
2022-04-20,20.32,105.05,100.28297441502075,4391.295999999999,2.75,33.89,1937.0,289.109,0.56,8.258629340882372,-0.6394714625911013,0.0007009963454596146,-0.5646817248459945,-5.508629340882372,Trung tinh
2022-04-21,22.68,107.2,100.55581492514895,4391.295999999999,2.75,33.89,1937.0,289.109,0.56,8.258629340882372,0.27207061988314685,0.0007009963454596146,-0.5646817248459945,-5.508629340882372,Trung tinh
2022-04-22,28.21,105.15,101.19715889125374,4391.295999999999,2.75,33.89,1937.0,289.109,0.56,8.258629340882372,0.6377989841583886,0.0007009963454596146,-0.5646817248459945,-5.508629340882372,Risk-off
2022-04-23,28.21,105.15,101.19715889125374,4391.295999999999,2.75,33.89,1937.0,289.109,0.56,8.258629340882372,0.0,0.0007009963454596146,-0.5646817248459945,-5.508629340882372,Risk-off
2022-04-24,28.21,105.15,101.19715889125374,4391.295999999999,2.75,33.89,1937.0,289.109,0.56,8.258629340882372,0.0,0.0007009963454596146,-0.5646817248459945,-5.508629340882372,Risk-off
2022-04-25,27.02,99.27,101.818344112835,4391.295999999999,2.75,33.89,1937.0,289.109,0.56,8.258629340882372,0.6138366218846114,0.0007009963454596146,-0.5646817248459945,-5.508629340882372,Risk-off
2022-04-26,33.52,102.89,102.14847122424871,4391.295999999999,2.75,33.89,1937.0,289.109,0.56,8.258629340882372,0.3242314676104474,0.0007009963454596146,-0.5646817248459945,-5.508629340882372,Risk-off
2022-04-27,31.6,103.3,103.03853623877585,4391.295999999999,2.75,33.89,1937.0,289.109,0.56,8.258629340882372,0.8713444301806206,0.0007009963454596146,-0.5646817248459945,-5.508629340882372,Risk-off
2022-04-28,29.99,105.78,103.69954215439967,4391.295999999999,2.75,33.89,1937.0,289.109,0.56,8.258629340882372,0.641513301481722,0.0007009963454596146,-0.5646817248459945,-5.508629340882372,Risk-off
2022-04-29,33.4,108.36,103.20534090634172,4391.295999999999,2.75,33.89,1937.0,289.109,0.56,8.258629340882372,-0.47657032788257503,0.0007009963454596146,-0.5646817248459945,-5.508629340882372,Risk-off
2022-04-30,33.4,108.36,103.20534090634172,4391.295999999999,2.75,33.89,1937.0,289.109,0.56,8.258629340882372,0.0,0.0007009963454596146,-0.5646817248459945,-5.508629340882372,Risk-off
2022-05-01,33.4,108.36,103.20534090634172,4040.36,2.9,30.67,1849.0,292.296,1.1,8.581511543676523,0.0,-7.991627073192042,-4.543107898812593,-5.681511543676523,Risk-off
2022-05-02,32.34,108.36,103.4936310444734,4040.36,2.9,30.67,1849.0,292.296,1.1,8.581511543676523,0.279336452551715,-7.991627073192042,-4.543107898812593,-5.681511543676523,Risk-off
2022-05-03,29.25,104.94,103.39034226321105,4040.36,2.9,30.67,1849.0,292.296,1.1,8.581511543676523,-0.09980206532512748,-7.991627073192042,-4.543107898812593,-5.681511543676523,Risk-off
2022-05-04,25.42,110.53,103.36667414231752,4040.36,2.9,30.67,1849.0,292.296,1.1,8.581511543676523,-0.02289200361991206,-7.991627073192042,-4.543107898812593,-5.681511543676523,Risk-off
2022-05-05,31.2,112.11,103.8299086928735,4040.36,2.9,30.67,1849.0,292.296,1.1,8.581511543676523,0.4481469045992448,-7.991627073192042,-4.543107898812593,-5.681511543676523,Risk-off
2022-05-06,30.19,113.86,103.45121974154218,4040.36,2.9,30.67,1849.0,292.296,1.1,8.581511543676523,-0.36472048959561576,-7.991627073192042,-4.543107898812593,-5.681511543676523,Risk-off
2022-05-07,30.19,113.86,103.45121974154218,4040.36,2.9,30.67,1849.0,292.296,1.1,8.581511543676523,0.0,-7.991627073192042,-4.543107898812593,-5.681511543676523,Risk-off
2022-05-08,30.19,113.86,103.45121974154218,4040.36,2.9,30.67,1849.0,292.296,1.1,8.581511543676523,0.0,-7.991627073192042,-4.543107898812593,-5.681511543676523,Risk-off
2022-05-09,34.75,106.67,103.68792590422385,4040.36,2.9,30.67,1849.0,292.296,1.1,8.581511543676523,0.22880944591379127,-7.991627073192042,-4.543107898812593,-5.681511543676523,Risk-off
2022-05-10,32.99,102.61,103.90110041918712,4040.36,2.9,30.67,1849.0,292.296,1.1,8.581511543676523,0.20559241888991053,-7.991627073192042,-4.543107898812593,-5.681511543676523,Risk-off
2022-05-11,32.56,107.7,103.75596191641009,4040.36,2.9,30.67,1849.0,292.296,1.1,8.581511543676523,-0.1396890910601245,-7.991627073192042,-4.543107898812593,-5.681511543676523,Risk-off
2022-05-12,31.77,108.06,104.74984902943713,4040.36,2.9,30.67,1849.0,292.296,1.1,8.581511543676523,0.9579084369414348,-7.991627073192042,-4.543107898812593,-5.681511543676523,Risk-off
2022-05-13,28.87,112.12,104.50363226871104,4040.36,2.9,30.67,1849.0,292.296,1.1,8.581511543676523,-0.23505213898389332,-7.991627073192042,-4.543107898812593,-5.681511543676523,Risk-off
2022-05-14,28.87,112.12,104.50363226871104,4040.36,2.9,30.67,1849.0,292.296,1.1,8.581511543676523,0.0,-7.991627073192042,-4.543107898812593,-5.681511543676523,Risk-off
2022-05-15,28.87,112.12,104.50363226871104,4040.36,2.9,30.67,1849.0,292.296,1.1,8.581511543676523,0.0,-7.991627073192042,-4.543107898812593,-5.681511543676523,Risk-off
2022-05-16,27.47,114.86,104.38654603638125,4040.36,2.9,30.67,1849.0,292.296,1.1,8.581511543676523,-0.11204034710365907,-7.991627073192042,-4.543107898812593,-5.681511543676523,Risk-off
2022-05-17,26.1,112.89,103.43491076697279,4040.36,2.9,30.67,1849.0,292.296,1.1,8.581511543676523,-0.911645519027704,-7.991627073192042,-4.543107898812593,-5.681511543676523,Risk-off
2022-05-18,30.96,110.04,103.62182054959295,4040.36,2.9,30.67,1849.0,292.296,1.1,8.581511543676523,0.18070280259752103,-7.991627073192042,-4.543107898812593,-5.681511543676523,Risk-off
2022-05-19,29.35,113.22,102.81034717515556,4040.36,2.9,30.67,1849.0,292.296,1.1,8.581511543676523,-0.7831105168134234,-7.991627073192042,-4.543107898812593,-5.681511543676523,Risk-off
2022-05-20,29.43,113.63,103.04260155598494,4040.36,2.9,30.67,1849.0,292.296,1.1,8.581511543676523,0.22590564783688816,-7.991627073192042,-4.543107898812593,-5.681511543676523,Risk-off
2022-05-21,29.43,113.63,103.04260155598494,4040.36,2.9,30.67,1849.0,292.296,1.1,8.581511543676523,0.0,-7.991627073192042,-4.543107898812593,-5.681511543676523,Risk-off
2022-05-22,29.43,113.63,103.04260155598494,4040.36,2.9,30.67,1849.0,292.296,1.1,8.581511543676523,0.0,-7.991627073192042,-4.543107898812593,-5.681511543676523,Risk-off
2022-05-23,28.48,115.13,102.22545945132704,4040.36,2.9,30.67,1849.0,292.296,1.1,8.581511543676523,-0.7930138528324471,-7.991627073192042,-4.543107898812593,-5.681511543676523,Risk-off
2022-05-24,29.45,115.77,101.69139513684438,4040.36,2.9,30.67,1849.0,292.296,1.1,8.581511543676523,-0.5224376758482085,-7.991627073192042,-4.543107898812593,-5.681511543676523,Risk-off
2022-05-25,28.37,116.41,102.31394025721242,4040.36,2.9,30.67,1849.0,292.296,1.1,8.581511543676523,0.6121905590244836,-7.991627073192042,-4.543107898812593,-5.681511543676523,Risk-off
2022-05-26,27.5,119.81,101.8361963786412,4040.36,2.9,30.67,1849.0,292.296,1.1,8.581511543676523,-0.46693918479748797,-7.991627073192042,-4.543107898812593,-5.681511543676523,Risk-off
2022-05-27,25.72,121.19,101.82475062049602,4040.36,2.9,30.67,1849.0,292.296,1.1,8.581511543676523,-0.011239381037586593,-7.991627073192042,-4.543107898812593,-5.681511543676523,Risk-off
2022-05-28,25.72,121.19,101.82475062049602,4040.36,2.9,30.67,1849.0,292.296,1.1,8.581511543676523,0.0,-7.991627073192042,-4.543107898812593,-5.681511543676523,Risk-off
2022-05-29,25.72,121.19,101.82475062049602,4040.36,2.9,30.67,1849.0,292.296,1.1,8.581511543676523,0.0,-7.991627073192042,-4.543107898812593,-5.681511543676523,Risk-off
2022-05-30,26.54,123.01,101.82475062049602,4040.36,2.9,30.67,1849.0,292.296,1.1,8.581511543676523,0.0,-7.991627073192042,-4.543107898812593,-5.681511543676523,Risk-off
2022-05-31,26.19,125.53,101.73815999305843,4040.36,2.9,30.67,1849.0,292.296,1.1,8.581511543676523,-0.08503887994807391,0.0,0.0,-5.681511543676523,Risk-off
2022-06-01,25.69,122.2,102.6124210447352,3898.946666666668,3.14,29.05,1837.0,296.311,1.37,9.059757964784154,0.8593246150081946,-3.5000181501978034,-0.6489994591671211,-5.919757964784154,Risk-off
2022-06-02,24.72,122.2,101.88396624805982,3898.946666666668,3.14,29.05,1837.0,296.311,1.37,9.059757964784154,-0.7099089849539775,-3.5000181501978034,-0.6489994591671211,-5.919757964784154,Trung tinh
2022-06-03,24.79,125.68,102.13060369015543,3898.946666666668,3.14,29.05,1837.0,296.311,1.37,9.059757964784154,0.2420767969467441,-3.5000181501978034,-0.6489994591671211,-5.919757964784154,Trung tinh
2022-06-04,24.79,125.68,102.13060369015543,3898.946666666668,3.14,29.05,1837.0,296.311,1.37,9.059757964784154,0.0,-3.5000181501978034,-0.6489994591671211,-5.919757964784154,Trung tinh
2022-06-05,24.79,125.68,102.13060369015543,3898.946666666668,3.14,29.05,1837.0,296.311,1.37,9.059757964784154,0.0,-3.5000181501978034,-0.6489994591671211,-5.919757964784154,Trung tinh
2022-06-06,25.07,124.99,102.31643381266394,3898.946666666668,3.14,29.05,1837.0,296.311,1.37,9.059757964784154,0.18195341630633521,-3.5000181501978034,-0.6489994591671211,-5.919757964784154,Risk-off
2022-06-07,24.02,126.89,102.38376437587407,3898.946666666668,3.14,29.05,1837.0,296.311,1.37,9.059757964784154,0.06580620600342701,-3.5000181501978034,-0.6489994591671211,-5.919757964784154,Trung tinh
2022-06-08,23.96,129.2,102.3289156355011,3898.946666666668,3.14,29.05,1837.0,296.311,1.37,9.059757964784154,-0.053571716870659536,-3.5000181501978034,-0.6489994591671211,-5.919757964784154,Trung tinh
2022-06-09,26.09,128.47,102.98240674030963,3898.946666666668,3.14,29.05,1837.0,296.311,1.37,9.059757964784154,0.6386182251127082,-3.5000181501978034,-0.6489994591671211,-5.919757964784154,Risk-off
2022-06-10,27.75,127.44,104.1383137567039,3898.946666666668,3.14,29.05,1837.0,296.311,1.37,9.059757964784154,1.1224315424178455,-3.5000181501978034,-0.6489994591671211,-5.919757964784154,Risk-off
2022-06-11,27.75,127.44,104.1383137567039,3898.946666666668,3.14,29.05,1837.0,296.311,1.37,9.059757964784154,0.0,-3.5000181501978034,-0.6489994591671211,-5.919757964784154,Risk-off
2022-06-12,27.75,127.44,104.1383137567039,3898.946666666668,3.14,29.05,1837.0,296.311,1.37,9.059757964784154,0.0,-3.5000181501978034,-0.6489994591671211,-5.919757964784154,Risk-off
2022-06-13,34.02,128.44,104.93013487573036,3898.946666666668,3.14,29.05,1837.0,296.311,1.37,9.059757964784154,0.7603552337868358,-3.5000181501978034,-0.6489994591671211,-5.919757964784154,Risk-off
2022-06-14,32.69,127.02,105.3872923714014,3898.946666666668,3.14,29.05,1837.0,296.311,1.37,9.059757964784154,0.435677983462468,-3.5000181501978034,-0.6489994591671211,-5.919757964784154,Risk-off
2022-06-15,29.62,124.96,105.50856667019065,3898.946666666668,3.14,29.05,1837.0,296.311,1.37,9.059757964784154,0.11507487863133825,-3.5000181501978034,-0.6489994591671211,-5.919757964784154,Risk-off
2022-06-16,32.95,125.78,103.89011645717832,3898.946666666668,3.14,29.05,1837.0,296.311,1.37,9.059757964784154,-1.5339514734110993,-3.5000181501978034,-0.6489994591671211,-5.919757964784154,Risk-off
2022-06-17,31.13,119.22,104.85676483103647,3898.946666666668,3.14,29.05,1837.0,296.311,1.37,9.059757964784154,0.930452680988747,-3.5000181501978034,-0.6489994591671211,-5.919757964784154,Risk-off
2022-06-18,31.13,119.22,104.85676483103647,3898.946666666668,3.14,29.05,1837.0,296.311,1.37,9.059757964784154,0.0,-3.5000181501978034,-0.6489994591671211,-5.919757964784154,Risk-off
2022-06-19,31.13,119.22,104.85676483103647,3898.946666666668,3.14,29.05,1837.0,296.311,1.37,9.059757964784154,0.0,-3.5000181501978034,-0.6489994591671211,-5.919757964784154,Risk-off
2022-06-20,31.03,118.25,104.85676483103647,3898.946666666668,3.14,29.05,1837.0,296.311,1.37,9.059757964784154,0.0,-3.5000181501978034,-0.6489994591671211,-5.919757964784154,Risk-off
2022-06-21,30.19,118.51,104.29912439627938,3898.946666666668,3.14,29.05,1837.0,296.311,1.37,9.059757964784154,-0.5318115961861491,-3.5000181501978034,-0.6489994591671211,-5.919757964784154,Risk-off
2022-06-22,28.95,115.54,104.06183249397755,3898.946666666668,3.14,29.05,1837.0,296.311,1.37,9.059757964784154,-0.22751092463658695,-3.5000181501978034,-0.6489994591671211,-5.919757964784154,Risk-off
2022-06-23,29.05,114.5,104.50084078123169,3898.946666666668,3.14,29.05,1837.0,296.311,1.37,9.059757964784154,0.4218725316792238,-3.5000181501978034,-0.6489994591671211,-5.919757964784154,Risk-off
2022-06-24,27.23,117.36,104.2325156487805,3898.946666666668,3.14,29.05,1837.0,296.311,1.37,9.059757964784154,-0.2567683957805711,-3.5000181501978034,-0.6489994591671211,-5.919757964784154,Risk-off
2022-06-25,27.23,117.36,104.2325156487805,3898.946666666668,3.14,29.05,1837.0,296.311,1.37,9.059757964784154,0.0,-3.5000181501978034,-0.6489994591671211,-5.919757964784154,Risk-off
2022-06-26,27.23,117.36,104.2325156487805,3898.946666666668,3.14,29.05,1837.0,296.311,1.37,9.059757964784154,0.0,-3.5000181501978034,-0.6489994591671211,-5.919757964784154,Risk-off
2022-06-27,26.95,119.69,103.77591893477516,3898.946666666668,3.14,29.05,1837.0,296.311,1.37,9.059757964784154,-0.4380559282900598,-3.5000181501978034,-0.6489994591671211,-5.919757964784154,Risk-off
2022-06-28,28.36,122.21,104.40011351402137,3898.946666666668,3.14,29.05,1837.0,296.311,1.37,9.059757964784154,0.6014830662579129,-3.5000181501978034,-0.6489994591671211,-5.919757964784154,Risk-off
2022-06-29,28.16,120.8,104.82051038011686,3898.946666666668,3.14,29.05,1837.0,296.311,1.37,9.059757964784154,0.4026785526809018,-3.5000181501978034,-0.6489994591671211,-5.919757964784154,Risk-off
2022-06-30,28.71,119.78,104.79608761135566,3898.946666666668,3.14,29.05,1837.0,296.311,1.37,9.059757964784154,-0.023299608705040775,-3.5000181501978034,-0.6489994591671211,-5.919757964784154,Risk-off
2022-07-01,26.7,119.21,105.30071438685945,3911.729499999999,2.9,29.0,1733.0,296.276,-0.01,8.52481474562552,0.48153207529582076,0.3278535057331,-5.661404463799668,-5.624814745625519,Risk-off
2022-07-02,26.7,119.21,105.30071438685945,3911.729499999999,2.9,29.0,1733.0,296.276,-0.01,8.52481474562552,0.0,0.3278535057331,-5.661404463799668,-5.624814745625519,Risk-off
2022-07-03,26.7,119.21,105.30071438685945,3911.729499999999,2.9,29.0,1733.0,296.276,-0.01,8.52481474562552,0.0,0.3278535057331,-5.661404463799668,-5.624814745625519,Risk-off
2022-07-04,27.53,121.8,105.30071438685945,3911.729499999999,2.9,29.0,1733.0,296.276,-0.01,8.52481474562552,0.0,0.3278535057331,-5.661404463799668,-5.624814745625519,Risk-off
2022-07-05,27.54,110.49,106.62291669733024,3911.729499999999,2.9,29.0,1733.0,296.276,-0.01,8.52481474562552,1.2556441978287092,0.3278535057331,-5.661404463799668,-5.624814745625519,Risk-off
2022-07-06,26.73,108.54,107.14851050235494,3911.729499999999,2.9,29.0,1733.0,296.276,-0.01,8.52481474562552,0.4929463771064402,0.3278535057331,-5.661404463799668,-5.624814745625519,Risk-off
2022-07-07,26.08,113.4,107.12988552977828,3911.729499999999,2.9,29.0,1733.0,296.276,-0.01,8.52481474562552,-0.017382390561793137,0.3278535057331,-5.661404463799668,-5.624814745625519,Risk-off
2022-07-08,24.64,113.95,106.974688403983,3911.729499999999,2.9,29.0,1733.0,296.276,-0.01,8.52481474562552,-0.14486818970057547,0.3278535057331,-5.661404463799668,-5.624814745625519,Trung tinh
2022-07-09,24.64,113.95,106.974688403983,3911.729499999999,2.9,29.0,1733.0,296.276,-0.01,8.52481474562552,0.0,0.3278535057331,-5.661404463799668,-5.624814745625519,Trung tinh
2022-07-10,24.64,113.95,106.974688403983,3911.729499999999,2.9,29.0,1733.0,296.276,-0.01,8.52481474562552,0.0,0.3278535057331,-5.661404463799668,-5.624814745625519,Trung tinh
2022-07-11,26.17,114.85,107.83200809106644,3911.729499999999,2.9,29.0,1733.0,296.276,-0.01,8.52481474562552,0.8014229345972401,0.3278535057331,-5.661404463799668,-5.624814745625519,Risk-off
2022-07-12,27.29,106.98,107.88889410547453,3911.729499999999,2.9,29.0,1733.0,296.276,-0.01,8.52481474562552,0.05275429384570263,0.3278535057331,-5.661404463799668,-5.624814745625519,Risk-off
2022-07-13,26.82,107.17,107.81540135809843,3911.729499999999,2.9,29.0,1733.0,296.276,-0.01,8.52481474562552,-0.06811891806423054,0.3278535057331,-5.661404463799668,-5.624814745625519,Risk-off
2022-07-14,26.4,107.74,108.56086723852772,3911.729499999999,2.9,29.0,1733.0,296.276,-0.01,8.52481474562552,0.691428006610395,0.3278535057331,-5.661404463799668,-5.624814745625519,Risk-off
2022-07-15,24.23,112.26,108.0104556381794,3911.729499999999,2.9,29.0,1733.0,296.276,-0.01,8.52481474562552,-0.5070073723149049,0.3278535057331,-5.661404463799668,-5.624814745625519,Trung tinh
2022-07-16,24.23,112.26,108.0104556381794,3911.729499999999,2.9,29.0,1733.0,296.276,-0.01,8.52481474562552,0.0,0.3278535057331,-5.661404463799668,-5.624814745625519,Trung tinh
2022-07-17,24.23,112.26,108.0104556381794,3911.729499999999,2.9,29.0,1733.0,296.276,-0.01,8.52481474562552,0.0,0.3278535057331,-5.661404463799668,-5.624814745625519,Trung tinh
2022-07-18,25.3,117.27,107.24427657272965,3911.729499999999,2.9,29.0,1733.0,296.276,-0.01,8.52481474562552,-0.7093563867708763,0.3278535057331,-5.661404463799668,-5.624814745625519,Risk-off
2022-07-19,24.5,114.96,106.59322262326465,3911.729499999999,2.9,29.0,1733.0,296.276,-0.01,8.52481474562552,-0.6070757062951238,0.3278535057331,-5.661404463799668,-5.624814745625519,Trung tinh
2022-07-20,23.88,115.86,106.78537877998002,3911.729499999999,2.9,29.0,1733.0,296.276,-0.01,8.52481474562552,0.18027052000717525,0.3278535057331,-5.661404463799668,-5.624814745625519,Trung tinh
2022-07-21,23.11,112.81,106.90679362429557,3911.729499999999,2.9,29.0,1733.0,296.276,-0.01,8.52481474562552,0.11369987698943707,0.3278535057331,-5.661404463799668,-5.624814745625519,Trung tinh
2022-07-22,23.03,106.77,106.42855999417361,3911.729499999999,2.9,29.0,1733.0,296.276,-0.01,8.52481474562552,-0.447336987584368,0.3278535057331,-5.661404463799668,-5.624814745625519,Trung tinh
2022-07-23,23.03,106.77,106.42855999417361,3911.729499999999,2.9,29.0,1733.0,296.276,-0.01,8.52481474562552,0.0,0.3278535057331,-5.661404463799668,-5.624814745625519,Trung tinh
2022-07-24,23.03,106.77,106.42855999417361,3911.729499999999,2.9,29.0,1733.0,296.276,-0.01,8.52481474562552,0.0,0.3278535057331,-5.661404463799668,-5.624814745625519,Trung tinh
2022-07-25,23.36,108.23,106.54828185364366,3911.729499999999,2.9,29.0,1733.0,296.276,-0.01,8.52481474562552,0.11249034984275319,0.3278535057331,-5.661404463799668,-5.624814745625519,Trung tinh
2022-07-26,24.69,107.32,107.20350513525842,3911.729499999999,2.9,29.0,1733.0,296.276,-0.01,8.52481474562552,0.6149543382734102,0.3278535057331,-5.661404463799668,-5.624814745625519,Trung tinh
2022-07-27,23.24,109.64,107.34455150700305,3911.729499999999,2.9,29.0,1733.0,296.276,-0.01,8.52481474562552,0.1315688060447906,0.3278535057331,-5.661404463799668,-5.624814745625519,Trung tinh
2022-07-28,22.33,109.68,106.4931810182917,3911.729499999999,2.9,29.0,1733.0,296.276,-0.01,8.52481474562552,-0.7931194240965334,0.3278535057331,-5.661404463799668,-5.624814745625519,Trung tinh
2022-07-29,21.33,111.51,105.99307246004399,3911.729499999999,2.9,29.0,1733.0,296.276,-0.01,8.52481474562552,-0.469615569246451,0.3278535057331,-5.661404463799668,-5.624814745625519,Trung tinh
2022-07-30,21.33,111.51,105.99307246004399,3911.729499999999,2.9,29.0,1733.0,296.276,-0.01,8.52481474562552,0.0,0.3278535057331,-5.661404463799668,-5.624814745625519,Trung tinh
2022-07-31,21.33,111.51,105.99307246004399,3911.729499999999,2.9,29.0,1733.0,296.276,-0.01,8.52481474562552,0.0,0.0,0.0,-5.624814745625519,Trung tinh
2022-08-01,22.84,106.09,105.30672990037138,4158.5630434782615,2.9,30.7,1765.0,296.171,-0.04,8.262692503116241,-0.6475352999426809,6.310087225567673,1.8465089440276916,-5.362692503116241,Trung tinh
2022-08-02,23.93,106.51,105.9661766108762,4158.5630434782615,2.9,30.7,1765.0,296.171,-0.04,8.262692503116241,0.6262151631986956,6.310087225567673,1.8465089440276916,-5.362692503116241,Trung tinh
2022-08-03,21.95,101.82,106.5977158496295,4158.5630434782615,2.9,30.7,1765.0,296.171,-0.04,8.262692503116241,0.595981905690901,6.310087225567673,1.8465089440276916,-5.362692503116241,Trung tinh
2022-08-04,21.44,97.99,105.96465324168031,4158.5630434782615,2.9,30.7,1765.0,296.171,-0.04,8.262692503116241,-0.5938800873015015,6.310087225567673,1.8465089440276916,-5.362692503116241,Trung tinh
2022-08-05,21.15,100.31,106.69776132705238,4158.5630434782615,2.9,30.7,1765.0,296.171,-0.04,8.262692503116241,0.6918421029510791,6.310087225567673,1.8465089440276916,-5.362692503116241,Trung tinh
2022-08-06,21.15,100.31,106.69776132705238,4158.5630434782615,2.9,30.7,1765.0,296.171,-0.04,8.262692503116241,0.0,6.310087225567673,1.8465089440276916,-5.362692503116241,Trung tinh
2022-08-07,21.15,100.31,106.69776132705238,4158.5630434782615,2.9,30.7,1765.0,296.171,-0.04,8.262692503116241,0.0,6.310087225567673,1.8465089440276916,-5.362692503116241,Trung tinh
2022-08-08,21.29,103.46,106.24787520285886,4158.5630434782615,2.9,30.7,1765.0,296.171,-0.04,8.262692503116241,-0.4216453265729836,6.310087225567673,1.8465089440276916,-5.362692503116241,Trung tinh
2022-08-09,21.77,103.81,106.1830859914071,4158.5630434782615,2.9,30.7,1765.0,296.171,-0.04,8.262692503116241,-0.06097930083596159,6.310087225567673,1.8465089440276916,-5.362692503116241,Trung tinh
2022-08-10,19.74,105.06,104.92749036618025,4158.5630434782615,2.9,30.7,1765.0,296.171,-0.04,8.262692503116241,-1.1824817611050142,6.310087225567673,1.8465089440276916,-5.362692503116241,Trung tinh
2022-08-11,20.2,107.19,104.91935040122878,4158.5630434782615,2.9,30.7,1765.0,296.171,-0.04,8.262692503116241,-0.007757704795052778,6.310087225567673,1.8465089440276916,-5.362692503116241,Trung tinh
2022-08-12,19.53,103.7,105.70853126682523,4158.5630434782615,2.9,30.7,1765.0,296.171,-0.04,8.262692503116241,0.7521785662782721,6.310087225567673,1.8465089440276916,-5.362692503116241,Trung tinh
2022-08-13,19.53,103.7,105.70853126682523,4158.5630434782615,2.9,30.7,1765.0,296.171,-0.04,8.262692503116241,0.0,6.310087225567673,1.8465089440276916,-5.362692503116241,Trung tinh
2022-08-14,19.53,103.7,105.70853126682523,4158.5630434782615,2.9,30.7,1765.0,296.171,-0.04,8.262692503116241,0.0,6.310087225567673,1.8465089440276916,-5.362692503116241,Trung tinh
2022-08-15,19.95,98.25,106.26348830998268,4158.5630434782615,2.9,30.7,1765.0,296.171,-0.04,8.262692503116241,0.5249879423228743,6.310087225567673,1.8465089440276916,-5.362692503116241,Trung tinh
2022-08-16,19.69,95.36,106.50198718770154,4158.5630434782615,2.9,30.7,1765.0,296.171,-0.04,8.262692503116241,0.2244410394500962,6.310087225567673,1.8465089440276916,-5.362692503116241,Trung tinh
2022-08-17,19.9,97.22,106.82068945249405,4158.5630434782615,2.9,30.7,1765.0,296.171,-0.04,8.262692503116241,0.2992453692256536,6.310087225567673,1.8465089440276916,-5.362692503116241,Trung tinh
2022-08-18,19.56,96.35,107.21604521131873,4158.5630434782615,2.9,30.7,1765.0,296.171,-0.04,8.262692503116241,0.3701115962189139,6.310087225567673,1.8465089440276916,-5.362692503116241,Trung tinh
2022-08-19,20.6,96.45,108.13817596171722,4158.5630434782615,2.9,30.7,1765.0,296.171,-0.04,8.262692503116241,0.8600678644516302,6.310087225567673,1.8465089440276916,-5.362692503116241,Trung tinh
2022-08-20,20.6,96.45,108.13817596171722,4158.5630434782615,2.9,30.7,1765.0,296.171,-0.04,8.262692503116241,0.0,6.310087225567673,1.8465089440276916,-5.362692503116241,Trung tinh
2022-08-21,20.6,96.45,108.13817596171722,4158.5630434782615,2.9,30.7,1765.0,296.171,-0.04,8.262692503116241,0.0,6.310087225567673,1.8465089440276916,-5.362692503116241,Trung tinh
2022-08-22,23.8,95.06,109.01972933348883,4158.5630434782615,2.9,30.7,1765.0,296.171,-0.04,8.262692503116241,0.8152101364125919,6.310087225567673,1.8465089440276916,-5.362692503116241,Trung tinh
2022-08-23,24.11,99.49,108.41098023138,4158.5630434782615,2.9,30.7,1765.0,296.171,-0.04,8.262692503116241,-0.5583843455038151,6.310087225567673,1.8465089440276916,-5.362692503116241,Trung tinh
2022-08-24,22.82,99.87,108.60408008750628,4158.5630434782615,2.9,30.7,1765.0,296.171,-0.04,8.262692503116241,0.17811835638248397,6.310087225567673,1.8465089440276916,-5.362692503116241,Trung tinh
2022-08-25,21.78,98.81,108.61354112021621,4158.5630434782615,2.9,30.7,1765.0,296.171,-0.04,8.262692503116241,0.008711489202162248,6.310087225567673,1.8465089440276916,-5.362692503116241,Trung tinh
2022-08-26,25.56,101.13,108.47232483678658,4158.5630434782615,2.9,30.7,1765.0,296.171,-0.04,8.262692503116241,-0.1300171985676557,6.310087225567673,1.8465089440276916,-5.362692503116241,Risk-off
2022-08-27,25.56,101.13,108.47232483678658,4158.5630434782615,2.9,30.7,1765.0,296.171,-0.04,8.262692503116241,0.0,6.310087225567673,1.8465089440276916,-5.362692503116241,Risk-off
2022-08-28,25.56,101.13,108.47232483678658,4158.5630434782615,2.9,30.7,1765.0,296.171,-0.04,8.262692503116241,0.0,6.310087225567673,1.8465089440276916,-5.362692503116241,Risk-off
2022-08-29,26.21,101.13,108.74535571244726,4158.5630434782615,2.9,30.7,1765.0,296.171,-0.04,8.262692503116241,0.25170556275206923,6.310087225567673,1.8465089440276916,-5.362692503116241,Risk-off
2022-08-30,26.21,99.34,108.79942062847518,4158.5630434782615,2.9,30.7,1765.0,296.171,-0.04,8.262692503116241,0.049716988531334216,6.310087225567673,1.8465089440276916,-5.362692503116241,Risk-off
2022-08-31,25.87,96.55,108.487423591289,4158.5630434782615,2.9,30.7,1765.0,296.171,-0.04,8.262692503116241,-0.28676350975395115,0.0,0.0,-5.362692503116241,Risk-off
2022-09-01,25.56,92.24,109.62257822966768,3850.520476190475,3.52,28.23,1681.0,296.808,0.22,8.20166964383362,1.0463467568878837,-7.4074280963680295,-4.759206798866855,-4.6816696438336205,Risk-off
2022-09-02,25.47,93.09,108.97219081053727,3850.520476190475,3.52,28.23,1681.0,296.808,0.22,8.20166964383362,-0.5932969554573009,-7.4074280963680295,-4.759206798866855,-4.6816696438336205,Risk-off
2022-09-03,25.47,93.09,108.97219081053727,3850.520476190475,3.52,28.23,1681.0,296.808,0.22,8.20166964383362,0.0,-7.4074280963680295,-4.759206798866855,-4.6816696438336205,Risk-off
2022-09-04,25.47,93.09,108.97219081053727,3850.520476190475,3.52,28.23,1681.0,296.808,0.22,8.20166964383362,0.0,-7.4074280963680295,-4.759206798866855,-4.6816696438336205,Risk-off
2022-09-05,25.99,94.22,108.97219081053727,3850.520476190475,3.52,28.23,1681.0,296.808,0.22,8.20166964383362,0.0,-7.4074280963680295,-4.759206798866855,-4.6816696438336205,Risk-off
2022-09-06,26.91,91.43,110.13431945337572,3850.520476190475,3.52,28.23,1681.0,296.808,0.22,8.20166964383362,1.0664451491656068,-7.4074280963680295,-4.759206798866855,-4.6816696438336205,Risk-off
2022-09-07,24.64,86.83,110.19451250176655,3850.520476190475,3.52,28.23,1681.0,296.808,0.22,8.20166964383362,0.054654215588367805,-7.4074280963680295,-4.759206798866855,-4.6816696438336205,Trung tinh
2022-09-08,23.61,87.99,109.97477145886877,3850.520476190475,3.52,28.23,1681.0,296.808,0.22,8.20166964383362,-0.19941196517772042,-7.4074280963680295,-4.759206798866855,-4.6816696438336205,Trung tinh
2022-09-09,22.79,91.68,108.94700419957623,3850.520476190475,3.52,28.23,1681.0,296.808,0.22,8.20166964383362,-0.9345482110657888,-7.4074280963680295,-4.759206798866855,-4.6816696438336205,Trung tinh
2022-09-10,22.79,91.68,108.94700419957623,3850.520476190475,3.52,28.23,1681.0,296.808,0.22,8.20166964383362,0.0,-7.4074280963680295,-4.759206798866855,-4.6816696438336205,Trung tinh
2022-09-11,22.79,91.68,108.94700419957623,3850.520476190475,3.52,28.23,1681.0,296.808,0.22,8.20166964383362,0.0,-7.4074280963680295,-4.759206798866855,-4.6816696438336205,Trung tinh
2022-09-12,23.87,93.45,108.2409765773231,3850.520476190475,3.52,28.23,1681.0,296.808,0.22,8.20166964383362,-0.6480468439130083,-7.4074280963680295,-4.759206798866855,-4.6816696438336205,Trung tinh
2022-09-13,27.27,92.04,109.61508088983786,3850.520476190475,3.52,28.23,1681.0,296.808,0.22,8.20166964383362,1.2694862481521962,-7.4074280963680295,-4.759206798866855,-4.6816696438336205,Risk-off
2022-09-14,26.16,92.83,109.50013714583757,3850.520476190475,3.52,28.23,1681.0,296.808,0.22,8.20166964383362,-0.10486124999150581,-7.4074280963680295,-4.759206798866855,-4.6816696438336205,Risk-off
2022-09-15,26.27,89.28,109.73479841531328,3850.520476190475,3.52,28.23,1681.0,296.808,0.22,8.20166964383362,0.2143022607936862,-7.4074280963680295,-4.759206798866855,-4.6816696438336205,Risk-off
2022-09-16,26.3,89.43,109.68515767184128,3850.520476190475,3.52,28.23,1681.0,296.808,0.22,8.20166964383362,-0.045237011585075315,-7.4074280963680295,-4.759206798866855,-4.6816696438336205,Risk-off
2022-09-17,26.3,89.43,109.68515767184128,3850.520476190475,3.52,28.23,1681.0,296.808,0.22,8.20166964383362,0.0,-7.4074280963680295,-4.759206798866855,-4.6816696438336205,Risk-off
2022-09-18,26.3,89.43,109.68515767184128,3850.520476190475,3.52,28.23,1681.0,296.808,0.22,8.20166964383362,0.0,-7.4074280963680295,-4.759206798866855,-4.6816696438336205,Risk-off
2022-09-19,25.76,89.43,109.83696356939197,3850.520476190475,3.52,28.23,1681.0,296.808,0.22,8.20166964383362,0.13840149458039797,-7.4074280963680295,-4.759206798866855,-4.6816696438336205,Risk-off
2022-09-20,27.16,89.62,109.96874506019681,3850.520476190475,3.52,28.23,1681.0,296.808,0.22,8.20166964383362,0.11997918234656346,-7.4074280963680295,-4.759206798866855,-4.6816696438336205,Risk-off
2022-09-21,27.99,89.86,110.95442027192514,3850.520476190475,3.52,28.23,1681.0,296.808,0.22,8.20166964383362,0.8963230517805565,-7.4074280963680295,-4.759206798866855,-4.6816696438336205,Risk-off
2022-09-22,27.35,90.4,111.23437241271765,3850.520476190475,3.52,28.23,1681.0,296.808,0.22,8.20166964383362,0.252312742571581,-7.4074280963680295,-4.759206798866855,-4.6816696438336205,Risk-off
2022-09-23,29.92,84.29,112.70918817496585,3850.520476190475,3.52,28.23,1681.0,296.808,0.22,8.20166964383362,1.3258633372570605,-7.4074280963680295,-4.759206798866855,-4.6816696438336205,Risk-off
2022-09-24,29.92,84.29,112.70918817496585,3850.520476190475,3.52,28.23,1681.0,296.808,0.22,8.20166964383362,0.0,-7.4074280963680295,-4.759206798866855,-4.6816696438336205,Risk-off
2022-09-25,29.92,84.29,112.70918817496585,3850.520476190475,3.52,28.23,1681.0,296.808,0.22,8.20166964383362,0.0,-7.4074280963680295,-4.759206798866855,-4.6816696438336205,Risk-off
2022-09-26,32.26,82.55,113.96691612679803,3850.520476190475,3.52,28.23,1681.0,296.808,0.22,8.20166964383362,1.115905430779729,-7.4074280963680295,-4.759206798866855,-4.6816696438336205,Risk-off
2022-09-27,32.6,85.97,113.96289049776425,3850.520476190475,3.52,28.23,1681.0,296.808,0.22,8.20166964383362,-0.0035322786389180294,-7.4074280963680295,-4.759206798866855,-4.6816696438336205,Risk-off
2022-09-28,30.18,89.55,113.19935907542298,3850.520476190475,3.52,28.23,1681.0,296.808,0.22,8.20166964383362,-0.669982499571864,-7.4074280963680295,-4.759206798866855,-4.6816696438336205,Risk-off
2022-09-29,31.84,89.41,112.37325548363938,3850.520476190475,3.52,28.23,1681.0,296.808,0.22,8.20166964383362,-0.7297776228866959,-7.4074280963680295,-4.759206798866855,-4.6816696438336205,Risk-off
2022-09-30,31.62,88.9,112.27220362485726,3850.520476190475,3.52,28.23,1681.0,296.808,0.22,8.20166964383362,-0.08992518579906683,-7.4074280963680295,-4.759206798866855,-4.6816696438336205,Risk-off
2022-10-01,31.62,88.9,112.27220362485726,3726.050952380952,3.98,27.08,1664.0,298.012,0.41,7.7454273308049215,0.0,-3.232537642097355,-1.0113027959547938,-3.7654273308049215,Risk-off
2022-10-02,31.62,88.9,112.27220362485726,3726.050952380952,3.98,27.08,1664.0,298.012,0.41,7.7454273308049215,0.0,-3.232537642097355,-1.0113027959547938,-3.7654273308049215,Risk-off
2022-10-03,30.1,90.68,111.83515788918412,3726.050952380952,3.98,27.08,1664.0,298.012,0.41,7.7454273308049215,-0.3892733210559163,-3.232537642097355,-1.0113027959547938,-3.7654273308049215,Risk-off
2022-10-04,29.07,93.74,110.32745999191293,3726.050952380952,3.98,27.08,1664.0,298.012,0.41,7.7454273308049215,-1.3481430399241212,-3.232537642097355,-1.0113027959547938,-3.7654273308049215,Risk-off
2022-10-05,28.55,94.35,111.43545229931198,3726.050952380952,3.98,27.08,1664.0,298.012,0.41,7.7454273308049215,1.0042760954346752,-3.232537642097355,-1.0113027959547938,-3.7654273308049215,Risk-off
2022-10-06,30.52,95.65,112.14666256744505,3726.050952380952,3.98,27.08,1664.0,298.012,0.41,7.7454273308049215,0.6382262138828088,-3.232537642097355,-1.0113027959547938,-3.7654273308049215,Risk-off
2022-10-07,31.36,98.88,112.33653702332111,3726.050952380952,3.98,27.08,1664.0,298.012,0.41,7.7454273308049215,0.16930905613163905,-3.232537642097355,-1.0113027959547938,-3.7654273308049215,Risk-off
2022-10-08,31.36,98.88,112.33653702332111,3726.050952380952,3.98,27.08,1664.0,298.012,0.41,7.7454273308049215,0.0,-3.232537642097355,-1.0113027959547938,-3.7654273308049215,Risk-off
2022-10-09,31.36,98.88,112.33653702332111,3726.050952380952,3.98,27.08,1664.0,298.012,0.41,7.7454273308049215,0.0,-3.232537642097355,-1.0113027959547938,-3.7654273308049215,Risk-off
2022-10-10,32.45,97.13,112.33653702332111,3726.050952380952,3.98,27.08,1664.0,298.012,0.41,7.7454273308049215,0.0,-3.232537642097355,-1.0113027959547938,-3.7654273308049215,Risk-off
2022-10-11,33.63,95.17,112.57878937002079,3726.050952380952,3.98,27.08,1664.0,298.012,0.41,7.7454273308049215,0.21564875784747528,-3.232537642097355,-1.0113027959547938,-3.7654273308049215,Risk-off
2022-10-12,33.57,93.44,113.3347306870005,3726.050952380952,3.98,27.08,1664.0,298.012,0.41,7.7454273308049215,0.6714775680302543,-3.232537642097355,-1.0113027959547938,-3.7654273308049215,Risk-off
2022-10-13,31.94,95.16,112.40058667897999,3726.050952380952,3.98,27.08,1664.0,298.012,0.41,7.7454273308049215,-0.8242345504842263,-3.232537642097355,-1.0113027959547938,-3.7654273308049215,Risk-off
2022-10-14,32.02,92.22,113.11987188731358,3726.050952380952,3.98,27.08,1664.0,298.012,0.41,7.7454273308049215,0.6399301192153928,-3.232537642097355,-1.0113027959547938,-3.7654273308049215,Risk-off
2022-10-15,32.02,92.22,113.11987188731358,3726.050952380952,3.98,27.08,1664.0,298.012,0.41,7.7454273308049215,0.0,-3.232537642097355,-1.0113027959547938,-3.7654273308049215,Risk-off
2022-10-16,32.02,92.22,113.11987188731358,3726.050952380952,3.98,27.08,1664.0,298.012,0.41,7.7454273308049215,0.0,-3.232537642097355,-1.0113027959547938,-3.7654273308049215,Risk-off
2022-10-17,31.37,91.04,111.97932073752504,3726.050952380952,3.98,27.08,1664.0,298.012,0.41,7.7454273308049215,-1.008267717032707,-3.232537642097355,-1.0113027959547938,-3.7654273308049215,Risk-off
2022-10-18,30.5,89.46,112.2230954105558,3726.050952380952,3.98,27.08,1664.0,298.012,0.41,7.7454273308049215,0.21769615266924447,-3.232537642097355,-1.0113027959547938,-3.7654273308049215,Risk-off
2022-10-19,30.76,91.34,112.83683475647439,3726.050952380952,3.98,27.08,1664.0,298.012,0.41,7.7454273308049215,0.546892191552284,-3.232537642097355,-1.0113027959547938,-3.7654273308049215,Risk-off
2022-10-20,29.98,91.52,112.42325688120651,3726.050952380952,3.98,27.08,1664.0,298.012,0.41,7.7454273308049215,-0.36652736330335944,-3.232537642097355,-1.0113027959547938,-3.7654273308049215,Risk-off
2022-10-21,29.69,91.82,111.81524907192136,3726.050952380952,3.98,27.08,1664.0,298.012,0.41,7.7454273308049215,-0.5408203125867539,-3.232537642097355,-1.0113027959547938,-3.7654273308049215,Risk-off
2022-10-22,29.69,91.82,111.81524907192136,3726.050952380952,3.98,27.08,1664.0,298.012,0.41,7.7454273308049215,0.0,-3.232537642097355,-1.0113027959547938,-3.7654273308049215,Risk-off
2022-10-23,29.69,91.82,111.81524907192136,3726.050952380952,3.98,27.08,1664.0,298.012,0.41,7.7454273308049215,0.0,-3.232537642097355,-1.0113027959547938,-3.7654273308049215,Risk-off
2022-10-24,29.85,91.57,111.95972863656472,3726.050952380952,3.98,27.08,1664.0,298.012,0.41,7.7454273308049215,0.12921275572210789,-3.232537642097355,-1.0113027959547938,-3.7654273308049215,Risk-off
2022-10-25,28.46,91.76,110.94271033133036,3726.050952380952,3.98,27.08,1664.0,298.012,0.41,7.7454273308049215,-0.9083786801017735,-3.232537642097355,-1.0113027959547938,-3.7654273308049215,Risk-off
2022-10-26,27.28,92.93,109.80924389410399,3726.050952380952,3.98,27.08,1664.0,298.012,0.41,7.7454273308049215,-1.0216682410599809,-3.232537642097355,-1.0113027959547938,-3.7654273308049215,Risk-off
2022-10-27,27.39,94.17,110.3621778137069,3726.050952380952,3.98,27.08,1664.0,298.012,0.41,7.7454273308049215,0.5035404124411835,-3.232537642097355,-1.0113027959547938,-3.7654273308049215,Risk-off
2022-10-28,25.75,94.64,110.97521209615238,3726.050952380952,3.98,27.08,1664.0,298.012,0.41,7.7454273308049215,0.5554749775600554,-3.232537642097355,-1.0113027959547938,-3.7654273308049215,Risk-off
2022-10-29,25.75,94.64,110.97521209615238,3726.050952380952,3.98,27.08,1664.0,298.012,0.41,7.7454273308049215,0.0,-3.232537642097355,-1.0113027959547938,-3.7654273308049215,Risk-off
2022-10-30,25.75,94.64,110.97521209615238,3726.050952380952,3.98,27.08,1664.0,298.012,0.41,7.7454273308049215,0.0,-3.232537642097355,-1.0113027959547938,-3.7654273308049215,Risk-off
2022-10-31,25.88,93.3,111.5072821170668,3726.050952380952,3.98,27.08,1664.0,298.012,0.41,7.7454273308049215,0.47944942916928746,0.0,0.0,-3.7654273308049215,Risk-off
2022-11-01,25.81,95.12,111.60028809951031,3917.488571428571,3.89,28.38,1725.0,297.711,-0.1,7.110322794191726,0.08340798975430275,5.137815384013744,3.6658653846153744,-3.2203227941917256,Risk-off
2022-11-02,25.86,96.07,111.45529629110014,3917.488571428571,3.89,28.38,1725.0,297.711,-0.1,7.110322794191726,-0.12992063988300773,5.137815384013744,3.6658653846153744,-3.2203227941917256,Risk-off
2022-11-03,25.3,95.29,112.85916431526043,3917.488571428571,3.89,28.38,1725.0,297.711,-0.1,7.110322794191726,1.2595794644820302,5.137815384013744,3.6658653846153744,-3.2203227941917256,Risk-off
2022-11-04,24.55,99.53,111.5401250668947,3917.488571428571,3.89,28.38,1725.0,297.711,-0.1,7.110322794191726,-1.1687480200377243,5.137815384013744,3.6658653846153744,-3.2203227941917256,Trung tinh
2022-11-05,24.55,99.53,111.5401250668947,3917.488571428571,3.89,28.38,1725.0,297.711,-0.1,7.110322794191726,0.0,5.137815384013744,3.6658653846153744,-3.2203227941917256,Trung tinh
2022-11-06,24.55,99.53,111.5401250668947,3917.488571428571,3.89,28.38,1725.0,297.711,-0.1,7.110322794191726,0.0,5.137815384013744,3.6658653846153744,-3.2203227941917256,Trung tinh
2022-11-07,24.35,99.87,110.42175208221302,3917.488571428571,3.89,28.38,1725.0,297.711,-0.1,7.110322794191726,-1.0026642735167735,5.137815384013744,3.6658653846153744,-3.2203227941917256,Trung tinh
2022-11-08,25.54,96.85,109.3956761807544,3917.488571428571,3.89,28.38,1725.0,297.711,-0.1,7.110322794191726,-0.929233490784187,5.137815384013744,3.6658653846153744,-3.2203227941917256,Risk-off
2022-11-09,26.09,93.05,110.12349019499976,3917.488571428571,3.89,28.38,1725.0,297.711,-0.1,7.110322794191726,0.6653041871991228,5.137815384013744,3.6658653846153744,-3.2203227941917256,Risk-off
2022-11-10,23.53,94.25,108.26658591069479,3917.488571428571,3.89,28.38,1725.0,297.711,-0.1,7.110322794191726,-1.686201809456711,5.137815384013744,3.6658653846153744,-3.2203227941917256,Trung tinh
2022-11-11,22.52,96.37,108.26658591069479,3917.488571428571,3.89,28.38,1725.0,297.711,-0.1,7.110322794191726,0.0,5.137815384013744,3.6658653846153744,-3.2203227941917256,Trung tinh
2022-11-12,22.52,96.37,108.26658591069479,3917.488571428571,3.89,28.38,1725.0,297.711,-0.1,7.110322794191726,0.0,5.137815384013744,3.6658653846153744,-3.2203227941917256,Trung tinh
2022-11-13,22.52,96.37,108.26658591069479,3917.488571428571,3.89,28.38,1725.0,297.711,-0.1,7.110322794191726,0.0,5.137815384013744,3.6658653846153744,-3.2203227941917256,Trung tinh
2022-11-14,23.73,93.59,106.8911951214592,3917.488571428571,3.89,28.38,1725.0,297.711,-0.1,7.110322794191726,-1.2703742134901108,5.137815384013744,3.6658653846153744,-3.2203227941917256,Trung tinh
2022-11-15,24.54,94.3,106.36750936966983,3917.488571428571,3.89,28.38,1725.0,297.711,-0.1,7.110322794191726,-0.48992412442794286,5.137815384013744,3.6658653846153744,-3.2203227941917256,Trung tinh
2022-11-16,24.11,92.61,106.32476883181582,3917.488571428571,3.89,28.38,1725.0,297.711,-0.1,7.110322794191726,-0.040181948517259425,5.137815384013744,3.6658653846153744,-3.2203227941917256,Trung tinh
2022-11-17,23.93,91.0,106.92516435878647,3917.488571428571,3.89,28.38,1725.0,297.711,-0.1,7.110322794191726,0.5646807734144721,5.137815384013744,3.6658653846153744,-3.2203227941917256,Trung tinh
2022-11-18,23.12,88.93,106.7448118159183,3917.488571428571,3.89,28.38,1725.0,297.711,-0.1,7.110322794191726,-0.16867174715112787,5.137815384013744,3.6658653846153744,-3.2203227941917256,Trung tinh
2022-11-19,23.12,88.93,106.7448118159183,3917.488571428571,3.89,28.38,1725.0,297.711,-0.1,7.110322794191726,0.0,5.137815384013744,3.6658653846153744,-3.2203227941917256,Trung tinh
2022-11-20,23.12,88.93,106.7448118159183,3917.488571428571,3.89,28.38,1725.0,297.711,-0.1,7.110322794191726,0.0,5.137815384013744,3.6658653846153744,-3.2203227941917256,Trung tinh
2022-11-21,22.36,88.44,107.88626960839196,3917.488571428571,3.89,28.38,1725.0,297.711,-0.1,7.110322794191726,1.0693332753652696,5.137815384013744,3.6658653846153744,-3.2203227941917256,Trung tinh
2022-11-22,21.29,88.65,107.37734307213661,3917.488571428571,3.89,28.38,1725.0,297.711,-0.1,7.110322794191726,-0.47172502868313426,5.137815384013744,3.6658653846153744,-3.2203227941917256,Trung tinh
2022-11-23,20.35,85.9,106.42154785831976,3917.488571428571,3.89,28.38,1725.0,297.711,-0.1,7.110322794191726,-0.8901274574979468,5.137815384013744,3.6658653846153744,-3.2203227941917256,Trung tinh
2022-11-24,20.42,85.59,106.42154785831976,3917.488571428571,3.89,28.38,1725.0,297.711,-0.1,7.110322794191726,0.0,5.137815384013744,3.6658653846153744,-3.2203227941917256,Trung tinh
2022-11-25,20.5,83.4,106.02210564400103,3917.488571428571,3.89,28.38,1725.0,297.711,-0.1,7.110322794191726,-0.37533960213631534,5.137815384013744,3.6658653846153744,-3.2203227941917256,Trung tinh
2022-11-26,20.5,83.4,106.02210564400103,3917.488571428571,3.89,28.38,1725.0,297.711,-0.1,7.110322794191726,0.0,5.137815384013744,3.6658653846153744,-3.2203227941917256,Trung tinh
2022-11-27,20.5,83.4,106.02210564400103,3917.488571428571,3.89,28.38,1725.0,297.711,-0.1,7.110322794191726,0.0,5.137815384013744,3.6658653846153744,-3.2203227941917256,Trung tinh
2022-11-28,22.21,83.5,106.19774816494387,3917.488571428571,3.89,28.38,1725.0,297.711,-0.1,7.110322794191726,0.16566594284839198,5.137815384013744,3.6658653846153744,-3.2203227941917256,Trung tinh
2022-11-29,21.89,83.22,106.572540081307,3917.488571428571,3.89,28.38,1725.0,297.711,-0.1,7.110322794191726,0.35291889219817296,5.137815384013744,3.6658653846153744,-3.2203227941917256,Trung tinh
2022-11-30,20.58,85.61,106.86219116527988,3917.488571428571,3.89,28.38,1725.0,297.711,-0.1,7.110322794191726,0.2717877266994906,5.137815384013744,3.6658653846153744,-3.2203227941917256,Trung tinh
2022-12-01,19.84,86.28,104.90348242341176,3912.380952380953,3.62,28.32,1798.0,296.797,-0.31,6.4544013314108195,-1.8329296082265967,-0.13037993486105792,4.231884057971014,-2.8344013314108194,Trung tinh
2022-12-02,19.06,86.54,104.67261358190605,3912.380952380953,3.62,28.32,1798.0,296.797,-0.31,6.4544013314108195,-0.2200773855856153,-0.13037993486105792,4.231884057971014,-2.8344013314108194,Trung tinh
2022-12-03,19.06,86.54,104.67261358190605,3912.380952380953,3.62,28.32,1798.0,296.797,-0.31,6.4544013314108195,0.0,-0.13037993486105792,4.231884057971014,-2.8344013314108194,Trung tinh
2022-12-04,19.06,86.54,104.67261358190605,3912.380952380953,3.62,28.32,1798.0,296.797,-0.31,6.4544013314108195,0.0,-0.13037993486105792,4.231884057971014,-2.8344013314108194,Trung tinh
2022-12-05,20.75,83.36,105.2600322998202,3912.380952380953,3.62,28.32,1798.0,296.797,-0.31,6.4544013314108195,0.5611961885851668,-0.13037993486105792,4.231884057971014,-2.8344013314108194,Trung tinh
2022-12-06,22.17,79.92,105.27250840293803,3912.380952380953,3.62,28.32,1798.0,296.797,-0.31,6.4544013314108195,0.011852649904464663,-0.13037993486105792,4.231884057971014,-2.8344013314108194,Trung tinh
2022-12-07,22.68,77.11,105.20111765421588,3912.380952380953,3.62,28.32,1798.0,296.797,-0.31,6.4544013314108195,-0.06781518727463354,-0.13037993486105792,4.231884057971014,-2.8344013314108194,Trung tinh
2022-12-08,22.29,76.02,104.80011204542771,3912.380952380953,3.62,28.32,1798.0,296.797,-0.31,6.4544013314108195,-0.3811799890817036,-0.13037993486105792,4.231884057971014,-2.8344013314108194,Trung tinh
2022-12-09,22.83,76.37,104.71755527754779,3912.380952380953,3.62,28.32,1798.0,296.797,-0.31,6.4544013314108195,-0.07877545764849447,-0.13037993486105792,4.231884057971014,-2.8344013314108194,Trung tinh
2022-12-10,22.83,76.37,104.71755527754779,3912.380952380953,3.62,28.32,1798.0,296.797,-0.31,6.4544013314108195,0.0,-0.13037993486105792,4.231884057971014,-2.8344013314108194,Trung tinh
2022-12-11,22.83,76.37,104.71755527754779,3912.380952380953,3.62,28.32,1798.0,296.797,-0.31,6.4544013314108195,0.0,-0.13037993486105792,4.231884057971014,-2.8344013314108194,Trung tinh
2022-12-12,25.0,78.0,104.93859781694901,3912.380952380953,3.62,28.32,1798.0,296.797,-0.31,6.4544013314108195,0.2110845109164039,-0.13037993486105792,4.231884057971014,-2.8344013314108194,Trung tinh
2022-12-13,22.55,80.14,103.95381763483607,3912.380952380953,3.62,28.32,1798.0,296.797,-0.31,6.4544013314108195,-0.938434668081578,-0.13037993486105792,4.231884057971014,-2.8344013314108194,Trung tinh
2022-12-14,21.14,83.33,103.76523204738622,3912.380952380953,3.62,28.32,1798.0,296.797,-0.31,6.4544013314108195,-0.18141285403514562,-0.13037993486105792,4.231884057971014,-2.8344013314108194,Trung tinh
2022-12-15,22.83,82.34,104.5058202700359,3912.380952380953,3.62,28.32,1798.0,296.797,-0.31,6.4544013314108195,0.7137151896036587,-0.13037993486105792,4.231884057971014,-2.8344013314108194,Trung tinh
2022-12-16,22.62,80.2,104.63355965507134,3912.380952380953,3.62,28.32,1798.0,296.797,-0.31,6.4544013314108195,0.12223183809798588,-0.13037993486105792,4.231884057971014,-2.8344013314108194,Trung tinh
2022-12-17,22.62,80.2,104.63355965507134,3912.380952380953,3.62,28.32,1798.0,296.797,-0.31,6.4544013314108195,0.0,-0.13037993486105792,4.231884057971014,-2.8344013314108194,Trung tinh
2022-12-18,22.62,80.2,104.63355965507134,3912.380952380953,3.62,28.32,1798.0,296.797,-0.31,6.4544013314108195,0.0,-0.13037993486105792,4.231884057971014,-2.8344013314108194,Trung tinh
2022-12-19,22.42,81.66,104.52663656552247,3912.380952380953,3.62,28.32,1798.0,296.797,-0.31,6.4544013314108195,-0.10218814107190166,-0.13037993486105792,4.231884057971014,-2.8344013314108194,Trung tinh
2022-12-20,21.48,79.45,103.87241563393144,3912.380952380953,3.62,28.32,1798.0,296.797,-0.31,6.4544013314108195,-0.6258892021087203,-0.13037993486105792,4.231884057971014,-2.8344013314108194,Trung tinh
2022-12-21,20.07,80.25,104.30462516942865,3912.380952380953,3.62,28.32,1798.0,296.797,-0.31,6.4544013314108195,0.41609654773062665,-0.13037993486105792,4.231884057971014,-2.8344013314108194,Trung tinh
2022-12-22,21.97,79.58,104.46002563777549,3912.380952380953,3.62,28.32,1798.0,296.797,-0.31,6.4544013314108195,0.14898713081459292,-0.13037993486105792,4.231884057971014,-2.8344013314108194,Trung tinh
2022-12-23,20.87,82.45,104.27871560020633,3912.380952380953,3.62,28.32,1798.0,296.797,-0.31,6.4544013314108195,-0.1735688235400934,-0.13037993486105792,4.231884057971014,-2.8344013314108194,Trung tinh
2022-12-24,20.87,82.45,104.27871560020633,3912.380952380953,3.62,28.32,1798.0,296.797,-0.31,6.4544013314108195,0.0,-0.13037993486105792,4.231884057971014,-2.8344013314108194,Trung tinh
2022-12-25,20.87,82.45,104.27871560020633,3912.380952380953,3.62,28.32,1798.0,296.797,-0.31,6.4544013314108195,0.0,-0.13037993486105792,4.231884057971014,-2.8344013314108194,Trung tinh
2022-12-26,20.87,82.45,104.27871560020633,3912.380952380953,3.62,28.32,1798.0,296.797,-0.31,6.4544013314108195,0.0,-0.13037993486105792,4.231884057971014,-2.8344013314108194,Trung tinh
2022-12-27,21.65,82.45,104.07565727714382,3912.380952380953,3.62,28.32,1798.0,296.797,-0.31,6.4544013314108195,-0.19472652870122786,-0.13037993486105792,4.231884057971014,-2.8344013314108194,Trung tinh
2022-12-28,22.14,81.7,104.4031234946582,3912.380952380953,3.62,28.32,1798.0,296.797,-0.31,6.4544013314108195,0.3146424688362792,-0.13037993486105792,4.231884057971014,-2.8344013314108194,Trung tinh
2022-12-29,21.44,80.96,103.95064291434333,3912.380952380953,3.62,28.32,1798.0,296.797,-0.31,6.4544013314108195,-0.43339755092483,-0.13037993486105792,4.231884057971014,-2.8344013314108194,Trung tinh
2022-12-30,21.67,82.82,103.60280924121717,3912.380952380953,3.62,28.32,1798.0,296.797,-0.31,6.4544013314108195,-0.3346142586273193,-0.13037993486105792,4.231884057971014,-2.8344013314108194,Trung tinh
2022-12-31,21.67,82.82,103.60280924121717,3912.380952380953,3.62,28.32,1798.0,296.797,-0.31,6.4544013314108195,0.0,0.0,0.0,-2.8344013314108194,Trung tinh
2023-01-01,21.67,82.82,103.60280924121717,3960.6565,3.53,28.33,1898.0,299.17,0.8,6.410146968856267,0.0,1.2339173563777894,5.561735261401557,-2.8801469688562675,Trung tinh
2023-01-02,21.67,82.82,103.60280924121717,3960.6565,3.53,28.33,1898.0,299.17,0.8,6.410146968856267,0.0,1.2339173563777894,5.561735261401557,-2.8801469688562675,Trung tinh
2023-01-03,22.9,80.36,104.59415081259064,3960.6565,3.53,28.33,1898.0,299.17,0.8,6.410146968856267,0.9568674620254125,1.2339173563777894,5.561735261401557,-2.8801469688562675,Trung tinh
2023-01-04,22.01,75.31,104.08590782394454,3960.6565,3.53,28.33,1898.0,299.17,0.8,6.410146968856267,-0.4859191309433353,1.2339173563777894,5.561735261401557,-2.8801469688562675,Trung tinh
2023-01-05,22.46,76.73,105.16720025306743,3960.6565,3.53,28.33,1898.0,299.17,0.8,6.410146968856267,1.0388461336685806,1.2339173563777894,5.561735261401557,-2.8801469688562675,Trung tinh
2023-01-06,21.13,76.41,104.1188577255134,3960.6565,3.53,28.33,1898.0,299.17,0.8,6.410146968856267,-0.9968341127569946,1.2339173563777894,5.561735261401557,-2.8801469688562675,Trung tinh
2023-01-07,21.13,76.41,104.1188577255134,3960.6565,3.53,28.33,1898.0,299.17,0.8,6.410146968856267,0.0,1.2339173563777894,5.561735261401557,-2.8801469688562675,Trung tinh
2023-01-08,21.13,76.41,104.1188577255134,3960.6565,3.53,28.33,1898.0,299.17,0.8,6.410146968856267,0.0,1.2339173563777894,5.561735261401557,-2.8801469688562675,Trung tinh
2023-01-09,21.97,77.5,102.94981594617045,3960.6565,3.53,28.33,1898.0,299.17,0.8,6.410146968856267,-1.1227954329127154,1.2339173563777894,5.561735261401557,-2.8801469688562675,Trung tinh
2023-01-10,20.58,78.4,103.28558626020036,3960.6565,3.53,28.33,1898.0,299.17,0.8,6.410146968856267,0.32614950395393194,1.2339173563777894,5.561735261401557,-2.8801469688562675,Trung tinh
2023-01-11,21.09,81.11,103.37376354389092,3960.6565,3.53,28.33,1898.0,299.17,0.8,6.410146968856267,0.08537230303211629,1.2339173563777894,5.561735261401557,-2.8801469688562675,Trung tinh
2023-01-12,18.83,82.59,102.51364242622256,3960.6565,3.53,28.33,1898.0,299.17,0.8,6.410146968856267,-0.8320497273016092,1.2339173563777894,5.561735261401557,-2.8801469688562675,Trung tinh
2023-01-13,18.35,83.43,102.36456573486693,3960.6565,3.53,28.33,1898.0,299.17,0.8,6.410146968856267,-0.14542131937504976,1.2339173563777894,5.561735261401557,-2.8801469688562675,Trung tinh
2023-01-14,18.35,83.43,102.36456573486693,3960.6565,3.53,28.33,1898.0,299.17,0.8,6.410146968856267,0.0,1.2339173563777894,5.561735261401557,-2.8801469688562675,Trung tinh
2023-01-15,18.35,83.43,102.36456573486693,3960.6565,3.53,28.33,1898.0,299.17,0.8,6.410146968856267,0.0,1.2339173563777894,5.561735261401557,-2.8801469688562675,Trung tinh
2023-01-16,19.49,82.65,102.36456573486693,3960.6565,3.53,28.33,1898.0,299.17,0.8,6.410146968856267,0.0,1.2339173563777894,5.561735261401557,-2.8801469688562675,Trung tinh
2023-01-17,19.36,84.38,102.3728965981862,3960.6565,3.53,28.33,1898.0,299.17,0.8,6.410146968856267,0.008138424912429443,1.2339173563777894,5.561735261401557,-2.8801469688562675,Trung tinh
2023-01-18,20.34,83.78,102.07965296946385,3960.6565,3.53,28.33,1898.0,299.17,0.8,6.410146968856267,-0.2864465483216061,1.2339173563777894,5.561735261401557,-2.8801469688562675,Trung tinh
2023-01-19,20.52,85.08,102.25136053017246,3960.6565,3.53,28.33,1898.0,299.17,0.8,6.410146968856267,0.1682093891521852,1.2339173563777894,5.561735261401557,-2.8801469688562675,Trung tinh
2023-01-20,19.85,86.96,102.23989735683473,3960.6565,3.53,28.33,1898.0,299.17,0.8,6.410146968856267,-0.011210778299963753,1.2339173563777894,5.561735261401557,-2.8801469688562675,Trung tinh
2023-01-21,19.85,86.96,102.23989735683473,3960.6565,3.53,28.33,1898.0,299.17,0.8,6.410146968856267,0.0,1.2339173563777894,5.561735261401557,-2.8801469688562675,Trung tinh
2023-01-22,19.85,86.96,102.23989735683473,3960.6565,3.53,28.33,1898.0,299.17,0.8,6.410146968856267,0.0,1.2339173563777894,5.561735261401557,-2.8801469688562675,Trung tinh
2023-01-23,19.81,87.54,102.08926002630514,3960.6565,3.53,28.33,1898.0,299.17,0.8,6.410146968856267,-0.14733713004800864,1.2339173563777894,5.561735261401557,-2.8801469688562675,Trung tinh
2023-01-24,19.2,85.25,102.00180244446793,3960.6565,3.53,28.33,1898.0,299.17,0.8,6.410146968856267,-0.08566775958085415,1.2339173563777894,5.561735261401557,-2.8801469688562675,Trung tinh
2023-01-25,19.08,85.08,101.78287882216516,3960.6565,3.53,28.33,1898.0,299.17,0.8,6.410146968856267,-0.21462720957500236,1.2339173563777894,5.561735261401557,-2.8801469688562675,Trung tinh
2023-01-26,18.73,86.29,102.04482231712761,3960.6565,3.53,28.33,1898.0,299.17,0.8,6.410146968856267,0.2573551642414351,1.2339173563777894,5.561735261401557,-2.8801469688562675,Trung tinh
2023-01-27,18.51,85.36,102.02436881278823,3960.6565,3.53,28.33,1898.0,299.17,0.8,6.410146968856267,-0.020043647364897943,1.2339173563777894,5.561735261401557,-2.8801469688562675,Trung tinh
2023-01-28,18.51,85.36,102.02436881278823,3960.6565,3.53,28.33,1898.0,299.17,0.8,6.410146968856267,0.0,1.2339173563777894,5.561735261401557,-2.8801469688562675,Trung tinh
2023-01-29,18.51,85.36,102.02436881278823,3960.6565,3.53,28.33,1898.0,299.17,0.8,6.410146968856267,0.0,1.2339173563777894,5.561735261401557,-2.8801469688562675,Trung tinh
2023-01-30,19.94,84.9,102.07204296930372,3960.6565,3.53,28.33,1898.0,299.17,0.8,6.410146968856267,0.04672820530060573,1.2339173563777894,5.561735261401557,-2.8801469688562675,Trung tinh
2023-01-31,19.4,83.42,102.15780633959888,3960.6565,3.53,28.33,1898.0,299.17,0.8,6.410146968856267,0.08402239026503722,0.0,0.0,-2.8801469688562675,Trung tinh
2023-02-01,17.87,81.61,101.72930147671022,4079.684736842105,3.75,28.92,1855.0,300.84,0.56,6.035613077866597,-0.41945386088675374,3.0052653352317993,-2.265542676501575,-2.2856130778665973,Trung tinh
2023-02-02,18.73,80.57,101.62903196469637,4079.684736842105,3.75,28.92,1855.0,300.84,0.56,6.035613077866597,-0.098565025571129,3.0052653352317993,-2.265542676501575,-2.2856130778665973,Trung tinh
2023-02-03,18.33,78.85,102.77413248849801,4079.684736842105,3.75,28.92,1855.0,300.84,0.56,6.035613077866597,1.1267454797753373,3.0052653352317993,-2.265542676501575,-2.2856130778665973,Trung tinh
2023-02-04,18.33,78.85,102.77413248849801,4079.684736842105,3.75,28.92,1855.0,300.84,0.56,6.035613077866597,0.0,3.0052653352317993,-2.265542676501575,-2.2856130778665973,Trung tinh
2023-02-05,18.33,78.85,102.77413248849801,4079.684736842105,3.75,28.92,1855.0,300.84,0.56,6.035613077866597,0.0,3.0052653352317993,-2.265542676501575,-2.2856130778665973,Trung tinh
2023-02-06,19.43,80.48,103.68838525302532,4079.684736842105,3.75,28.92,1855.0,300.84,0.56,6.035613077866597,0.88957478150411,3.0052653352317993,-2.265542676501575,-2.2856130778665973,Trung tinh
2023-02-07,18.66,82.92,103.5903571932278,4079.684736842105,3.75,28.92,1855.0,300.84,0.56,6.035613077866597,-0.09454102265967768,3.0052653352317993,-2.265542676501575,-2.2856130778665973,Trung tinh
2023-02-08,19.63,84.17,103.304157166115,4079.684736842105,3.75,28.92,1855.0,300.84,0.56,6.035613077866597,-0.27628056787075694,3.0052653352317993,-2.265542676501575,-2.2856130778665973,Trung tinh
2023-02-09,20.71,83.46,102.95066467915677,4079.684736842105,3.75,28.92,1855.0,300.84,0.56,6.035613077866597,-0.34218611976071234,3.0052653352317993,-2.265542676501575,-2.2856130778665973,Trung tinh
2023-02-10,20.53,85.46,103.64089430696875,4079.684736842105,3.75,28.92,1855.0,300.84,0.56,6.035613077866597,0.6704469854206918,3.0052653352317993,-2.265542676501575,-2.2856130778665973,Trung tinh
2023-02-11,20.53,85.46,103.64089430696875,4079.684736842105,3.75,28.92,1855.0,300.84,0.56,6.035613077866597,0.0,3.0052653352317993,-2.265542676501575,-2.2856130778665973,Trung tinh
2023-02-12,20.53,85.46,103.64089430696875,4079.684736842105,3.75,28.92,1855.0,300.84,0.56,6.035613077866597,0.0,3.0052653352317993,-2.265542676501575,-2.2856130778665973,Trung tinh
2023-02-13,20.34,85.98,103.36685351486578,4079.684736842105,3.75,28.92,1855.0,300.84,0.56,6.035613077866597,-0.26441376633754565,3.0052653352317993,-2.265542676501575,-2.2856130778665973,Trung tinh
2023-02-14,18.91,84.96,103.381456911292,4079.684736842105,3.75,28.92,1855.0,300.84,0.56,6.035613077866597,0.01412773624198671,3.0052653352317993,-2.265542676501575,-2.2856130778665973,Trung tinh
2023-02-15,18.23,84.11,103.9018138729052,4079.684736842105,3.75,28.92,1855.0,300.84,0.56,6.035613077866597,0.5033368431436314,3.0052653352317993,-2.265542676501575,-2.2856130778665973,Trung tinh
2023-02-16,20.17,83.84,103.91847663894542,4079.684736842105,3.75,28.92,1855.0,300.84,0.56,6.035613077866597,0.016037030942128716,3.0052653352317993,-2.265542676501575,-2.2856130778665973,Trung tinh
2023-02-17,20.02,81.97,104.03223881145121,4079.684736842105,3.75,28.92,1855.0,300.84,0.56,6.035613077866597,0.10947251748218978,3.0052653352317993,-2.265542676501575,-2.2856130778665973,Trung tinh
2023-02-18,20.02,81.97,104.03223881145121,4079.684736842105,3.75,28.92,1855.0,300.84,0.56,6.035613077866597,0.0,3.0052653352317993,-2.265542676501575,-2.2856130778665973,Trung tinh
2023-02-19,20.02,81.97,104.03223881145121,4079.684736842105,3.75,28.92,1855.0,300.84,0.56,6.035613077866597,0.0,3.0052653352317993,-2.265542676501575,-2.2856130778665973,Trung tinh
2023-02-20,21.23,82.79,104.03223881145121,4079.684736842105,3.75,28.92,1855.0,300.84,0.56,6.035613077866597,0.0,3.0052653352317993,-2.265542676501575,-2.2856130778665973,Trung tinh
2023-02-21,22.87,82.14,104.09021028611242,4079.684736842105,3.75,28.92,1855.0,300.84,0.56,6.035613077866597,0.05572452859183841,3.0052653352317993,-2.265542676501575,-2.2856130778665973,Trung tinh
2023-02-22,22.29,79.55,104.37402950094575,4079.684736842105,3.75,28.92,1855.0,300.84,0.56,6.035613077866597,0.27266657839695174,3.0052653352317993,-2.265542676501575,-2.2856130778665973,Trung tinh
2023-02-23,21.14,82.08,104.70655815159095,4079.684736842105,3.75,28.92,1855.0,300.84,0.56,6.035613077866597,0.31859328631380635,3.0052653352317993,-2.265542676501575,-2.2856130778665973,Trung tinh
2023-02-24,21.67,82.31,105.23369649455972,4079.684736842105,3.75,28.92,1855.0,300.84,0.56,6.035613077866597,0.5034434826953094,3.0052653352317993,-2.265542676501575,-2.2856130778665973,Trung tinh
2023-02-25,21.67,82.31,105.23369649455972,4079.684736842105,3.75,28.92,1855.0,300.84,0.56,6.035613077866597,0.0,3.0052653352317993,-2.265542676501575,-2.2856130778665973,Trung tinh
2023-02-26,21.67,82.31,105.23369649455972,4079.684736842105,3.75,28.92,1855.0,300.84,0.56,6.035613077866597,0.0,3.0052653352317993,-2.265542676501575,-2.2856130778665973,Trung tinh
2023-02-27,20.95,81.24,104.76309115369659,4079.684736842105,3.75,28.92,1855.0,300.84,0.56,6.035613077866597,-0.4472002376990192,3.0052653352317993,-2.265542676501575,-2.2856130778665973,Trung tinh
2023-02-28,20.7,83.21,104.69613802232601,4079.684736842105,3.75,28.92,1855.0,300.84,0.56,6.035613077866597,-0.0639090834694378,3.0052653352317993,-2.265542676501575,-2.2856130778665973,Trung tinh
2023-03-01,20.58,83.68,104.31318523442272,3968.559130434783,3.66,27.95,1913.0,301.836,0.33,4.984974122099173,-0.3657754671157254,0.19952829625045077,0.7903055848261342,-1.3249741220991726,Trung tinh
2023-03-02,19.59,84.15,105.01820147467366,3968.559130434783,3.66,27.95,1913.0,301.836,0.33,4.984974122099173,0.6758649337248901,0.19952829625045077,0.7903055848261342,-1.3249741220991726,Trung tinh
2023-03-03,18.49,85.74,104.73833926582975,3968.559130434783,3.66,27.95,1913.0,301.836,0.33,4.984974122099173,-0.2664892417829079,-2.7238772987478233,3.126684636118604,-1.3249741220991726,Trung tinh
2023-03-04,18.49,85.74,104.73833926582975,3968.559130434783,3.66,27.95,1913.0,301.836,0.33,4.984974122099173,0.0,-2.7238772987478233,3.126684636118604,-1.3249741220991726,Trung tinh
2023-03-05,18.49,85.74,104.73833926582975,3968.559130434783,3.66,27.95,1913.0,301.836,0.33,4.984974122099173,0.0,-2.7238772987478233,3.126684636118604,-1.3249741220991726,Trung tinh
2023-03-06,18.61,85.86,104.17481718339253,3968.559130434783,3.66,27.95,1913.0,301.836,0.33,4.984974122099173,-0.5380284682641179,-2.7238772987478233,3.126684636118604,-1.3249741220991726,Trung tinh
2023-03-07,19.59,83.03,105.40390057192786,3968.559130434783,3.66,27.95,1913.0,301.836,0.33,4.984974122099173,1.1798277374191146,-2.7238772987478233,3.126684636118604,-1.3249741220991726,Trung tinh
2023-03-08,19.11,82.1,105.62528496157327,3968.559130434783,3.66,27.95,1913.0,301.836,0.33,4.984974122099173,0.21003434260418175,-2.7238772987478233,3.126684636118604,-1.3249741220991726,Trung tinh
2023-03-09,22.61,81.0,105.26805003211572,3968.559130434783,3.66,27.95,1913.0,301.836,0.33,4.984974122099173,-0.33820967165911764,-2.7238772987478233,3.126684636118604,-1.3249741220991726,Trung tinh
2023-03-10,24.8,82.3,104.47992771816442,3968.559130434783,3.66,27.95,1913.0,301.836,0.33,4.984974122099173,-0.7486814030571054,-2.7238772987478233,3.126684636118604,-1.3249741220991726,Trung tinh
2023-03-11,24.8,82.3,104.47992771816442,3968.559130434783,3.66,27.95,1913.0,301.836,0.33,4.984974122099173,0.0,-2.7238772987478233,3.126684636118604,-1.3249741220991726,Trung tinh
2023-03-12,24.8,82.3,104.47992771816442,3968.559130434783,3.66,27.95,1913.0,301.836,0.33,4.984974122099173,0.0,-2.7238772987478233,3.126684636118604,-1.3249741220991726,Trung tinh
2023-03-13,26.52,79.67,103.58739231634809,3968.559130434783,3.66,27.95,1913.0,301.836,0.33,4.984974122099173,-0.8542649495546728,-2.7238772987478233,3.126684636118604,-1.3249741220991726,Risk-off
2023-03-14,23.73,76.77,103.74880381719902,3968.559130434783,3.66,27.95,1913.0,301.836,0.33,4.984974122099173,0.15582156982771878,-2.7238772987478233,3.126684636118604,-1.3249741220991726,Trung tinh
2023-03-15,26.14,74.3,104.95179983348308,3968.559130434783,3.66,27.95,1913.0,301.836,0.33,4.984974122099173,1.159527601304866,-2.7238772987478233,3.126684636118604,-1.3249741220991726,Risk-off
2023-03-16,22.99,73.12,104.33788145638842,3968.559130434783,3.66,27.95,1913.0,301.836,0.33,4.984974122099173,-0.5849526907291791,-2.7238772987478233,3.126684636118604,-1.3249741220991726,Trung tinh
2023-03-17,25.51,71.03,104.04443597520635,3968.559130434783,3.66,27.95,1913.0,301.836,0.33,4.984974122099173,-0.28124538958049783,-2.7238772987478233,3.126684636118604,-1.3249741220991726,Risk-off
2023-03-18,25.51,71.03,104.04443597520635,3968.559130434783,3.66,27.95,1913.0,301.836,0.33,4.984974122099173,0.0,-2.7238772987478233,3.126684636118604,-1.3249741220991726,Risk-off
2023-03-19,25.51,71.03,104.04443597520635,3968.559130434783,3.66,27.95,1913.0,301.836,0.33,4.984974122099173,0.0,-2.7238772987478233,3.126684636118604,-1.3249741220991726,Risk-off
2023-03-20,24.15,72.42,103.36409998618997,3968.559130434783,3.66,27.95,1913.0,301.836,0.33,4.984974122099173,-0.6538898333578458,-2.7238772987478233,3.126684636118604,-1.3249741220991726,Trung tinh
2023-03-21,21.38,74.78,103.2435680066049,3968.559130434783,3.66,27.95,1913.0,301.836,0.33,4.984974122099173,-0.11660913179833976,-2.7238772987478233,3.126684636118604,-1.3249741220991726,Trung tinh
2023-03-22,22.26,76.08,103.11419756048996,3968.559130434783,3.66,27.95,1913.0,301.836,0.33,4.984974122099173,-0.12530605887881574,-2.7238772987478233,3.126684636118604,-1.3249741220991726,Trung tinh
2023-03-23,22.61,74.31,102.19668513513398,3968.559130434783,3.66,27.95,1913.0,301.836,0.33,4.984974122099173,-0.8898022261364491,-2.7238772987478233,3.126684636118604,-1.3249741220991726,Trung tinh
2023-03-24,21.74,73.63,103.1112389837822,3968.559130434783,3.66,27.95,1913.0,301.836,0.33,4.984974122099173,0.8948958055135625,-2.7238772987478233,3.126684636118604,-1.3249741220991726,Trung tinh
2023-03-25,21.74,73.63,103.1112389837822,3968.559130434783,3.66,27.95,1913.0,301.836,0.33,4.984974122099173,0.0,-2.7238772987478233,3.126684636118604,-1.3249741220991726,Trung tinh
2023-03-26,21.74,73.63,103.1112389837822,3968.559130434783,3.66,27.95,1913.0,301.836,0.33,4.984974122099173,0.0,-2.7238772987478233,3.126684636118604,-1.3249741220991726,Trung tinh
2023-03-27,20.6,76.8,102.92639369446539,3968.559130434783,3.66,27.95,1913.0,301.836,0.33,4.984974122099173,-0.17926783844182115,-2.7238772987478233,3.126684636118604,-1.3249741220991726,Trung tinh
2023-03-28,19.97,78.07,102.4517132505475,3968.559130434783,3.66,27.95,1913.0,301.836,0.33,4.984974122099173,-0.4611843734921517,-2.7238772987478233,3.126684636118604,-1.3249741220991726,Trung tinh
2023-03-29,19.12,77.51,102.7577305034253,3968.559130434783,3.66,27.95,1913.0,301.836,0.33,4.984974122099173,0.2986941293303902,-2.7238772987478233,3.126684636118604,-1.3249741220991726,Trung tinh
2023-03-30,19.02,78.45,102.24048950142269,3968.559130434783,3.66,27.95,1913.0,301.836,0.33,4.984974122099173,-0.5033596980670629,-2.7238772987478233,3.126684636118604,-1.3249741220991726,Trung tinh
2023-03-31,18.7,79.19,102.37129597700368,3968.559130434783,3.66,27.95,1913.0,301.836,0.33,4.984974122099173,0.12793999345941387,0.0,0.0,-1.3249741220991726,Trung tinh
2023-04-01,18.7,79.19,102.37129597700368,4121.467368421053,3.46,28.76,2000.0,303.363,0.51,4.930320398188925,0.0,3.8529912988726878,4.5478306325143825,-1.4703203981889255,Trung tinh
2023-04-02,18.7,79.19,102.37129597700368,4121.467368421053,3.46,28.76,2000.0,303.363,0.51,4.930320398188925,0.0,3.8529912988726878,4.5478306325143825,-1.4703203981889255,Trung tinh
2023-04-03,18.55,85.81,102.14619384648249,4121.467368421053,3.46,28.76,2000.0,303.363,0.51,4.930320398188925,-0.2198879367237505,3.8529912988726878,4.5478306325143825,-1.4703203981889255,Trung tinh
2023-04-04,19.0,85.7,101.60299822553186,4121.467368421053,3.46,28.76,2000.0,303.363,0.51,4.930320398188925,-0.5317825368677087,3.8529912988726878,4.5478306325143825,-1.4703203981889255,Trung tinh
2023-04-05,19.08,85.89,101.78564959907519,4121.467368421053,3.46,28.76,2000.0,303.363,0.51,4.930320398188925,0.17976966894017732,3.8529912988726878,4.5478306325143825,-1.4703203981889255,Trung tinh
2023-04-06,18.4,86.56,101.83465942340064,4121.467368421053,3.46,28.76,2000.0,303.363,0.51,4.930320398188925,0.048150033446270335,3.8529912988726878,4.5478306325143825,-1.4703203981889255,Trung tinh
2023-04-07,18.4,86.56,102.01698974345175,4121.467368421053,3.46,28.76,2000.0,303.363,0.51,4.930320398188925,0.17904544590563454,3.8529912988726878,4.5478306325143825,-1.4703203981889255,Trung tinh
2023-04-08,18.4,86.56,102.01698974345175,4121.467368421053,3.46,28.76,2000.0,303.363,0.51,4.930320398188925,0.0,3.8529912988726878,4.5478306325143825,-1.4703203981889255,Trung tinh
2023-04-09,18.4,86.56,102.01698974345175,4121.467368421053,3.46,28.76,2000.0,303.363,0.51,4.930320398188925,0.0,3.8529912988726878,4.5478306325143825,-1.4703203981889255,Trung tinh
2023-04-10,18.97,86.56,102.74581031843465,4121.467368421053,3.46,28.76,2000.0,303.363,0.51,4.930320398188925,0.7144109788141284,3.8529912988726878,4.5478306325143825,-1.4703203981889255,Trung tinh
2023-04-11,19.1,87.32,102.22013397217775,4121.467368421053,3.46,28.76,2000.0,303.363,0.51,4.930320398188925,-0.5116280115244565,3.8529912988726878,4.5478306325143825,-1.4703203981889255,Trung tinh
2023-04-12,19.09,88.31,101.58643985871566,4121.467368421053,3.46,28.76,2000.0,303.363,0.51,4.930320398188925,-0.6199308187509911,3.8529912988726878,4.5478306325143825,-1.4703203981889255,Trung tinh
2023-04-13,17.8,86.51,100.9341931444392,4121.467368421053,3.46,28.76,2000.0,303.363,0.51,4.930320398188925,-0.6420608057370547,3.8529912988726878,4.5478306325143825,-1.4703203981889255,Trung tinh
2023-04-14,17.07,87.31,101.66577629122132,4121.467368421053,3.46,28.76,2000.0,303.363,0.51,4.930320398188925,0.7248120027424143,3.8529912988726878,4.5478306325143825,-1.4703203981889255,Trung tinh
2023-04-15,17.07,87.31,101.66577629122132,4121.467368421053,3.46,28.76,2000.0,303.363,0.51,4.930320398188925,0.0,3.8529912988726878,4.5478306325143825,-1.4703203981889255,Trung tinh
2023-04-16,17.07,87.31,101.66577629122132,4121.467368421053,3.46,28.76,2000.0,303.363,0.51,4.930320398188925,0.0,3.8529912988726878,4.5478306325143825,-1.4703203981889255,Trung tinh
2023-04-17,16.95,85.63,102.20510914874049,4121.467368421053,3.46,28.76,2000.0,303.363,0.51,4.930320398188925,0.5304959812378218,3.8529912988726878,4.5478306325143825,-1.4703203981889255,Trung tinh
2023-04-18,16.83,85.48,101.83700002811256,4121.467368421053,3.46,28.76,2000.0,303.363,0.51,4.930320398188925,-0.360167044185844,3.8529912988726878,4.5478306325143825,-1.4703203981889255,Trung tinh
2023-04-19,16.46,85.34,101.96476281033317,4121.467368421053,3.46,28.76,2000.0,303.363,0.51,4.930320398188925,0.12545811658370987,3.8529912988726878,4.5478306325143825,-1.4703203981889255,Trung tinh
2023-04-20,17.17,83.29,101.77136331135702,4121.467368421053,3.46,28.76,2000.0,303.363,0.51,4.930320398188925,-0.18967287683088196,3.8529912988726878,4.5478306325143825,-1.4703203981889255,Trung tinh
2023-04-21,16.77,83.36,101.84356235003439,4121.467368421053,3.46,28.76,2000.0,303.363,0.51,4.930320398188925,0.07094239118767831,3.8529912988726878,4.5478306325143825,-1.4703203981889255,Trung tinh
2023-04-22,16.77,83.36,101.84356235003439,4121.467368421053,3.46,28.76,2000.0,303.363,0.51,4.930320398188925,0.0,3.8529912988726878,4.5478306325143825,-1.4703203981889255,Trung tinh
2023-04-23,16.77,83.36,101.84356235003439,4121.467368421053,3.46,28.76,2000.0,303.363,0.51,4.930320398188925,0.0,3.8529912988726878,4.5478306325143825,-1.4703203981889255,Trung tinh
2023-04-24,16.89,84.23,101.51259324438224,4121.467368421053,3.46,28.76,2000.0,303.363,0.51,4.930320398188925,-0.3249779348002524,3.8529912988726878,4.5478306325143825,-1.4703203981889255,Trung tinh
2023-04-25,18.76,82.13,101.92355089520889,4121.467368421053,3.46,28.76,2000.0,303.363,0.51,4.930320398188925,0.40483415672112333,3.8529912988726878,4.5478306325143825,-1.4703203981889255,Trung tinh
2023-04-26,18.84,79.19,101.33938825075148,4121.467368421053,3.46,28.76,2000.0,303.363,0.51,4.930320398188925,-0.5731380425099242,3.8529912988726878,4.5478306325143825,-1.4703203981889255,Trung tinh
2023-04-27,17.03,80.11,101.6012327296411,4121.467368421053,3.46,28.76,2000.0,303.363,0.51,4.930320398188925,0.2583837177324577,3.8529912988726878,4.5478306325143825,-1.4703203981889255,Trung tinh
2023-04-28,15.78,81.32,101.48589172327608,4121.467368421053,3.46,28.76,2000.0,303.363,0.51,4.930320398188925,-0.1135232351677562,3.8529912988726878,4.5478306325143825,-1.4703203981889255,Trung tinh
2023-04-29,15.78,81.32,101.48589172327608,4121.467368421053,3.46,28.76,2000.0,303.363,0.51,4.930320398188925,0.0,3.8529912988726878,4.5478306325143825,-1.4703203981889255,Trung tinh
2023-04-30,15.78,81.32,101.48589172327608,4121.467368421053,3.46,28.76,2000.0,303.363,0.51,4.930320398188925,0.0,3.8529912988726878,4.5478306325143825,-1.4703203981889255,Trung tinh
2023-05-01,16.08,81.32,102.12920035596292,4146.173181818183,3.57,28.76,1992.0,304.127,0.25,4.047609272791974,0.6338897178348235,0.5994421692241847,-0.40000000000000036,-0.4776092727919745,Trung tinh
2023-05-02,17.78,76.71,101.94829618945565,4146.173181818183,3.57,28.76,1992.0,304.127,0.25,4.047609272791974,-0.17713265733673156,0.5994421692241847,-0.40000000000000036,-0.4776092727919745,Trung tinh
2023-05-03,18.34,72.91,101.42820485766909,4146.173181818183,3.57,28.76,1992.0,304.127,0.25,4.047609272791974,-0.5101520586671238,0.5994421692241847,-0.40000000000000036,-0.4776092727919745,Trung tinh
2023-05-04,20.09,73.0,101.41807124814933,4146.173181818183,3.57,28.76,1992.0,304.127,0.25,4.047609272791974,-0.009990918733082665,0.5994421692241847,-0.40000000000000036,-0.4776092727919745,Trung tinh
2023-05-05,17.19,75.85,101.24892530250641,4146.173181818183,3.57,28.76,1992.0,304.127,0.25,4.047609272791974,-0.16678087402102193,0.5994421692241847,-0.40000000000000036,-0.4776092727919745,Trung tinh
2023-05-06,17.19,75.85,101.24892530250641,4146.173181818183,3.57,28.76,1992.0,304.127,0.25,4.047609272791974,0.0,0.5994421692241847,-0.40000000000000036,-0.4776092727919745,Trung tinh
2023-05-07,17.19,75.85,101.24892530250641,4146.173181818183,3.57,28.76,1992.0,304.127,0.25,4.047609272791974,0.0,0.5994421692241847,-0.40000000000000036,-0.4776092727919745,Trung tinh
2023-05-08,16.98,75.85,101.2369785517611,4146.173181818183,3.57,28.76,1992.0,304.127,0.25,4.047609272791974,-0.011799385237543092,0.5994421692241847,-0.40000000000000036,-0.4776092727919745,Trung tinh
2023-05-09,17.71,77.76,101.70539481229113,4146.173181818183,3.57,28.76,1992.0,304.127,0.25,4.047609272791974,0.46269284922459963,0.5994421692241847,-0.40000000000000036,-0.4776092727919745,Trung tinh
2023-05-10,16.94,76.7,101.56994463237265,4146.173181818183,3.57,28.76,1992.0,304.127,0.25,4.047609272791974,-0.13317895296357518,0.5994421692241847,-0.40000000000000036,-0.4776092727919745,Trung tinh
2023-05-11,16.93,75.32,102.07988436345978,4146.173181818183,3.57,28.76,1992.0,304.127,0.25,4.047609272791974,0.5020577031255025,0.5994421692241847,-0.40000000000000036,-0.4776092727919745,Trung tinh
2023-05-12,17.03,74.54,102.62096061875782,4146.173181818183,3.57,28.76,1992.0,304.127,0.25,4.047609272791974,0.5300517909792246,0.5994421692241847,-0.40000000000000036,-0.4776092727919745,Trung tinh
2023-05-13,17.03,74.54,102.62096061875782,4146.173181818183,3.57,28.76,1992.0,304.127,0.25,4.047609272791974,0.0,0.5994421692241847,-0.40000000000000036,-0.4776092727919745,Trung tinh
2023-05-14,17.03,74.54,102.62096061875782,4146.173181818183,3.57,28.76,1992.0,304.127,0.25,4.047609272791974,0.0,0.5994421692241847,-0.40000000000000036,-0.4776092727919745,Trung tinh
2023-05-15,17.12,75.46,102.44688949857233,4146.173181818183,3.57,28.76,1992.0,304.127,0.25,4.047609272791974,-0.16962530767196116,0.5994421692241847,-0.40000000000000036,-0.4776092727919745,Trung tinh
2023-05-16,17.99,75.15,102.59346207176931,4146.173181818183,3.57,28.76,1992.0,304.127,0.25,4.047609272791974,0.14307176519889886,0.5994421692241847,-0.40000000000000036,-0.4776092727919745,Trung tinh
2023-05-17,16.87,76.98,102.9506332168096,4146.173181818183,3.57,28.76,1992.0,304.127,0.25,4.047609272791974,0.3481422088967401,0.5994421692241847,-0.40000000000000036,-0.4776092727919745,Trung tinh
2023-05-18,16.05,75.75,103.48035473791317,4146.173181818183,3.57,28.76,1992.0,304.127,0.25,4.047609272791974,0.5145393520678887,0.5994421692241847,-0.40000000000000036,-0.4776092727919745,Trung tinh
2023-05-19,16.81,75.42,103.07346854234456,4146.173181818183,3.57,28.76,1992.0,304.127,0.25,4.047609272791974,-0.3932013922827604,0.5994421692241847,-0.40000000000000036,-0.4776092727919745,Trung tinh
2023-05-20,16.81,75.42,103.07346854234456,4146.173181818183,3.57,28.76,1992.0,304.127,0.25,4.047609272791974,0.0,0.5994421692241847,-0.40000000000000036,-0.4776092727919745,Trung tinh
2023-05-21,16.81,75.42,103.07346854234456,4146.173181818183,3.57,28.76,1992.0,304.127,0.25,4.047609272791974,0.0,0.5994421692241847,-0.40000000000000036,-0.4776092727919745,Trung tinh
2023-05-22,17.21,75.77,103.30334420065762,4146.173181818183,3.57,28.76,1992.0,304.127,0.25,4.047609272791974,0.2230211727265452,0.5994421692241847,-0.40000000000000036,-0.4776092727919745,Trung tinh
2023-05-23,18.53,76.66,103.53057778274783,4146.173181818183,3.57,28.76,1992.0,304.127,0.25,4.047609272791974,0.21996730488107463,0.5994421692241847,-0.40000000000000036,-0.4776092727919745,Trung tinh
2023-05-24,20.03,77.99,103.8217992453281,4146.173181818183,3.57,28.76,1992.0,304.127,0.25,4.047609272791974,0.2812902900932057,0.5994421692241847,-0.40000000000000036,-0.4776092727919745,Trung tinh
2023-05-25,19.14,75.66,104.19766868970557,4146.173181818183,3.57,28.76,1992.0,304.127,0.25,4.047609272791974,0.3620332599797216,0.5994421692241847,-0.40000000000000036,-0.4776092727919745,Trung tinh
2023-05-26,17.95,76.33,104.30273491277826,4146.173181818183,3.57,28.76,1992.0,304.127,0.25,4.047609272791974,0.1008335641228042,0.5994421692241847,-0.40000000000000036,-0.4776092727919745,Trung tinh
2023-05-27,17.95,76.33,104.30273491277826,4146.173181818183,3.57,28.76,1992.0,304.127,0.25,4.047609272791974,0.0,0.5994421692241847,-0.40000000000000036,-0.4776092727919745,Trung tinh
2023-05-28,17.95,76.33,104.30273491277826,4146.173181818183,3.57,28.76,1992.0,304.127,0.25,4.047609272791974,0.0,0.5994421692241847,-0.40000000000000036,-0.4776092727919745,Trung tinh
2023-05-29,17.46,76.33,104.30273491277826,4146.173181818183,3.57,28.76,1992.0,304.127,0.25,4.047609272791974,0.0,0.5994421692241847,-0.40000000000000036,-0.4776092727919745,Trung tinh
2023-05-30,17.46,73.38,104.12645379370454,4146.173181818183,3.57,28.76,1992.0,304.127,0.25,4.047609272791974,-0.16900910529443758,0.5994421692241847,-0.40000000000000036,-0.4776092727919745,Trung tinh
2023-05-31,17.94,71.98,104.54267648951483,4146.173181818183,3.57,28.76,1992.0,304.127,0.25,4.047609272791974,0.39972810044497376,0.0,0.0,-0.4776092727919745,Trung tinh
2023-06-01,15.65,74.18,103.59853295419529,4345.372857142857,3.75,29.94,1943.0,305.109,0.32,2.9691776545588855,-0.9031178146794772,4.804422453895696,-2.459839357429716,0.7808223454411145,Trung tinh
2023-06-02,14.6,76.0,103.90935161457377,4345.372857142857,3.75,29.94,1943.0,305.109,0.32,2.9691776545588855,0.30002226046570435,4.804422453895696,-2.459839357429716,0.7808223454411145,Risk-on
2023-06-03,14.6,76.0,103.90935161457377,4345.372857142857,3.75,29.94,1943.0,305.109,0.32,2.9691776545588855,0.0,4.804422453895696,-2.459839357429716,0.7808223454411145,Risk-on
2023-06-04,14.6,76.0,103.90935161457377,4345.372857142857,3.75,29.94,1943.0,305.109,0.32,2.9691776545588855,0.0,4.804422453895696,-2.459839357429716,0.7808223454411145,Risk-on
2023-06-05,14.73,76.61,103.94182110775526,4345.372857142857,3.75,29.94,1943.0,305.109,0.32,2.9691776545588855,0.031247902789277582,4.804422453895696,-2.459839357429716,0.7808223454411145,Risk-on
2023-06-06,13.96,76.22,104.1313451544661,4345.372857142857,3.75,29.94,1943.0,305.109,0.32,2.9691776545588855,0.18233666169304996,4.804422453895696,-2.459839357429716,0.7808223454411145,Risk-on
2023-06-07,13.94,76.85,104.06178890385789,4345.372857142857,3.75,29.94,1943.0,305.109,0.32,2.9691776545588855,-0.06679665042743643,4.804422453895696,-2.459839357429716,0.7808223454411145,Risk-on
2023-06-08,13.65,75.88,103.35915871503362,4345.372857142857,3.75,29.94,1943.0,305.109,0.32,2.9691776545588855,-0.675204795367712,4.804422453895696,-2.459839357429716,0.7808223454411145,Risk-on
2023-06-09,13.83,74.74,103.54329496846462,4345.372857142857,3.75,29.94,1943.0,305.109,0.32,2.9691776545588855,0.17815185003458023,4.804422453895696,-2.459839357429716,0.7808223454411145,Risk-on
2023-06-10,13.83,74.74,103.54329496846462,4345.372857142857,3.75,29.94,1943.0,305.109,0.32,2.9691776545588855,0.0,4.804422453895696,-2.459839357429716,0.7808223454411145,Risk-on
2023-06-11,13.83,74.74,103.54329496846462,4345.372857142857,3.75,29.94,1943.0,305.109,0.32,2.9691776545588855,0.0,4.804422453895696,-2.459839357429716,0.7808223454411145,Risk-on
2023-06-12,15.01,71.8,103.73625545996245,4345.372857142857,3.75,29.94,1943.0,305.109,0.32,2.9691776545588855,0.18635730257241523,4.804422453895696,-2.459839357429716,0.7808223454411145,Trung tinh
2023-06-13,14.61,74.24,103.27734371954212,4345.372857142857,3.75,29.94,1943.0,305.109,0.32,2.9691776545588855,-0.4423831748943896,4.804422453895696,-2.459839357429716,0.7808223454411145,Risk-on
2023-06-14,13.88,73.39,102.69249066056392,4345.372857142857,3.75,29.94,1943.0,305.109,0.32,2.9691776545588855,-0.5662936689835973,4.804422453895696,-2.459839357429716,0.7808223454411145,Risk-on
2023-06-15,14.5,75.75,102.27360929926212,4345.372857142857,3.75,29.94,1943.0,305.109,0.32,2.9691776545588855,-0.40789872619445555,4.804422453895696,-2.459839357429716,0.7808223454411145,Risk-on
2023-06-16,13.54,76.76,102.38779101871333,4345.372857142857,3.75,29.94,1943.0,305.109,0.32,2.9691776545588855,0.11164338506632898,4.804422453895696,-2.459839357429716,0.7808223454411145,Risk-on
2023-06-17,13.54,76.76,102.38779101871333,4345.372857142857,3.75,29.94,1943.0,305.109,0.32,2.9691776545588855,0.0,4.804422453895696,-2.459839357429716,0.7808223454411145,Risk-on
2023-06-18,13.54,76.76,102.38779101871333,4345.372857142857,3.75,29.94,1943.0,305.109,0.32,2.9691776545588855,0.0,4.804422453895696,-2.459839357429716,0.7808223454411145,Risk-on
2023-06-19,14.19,76.09,102.38779101871333,4345.372857142857,3.75,29.94,1943.0,305.109,0.32,2.9691776545588855,0.0,4.804422453895696,-2.459839357429716,0.7808223454411145,Risk-on
2023-06-20,13.88,75.79,102.69419192578876,4345.372857142857,3.75,29.94,1943.0,305.109,0.32,2.9691776545588855,0.29925531552821294,4.804422453895696,-2.459839357429716,0.7808223454411145,Risk-on
2023-06-21,13.2,76.92,102.36270503899914,4345.372857142857,3.75,29.94,1943.0,305.109,0.32,2.9691776545588855,-0.32279029667925396,4.804422453895696,-2.459839357429716,0.7808223454411145,Risk-on
2023-06-22,12.91,73.93,102.41385949433923,4345.372857142857,3.75,29.94,1943.0,305.109,0.32,2.9691776545588855,0.04997372365316277,4.804422453895696,-2.459839357429716,0.7808223454411145,Risk-on
2023-06-23,13.44,73.56,102.94833372070022,4345.372857142857,3.75,29.94,1943.0,305.109,0.32,2.9691776545588855,0.521876852410319,4.804422453895696,-2.459839357429716,0.7808223454411145,Risk-on
2023-06-24,13.44,73.56,102.94833372070022,4345.372857142857,3.75,29.94,1943.0,305.109,0.32,2.9691776545588855,0.0,4.804422453895696,-2.459839357429716,0.7808223454411145,Risk-on
2023-06-25,13.44,73.56,102.94833372070022,4345.372857142857,3.75,29.94,1943.0,305.109,0.32,2.9691776545588855,0.0,4.804422453895696,-2.459839357429716,0.7808223454411145,Risk-on
2023-06-26,14.25,73.86,102.71867815648714,4345.372857142857,3.75,29.94,1943.0,305.109,0.32,2.9691776545588855,-0.2230784665598673,4.804422453895696,-2.459839357429716,0.7808223454411145,Risk-on
2023-06-27,13.74,71.88,102.47551412096759,4345.372857142857,3.75,29.94,1943.0,305.109,0.32,2.9691776545588855,-0.23672815877664455,4.804422453895696,-2.459839357429716,0.7808223454411145,Risk-on
2023-06-28,13.43,73.64,103.02400679859399,4345.372857142857,3.75,29.94,1943.0,305.109,0.32,2.9691776545588855,0.535242669755176,4.804422453895696,-2.459839357429716,0.7808223454411145,Risk-on
2023-06-29,13.54,73.86,103.23577896932653,4345.372857142857,3.75,29.94,1943.0,305.109,0.32,2.9691776545588855,0.2055561391109073,4.804422453895696,-2.459839357429716,0.7808223454411145,Risk-on
2023-06-30,13.59,74.51,102.86112925323522,4345.372857142857,3.75,29.94,1943.0,305.109,0.32,2.9691776545588855,-0.3629068524805046,4.804422453895696,-2.459839357429716,0.7808223454411145,Risk-on
2023-07-01,13.59,74.51,102.86112925323522,4508.075500000001,3.9,30.89,1951.0,305.691,0.19,3.177780177942169,0.0,3.744273465272263,0.4117344312918103,0.7222198220578311,Risk-on
2023-07-02,13.59,74.51,102.86112925323522,4508.075500000001,3.9,30.89,1951.0,305.691,0.19,3.177780177942169,0.0,3.744273465272263,0.4117344312918103,0.7222198220578311,Risk-on
2023-07-03,13.57,74.52,102.90665374832523,4508.075500000001,3.9,30.89,1951.0,305.691,0.19,3.177780177942169,0.044258210482928106,3.744273465272263,0.4117344312918103,0.7222198220578311,Risk-on
2023-07-04,13.7,76.23,102.90665374832523,4508.075500000001,3.9,30.89,1951.0,305.691,0.19,3.177780177942169,0.0,3.744273465272263,0.4117344312918103,0.7222198220578311,Risk-on
2023-07-05,14.18,76.74,103.23300372589183,4508.075500000001,3.9,30.89,1951.0,305.691,0.19,3.177780177942169,0.31713204703434084,3.744273465272263,0.4117344312918103,0.7222198220578311,Risk-on
2023-07-06,15.44,76.72,103.22853807907029,4508.075500000001,3.9,30.89,1951.0,305.691,0.19,3.177780177942169,-0.0043257937484830755,3.744273465272263,0.4117344312918103,0.7222198220578311,Trung tinh
2023-07-07,14.83,78.77,102.30905553230312,4508.075500000001,3.9,30.89,1951.0,305.691,0.19,3.177780177942169,-0.8907251462409227,3.744273465272263,0.4117344312918103,0.7222198220578311,Risk-on
2023-07-08,14.83,78.77,102.30905553230312,4508.075500000001,3.9,30.89,1951.0,305.691,0.19,3.177780177942169,0.0,3.744273465272263,0.4117344312918103,0.7222198220578311,Risk-on
2023-07-09,14.83,78.77,102.30905553230312,4508.075500000001,3.9,30.89,1951.0,305.691,0.19,3.177780177942169,0.0,3.744273465272263,0.4117344312918103,0.7222198220578311,Risk-on
2023-07-10,15.07,77.83,102.07487420021063,4508.075500000001,3.9,30.89,1951.0,305.691,0.19,3.177780177942169,-0.22889599642385017,3.744273465272263,0.4117344312918103,0.7222198220578311,Trung tinh
2023-07-11,14.84,79.54,101.81369891497768,4508.075500000001,3.9,30.89,1951.0,305.691,0.19,3.177780177942169,-0.25586637973286086,3.744273465272263,0.4117344312918103,0.7222198220578311,Risk-on
2023-07-12,13.54,80.35,100.59295461065312,4508.075500000001,3.9,30.89,1951.0,305.691,0.19,3.177780177942169,-1.1989980889938745,3.744273465272263,0.4117344312918103,0.7222198220578311,Risk-on
2023-07-13,13.61,81.31,99.97641928836903,4508.075500000001,3.9,30.89,1951.0,305.691,0.19,3.177780177942169,-0.6129010969708637,3.744273465272263,0.4117344312918103,0.7222198220578311,Risk-on
2023-07-14,13.34,79.9,99.87135854564895,4508.075500000001,3.9,30.89,1951.0,305.691,0.19,3.177780177942169,-0.10508552263414073,3.744273465272263,0.4117344312918103,0.7222198220578311,Risk-on
2023-07-15,13.34,79.9,99.87135854564895,4508.075500000001,3.9,30.89,1951.0,305.691,0.19,3.177780177942169,0.0,3.744273465272263,0.4117344312918103,0.7222198220578311,Risk-on
2023-07-16,13.34,79.9,99.87135854564895,4508.075500000001,3.9,30.89,1951.0,305.691,0.19,3.177780177942169,0.0,3.744273465272263,0.4117344312918103,0.7222198220578311,Risk-on
2023-07-17,13.48,77.8,99.90738577848445,4508.075500000001,3.9,30.89,1951.0,305.691,0.19,3.177780177942169,0.03607363848869838,3.744273465272263,0.4117344312918103,0.7222198220578311,Risk-on
2023-07-18,13.3,79.54,99.97492782365104,4508.075500000001,3.9,30.89,1951.0,305.691,0.19,3.177780177942169,0.06760465669308768,3.744273465272263,0.4117344312918103,0.7222198220578311,Risk-on
2023-07-19,13.76,79.38,100.36653808211702,4508.075500000001,3.9,30.89,1951.0,305.691,0.19,3.177780177942169,0.3917084683039196,3.744273465272263,0.4117344312918103,0.7222198220578311,Risk-on
2023-07-20,13.99,79.62,100.8618277839636,4508.075500000001,3.9,30.89,1951.0,305.691,0.19,3.177780177942169,0.4934809063966705,3.744273465272263,0.4117344312918103,0.7222198220578311,Risk-on
2023-07-21,13.6,81.06,101.10507079093746,4508.075500000001,3.9,30.89,1951.0,305.691,0.19,3.177780177942169,0.24116458358742765,3.744273465272263,0.4117344312918103,0.7222198220578311,Risk-on
2023-07-22,13.6,81.06,101.10507079093746,4508.075500000001,3.9,30.89,1951.0,305.691,0.19,3.177780177942169,0.0,3.744273465272263,0.4117344312918103,0.7222198220578311,Risk-on
2023-07-23,13.6,81.06,101.10507079093746,4508.075500000001,3.9,30.89,1951.0,305.691,0.19,3.177780177942169,0.0,3.744273465272263,0.4117344312918103,0.7222198220578311,Risk-on
2023-07-24,13.91,82.53,101.23195851339139,4508.075500000001,3.9,30.89,1951.0,305.691,0.19,3.177780177942169,0.1255008492267562,3.744273465272263,0.4117344312918103,0.7222198220578311,Risk-on
2023-07-25,13.86,83.46,101.33239339722196,4508.075500000001,3.9,30.89,1951.0,305.691,0.19,3.177780177942169,0.09921262544503318,3.744273465272263,0.4117344312918103,0.7222198220578311,Risk-on
2023-07-26,13.19,82.98,101.12529601771756,4508.075500000001,3.9,30.89,1951.0,305.691,0.19,3.177780177942169,-0.2043743096963868,3.744273465272263,0.4117344312918103,0.7222198220578311,Risk-on
2023-07-27,14.41,84.28,101.68769263234307,4508.075500000001,3.9,30.89,1951.0,305.691,0.19,3.177780177942169,0.5561384112309442,3.744273465272263,0.4117344312918103,0.7222198220578311,Risk-on
2023-07-28,13.33,84.49,101.48250227757856,4508.075500000001,3.9,30.89,1951.0,305.691,0.19,3.177780177942169,-0.20178484677234598,3.744273465272263,0.4117344312918103,0.7222198220578311,Risk-on
2023-07-29,13.33,84.49,101.48250227757856,4508.075500000001,3.9,30.89,1951.0,305.691,0.19,3.177780177942169,0.0,3.744273465272263,0.4117344312918103,0.7222198220578311,Risk-on
2023-07-30,13.33,84.49,101.48250227757856,4508.075500000001,3.9,30.89,1951.0,305.691,0.19,3.177780177942169,0.0,3.744273465272263,0.4117344312918103,0.7222198220578311,Risk-on
2023-07-31,13.63,85.22,101.68276235541501,4508.075500000001,3.9,30.89,1951.0,305.691,0.19,3.177780177942169,0.19733458807380533,0.0,0.0,0.7222198220578311,Risk-on
2023-08-01,13.93,85.34,102.33074372039137,4457.358695652174,4.17,30.47,1919.0,307.026,0.44,3.6651123843995492,0.6372578301044207,-1.1250211836032253,-1.6401845207585808,0.5048876156004507,Risk-on
2023-08-02,16.09,84.01,102.6165322089626,4457.358695652174,4.17,30.47,1919.0,307.026,0.44,3.6651123843995492,0.27927920601467093,-1.1250211836032253,-1.6401845207585808,0.5048876156004507,Trung tinh
2023-08-03,15.92,86.19,102.47289225922303,4457.358695652174,4.17,30.47,1919.0,307.026,0.44,3.6651123843995492,-0.13997739608571091,-1.1250211836032253,-1.6401845207585808,0.5048876156004507,Trung tinh
2023-08-04,17.1,87.38,101.79473988402452,4457.358695652174,4.17,30.47,1919.0,307.026,0.44,3.6651123843995492,-0.66178709339344,-1.1250211836032253,-1.6401845207585808,0.5048876156004507,Trung tinh
2023-08-05,17.1,87.38,101.79473988402452,4457.358695652174,4.17,30.47,1919.0,307.026,0.44,3.6651123843995492,0.0,-1.1250211836032253,-1.6401845207585808,0.5048876156004507,Trung tinh
2023-08-06,17.1,87.38,101.79473988402452,4457.358695652174,4.17,30.47,1919.0,307.026,0.44,3.6651123843995492,0.0,-1.1250211836032253,-1.6401845207585808,0.5048876156004507,Trung tinh
2023-08-07,15.77,86.47,102.112056975506,4457.358695652174,4.17,30.47,1919.0,307.026,0.44,3.6651123843995492,0.31172248373834144,-1.1250211836032253,-1.6401845207585808,0.5048876156004507,Trung tinh
2023-08-08,15.99,88.0,102.60155694313309,4457.358695652174,4.17,30.47,1919.0,307.026,0.44,3.6651123843995492,0.47937528840940047,-1.1250211836032253,-1.6401845207585808,0.5048876156004507,Trung tinh
2023-08-09,15.96,89.31,102.51114491712715,4457.358695652174,4.17,30.47,1919.0,307.026,0.44,3.6651123843995492,-0.0881195458428019,-1.1250211836032253,-1.6401845207585808,0.5048876156004507,Trung tinh
2023-08-10,15.85,87.44,102.29184417920163,4457.358695652174,4.17,30.47,1919.0,307.026,0.44,3.6651123843995492,-0.21392867878200494,-1.1250211836032253,-1.6401845207585808,0.5048876156004507,Trung tinh
2023-08-11,14.84,87.93,102.80929969007914,4457.358695652174,4.17,30.47,1919.0,307.026,0.44,3.6651123843995492,0.5058619433734979,-1.1250211836032253,-1.6401845207585808,0.5048876156004507,Risk-on
2023-08-12,14.84,87.93,102.80929969007914,4457.358695652174,4.17,30.47,1919.0,307.026,0.44,3.6651123843995492,0.0,-1.1250211836032253,-1.6401845207585808,0.5048876156004507,Risk-on
2023-08-13,14.84,87.93,102.80929969007914,4457.358695652174,4.17,30.47,1919.0,307.026,0.44,3.6651123843995492,0.0,-1.1250211836032253,-1.6401845207585808,0.5048876156004507,Risk-on
2023-08-14,14.82,87.4,103.03663082678517,4457.358695652174,4.17,30.47,1919.0,307.026,0.44,3.6651123843995492,0.22111923473004946,-1.1250211836032253,-1.6401845207585808,0.5048876156004507,Risk-on
2023-08-15,16.46,86.28,102.98729507334032,4457.358695652174,4.17,30.47,1919.0,307.026,0.44,3.6651123843995492,-0.04788176112608955,-1.1250211836032253,-1.6401845207585808,0.5048876156004507,Trung tinh
2023-08-16,16.78,84.49,103.20806230378368,4457.358695652174,4.17,30.47,1919.0,307.026,0.44,3.6651123843995492,0.21436355842352484,-1.1250211836032253,-1.6401845207585808,0.5048876156004507,Trung tinh
2023-08-17,17.89,85.24,103.41710581977536,4457.358695652174,4.17,30.47,1919.0,307.026,0.44,3.6651123843995492,0.20254572300406615,-1.1250211836032253,-1.6401845207585808,0.5048876156004507,Trung tinh
2023-08-18,17.3,85.92,103.38466225043015,4457.358695652174,4.17,30.47,1919.0,307.026,0.44,3.6651123843995492,-0.031371569614169204,-1.1250211836032253,-1.6401845207585808,0.5048876156004507,Trung tinh
2023-08-19,17.3,85.92,103.38466225043015,4457.358695652174,4.17,30.47,1919.0,307.026,0.44,3.6651123843995492,0.0,-1.1250211836032253,-1.6401845207585808,0.5048876156004507,Trung tinh
2023-08-20,17.3,85.92,103.38466225043015,4457.358695652174,4.17,30.47,1919.0,307.026,0.44,3.6651123843995492,0.0,-1.1250211836032253,-1.6401845207585808,0.5048876156004507,Trung tinh
2023-08-21,17.13,85.44,103.42066064907277,4457.358695652174,4.17,30.47,1919.0,307.026,0.44,3.6651123843995492,0.03481986385507341,-1.1250211836032253,-1.6401845207585808,0.5048876156004507,Trung tinh
2023-08-22,16.97,84.7,103.59197429065027,4457.358695652174,4.17,30.47,1919.0,307.026,0.44,3.6651123843995492,0.16564740594608995,-1.1250211836032253,-1.6401845207585808,0.5048876156004507,Trung tinh
2023-08-23,15.98,83.94,103.38648240884108,4457.358695652174,4.17,30.47,1919.0,307.026,0.44,3.6651123843995492,-0.1983666043786747,-1.1250211836032253,-1.6401845207585808,0.5048876156004507,Trung tinh
2023-08-24,17.2,84.07,103.83444923477768,4457.358695652174,4.17,30.47,1919.0,307.026,0.44,3.6651123843995492,0.43329342047360164,-1.1250211836032253,-1.6401845207585808,0.5048876156004507,Trung tinh
2023-08-25,15.68,85.42,104.2601474864763,4457.358695652174,4.17,30.47,1919.0,307.026,0.44,3.6651123843995492,0.4099778588280367,-1.1250211836032253,-1.6401845207585808,0.5048876156004507,Trung tinh
2023-08-26,15.68,85.42,104.2601474864763,4457.358695652174,4.17,30.47,1919.0,307.026,0.44,3.6651123843995492,0.0,-1.1250211836032253,-1.6401845207585808,0.5048876156004507,Trung tinh
2023-08-27,15.68,85.42,104.2601474864763,4457.358695652174,4.17,30.47,1919.0,307.026,0.44,3.6651123843995492,0.0,-1.1250211836032253,-1.6401845207585808,0.5048876156004507,Trung tinh
2023-08-28,15.08,85.42,104.05875330290914,4457.358695652174,4.17,30.47,1919.0,307.026,0.44,3.6651123843995492,-0.19316506682793833,-1.1250211836032253,-1.6401845207585808,0.5048876156004507,Trung tinh
2023-08-29,14.45,86.37,103.7213940756603,4457.358695652174,4.17,30.47,1919.0,307.026,0.44,3.6651123843995492,-0.3242007198248964,-1.1250211836032253,-1.6401845207585808,0.5048876156004507,Risk-on
2023-08-30,13.88,86.62,103.08718064902898,4457.358695652174,4.17,30.47,1919.0,307.026,0.44,3.6651123843995492,-0.6114586409903922,-1.1250211836032253,-1.6401845207585808,0.5048876156004507,Risk-on
2023-08-31,13.57,87.29,103.69793335103608,4457.358695652174,4.17,30.47,1919.0,307.026,0.44,3.6651123843995492,0.5924623199139445,0.0,0.0,0.5048876156004507,Risk-on
2023-09-01,13.09,89.98,104.17963504607462,4515.77,4.38,30.81,1916.0,307.789,0.25,3.69969812134443,0.46452391043116936,1.3104465746677008,-0.15633142261594069,0.6803018786555697,Risk-on
2023-09-02,13.09,89.98,104.17963504607462,4515.77,4.38,30.81,1916.0,307.789,0.25,3.69969812134443,0.0,1.3104465746677008,-0.15633142261594069,0.6803018786555697,Risk-on
2023-09-03,13.09,89.98,104.17963504607462,4515.77,4.38,30.81,1916.0,307.789,0.25,3.69969812134443,0.0,1.3104465746677008,-0.15633142261594069,0.6803018786555697,Risk-on
2023-09-04,13.82,90.42,104.17963504607462,4515.77,4.38,30.81,1916.0,307.789,0.25,3.69969812134443,0.0,1.3104465746677008,-0.15633142261594069,0.6803018786555697,Risk-on
2023-09-05,14.01,91.25,104.71390983131299,4515.77,4.38,30.81,1916.0,307.789,0.25,3.69969812134443,0.512839947079935,1.3104465746677008,-0.15633142261594069,0.6803018786555697,Risk-on
2023-09-06,14.45,91.79,104.93976014148166,4515.77,4.38,30.81,1916.0,307.789,0.25,3.69969812134443,0.2156831986624308,1.3104465746677008,-0.15633142261594069,0.6803018786555697,Risk-on
2023-09-07,14.4,91.16,104.97447997636112,4515.77,4.38,30.81,1916.0,307.789,0.25,3.69969812134443,0.03308549098326452,1.3104465746677008,-0.15633142261594069,0.6803018786555697,Risk-on
2023-09-08,13.84,91.85,104.9632850748419,4515.77,4.38,30.81,1916.0,307.789,0.25,3.69969812134443,-0.01066440293082671,1.3104465746677008,-0.15633142261594069,0.6803018786555697,Risk-on
2023-09-09,13.84,91.85,104.9632850748419,4515.77,4.38,30.81,1916.0,307.789,0.25,3.69969812134443,0.0,1.3104465746677008,-0.15633142261594069,0.6803018786555697,Risk-on
2023-09-10,13.84,91.85,104.9632850748419,4515.77,4.38,30.81,1916.0,307.789,0.25,3.69969812134443,0.0,1.3104465746677008,-0.15633142261594069,0.6803018786555697,Risk-on
2023-09-11,13.8,91.97,104.54607872786795,4515.77,4.38,30.81,1916.0,307.789,0.25,3.69969812134443,-0.3974783627212819,1.3104465746677008,-0.15633142261594069,0.6803018786555697,Risk-on
2023-09-12,14.23,93.58,104.7550059568008,4515.77,4.38,30.81,1916.0,307.789,0.25,3.69969812134443,0.1998422432243352,1.3104465746677008,-0.15633142261594069,0.6803018786555697,Risk-on
2023-09-13,13.48,93.04,104.71410732364652,4515.77,4.38,30.81,1916.0,307.789,0.25,3.69969812134443,-0.03904217538888144,1.3104465746677008,-0.15633142261594069,0.6803018786555697,Risk-on
2023-09-14,12.82,95.2,105.21415256320763,4515.77,4.38,30.81,1916.0,307.789,0.25,3.69969812134443,0.47753378445523076,1.3104465746677008,-0.15633142261594069,0.6803018786555697,Risk-on
2023-09-15,13.79,95.55,105.21220867335559,4515.77,4.38,30.81,1916.0,307.789,0.25,3.69969812134443,-0.0018475554900976299,1.3104465746677008,-0.15633142261594069,0.6803018786555697,Risk-on
2023-09-16,13.79,95.55,105.21220867335559,4515.77,4.38,30.81,1916.0,307.789,0.25,3.69969812134443,0.0,1.3104465746677008,-0.15633142261594069,0.6803018786555697,Risk-on
2023-09-17,13.79,95.55,105.21220867335559,4515.77,4.38,30.81,1916.0,307.789,0.25,3.69969812134443,0.0,1.3104465746677008,-0.15633142261594069,0.6803018786555697,Risk-on
2023-09-18,14.0,95.95,105.04484438082147,4515.77,4.38,30.81,1916.0,307.789,0.25,3.69969812134443,-0.15907307207447818,1.3104465746677008,-0.15633142261594069,0.6803018786555697,Risk-on
2023-09-19,14.11,96.11,105.103156520686,4515.77,4.38,30.81,1916.0,307.789,0.25,3.69969812134443,0.05551166286004161,1.3104465746677008,-0.15633142261594069,0.6803018786555697,Risk-on
2023-09-20,15.14,94.56,104.87658376511052,4515.77,4.38,30.81,1916.0,307.789,0.25,3.69969812134443,-0.2155717897310505,1.3104465746677008,-0.15633142261594069,0.6803018786555697,Trung tinh
2023-09-21,17.54,93.7,105.3402837823401,4515.77,4.38,30.81,1916.0,307.789,0.25,3.69969812134443,0.4421387506939656,1.3104465746677008,-0.15633142261594069,0.6803018786555697,Trung tinh
2023-09-22,17.2,93.99,105.46745866588532,4515.77,4.38,30.81,1916.0,307.789,0.25,3.69969812134443,0.12072768268593936,1.3104465746677008,-0.15633142261594069,0.6803018786555697,Trung tinh
2023-09-23,17.2,93.99,105.46745866588532,4515.77,4.38,30.81,1916.0,307.789,0.25,3.69969812134443,0.0,1.3104465746677008,-0.15633142261594069,0.6803018786555697,Trung tinh
2023-09-24,17.2,93.99,105.46745866588532,4515.77,4.38,30.81,1916.0,307.789,0.25,3.69969812134443,0.0,1.3104465746677008,-0.15633142261594069,0.6803018786555697,Trung tinh
2023-09-25,16.9,94.01,105.95318492714334,4515.77,4.38,30.81,1916.0,307.789,0.25,3.69969812134443,0.4605460939347994,1.3104465746677008,-0.15633142261594069,0.6803018786555697,Trung tinh
2023-09-26,18.94,94.46,106.14883543942506,4515.77,4.38,30.81,1916.0,307.789,0.25,3.69969812134443,0.1846575092728564,1.3104465746677008,-0.15633142261594069,0.6803018786555697,Trung tinh
2023-09-27,18.22,97.1,106.64016039440091,4515.77,4.38,30.81,1916.0,307.789,0.25,3.69969812134443,0.46286419718304384,1.3104465746677008,-0.15633142261594069,0.6803018786555697,Trung tinh
2023-09-28,17.34,96.64,106.02403469369128,4515.77,4.38,30.81,1916.0,307.789,0.25,3.69969812134443,-0.5777614159908739,1.3104465746677008,-0.15633142261594069,0.6803018786555697,Trung tinh
2023-09-29,17.52,95.86,106.05113471549738,4515.77,4.38,30.81,1916.0,307.789,0.25,3.69969812134443,0.02556026271249845,1.3104465746677008,-0.15633142261594069,0.6803018786555697,Trung tinh
2023-09-30,17.52,95.86,106.05113471549738,4515.77,4.38,30.81,1916.0,307.789,0.25,3.69969812134443,0.0,1.3104465746677008,-0.15633142261594069,0.6803018786555697,Trung tinh
2023-10-01,17.52,95.86,106.05113471549738,4269.4,4.8,30.81,1916.0,307.671,-0.04,3.241144651893202,0.0,-5.455769447956849,0.0,1.558855348106798,Trung tinh
2023-10-02,17.61,91.21,106.82653209031673,4269.4,4.8,30.81,1916.0,307.671,-0.04,3.241144651893202,0.7311542463920739,-5.455769447956849,0.0,1.558855348106798,Trung tinh
2023-10-03,19.78,94.46,107.20921752841025,4269.4,4.8,30.81,1916.0,307.671,-0.04,3.241144651893202,0.35823070411944435,-5.455769447956849,0.0,1.558855348106798,Trung tinh
2023-10-04,18.58,89.83,106.66049891933929,4269.4,4.8,30.81,1916.0,307.671,-0.04,3.241144651893202,-0.5118203655628317,-5.455769447956849,0.0,1.558855348106798,Trung tinh
2023-10-05,18.49,88.28,106.53103052476261,4269.4,4.8,30.81,1916.0,307.671,-0.04,3.241144651893202,-0.12138363863700707,-5.455769447956849,0.0,1.558855348106798,Trung tinh
2023-10-06,17.45,87.86,105.9918009946098,4269.4,4.8,30.81,1916.0,307.671,-0.04,3.241144651893202,-0.5061713263230572,-5.455769447956849,0.0,1.558855348106798,Trung tinh
2023-10-07,17.45,87.86,105.9918009946098,4269.4,4.8,30.81,1916.0,307.671,-0.04,3.241144651893202,0.0,-5.455769447956849,0.0,1.558855348106798,Trung tinh
2023-10-08,17.45,87.86,105.9918009946098,4269.4,4.8,30.81,1916.0,307.671,-0.04,3.241144651893202,0.0,-5.455769447956849,0.0,1.558855348106798,Trung tinh
2023-10-09,17.7,91.37,105.9918009946098,4269.4,4.8,30.81,1916.0,307.671,-0.04,3.241144651893202,0.0,-5.455769447956849,0.0,1.558855348106798,Trung tinh
2023-10-10,17.03,90.7,105.6776393032558,4269.4,4.8,30.81,1916.0,307.671,-0.04,3.241144651893202,-0.29640188052845184,-5.455769447956849,0.0,1.558855348106798,Trung tinh
2023-10-11,16.09,87.58,105.73802325190645,4269.4,4.8,30.81,1916.0,307.671,-0.04,3.241144651893202,0.05713975922321257,-5.455769447956849,0.0,1.558855348106798,Trung tinh
2023-10-12,16.69,88.4,106.3424395486526,4269.4,4.8,30.81,1916.0,307.671,-0.04,3.241144651893202,0.5716167922926063,-5.455769447956849,0.0,1.558855348106798,Trung tinh
2023-10-13,19.32,94.33,106.71116493036239,4269.4,4.8,30.81,1916.0,307.671,-0.04,3.241144651893202,0.34673398811870815,-5.455769447956849,0.0,1.558855348106798,Trung tinh
2023-10-14,19.32,94.33,106.71116493036239,4269.4,4.8,30.81,1916.0,307.671,-0.04,3.241144651893202,0.0,-5.455769447956849,0.0,1.558855348106798,Trung tinh
2023-10-15,19.32,94.33,106.71116493036239,4269.4,4.8,30.81,1916.0,307.671,-0.04,3.241144651893202,0.0,-5.455769447956849,0.0,1.558855348106798,Trung tinh
2023-10-16,17.21,90.99,106.31698496954913,4269.4,4.8,30.81,1916.0,307.671,-0.04,3.241144651893202,-0.3693896145454789,-5.455769447956849,0.0,1.558855348106798,Trung tinh
2023-10-17,17.88,92.52,106.0337500812887,4269.4,4.8,30.81,1916.0,307.671,-0.04,3.241144651893202,-0.26640605764125525,-5.455769447956849,0.0,1.558855348106798,Trung tinh
2023-10-18,19.22,91.99,106.56721072674765,4269.4,4.8,30.81,1916.0,307.671,-0.04,3.241144651893202,0.5031045728836059,-5.455769447956849,0.0,1.558855348106798,Trung tinh
2023-10-19,21.4,93.12,106.33599520039967,4269.4,4.8,30.81,1916.0,307.671,-0.04,3.241144651893202,-0.21696685572529795,-5.455769447956849,0.0,1.558855348106798,Trung tinh
2023-10-20,21.71,93.72,106.15578382691834,4269.4,4.8,30.81,1916.0,307.671,-0.04,3.241144651893202,-0.16947353823294486,-5.455769447956849,0.0,1.558855348106798,Trung tinh
2023-10-21,21.71,93.72,106.15578382691834,4269.4,4.8,30.81,1916.0,307.671,-0.04,3.241144651893202,0.0,-5.455769447956849,0.0,1.558855348106798,Trung tinh
2023-10-22,21.71,93.72,106.15578382691834,4269.4,4.8,30.81,1916.0,307.671,-0.04,3.241144651893202,0.0,-5.455769447956849,0.0,1.558855348106798,Trung tinh
2023-10-23,20.37,91.88,105.75006830089275,4269.4,4.8,30.81,1916.0,307.671,-0.04,3.241144651893202,-0.3821888091251724,-5.455769447956849,0.0,1.558855348106798,Trung tinh
2023-10-24,18.97,88.0,106.21960830159898,4269.4,4.8,30.81,1916.0,307.671,-0.04,3.241144651893202,0.44400917015980923,-5.455769447956849,0.0,1.558855348106798,Trung tinh
2023-10-25,20.19,90.14,106.35756287193021,4269.4,4.8,30.81,1916.0,307.671,-0.04,3.241144651893202,0.12987674548707862,-5.455769447956849,0.0,1.558855348106798,Trung tinh
2023-10-26,20.68,88.45,106.82568918221064,4269.4,4.8,30.81,1916.0,307.671,-0.04,3.241144651893202,0.44014388600095433,-5.455769447956849,0.0,1.558855348106798,Trung tinh
2023-10-27,21.27,90.73,106.36702028098827,4269.4,4.8,30.81,1916.0,307.671,-0.04,3.241144651893202,-0.42936198655364466,-5.455769447956849,0.0,1.558855348106798,Trung tinh
2023-10-28,21.27,90.73,106.36702028098827,4269.4,4.8,30.81,1916.0,307.671,-0.04,3.241144651893202,0.0,-5.455769447956849,0.0,1.558855348106798,Trung tinh
2023-10-29,21.27,90.73,106.36702028098827,4269.4,4.8,30.81,1916.0,307.671,-0.04,3.241144651893202,0.0,-5.455769447956849,0.0,1.558855348106798,Trung tinh
2023-10-30,19.75,90.73,106.11759259285822,4269.4,4.8,30.81,1916.0,307.671,-0.04,3.241144651893202,-0.2344972036173898,-5.455769447956849,0.0,1.558855348106798,Trung tinh
2023-10-31,18.14,86.82,106.76633277635281,4269.4,4.8,30.81,1916.0,307.671,-0.04,3.241144651893202,0.6113408414603061,0.0,0.0,1.558855348106798,Trung tinh
2023-11-01,16.87,86.92,106.9160905606643,4460.06,4.5,30.81,1984.0,307.051,-0.2,3.1372707088417773,0.14026686167556424,4.465732889867446,3.5490605427974886,1.3627292911582227,Trung tinh
2023-11-02,15.66,89.02,106.2410882957445,4460.06,4.5,30.81,1984.0,307.051,-0.2,3.1372707088417773,-0.6313383339964118,4.465732889867446,3.5490605427974886,1.3627292911582227,Trung tinh
2023-11-03,14.91,87.55,105.06718126732497,4460.06,4.5,,1984.0,307.051,-0.2,3.1372707088417773,-1.1049463510310775,4.465732889867446,3.5490605427974886,1.3627292911582227,Risk-on
2023-11-04,14.91,87.55,105.06718126732497,4460.06,4.5,,1984.0,307.051,-0.2,3.1372707088417773,0.0,4.465732889867446,3.5490605427974886,1.3627292911582227,Risk-on
2023-11-05,14.91,87.55,105.06718126732497,4460.06,4.5,,1984.0,307.051,-0.2,3.1372707088417773,0.0,4.465732889867446,3.5490605427974886,1.3627292911582227,Risk-on
2023-11-06,14.89,87.31,104.9891369612077,4460.06,4.5,,1984.0,307.051,-0.2,3.1372707088417773,-0.07428038439395435,4.465732889867446,3.5490605427974886,1.3627292911582227,Risk-on
2023-11-07,14.81,83.43,105.60297019638696,4460.06,4.5,,1984.0,307.051,-0.2,3.1372707088417773,0.5846635689614743,4.465732889867446,3.5490605427974886,1.3627292911582227,Risk-on
2023-11-08,14.45,81.46,105.45534365520665,4460.06,4.5,,1984.0,307.051,-0.2,3.1372707088417773,-0.13979392900197452,4.465732889867446,3.5490605427974886,1.3627292911582227,Risk-on
2023-11-09,15.29,81.74,105.50266755726177,4460.06,4.5,,1984.0,307.051,-0.2,3.1372707088417773,0.044875774346575525,4.465732889867446,3.5490605427974886,1.3627292911582227,Trung tinh
2023-11-10,14.17,83.66,105.50266755726177,4460.06,4.5,,1984.0,307.051,-0.2,3.1372707088417773,0.0,4.465732889867446,3.5490605427974886,1.3627292911582227,Risk-on
2023-11-11,14.17,83.66,105.50266755726177,4460.06,4.5,,1984.0,307.051,-0.2,3.1372707088417773,0.0,4.465732889867446,3.5490605427974886,1.3627292911582227,Risk-on
2023-11-12,14.17,83.66,105.50266755726177,4460.06,4.5,,1984.0,307.051,-0.2,3.1372707088417773,0.0,4.465732889867446,3.5490605427974886,1.3627292911582227,Risk-on
2023-11-13,14.76,84.09,105.63368191104931,4460.06,4.5,,1984.0,307.051,-0.2,3.1372707088417773,0.12418108169296449,4.465732889867446,3.5490605427974886,1.3627292911582227,Risk-on
2023-11-14,14.16,84.2,104.24935847871852,4460.06,4.5,,1984.0,307.051,-0.2,3.1372707088417773,-1.310494349232738,4.465732889867446,3.5490605427974886,1.3627292911582227,Risk-on
2023-11-15,14.18,82.4,104.29371165462038,4460.06,4.5,,1984.0,307.051,-0.2,3.1372707088417773,0.042545274665561905,4.465732889867446,3.5490605427974886,1.3627292911582227,Risk-on
2023-11-16,14.32,77.73,104.38647512186323,4460.06,4.5,,1984.0,307.051,-0.2,3.1372707088417773,0.08894444906710763,4.465732889867446,3.5490605427974886,1.3627292911582227,Risk-on
2023-11-17,13.8,81.22,104.09817218486029,4460.06,4.5,,1984.0,307.051,-0.2,3.1372707088417773,-0.2761880182910348,4.465732889867446,3.5490605427974886,1.3627292911582227,Risk-on
2023-11-18,13.8,81.22,104.09817218486029,4460.06,4.5,,1984.0,307.051,-0.2,3.1372707088417773,0.0,4.465732889867446,3.5490605427974886,1.3627292911582227,Risk-on
2023-11-19,13.8,81.22,104.09817218486029,4460.06,4.5,,1984.0,307.051,-0.2,3.1372707088417773,0.0,4.465732889867446,3.5490605427974886,1.3627292911582227,Risk-on
2023-11-20,13.41,83.25,103.4485140036283,4460.06,4.5,,1984.0,307.051,-0.2,3.1372707088417773,-0.624082217388322,4.465732889867446,3.5490605427974886,1.3627292911582227,Risk-on
2023-11-21,13.35,82.42,103.46832119890965,4460.06,4.5,,1984.0,307.051,-0.2,3.1372707088417773,0.01914691136177815,4.465732889867446,3.5490605427974886,1.3627292911582227,Risk-on
2023-11-22,12.85,81.76,104.06189513750992,4460.06,4.5,,1984.0,307.051,-0.2,3.1372707088417773,0.5736769783470042,4.465732889867446,3.5490605427974886,1.3627292911582227,Risk-on
2023-11-23,12.8,80.85,104.06189513750992,4460.06,4.5,,1984.0,307.051,-0.2,3.1372707088417773,0.0,4.465732889867446,3.5490605427974886,1.3627292911582227,Risk-on
2023-11-24,12.46,79.82,103.4495682037265,4460.06,4.5,,1984.0,307.051,-0.2,3.1372707088417773,-0.5884256989306946,4.465732889867446,3.5490605427974886,1.3627292911582227,Risk-on
2023-11-25,12.46,79.82,103.4495682037265,4460.06,4.5,,1984.0,307.051,-0.2,3.1372707088417773,0.0,4.465732889867446,3.5490605427974886,1.3627292911582227,Risk-on
2023-11-26,12.46,79.82,103.4495682037265,4460.06,4.5,,1984.0,307.051,-0.2,3.1372707088417773,0.0,4.465732889867446,3.5490605427974886,1.3627292911582227,Risk-on
2023-11-27,12.69,79.49,103.36610306582907,4460.06,4.5,,1984.0,307.051,-0.2,3.1372707088417773,-0.0806819587038432,4.465732889867446,3.5490605427974886,1.3627292911582227,Risk-on
2023-11-28,12.69,81.66,102.63174643863482,4460.06,4.5,,1984.0,307.051,-0.2,3.1372707088417773,-0.7104424036635804,4.465732889867446,3.5490605427974886,1.3627292911582227,Risk-on
2023-11-29,12.98,82.98,102.89663813939772,4460.06,4.5,,1984.0,307.051,-0.2,3.1372707088417773,0.258099184662397,4.465732889867446,3.5490605427974886,1.3627292911582227,Risk-on
2023-11-30,12.92,81.72,103.33386021237705,4460.06,4.5,,1984.0,307.051,-0.2,3.1372707088417773,0.4249138561621457,4.465732889867446,3.5490605427974886,1.3627292911582227,Risk-on
2023-12-01,12.63,78.72,103.27398884954896,4685.05,4.02,,2026.0,306.746,-0.1,3.3521228314302265,-0.057939733118494985,5.044550970166317,2.116935483870974,0.6678771685697731,Risk-on
2023-12-02,12.63,78.72,103.27398884954896,4685.05,4.02,,2026.0,306.746,-0.1,3.3521228314302265,0.0,5.044550970166317,2.116935483870974,0.6678771685697731,Risk-on
2023-12-03,12.63,78.72,103.27398884954896,4685.05,4.02,,2026.0,306.746,-0.1,3.3521228314302265,0.0,5.044550970166317,2.116935483870974,0.6678771685697731,Risk-on
2023-12-04,13.08,78.16,103.7053190183714,4685.05,4.02,,2026.0,306.746,-0.1,3.3521228314302265,0.4176561529455558,5.044550970166317,2.116935483870974,0.6678771685697731,Risk-on
2023-12-05,12.85,77.27,104.01860023157055,4685.05,4.02,,2026.0,306.746,-0.1,3.3521228314302265,0.3020878930459103,5.044550970166317,2.116935483870974,0.6678771685697731,Risk-on
2023-12-06,12.97,74.33,103.96905096243005,4685.05,4.02,,2026.0,306.746,-0.1,3.3521228314302265,-0.04763500857557501,5.044550970166317,2.116935483870974,0.6678771685697731,Risk-on
2023-12-07,13.06,74.21,103.65151602562852,4685.05,4.02,,2026.0,306.746,-0.1,3.3521228314302265,-0.30541294150724374,5.044550970166317,2.116935483870974,0.6678771685697731,Risk-on
2023-12-08,12.35,75.94,104.10073267846272,4685.05,4.02,,2026.0,306.746,-0.1,3.3521228314302265,0.43339130005886073,5.044550970166317,2.116935483870974,0.6678771685697731,Risk-on
2023-12-09,12.35,75.94,104.10073267846272,4685.05,4.02,,2026.0,306.746,-0.1,3.3521228314302265,0.0,5.044550970166317,2.116935483870974,0.6678771685697731,Risk-on
2023-12-10,12.35,75.94,104.10073267846272,4685.05,4.02,,2026.0,306.746,-0.1,3.3521228314302265,0.0,5.044550970166317,2.116935483870974,0.6678771685697731,Risk-on
2023-12-11,12.63,75.75,104.21289492156819,4685.05,4.02,,2026.0,306.746,-0.1,3.3521228314302265,0.1077439516702583,5.044550970166317,2.116935483870974,0.6678771685697731,Risk-on
2023-12-12,12.07,74.11,103.87568524163913,4685.05,4.02,,2026.0,306.746,-0.1,3.3521228314302265,-0.3235776917845379,5.044550970166317,2.116935483870974,0.6678771685697731,Risk-on
2023-12-13,12.19,74.14,103.81977904453286,4685.05,4.02,,2026.0,306.746,-0.1,3.3521228314302265,-0.05382029199251237,5.044550970166317,2.116935483870974,0.6678771685697731,Risk-on
2023-12-14,12.48,77.05,101.85446606286547,4685.05,4.02,,2026.0,306.746,-0.1,3.3521228314302265,-1.8930043964208276,5.044550970166317,2.116935483870974,0.6678771685697731,Risk-on
2023-12-15,12.28,76.84,102.44623370265606,4685.05,4.02,,2026.0,306.746,-0.1,3.3521228314302265,0.5809933159193426,5.044550970166317,2.116935483870974,0.6678771685697731,Risk-on
2023-12-16,12.28,76.84,102.44623370265606,4685.05,4.02,,2026.0,306.746,-0.1,3.3521228314302265,0.0,5.044550970166317,2.116935483870974,0.6678771685697731,Risk-on
2023-12-17,12.28,76.84,102.44623370265606,4685.05,4.02,,2026.0,306.746,-0.1,3.3521228314302265,0.0,5.044550970166317,2.116935483870974,0.6678771685697731,Risk-on
2023-12-18,12.56,78.89,102.56664427294687,4685.05,4.02,,2026.0,306.746,-0.1,3.3521228314302265,0.11753538020762289,5.044550970166317,2.116935483870974,0.6678771685697731,Risk-on
2023-12-19,12.53,79.82,102.10981457836652,4685.05,4.02,,2026.0,306.746,-0.1,3.3521228314302265,-0.4453979145156106,5.044550970166317,2.116935483870974,0.6678771685697731,Risk-on
2023-12-20,13.67,81.1,102.30279893249703,4685.05,4.02,,2026.0,306.746,-0.1,3.3521228314302265,0.1889968706018763,5.044550970166317,2.116935483870974,0.6678771685697731,Risk-on
2023-12-21,13.65,80.73,101.90321015534435,4685.05,4.02,,2026.0,306.746,-0.1,3.3521228314302265,-0.3905941785779854,5.044550970166317,2.116935483870974,0.6678771685697731,Risk-on
2023-12-22,13.03,80.23,101.7332198280934,4685.05,4.02,,2026.0,306.746,-0.1,3.3521228314302265,-0.1668154781304887,5.044550970166317,2.116935483870974,0.6678771685697731,Risk-on
2023-12-23,13.03,80.23,101.7332198280934,4685.05,4.02,,2026.0,306.746,-0.1,3.3521228314302265,0.0,5.044550970166317,2.116935483870974,0.6678771685697731,Risk-on
2023-12-24,13.03,80.23,101.7332198280934,4685.05,4.02,,2026.0,306.746,-0.1,3.3521228314302265,0.0,5.044550970166317,2.116935483870974,0.6678771685697731,Risk-on
2023-12-25,13.03,80.23,101.7332198280934,4685.05,4.02,,2026.0,306.746,-0.1,3.3521228314302265,0.0,5.044550970166317,2.116935483870974,0.6678771685697731,Risk-on
2023-12-26,12.99,80.23,101.5538628900869,4685.05,4.02,,2026.0,306.746,-0.1,3.3521228314302265,-0.17630124978799122,5.044550970166317,2.116935483870974,0.6678771685697731,Risk-on
2023-12-27,12.43,80.97,100.91079198640816,4685.05,4.02,,2026.0,306.746,-0.1,3.3521228314302265,-0.6332313566198344,5.044550970166317,2.116935483870974,0.6678771685697731,Risk-on
2023-12-28,12.47,79.04,101.0913883323211,4685.05,4.02,,2026.0,306.746,-0.1,3.3521228314302265,0.17896633487652913,5.044550970166317,2.116935483870974,0.6678771685697731,Risk-on
2023-12-29,12.45,77.69,101.16985937860332,4685.05,4.02,,2026.0,306.746,-0.1,3.3521228314302265,0.07762386843896962,5.044550970166317,2.116935483870974,0.6678771685697731,Risk-on
2023-12-30,12.45,77.69,101.16985937860332,4685.05,4.02,,2026.0,306.746,-0.1,3.3521228314302265,0.0,5.044550970166317,2.116935483870974,0.6678771685697731,Risk-on
2023-12-31,12.45,77.69,101.16985937860332,4685.05,4.02,,2026.0,306.746,-0.1,3.3521228314302265,0.0,0.0,0.0,0.6678771685697731,Risk-on
2024-01-01,12.45,77.69,101.16985937860332,4804.49,4.06,,2034.0,308.417,0.54,3.0908847812280538,0.0,2.5493858123178947,0.39486673247779436,0.9691152187719458,Risk-on
2024-01-02,13.2,76.24,102.10185744813501,4804.49,4.06,,2034.0,308.417,0.54,3.0908847812280538,0.921221078348955,2.5493858123178947,0.39486673247779436,0.9691152187719458,Risk-on
2024-01-03,14.04,77.18,102.60930033325197,4804.49,4.06,,2034.0,308.417,0.54,3.0908847812280538,0.496996722488352,2.5493858123178947,0.39486673247779436,0.9691152187719458,Risk-on
2024-01-04,14.13,75.79,102.35230096910412,4804.49,4.06,,2034.0,308.417,0.54,3.0908847812280538,-0.2504640060044916,2.5493858123178947,0.39486673247779436,0.9691152187719458,Risk-on
2024-01-05,13.35,78.31,102.28680549874959,4804.49,4.06,,2034.0,308.417,0.54,3.0908847812280538,-0.06399022761032214,2.5493858123178947,0.39486673247779436,0.9691152187719458,Risk-on
2024-01-06,13.35,78.31,102.28680549874959,4804.49,4.06,,2034.0,308.417,0.54,3.0908847812280538,0.0,2.5493858123178947,0.39486673247779436,0.9691152187719458,Risk-on
2024-01-07,13.35,78.31,102.28680549874959,4804.49,4.06,,2034.0,308.417,0.54,3.0908847812280538,0.0,2.5493858123178947,0.39486673247779436,0.9691152187719458,Risk-on
2024-01-08,13.08,75.47,102.10303611853041,4804.49,4.06,,2034.0,308.417,0.54,3.0908847812280538,-0.1796608852169368,2.5493858123178947,0.39486673247779436,0.9691152187719458,Risk-on
2024-01-09,12.76,77.97,102.46061926199215,4804.49,4.06,,2034.0,308.417,0.54,3.0908847812280538,0.3502179338199296,2.5493858123178947,0.39486673247779436,0.9691152187719458,Risk-on
2024-01-10,12.69,78.46,102.43229473616383,4804.49,4.06,,2034.0,308.417,0.54,3.0908847812280538,-0.02764430474102575,2.5493858123178947,0.39486673247779436,0.9691152187719458,Risk-on
2024-01-11,12.44,80.21,102.66315032876378,4804.49,4.06,,2034.0,308.417,0.54,3.0908847812280538,0.22537383663479016,2.5493858123178947,0.39486673247779436,0.9691152187719458,Risk-on
2024-01-12,12.7,79.89,102.3820646973815,4804.49,4.06,,2034.0,308.417,0.54,3.0908847812280538,-0.27379408335137523,2.5493858123178947,0.39486673247779436,0.9691152187719458,Risk-on
2024-01-13,12.7,79.89,102.3820646973815,4804.49,4.06,,2034.0,308.417,0.54,3.0908847812280538,0.0,2.5493858123178947,0.39486673247779436,0.9691152187719458,Risk-on
2024-01-14,12.7,79.89,102.3820646973815,4804.49,4.06,,2034.0,308.417,0.54,3.0908847812280538,0.0,2.5493858123178947,0.39486673247779436,0.9691152187719458,Risk-on
2024-01-15,13.25,79.76,102.3820646973815,4804.49,4.06,,2034.0,308.417,0.54,3.0908847812280538,0.0,2.5493858123178947,0.39486673247779436,0.9691152187719458,Risk-on
2024-01-16,13.84,80.15,103.23340145737919,4804.49,4.06,,2034.0,308.417,0.54,3.0908847812280538,0.8315291965580673,2.5493858123178947,0.39486673247779436,0.9691152187719458,Risk-on
2024-01-17,14.79,78.88,103.57731855951998,4804.49,4.06,,2034.0,308.417,0.54,3.0908847812280538,0.33314518100304724,2.5493858123178947,0.39486673247779436,0.9691152187719458,Risk-on
2024-01-18,14.13,81.04,103.5085277470424,4804.49,4.06,,2034.0,308.417,0.54,3.0908847812280538,-0.06641493855438219,2.5493858123178947,0.39486673247779436,0.9691152187719458,Risk-on
2024-01-19,13.3,80.71,103.35784686175735,4804.49,4.06,,2034.0,308.417,0.54,3.0908847812280538,-0.1455734020807231,2.5493858123178947,0.39486673247779436,0.9691152187719458,Risk-on
2024-01-20,13.3,80.71,103.35784686175735,4804.49,4.06,,2034.0,308.417,0.54,3.0908847812280538,0.0,2.5493858123178947,0.39486673247779436,0.9691152187719458,Risk-on
2024-01-21,13.3,80.71,103.35784686175735,4804.49,4.06,,2034.0,308.417,0.54,3.0908847812280538,0.0,2.5493858123178947,0.39486673247779436,0.9691152187719458,Risk-on
2024-01-22,13.19,81.7,103.21987857797745,4804.49,4.06,,2034.0,308.417,0.54,3.0908847812280538,-0.13348602739803317,2.5493858123178947,0.39486673247779436,0.9691152187719458,Risk-on
2024-01-23,12.55,82.04,103.75906857147397,4804.49,4.06,,2034.0,308.417,0.54,3.0908847812280538,0.5223703039809235,2.5493858123178947,0.39486673247779436,0.9691152187719458,Risk-on
2024-01-24,13.14,82.15,103.0786428551449,4804.49,4.06,,2034.0,308.417,0.54,3.0908847812280538,-0.6557746958381405,2.5493858123178947,0.39486673247779436,0.9691152187719458,Risk-on
2024-01-25,13.45,82.33,103.56184401903462,4804.49,4.06,,2034.0,308.417,0.54,3.0908847812280538,0.46876942740579075,2.5493858123178947,0.39486673247779436,0.9691152187719458,Risk-on
2024-01-26,13.26,83.34,103.3556972264567,4804.49,4.06,,2034.0,308.417,0.54,3.0908847812280538,-0.19905670329705138,2.5493858123178947,0.39486673247779436,0.9691152187719458,Risk-on
2024-01-27,13.26,83.34,103.3556972264567,4804.49,4.06,,2034.0,308.417,0.54,3.0908847812280538,0.0,2.5493858123178947,0.39486673247779436,0.9691152187719458,Risk-on
2024-01-28,13.26,83.34,103.3556972264567,4804.49,4.06,,2034.0,308.417,0.54,3.0908847812280538,0.0,2.5493858123178947,0.39486673247779436,0.9691152187719458,Risk-on
2024-01-29,13.6,83.99,103.69948563728697,4804.49,4.06,,2034.0,308.417,0.54,3.0908847812280538,0.3326264734850648,2.5493858123178947,0.39486673247779436,0.9691152187719458,Risk-on
2024-01-30,13.31,84.14,103.44750794343483,4804.49,4.06,,2034.0,308.417,0.54,3.0908847812280538,-0.24298837386087513,2.5493858123178947,0.39486673247779436,0.9691152187719458,Risk-on
2024-01-31,14.35,82.98,103.13734288978031,4804.49,4.06,,2034.0,308.417,0.54,3.0908847812280538,-0.29982844422323796,0.0,0.0,0.9691152187719458,Risk-on
2024-02-01,13.88,82.2,103.09419878626657,5011.96,4.21,,2023.0,310.326,0.62,3.1531711208615976,-0.04183169965882305,4.318252301492986,-0.5408062930186808,1.0568288791384024,Risk-on
2024-02-02,13.85,79.54,103.98469041252925,5011.96,4.21,,2023.0,310.326,0.62,3.1531711208615976,0.8637650195127078,4.318252301492986,-0.5408062930186808,1.0568288791384024,Risk-on
2024-02-03,13.85,79.54,103.98469041252925,5011.96,4.21,,2023.0,310.326,0.62,3.1531711208615976,0.0,4.318252301492986,-0.5408062930186808,1.0568288791384024,Risk-on
2024-02-04,13.85,79.54,103.98469041252925,5011.96,4.21,,2023.0,310.326,0.62,3.1531711208615976,0.0,4.318252301492986,-0.5408062930186808,1.0568288791384024,Risk-on
2024-02-05,13.67,79.3,104.5050376903015,5011.96,4.21,,2023.0,310.326,0.62,3.1531711208615976,0.5004075847203415,4.318252301492986,-0.5408062930186808,1.0568288791384024,Risk-on
2024-02-06,13.06,80.46,104.2276607889203,5011.96,4.21,,2023.0,310.326,0.62,3.1531711208615976,-0.26541964627887493,4.318252301492986,-0.5408062930186808,1.0568288791384024,Risk-on
2024-02-07,12.83,81.18,104.05883031575937,5011.96,4.21,,2023.0,310.326,0.62,3.1531711208615976,-0.16198240647734563,4.318252301492986,-0.5408062930186808,1.0568288791384024,Risk-on
2024-02-08,12.79,83.01,104.15786078246211,5011.96,4.21,,2023.0,310.326,0.62,3.1531711208615976,0.09516776846543173,4.318252301492986,-0.5408062930186808,1.0568288791384024,Risk-on
2024-02-09,12.93,83.58,104.13083040119768,5011.96,4.21,,2023.0,310.326,0.62,3.1531711208615976,-0.025951359850673317,4.318252301492986,-0.5408062930186808,1.0568288791384024,Risk-on
2024-02-10,12.93,83.58,104.13083040119768,5011.96,4.21,,2023.0,310.326,0.62,3.1531711208615976,0.0,4.318252301492986,-0.5408062930186808,1.0568288791384024,Risk-on
2024-02-11,12.93,83.58,104.13083040119768,5011.96,4.21,,2023.0,310.326,0.62,3.1531711208615976,0.0,4.318252301492986,-0.5408062930186808,1.0568288791384024,Risk-on
2024-02-12,13.93,83.88,104.1247925715941,5011.96,4.21,,2023.0,310.326,0.62,3.1531711208615976,-0.005798311201710149,4.318252301492986,-0.5408062930186808,1.0568288791384024,Risk-on
2024-02-13,15.85,84.72,104.77254111480023,5011.96,4.21,,2023.0,310.326,0.62,3.1531711208615976,0.6220886757212662,4.318252301492986,-0.5408062930186808,1.0568288791384024,Trung tinh
2024-02-14,14.38,84.41,104.67839146717661,5011.96,4.21,,2023.0,310.326,0.62,3.1531711208615976,-0.08986099470514874,4.318252301492986,-0.5408062930186808,1.0568288791384024,Risk-on
2024-02-15,14.01,84.33,104.40388252135182,5011.96,4.21,,2023.0,310.326,0.62,3.1531711208615976,-0.26224031720134544,4.318252301492986,-0.5408062930186808,1.0568288791384024,Risk-on
2024-02-16,14.24,84.88,104.35250733128224,5011.96,4.21,,2023.0,310.326,0.62,3.1531711208615976,-0.049208122177901714,4.318252301492986,-0.5408062930186808,1.0568288791384024,Risk-on
2024-02-17,14.24,84.88,104.35250733128224,5011.96,4.21,,2023.0,310.326,0.62,3.1531711208615976,0.0,4.318252301492986,-0.5408062930186808,1.0568288791384024,Risk-on
2024-02-18,14.24,84.88,104.35250733128224,5011.96,4.21,,2023.0,310.326,0.62,3.1531711208615976,0.0,4.318252301492986,-0.5408062930186808,1.0568288791384024,Risk-on
2024-02-19,14.71,85.52,104.35250733128224,5011.96,4.21,,2023.0,310.326,0.62,3.1531711208615976,0.0,4.318252301492986,-0.5408062930186808,1.0568288791384024,Risk-on
2024-02-20,15.42,84.78,103.98043582177202,5011.96,4.21,,2023.0,310.326,0.62,3.1531711208615976,-0.3565525343143139,4.318252301492986,-0.5408062930186808,1.0568288791384024,Trung tinh
2024-02-21,15.34,84.77,104.01636714146566,5011.96,4.21,,2023.0,310.326,0.62,3.1531711208615976,0.03455584640483789,4.318252301492986,-0.5408062930186808,1.0568288791384024,Trung tinh
2024-02-22,14.54,85.84,104.02458818595137,5011.96,4.21,,2023.0,310.326,0.62,3.1531711208615976,0.007903606626191717,4.318252301492986,-0.5408062930186808,1.0568288791384024,Risk-on
2024-02-23,13.75,84.18,103.8901492123382,5011.96,4.21,,2023.0,310.326,0.62,3.1531711208615976,-0.12923768885568787,4.318252301492986,-0.5408062930186808,1.0568288791384024,Risk-on
2024-02-24,13.75,84.18,103.8901492123382,5011.96,4.21,,2023.0,310.326,0.62,3.1531711208615976,0.0,4.318252301492986,-0.5408062930186808,1.0568288791384024,Risk-on
2024-02-25,13.75,84.18,103.8901492123382,5011.96,4.21,,2023.0,310.326,0.62,3.1531711208615976,0.0,4.318252301492986,-0.5408062930186808,1.0568288791384024,Risk-on
2024-02-26,13.74,84.01,103.77166973552852,5011.96,4.21,,2023.0,310.326,0.62,3.1531711208615976,-0.11404303267245064,4.318252301492986,-0.5408062930186808,1.0568288791384024,Risk-on
2024-02-27,13.43,83.8,103.72945335677841,5011.96,4.21,,2023.0,310.326,0.62,3.1531711208615976,-0.04068198850196714,4.318252301492986,-0.5408062930186808,1.0568288791384024,Risk-on
2024-02-28,13.84,84.08,103.8979142432957,5011.96,4.21,,2023.0,310.326,0.62,3.1531711208615976,0.1624041013094546,4.318252301492986,-0.5408062930186808,1.0568288791384024,Risk-on
2024-02-29,13.4,84.57,104.08725303483818,5011.96,4.21,,2023.0,310.326,0.62,3.1531711208615976,0.18223541148199018,4.318252301492986,-0.5408062930186808,1.0568288791384024,Risk-on
2024-03-01,13.11,84.82,103.93683222711985,5170.57,4.21,,2158.0,312.332,0.65,3.4773850700380304,-0.14451414878629,7.619539222685434,6.096361848574228,0.7326149299619695,Risk-on
2024-03-02,13.11,84.82,103.93683222711985,5170.57,4.21,,2158.0,312.332,0.65,3.4773850700380304,0.0,3.1646302045507113,6.673257538309452,0.7326149299619695,Risk-on
2024-03-03,13.11,84.82,103.93683222711985,5170.57,4.21,,2158.0,312.332,0.65,3.4773850700380304,0.0,3.1646302045507113,6.673257538309452,0.7326149299619695,Risk-on
2024-03-04,13.49,86.58,103.75913045719223,5170.57,4.21,,2158.0,312.332,0.65,3.4773850700380304,-0.17097093120879148,3.1646302045507113,6.673257538309452,0.7326149299619695,Risk-on
2024-03-05,14.46,85.82,103.74652678012569,5170.57,4.21,,2158.0,312.332,0.65,3.4773850700380304,-0.012147053479538705,3.1646302045507113,6.673257538309452,0.7326149299619695,Risk-on
2024-03-06,14.5,86.59,103.2245545629221,5170.57,4.21,,2158.0,312.332,0.65,3.4773850700380304,-0.5031225944650997,3.1646302045507113,6.673257538309452,0.7326149299619695,Risk-on
2024-03-07,14.44,84.88,102.87416065078183,5170.57,4.21,,2158.0,312.332,0.65,3.4773850700380304,-0.33944821910243395,3.1646302045507113,6.673257538309452,0.7326149299619695,Risk-on
2024-03-08,14.74,84.29,102.72265051454478,5170.57,4.21,,2158.0,312.332,0.65,3.4773850700380304,-0.1472771542227913,3.1646302045507113,6.673257538309452,0.7326149299619695,Risk-on
2024-03-09,14.74,84.29,102.72265051454478,5170.57,4.21,,2158.0,312.332,0.65,3.4773850700380304,0.0,3.1646302045507113,6.673257538309452,0.7326149299619695,Risk-on
2024-03-10,14.74,84.29,102.72265051454478,5170.57,4.21,,2158.0,312.332,0.65,3.4773850700380304,0.0,3.1646302045507113,6.673257538309452,0.7326149299619695,Risk-on
2024-03-11,15.22,83.44,102.83774707940846,5170.57,4.21,,2158.0,312.332,0.65,3.4773850700380304,0.11204594535592083,3.1646302045507113,6.673257538309452,0.7326149299619695,Trung tinh
2024-03-12,13.84,83.66,102.99460588228821,5170.57,4.21,,2158.0,312.332,0.65,3.4773850700380304,0.15253037657332325,3.1646302045507113,6.673257538309452,0.7326149299619695,Risk-on
2024-03-13,13.75,83.95,102.82214801349525,5170.57,4.21,,2158.0,312.332,0.65,3.4773850700380304,-0.16744359310434387,3.1646302045507113,6.673257538309452,0.7326149299619695,Risk-on
2024-03-14,14.4,86.16,103.3144224632741,5170.57,4.21,,2158.0,312.332,0.65,3.4773850700380304,0.47876304793228464,3.1646302045507113,6.673257538309452,0.7326149299619695,Risk-on
2024-03-15,14.41,85.39,103.43668586034183,5170.57,4.21,,2158.0,312.332,0.65,3.4773850700380304,0.11834107393011717,3.1646302045507113,6.673257538309452,0.7326149299619695,Risk-on
2024-03-16,14.41,85.39,103.43668586034183,5170.57,4.21,,2158.0,312.332,0.65,3.4773850700380304,0.0,3.1646302045507113,6.673257538309452,0.7326149299619695,Risk-on
2024-03-17,14.41,85.39,103.43668586034183,5170.57,4.21,,2158.0,312.332,0.65,3.4773850700380304,0.0,3.1646302045507113,6.673257538309452,0.7326149299619695,Risk-on
2024-03-18,14.33,86.47,103.49763926914761,5170.57,4.21,,2158.0,312.332,0.65,3.4773850700380304,0.05892823063577968,3.1646302045507113,6.673257538309452,0.7326149299619695,Risk-on
2024-03-19,13.82,87.36,103.8591690668213,5170.57,4.21,,2158.0,312.332,0.65,3.4773850700380304,0.3493121197996718,3.1646302045507113,6.673257538309452,0.7326149299619695,Risk-on
2024-03-20,13.04,85.77,103.97596377292874,5170.57,4.21,,2158.0,312.332,0.65,3.4773850700380304,0.1124548820839344,3.1646302045507113,6.673257538309452,0.7326149299619695,Risk-on
2024-03-21,12.92,84.92,103.99748909696001,5170.57,4.21,,2158.0,312.332,0.65,3.4773850700380304,0.02070221159793384,3.1646302045507113,6.673257538309452,0.7326149299619695,Risk-on
2024-03-22,13.06,84.87,104.36049823290334,5170.57,4.21,,2158.0,312.332,0.65,3.4773850700380304,0.3490556734546679,3.1646302045507113,6.673257538309452,0.7326149299619695,Risk-on
2024-03-23,13.06,84.87,104.36049823290334,5170.57,4.21,,2158.0,312.332,0.65,3.4773850700380304,0.0,3.1646302045507113,6.673257538309452,0.7326149299619695,Risk-on
2024-03-24,13.06,84.87,104.36049823290334,5170.57,4.21,,2158.0,312.332,0.65,3.4773850700380304,0.0,3.1646302045507113,6.673257538309452,0.7326149299619695,Risk-on
2024-03-25,13.19,86.18,104.20813459343884,5170.57,4.21,,2158.0,312.332,0.65,3.4773850700380304,-0.14599742435539298,3.1646302045507113,6.673257538309452,0.7326149299619695,Risk-on
2024-03-26,13.24,85.91,104.29533203904873,5170.57,4.21,,2158.0,312.332,0.65,3.4773850700380304,0.08367623693685822,3.1646302045507113,6.673257538309452,0.7326149299619695,Risk-on
2024-03-27,12.78,84.94,104.35562317140119,5170.57,4.21,,2158.0,312.332,0.65,3.4773850700380304,0.05780808323223585,3.1646302045507113,6.673257538309452,0.7326149299619695,Risk-on
2024-03-28,13.01,86.17,104.43515470388735,5170.57,4.21,,2158.0,312.332,0.65,3.4773850700380304,0.07621202391319137,3.1646302045507113,6.673257538309452,0.7326149299619695,Risk-on
2024-03-29,13.01,86.17,104.48711944881116,5170.57,4.21,,2158.0,312.332,0.65,3.4773850700380304,0.04975790486561049,3.1646302045507113,6.673257538309452,0.7326149299619695,Risk-on
2024-03-30,13.01,86.17,104.48711944881116,5170.57,4.21,,2158.0,312.332,0.65,3.4773850700380304,0.0,3.1646302045507113,6.673257538309452,0.7326149299619695,Risk-on
2024-03-31,13.01,86.17,104.48711944881116,5170.57,4.21,,2158.0,312.332,0.65,3.4773850700380304,0.0,0.0,0.0,0.7326149299619695,Risk-on
2024-04-01,13.65,86.17,105.05162386479805,5112.49,4.54,,2331.0,313.548,0.39,3.357363950119163,0.5402622054897721,-1.123280412024208,8.016682113067652,1.1826360498808368,Risk-on
2024-04-02,14.61,87.63,104.75986450623638,5112.49,4.54,,2331.0,313.548,0.39,3.357363950119163,-0.27772950843402144,-1.123280412024208,8.016682113067652,1.1826360498808368,Risk-on
2024-04-03,14.33,90.6,104.30937995157069,5112.49,4.54,,2331.0,313.548,0.39,3.357363950119163,-0.43001635863978427,-1.123280412024208,8.016682113067652,1.1826360498808368,Risk-on
2024-04-04,16.35,90.32,104.02301775567253,5112.49,4.54,,2331.0,313.548,0.39,3.357363950119163,-0.2745315867385245,-1.123280412024208,8.016682113067652,1.1826360498808368,Trung tinh
2024-04-05,16.03,92.81,104.2474413616027,5112.49,4.54,,2331.0,313.548,0.39,3.357363950119163,0.21574417929048906,-1.123280412024208,8.016682113067652,1.1826360498808368,Trung tinh
2024-04-06,16.03,92.81,104.2474413616027,5112.49,4.54,,2331.0,313.548,0.39,3.357363950119163,0.0,-1.123280412024208,8.016682113067652,1.1826360498808368,Trung tinh
2024-04-07,16.03,92.81,104.2474413616027,5112.49,4.54,,2331.0,313.548,0.39,3.357363950119163,0.0,-1.123280412024208,8.016682113067652,1.1826360498808368,Trung tinh
2024-04-08,15.19,91.73,104.1729441986962,5112.49,4.54,,2331.0,313.548,0.39,3.357363950119163,-0.0714618622130847,-1.123280412024208,8.016682113067652,1.1826360498808368,Trung tinh
2024-04-09,14.98,92.13,104.1226928938553,5112.49,4.54,,2331.0,313.548,0.39,3.357363950119163,-0.04823834559677387,-1.123280412024208,8.016682113067652,1.1826360498808368,Risk-on
2024-04-10,15.8,91.57,105.2104778911501,5112.49,4.54,,2331.0,313.548,0.39,3.357363950119163,1.0447146218199643,-1.123280412024208,8.016682113067652,1.1826360498808368,Trung tinh
2024-04-11,14.91,91.49,105.34869357673763,5112.49,4.54,,2331.0,313.548,0.39,3.357363950119163,0.13137064706665313,-1.123280412024208,8.016682113067652,1.1826360498808368,Risk-on
2024-04-12,17.31,93.12,105.9340139142409,5112.49,4.54,,2331.0,313.548,0.39,3.357363950119163,0.5556028438804539,-1.123280412024208,8.016682113067652,1.1826360498808368,Trung tinh
2024-04-13,17.31,93.12,105.9340139142409,5112.49,4.54,,2331.0,313.548,0.39,3.357363950119163,0.0,-1.123280412024208,8.016682113067652,1.1826360498808368,Trung tinh
2024-04-14,17.31,93.12,105.9340139142409,5112.49,4.54,,2331.0,313.548,0.39,3.357363950119163,0.0,-1.123280412024208,8.016682113067652,1.1826360498808368,Trung tinh
2024-04-15,19.23,90.84,106.05309895012373,5112.49,4.54,,2331.0,313.548,0.39,3.357363950119163,0.1124143525603083,-1.123280412024208,8.016682113067652,1.1826360498808368,Trung tinh
2024-04-16,18.4,91.29,106.27701888884373,5112.49,4.54,,2331.0,313.548,0.39,3.357363950119163,0.21113945838142634,-1.123280412024208,8.016682113067652,1.1826360498808368,Trung tinh
2024-04-17,18.21,89.54,106.18753823150107,5112.49,4.54,,2331.0,313.548,0.39,3.357363950119163,-0.08419567868783728,-1.123280412024208,8.016682113067652,1.1826360498808368,Trung tinh
2024-04-18,18.0,88.34,106.01117166527708,5112.49,4.54,,2331.0,313.548,0.39,3.357363950119163,-0.16608970239002652,-1.123280412024208,8.016682113067652,1.1826360498808368,Trung tinh
2024-04-19,18.71,87.96,106.07767123232864,5112.49,4.54,,2331.0,313.548,0.39,3.357363950119163,0.06272882943085811,-1.123280412024208,8.016682113067652,1.1826360498808368,Trung tinh
2024-04-20,18.71,87.96,106.07767123232864,5112.49,4.54,,2331.0,313.548,0.39,3.357363950119163,0.0,-1.123280412024208,8.016682113067652,1.1826360498808368,Trung tinh
2024-04-21,18.71,87.96,106.07767123232864,5112.49,4.54,,2331.0,313.548,0.39,3.357363950119163,0.0,-1.123280412024208,8.016682113067652,1.1826360498808368,Trung tinh
2024-04-22,16.94,87.3,106.1540217960348,5112.49,4.54,,2331.0,313.548,0.39,3.357363950119163,0.07197609338438493,-1.123280412024208,8.016682113067652,1.1826360498808368,Trung tinh
2024-04-23,15.69,88.29,105.76231110641928,5112.49,4.54,,2331.0,313.548,0.39,3.357363950119163,-0.3690022129996695,-1.123280412024208,8.016682113067652,1.1826360498808368,Trung tinh
2024-04-24,15.97,89.02,105.90090976702108,5112.49,4.54,,2331.0,313.548,0.39,3.357363950119163,0.13104730707174106,-1.123280412024208,8.016682113067652,1.1826360498808368,Trung tinh
2024-04-25,15.37,88.1,105.66784313284391,5112.49,4.54,,2331.0,313.548,0.39,3.357363950119163,-0.2200799168674772,-1.123280412024208,8.016682113067652,1.1826360498808368,Trung tinh
2024-04-26,15.03,89.95,106.09495549679859,5112.49,4.54,,2331.0,313.548,0.39,3.357363950119163,0.40420278420723044,-1.123280412024208,8.016682113067652,1.1826360498808368,Trung tinh
2024-04-27,15.03,89.95,106.09495549679859,5112.49,4.54,,2331.0,313.548,0.39,3.357363950119163,0.0,-1.123280412024208,8.016682113067652,1.1826360498808368,Trung tinh
2024-04-28,15.03,89.95,106.09495549679859,5112.49,4.54,,2331.0,313.548,0.39,3.357363950119163,0.0,-1.123280412024208,8.016682113067652,1.1826360498808368,Trung tinh
2024-04-29,14.67,88.44,105.71403635588317,5112.49,4.54,,2331.0,313.548,0.39,3.357363950119163,-0.3590360532522374,-1.123280412024208,8.016682113067652,1.1826360498808368,Risk-on
2024-04-30,15.65,88.23,106.13889282959829,5112.49,4.54,,2331.0,313.548,0.39,3.357363950119163,0.401892206901322,-1.123280412024208,8.016682113067652,1.1826360498808368,Trung tinh
2024-05-01,15.39,83.55,106.20661884724242,5235.23,4.48,,2351.0,314.069,0.17,3.2690290569400204,0.06380886010641795,2.4007870920040864,0.8580008580008514,1.21097094305998,Trung tinh
2024-05-02,14.68,84.81,105.57707870347811,5235.23,4.48,,2351.0,314.069,0.17,3.2690290569400204,-0.5927503865552741,2.4007870920040864,0.8580008580008514,1.21097094305998,Risk-on
2024-05-03,13.49,83.6,105.00456072136805,5235.23,4.48,,2351.0,314.069,0.17,3.2690290569400204,-0.5422748849852388,2.4007870920040864,0.8580008580008514,1.21097094305998,Risk-on
2024-05-04,13.49,83.6,105.00456072136805,5235.23,4.48,,2351.0,314.069,0.17,3.2690290569400204,0.0,2.4007870920040864,0.8580008580008514,1.21097094305998,Risk-on
2024-05-05,13.49,83.6,105.00456072136805,5235.23,4.48,,2351.0,314.069,0.17,3.2690290569400204,0.0,2.4007870920040864,0.8580008580008514,1.21097094305998,Risk-on
2024-05-06,13.49,83.6,105.0019281885887,5235.23,4.48,,2351.0,314.069,0.17,3.2690290569400204,-0.002507065180079593,2.4007870920040864,0.8580008580008514,1.21097094305998,Risk-on
2024-05-07,13.23,82.69,105.2441403882159,5235.23,4.48,,2351.0,314.069,0.17,3.2690290569400204,0.23067404932999303,2.4007870920040864,0.8580008580008514,1.21097094305998,Risk-on
2024-05-08,13.0,82.44,105.45050459371386,5235.23,4.48,,2351.0,314.069,0.17,3.2690290569400204,0.19608142053015865,2.4007870920040864,0.8580008580008514,1.21097094305998,Risk-on
2024-05-09,12.69,83.27,105.35135175073061,5235.23,4.48,,2351.0,314.069,0.17,3.2690290569400204,-0.09402785066345842,2.4007870920040864,0.8580008580008514,1.21097094305998,Risk-on
2024-05-10,12.55,83.39,105.29070317943837,5235.23,4.48,,2351.0,314.069,0.17,3.2690290569400204,-0.05756790993602934,2.4007870920040864,0.8580008580008514,1.21097094305998,Risk-on
2024-05-11,12.55,83.39,105.29070317943837,5235.23,4.48,,2351.0,314.069,0.17,3.2690290569400204,0.0,2.4007870920040864,0.8580008580008514,1.21097094305998,Risk-on
2024-05-12,12.55,83.39,105.29070317943837,5235.23,4.48,,2351.0,314.069,0.17,3.2690290569400204,0.0,2.4007870920040864,0.8580008580008514,1.21097094305998,Risk-on
2024-05-13,13.6,83.18,105.17495771437996,5235.23,4.48,,2351.0,314.069,0.17,3.2690290569400204,-0.10992942545093864,2.4007870920040864,0.8580008580008514,1.21097094305998,Risk-on
2024-05-14,13.42,81.0,105.03192781038418,5235.23,4.48,,2351.0,314.069,0.17,3.2690290569400204,-0.13599235702494994,2.4007870920040864,0.8580008580008514,1.21097094305998,Risk-on
2024-05-15,12.45,79.98,104.50167147339825,5235.23,4.48,,2351.0,314.069,0.17,3.2690290569400204,-0.5048525225045952,2.4007870920040864,0.8580008580008514,1.21097094305998,Risk-on
2024-05-16,12.42,81.65,104.40976687590694,5235.23,4.48,,2351.0,314.069,0.17,3.2690290569400204,-0.08794557655922297,2.4007870920040864,0.8580008580008514,1.21097094305998,Risk-on
2024-05-17,11.99,82.24,104.48054368453943,5235.23,4.48,,2351.0,314.069,0.17,3.2690290569400204,0.0677875363102931,2.4007870920040864,0.8580008580008514,1.21097094305998,Risk-on
2024-05-18,11.99,82.24,104.48054368453943,5235.23,4.48,,2351.0,314.069,0.17,3.2690290569400204,0.0,2.4007870920040864,0.8580008580008514,1.21097094305998,Risk-on
2024-05-19,11.99,82.24,104.48054368453943,5235.23,4.48,,2351.0,314.069,0.17,3.2690290569400204,0.0,2.4007870920040864,0.8580008580008514,1.21097094305998,Risk-on
2024-05-20,12.15,81.91,104.56655217153808,5235.23,4.48,,2351.0,314.069,0.17,3.2690290569400204,0.08232009900173143,2.4007870920040864,0.8580008580008514,1.21097094305998,Risk-on
2024-05-21,11.86,81.22,104.62609252650915,5235.23,4.48,,2351.0,314.069,0.17,3.2690290569400204,0.05694015317001533,2.4007870920040864,0.8580008580008514,1.21097094305998,Risk-on
2024-05-22,12.29,79.9,104.78012389697267,5235.23,4.48,,2351.0,314.069,0.17,3.2690290569400204,0.1472208000355968,2.4007870920040864,0.8580008580008514,1.21097094305998,Risk-on
2024-05-23,12.77,79.25,104.92518130538797,5235.23,4.48,,2351.0,314.069,0.17,3.2690290569400204,0.13843981379324521,2.4007870920040864,0.8580008580008514,1.21097094305998,Risk-on
2024-05-24,11.93,78.92,104.69629655149915,5235.23,4.48,,2351.0,314.069,0.17,3.2690290569400204,-0.21814091816781955,2.4007870920040864,0.8580008580008514,1.21097094305998,Risk-on
2024-05-25,11.93,78.92,104.69629655149915,5235.23,4.48,,2351.0,314.069,0.17,3.2690290569400204,0.0,2.4007870920040864,0.8580008580008514,1.21097094305998,Risk-on
2024-05-26,11.93,78.92,104.69629655149915,5235.23,4.48,,2351.0,314.069,0.17,3.2690290569400204,0.0,2.4007870920040864,0.8580008580008514,1.21097094305998,Risk-on
2024-05-27,12.36,78.92,104.69629655149915,5235.23,4.48,,2351.0,314.069,0.17,3.2690290569400204,0.0,2.4007870920040864,0.8580008580008514,1.21097094305998,Risk-on
2024-05-28,12.92,81.34,104.41635677759893,5235.23,4.48,,2351.0,314.069,0.17,3.2690290569400204,-0.267382689857143,2.4007870920040864,0.8580008580008514,1.21097094305998,Risk-on
2024-05-29,14.28,81.5,105.04728568726466,5235.23,4.48,,2351.0,314.069,0.17,3.2690290569400204,0.6042433667835967,2.4007870920040864,0.8580008580008514,1.21097094305998,Risk-on
2024-05-30,14.47,81.42,104.69433059929464,5235.23,4.48,,2351.0,314.069,0.17,3.2690290569400204,-0.33599639025495565,2.4007870920040864,0.8580008580008514,1.21097094305998,Risk-on
2024-05-31,12.92,79.41,104.65624218958273,5235.23,4.48,,2351.0,314.069,0.17,3.2690290569400204,-0.03638058478800943,0.0,0.0,1.21097094305998,Risk-on
2024-06-01,12.92,79.41,104.65624218958273,5415.14,4.31,,2326.0,314.175,0.03,2.971397107263307,0.0,3.4365252338483865,-1.063377286261169,1.3386028927366924,Risk-on
2024-06-02,12.92,79.41,104.65624218958273,5415.14,4.31,,2326.0,314.175,0.03,2.971397107263307,0.0,3.4365252338483865,-1.063377286261169,1.3386028927366924,Risk-on
2024-06-03,13.11,76.45,104.1519819674647,5415.14,4.31,,2326.0,314.175,0.03,2.971397107263307,-0.4818252705887982,3.4365252338483865,-1.063377286261169,1.3386028927366924,Risk-on
2024-06-04,13.16,75.33,104.1596100895198,5415.14,4.31,,2326.0,314.175,0.03,2.971397107263307,0.007324029664146359,3.4365252338483865,-1.063377286261169,1.3386028927366924,Risk-on
2024-06-05,12.63,75.41,104.3814251044982,5415.14,4.31,,2326.0,314.175,0.03,2.971397107263307,0.21295684074447152,3.4365252338483865,-1.063377286261169,1.3386028927366924,Risk-on
2024-06-06,12.58,77.62,104.219196870442,5415.14,4.31,,2326.0,314.175,0.03,2.971397107263307,-0.15541868095189093,3.4365252338483865,-1.063377286261169,1.3386028927366924,Risk-on
2024-06-07,12.22,78.12,104.86319045144458,5415.14,4.31,,2326.0,314.175,0.03,2.971397107263307,0.6179222257902683,3.4365252338483865,-1.063377286261169,1.3386028927366924,Risk-on
2024-06-08,12.22,78.12,104.86319045144458,5415.14,4.31,,2326.0,314.175,0.03,2.971397107263307,0.0,3.4365252338483865,-1.063377286261169,1.3386028927366924,Risk-on
2024-06-09,12.22,78.12,104.86319045144458,5415.14,4.31,,2326.0,314.175,0.03,2.971397107263307,0.0,3.4365252338483865,-1.063377286261169,1.3386028927366924,Risk-on
2024-06-10,12.74,79.59,105.19602786993975,5415.14,4.31,,2326.0,314.175,0.03,2.971397107263307,0.3174015753881543,3.4365252338483865,-1.063377286261169,1.3386028927366924,Risk-on
2024-06-11,12.85,80.15,105.36403428183769,5415.14,4.31,,2326.0,314.175,0.03,2.971397107263307,0.15970794268549415,3.4365252338483865,-1.063377286261169,1.3386028927366924,Risk-on
2024-06-12,12.04,80.52,104.33781568134813,5415.14,4.31,,2326.0,314.175,0.03,2.971397107263307,-0.9739742858977163,3.4365252338483865,-1.063377286261169,1.3386028927366924,Risk-on
2024-06-13,11.94,81.44,105.0955577963928,5415.14,4.31,,2326.0,314.175,0.03,2.971397107263307,0.7262391972617577,3.4365252338483865,-1.063377286261169,1.3386028927366924,Risk-on
2024-06-14,12.66,81.49,105.54870536459867,5415.14,4.31,,2326.0,314.175,0.03,2.971397107263307,0.43117670975569844,3.4365252338483865,-1.063377286261169,1.3386028927366924,Risk-on
2024-06-15,12.66,81.49,105.54870536459867,5415.14,4.31,,2326.0,314.175,0.03,2.971397107263307,0.0,3.4365252338483865,-1.063377286261169,1.3386028927366924,Risk-on
2024-06-16,12.66,81.49,105.54870536459867,5415.14,4.31,,2326.0,314.175,0.03,2.971397107263307,0.0,3.4365252338483865,-1.063377286261169,1.3386028927366924,Risk-on
2024-06-17,12.75,82.45,105.46393500037841,5415.14,4.31,,2326.0,314.175,0.03,2.971397107263307,-0.08031397820318364,3.4365252338483865,-1.063377286261169,1.3386028927366924,Risk-on
2024-06-18,12.3,84.79,105.28265128356186,5415.14,4.31,,2326.0,314.175,0.03,2.971397107263307,-0.1718916678160154,3.4365252338483865,-1.063377286261169,1.3386028927366924,Risk-on
2024-06-19,12.48,85.64,105.28265128356186,5415.14,4.31,,2326.0,314.175,0.03,2.971397107263307,0.0,3.4365252338483865,-1.063377286261169,1.3386028927366924,Risk-on
2024-06-20,13.28,85.92,105.6002343840854,5415.14,4.31,,2326.0,314.175,0.03,2.971397107263307,0.301648084135131,3.4365252338483865,-1.063377286261169,1.3386028927366924,Risk-on
2024-06-21,13.2,86.42,105.79277834313686,5415.14,4.31,,2326.0,314.175,0.03,2.971397107263307,0.18233288986002627,3.4365252338483865,-1.063377286261169,1.3386028927366924,Risk-on
2024-06-22,13.2,86.42,105.79277834313686,5415.14,4.31,,2326.0,314.175,0.03,2.971397107263307,0.0,3.4365252338483865,-1.063377286261169,1.3386028927366924,Risk-on
2024-06-23,13.2,86.42,105.79277834313686,5415.14,4.31,,2326.0,314.175,0.03,2.971397107263307,0.0,3.4365252338483865,-1.063377286261169,1.3386028927366924,Risk-on
2024-06-24,13.33,86.75,105.54037679261083,5415.14,4.31,,2326.0,314.175,0.03,2.971397107263307,-0.23858107753571556,3.4365252338483865,-1.063377286261169,1.3386028927366924,Risk-on
2024-06-25,12.84,86.81,105.68658071165295,5415.14,4.31,,2326.0,314.175,0.03,2.971397107263307,0.13852889622463227,3.4365252338483865,-1.063377286261169,1.3386028927366924,Risk-on
2024-06-26,12.55,85.76,106.03215223443398,5415.14,4.31,,2326.0,314.175,0.03,2.971397107263307,0.32697767347007467,3.4365252338483865,-1.063377286261169,1.3386028927366924,Risk-on
2024-06-27,12.24,87.0,105.87479483784136,5415.14,4.31,,2326.0,314.175,0.03,2.971397107263307,-0.14840535939014687,3.4365252338483865,-1.063377286261169,1.3386028927366924,Risk-on
2024-06-28,12.44,87.26,105.87594865520859,5415.14,4.31,,2326.0,314.175,0.03,2.971397107263307,0.0010897941941534484,3.4365252338483865,-1.063377286261169,1.3386028927366924,Risk-on
2024-06-29,12.44,87.26,105.87594865520859,5415.14,4.31,,2326.0,314.175,0.03,2.971397107263307,0.0,3.4365252338483865,-1.063377286261169,1.3386028927366924,Risk-on
2024-06-30,12.44,87.26,105.87594865520859,5415.14,4.31,,2326.0,314.175,0.03,2.971397107263307,0.0,3.4365252338483865,-1.063377286261169,1.3386028927366924,Risk-on
2024-07-01,12.22,86.57,105.90119443202798,5538.0,4.25,,2398.0,314.54,0.12,2.8947531984913066,0.02384467590614836,2.2688240747238186,3.095442820292349,1.3552468015086934,Risk-on
2024-07-02,12.03,88.28,105.78638463648598,5538.0,4.25,,2398.0,314.54,0.12,2.8947531984913066,-0.10841218190007496,2.2688240747238186,3.095442820292349,1.3552468015086934,Risk-on
2024-07-03,12.09,88.25,105.22210959763034,5538.0,4.25,,2398.0,314.54,0.12,2.8947531984913066,-0.5334098908802543,2.2688240747238186,3.095442820292349,1.3552468015086934,Risk-on
2024-07-04,12.26,88.34,105.22210959763034,5538.0,4.25,,2398.0,314.54,0.12,2.8947531984913066,0.0,2.2688240747238186,3.095442820292349,1.3552468015086934,Risk-on
2024-07-05,12.48,88.66,104.94518597676893,5538.0,4.25,,2398.0,314.54,0.12,2.8947531984913066,-0.26318006920823533,2.2688240747238186,3.095442820292349,1.3552468015086934,Risk-on
2024-07-06,12.48,88.66,104.94518597676893,5538.0,4.25,,2398.0,314.54,0.12,2.8947531984913066,0.0,2.2688240747238186,3.095442820292349,1.3552468015086934,Risk-on
2024-07-07,12.48,88.66,104.94518597676893,5538.0,4.25,,2398.0,314.54,0.12,2.8947531984913066,0.0,2.2688240747238186,3.095442820292349,1.3552468015086934,Risk-on
2024-07-08,12.37,87.15,104.91819439283796,5538.0,4.25,,2398.0,314.54,0.12,2.8947531984913066,-0.025719697077808412,2.2688240747238186,3.095442820292349,1.3552468015086934,Risk-on
2024-07-09,12.51,86.48,105.14233715786693,5538.0,4.25,,2398.0,314.54,0.12,2.8947531984913066,0.21363574385366846,2.2688240747238186,3.095442820292349,1.3552468015086934,Risk-on
2024-07-10,12.85,86.55,105.049436734245,5538.0,4.25,,2398.0,314.54,0.12,2.8947531984913066,-0.08835681813162966,2.2688240747238186,3.095442820292349,1.3552468015086934,Risk-on
2024-07-11,12.92,86.49,104.39153490272776,5538.0,4.25,,2398.0,314.54,0.12,2.8947531984913066,-0.6262783047391474,2.2688240747238186,3.095442820292349,1.3552468015086934,Risk-on
2024-07-12,12.46,87.35,104.11535791246429,5538.0,4.25,,2398.0,314.54,0.12,2.8947531984913066,-0.2645587982979758,2.2688240747238186,3.095442820292349,1.3552468015086934,Risk-on
2024-07-13,12.46,87.35,104.11535791246429,5538.0,4.25,,2398.0,314.54,0.12,2.8947531984913066,0.0,2.2688240747238186,3.095442820292349,1.3552468015086934,Risk-on
2024-07-14,12.46,87.35,104.11535791246429,5538.0,4.25,,2398.0,314.54,0.12,2.8947531984913066,0.0,2.2688240747238186,3.095442820292349,1.3552468015086934,Risk-on
2024-07-15,13.12,86.42,104.10381054556214,5538.0,4.25,,2398.0,314.54,0.12,2.8947531984913066,-0.011090935221924614,2.2688240747238186,3.095442820292349,1.3552468015086934,Risk-on
2024-07-16,13.19,86.6,104.37765822070035,5538.0,4.25,,2398.0,314.54,0.12,2.8947531984913066,0.2630524989460925,2.2688240747238186,3.095442820292349,1.3552468015086934,Risk-on
2024-07-17,14.48,85.76,103.81063894039507,5538.0,4.25,,2398.0,314.54,0.12,2.8947531984913066,-0.5432381699025712,2.2688240747238186,3.095442820292349,1.3552468015086934,Risk-on
2024-07-18,15.93,86.26,104.00740103152057,5538.0,4.25,,2398.0,314.54,0.12,2.8947531984913066,0.1895394278793372,2.2688240747238186,3.095442820292349,1.3552468015086934,Trung tinh
2024-07-19,16.52,85.19,104.30692462164437,5538.0,4.25,,2398.0,314.54,0.12,2.8947531984913066,0.2879829580906712,2.2688240747238186,3.095442820292349,1.3552468015086934,Trung tinh
2024-07-20,16.52,85.19,104.30692462164437,5538.0,4.25,,2398.0,314.54,0.12,2.8947531984913066,0.0,2.2688240747238186,3.095442820292349,1.3552468015086934,Trung tinh
2024-07-21,16.52,85.19,104.30692462164437,5538.0,4.25,,2398.0,314.54,0.12,2.8947531984913066,0.0,2.2688240747238186,3.095442820292349,1.3552468015086934,Trung tinh
2024-07-22,14.91,83.44,104.38710179865564,5538.0,4.25,,2398.0,314.54,0.12,2.8947531984913066,0.07686659088272929,2.2688240747238186,3.095442820292349,1.3552468015086934,Risk-on
2024-07-23,14.72,82.2,104.44729304261952,5538.0,4.25,,2398.0,314.54,0.12,2.8947531984913066,0.0576615720972784,2.2688240747238186,3.095442820292349,1.3552468015086934,Risk-on
2024-07-24,18.04,83.01,104.19009349333764,5538.0,4.25,,2398.0,314.54,0.12,2.8947531984913066,-0.24624817148389821,2.2688240747238186,3.095442820292349,1.3552468015086934,Trung tinh
2024-07-25,18.46,82.58,104.25811863645643,5538.0,4.25,,2398.0,314.54,0.12,2.8947531984913066,0.06528945395671837,2.2688240747238186,3.095442820292349,1.3552468015086934,Trung tinh
2024-07-26,16.39,81.35,104.31026888650514,5538.0,4.25,,2398.0,314.54,0.12,2.8947531984913066,0.05002032525693867,2.2688240747238186,3.095442820292349,1.3552468015086934,Trung tinh
2024-07-27,16.39,81.35,104.31026888650514,5538.0,4.25,,2398.0,314.54,0.12,2.8947531984913066,0.0,2.2688240747238186,3.095442820292349,1.3552468015086934,Trung tinh
2024-07-28,16.39,81.35,104.31026888650514,5538.0,4.25,,2398.0,314.54,0.12,2.8947531984913066,0.0,2.2688240747238186,3.095442820292349,1.3552468015086934,Trung tinh
2024-07-29,16.6,80.94,104.58701563594876,5538.0,4.25,,2398.0,314.54,0.12,2.8947531984913066,0.26531112650540756,2.2688240747238186,3.095442820292349,1.3552468015086934,Trung tinh
2024-07-30,17.69,79.26,104.62466822048471,5538.0,4.25,,2398.0,314.54,0.12,2.8947531984913066,0.036001203693403205,2.2688240747238186,3.095442820292349,1.3552468015086934,Trung tinh
2024-07-31,16.36,81.39,104.13873147850654,5538.0,4.25,,2398.0,314.54,0.12,2.8947531984913066,-0.46445714021678963,0.0,0.0,1.3552468015086934,Trung tinh
2024-08-01,18.59,81.37,104.36456042343214,5478.21,3.87,,2470.0,314.796,0.08,2.5307302964569622,0.21685394254318258,-1.079631635969669,3.0025020850708906,1.3392697035430379,Trung tinh
2024-08-02,23.39,78.35,103.24406769937876,5478.21,3.87,,2470.0,314.796,0.08,2.5307302964569622,-1.0736333478599147,-1.079631635969669,3.0025020850708906,1.3392697035430379,Trung tinh
2024-08-03,23.39,78.35,103.24406769937876,5478.21,3.87,,2470.0,314.796,0.08,2.5307302964569622,0.0,-1.079631635969669,3.0025020850708906,1.3392697035430379,Trung tinh
2024-08-04,23.39,78.35,103.24406769937876,5478.21,3.87,,2470.0,314.796,0.08,2.5307302964569622,0.0,-1.079631635969669,3.0025020850708906,1.3392697035430379,Trung tinh
2024-08-05,38.57,77.51,102.69746430332971,5478.21,3.87,,2470.0,314.796,0.08,2.5307302964569622,-0.529428380951269,-1.079631635969669,3.0025020850708906,1.3392697035430379,Risk-off
2024-08-06,27.71,76.62,103.00662398863561,5478.21,3.87,,2470.0,314.796,0.08,2.5307302964569622,0.3010392587617927,-1.079631635969669,3.0025020850708906,1.3392697035430379,Risk-off
2024-08-07,27.85,78.26,103.1906560839782,5478.21,3.87,,2470.0,314.796,0.08,2.5307302964569622,0.1786604474707243,-1.079631635969669,3.0025020850708906,1.3392697035430379,Risk-off
2024-08-08,23.79,80.76,103.24403217211584,5478.21,3.87,,2470.0,314.796,0.08,2.5307302964569622,0.05172569897626822,-1.079631635969669,3.0025020850708906,1.3392697035430379,Trung tinh
2024-08-09,20.37,81.07,103.06976931869283,5478.21,3.87,,2470.0,314.796,0.08,2.5307302964569622,-0.16878733787972777,-1.079631635969669,3.0025020850708906,1.3392697035430379,Trung tinh
2024-08-10,20.37,81.07,103.06976931869283,5478.21,3.87,,2470.0,314.796,0.08,2.5307302964569622,0.0,-1.079631635969669,3.0025020850708906,1.3392697035430379,Trung tinh
2024-08-11,20.37,81.07,103.06976931869283,5478.21,3.87,,2470.0,314.796,0.08,2.5307302964569622,0.0,-1.079631635969669,3.0025020850708906,1.3392697035430379,Trung tinh
2024-08-12,20.71,83.06,103.1801537199259,5478.21,3.87,,2470.0,314.796,0.08,2.5307302964569622,0.1070967772245135,-1.079631635969669,3.0025020850708906,1.3392697035430379,Trung tinh
2024-08-13,18.12,82.51,102.90374280989317,5478.21,3.87,,2470.0,314.796,0.08,2.5307302964569622,-0.26789154703434903,-1.079631635969669,3.0025020850708906,1.3392697035430379,Trung tinh
2024-08-14,16.19,82.15,102.4476965142103,5478.21,3.87,,2470.0,314.796,0.08,2.5307302964569622,-0.44317755917331336,-1.079631635969669,3.0025020850708906,1.3392697035430379,Trung tinh
2024-08-15,15.23,83.09,102.89126863691045,5478.21,3.87,,2470.0,314.796,0.08,2.5307302964569622,0.43297422762318405,-1.079631635969669,3.0025020850708906,1.3392697035430379,Trung tinh
2024-08-16,14.8,81.56,102.70867911204994,5478.21,3.87,,2470.0,314.796,0.08,2.5307302964569622,-0.17745871664276436,-1.079631635969669,3.0025020850708906,1.3392697035430379,Risk-on
2024-08-17,14.8,81.56,102.70867911204994,5478.21,3.87,,2470.0,314.796,0.08,2.5307302964569622,0.0,-1.079631635969669,3.0025020850708906,1.3392697035430379,Risk-on
2024-08-18,14.8,81.56,102.70867911204994,5478.21,3.87,,2470.0,314.796,0.08,2.5307302964569622,0.0,-1.079631635969669,3.0025020850708906,1.3392697035430379,Risk-on
2024-08-19,14.65,81.09,101.95576993840817,5478.21,3.87,,2470.0,314.796,0.08,2.5307302964569622,-0.7330531169818522,-1.079631635969669,3.0025020850708906,1.3392697035430379,Risk-on
2024-08-20,15.88,78.85,101.578957928518,5478.21,3.87,,2470.0,314.796,0.08,2.5307302964569622,-0.3695838010127406,-1.079631635969669,3.0025020850708906,1.3392697035430379,Trung tinh
2024-08-21,16.27,78.77,101.21294418573822,5478.21,3.87,,2470.0,314.796,0.08,2.5307302964569622,-0.36032437253130656,-1.079631635969669,3.0025020850708906,1.3392697035430379,Trung tinh
2024-08-22,17.55,78.8,101.4621468815896,5478.21,3.87,,2470.0,314.796,0.08,2.5307302964569622,0.24621623040039786,-1.079631635969669,3.0025020850708906,1.3392697035430379,Trung tinh
2024-08-23,15.86,80.34,100.84062854156925,5478.21,3.87,,2470.0,314.796,0.08,2.5307302964569622,-0.6125617869545907,-1.079631635969669,3.0025020850708906,1.3392697035430379,Trung tinh
2024-08-24,15.86,80.34,100.84062854156925,5478.21,3.87,,2470.0,314.796,0.08,2.5307302964569622,0.0,-1.079631635969669,3.0025020850708906,1.3392697035430379,Trung tinh
2024-08-25,15.86,80.34,100.84062854156925,5478.21,3.87,,2470.0,314.796,0.08,2.5307302964569622,0.0,-1.079631635969669,3.0025020850708906,1.3392697035430379,Trung tinh
2024-08-26,16.15,80.34,100.86307560549976,5478.21,3.87,,2470.0,314.796,0.08,2.5307302964569622,0.022259940517188603,-1.079631635969669,3.0025020850708906,1.3392697035430379,Trung tinh
2024-08-27,15.43,81.51,100.77040094087546,5478.21,3.87,,2470.0,314.796,0.08,2.5307302964569622,-0.09188165646144553,-1.079631635969669,3.0025020850708906,1.3392697035430379,Trung tinh
2024-08-28,17.11,80.04,100.9879576643004,5478.21,3.87,,2470.0,314.796,0.08,2.5307302964569622,0.21589347803883108,-1.079631635969669,3.0025020850708906,1.3392697035430379,Trung tinh
2024-08-29,15.65,81.55,101.29762724656523,5478.21,3.87,,2470.0,314.796,0.08,2.5307302964569622,0.3066401078178238,-1.079631635969669,3.0025020850708906,1.3392697035430379,Trung tinh
2024-08-30,15.0,80.2,101.63506497110556,5478.21,3.87,,2470.0,314.796,0.08,2.5307302964569622,0.3331151318273218,-1.079631635969669,3.0025020850708906,1.3392697035430379,Trung tinh
2024-08-31,15.0,80.2,101.63506497110556,5478.21,3.87,,2470.0,314.796,0.08,2.5307302964569622,0.0,0.0,0.0,1.3392697035430379,Trung tinh
2024-09-01,15.0,80.2,101.63506497110556,5621.26,3.72,,2571.0,315.301,0.16,2.440633031069983,0.0,2.6112544060925114,4.089068825910935,1.2793669689300171,Trung tinh
2024-09-02,15.55,77.82,101.63506497110556,5621.26,3.72,,2571.0,315.301,0.16,2.440633031069983,0.0,2.6112544060925114,4.089068825910935,1.2793669689300171,Trung tinh
2024-09-03,20.72,76.46,101.79444786366994,5621.26,3.72,,2571.0,315.301,0.16,2.440633031069983,0.15681880324442954,2.6112544060925114,4.089068825910935,1.2793669689300171,Trung tinh
2024-09-04,21.32,74.67,101.36763123279172,5621.26,3.72,,2571.0,315.301,0.16,2.440633031069983,-0.4192926430033217,2.6112544060925114,4.089068825910935,1.2793669689300171,Trung tinh
2024-09-05,19.9,74.47,101.16332730257008,5621.26,3.72,,2571.0,315.301,0.16,2.440633031069983,-0.20154750361330853,2.6112544060925114,4.089068825910935,1.2793669689300171,Trung tinh
2024-09-06,22.38,72.82,101.14966106047207,5621.26,3.72,,2571.0,315.301,0.16,2.440633031069983,-0.01350908719830457,2.6112544060925114,4.089068825910935,1.2793669689300171,Trung tinh
2024-09-07,22.38,72.82,101.14966106047207,5621.26,3.72,,2571.0,315.301,0.16,2.440633031069983,0.0,2.6112544060925114,4.089068825910935,1.2793669689300171,Trung tinh
2024-09-08,22.38,72.82,101.14966106047207,5621.26,3.72,,2571.0,315.301,0.16,2.440633031069983,0.0,2.6112544060925114,4.089068825910935,1.2793669689300171,Trung tinh
2024-09-09,19.45,72.37,101.56224065561605,5621.26,3.72,,2571.0,315.301,0.16,2.440633031069983,0.4078902398865436,2.6112544060925114,4.089068825910935,1.2793669689300171,Trung tinh
2024-09-10,19.08,70.34,101.63770286962203,5621.26,3.72,,2571.0,315.301,0.16,2.440633031069983,0.07430144659950066,2.6112544060925114,4.089068825910935,1.2793669689300171,Trung tinh
2024-09-11,17.69,70.31,101.70031882783044,5621.26,3.72,,2571.0,315.301,0.16,2.440633031069983,0.061607018301801375,2.6112544060925114,4.089068825910935,1.2793669689300171,Trung tinh
2024-09-12,17.07,73.81,101.52976328185959,5621.26,3.72,,2571.0,315.301,0.16,2.440633031069983,-0.16770404256016835,2.6112544060925114,4.089068825910935,1.2793669689300171,Trung tinh
2024-09-13,16.56,73.68,101.01181675726622,5621.26,3.72,,2571.0,315.301,0.16,2.440633031069983,-0.510142551160575,2.6112544060925114,4.089068825910935,1.2793669689300171,Trung tinh
2024-09-14,16.56,73.68,101.01181675726622,5621.26,3.72,,2571.0,315.301,0.16,2.440633031069983,0.0,2.6112544060925114,4.089068825910935,1.2793669689300171,Trung tinh
2024-09-15,16.56,73.68,101.01181675726622,5621.26,3.72,,2571.0,315.301,0.16,2.440633031069983,0.0,2.6112544060925114,4.089068825910935,1.2793669689300171,Trung tinh
2024-09-16,17.14,73.96,100.76541996621668,5621.26,3.72,,2571.0,315.301,0.16,2.440633031069983,-0.24392867979162736,2.6112544060925114,4.089068825910935,1.2793669689300171,Trung tinh
2024-09-17,17.61,74.55,100.92253650736681,5621.26,3.72,,2571.0,315.301,0.16,2.440633031069983,0.15592307480365442,2.6112544060925114,4.089068825910935,1.2793669689300171,Trung tinh
2024-09-18,18.23,74.52,100.92778482231319,5621.26,3.72,,2571.0,315.301,0.16,2.440633031069983,0.005200339912181384,2.6112544060925114,4.089068825910935,1.2793669689300171,Trung tinh
2024-09-19,16.33,75.93,100.74786774896161,5621.26,3.72,,2571.0,315.301,0.16,2.440633031069983,-0.17826317467318775,2.6112544060925114,4.089068825910935,1.2793669689300171,Trung tinh
2024-09-20,16.15,75.96,100.77543255337393,5621.26,3.72,,2571.0,315.301,0.16,2.440633031069983,0.027360186402169973,2.6112544060925114,4.089068825910935,1.2793669689300171,Trung tinh
2024-09-21,16.15,75.96,100.77543255337393,5621.26,3.72,,2571.0,315.301,0.16,2.440633031069983,0.0,2.6112544060925114,4.089068825910935,1.2793669689300171,Trung tinh
2024-09-22,16.15,75.96,100.77543255337393,5621.26,3.72,,2571.0,315.301,0.16,2.440633031069983,0.0,2.6112544060925114,4.089068825910935,1.2793669689300171,Trung tinh
2024-09-23,15.89,74.95,100.80666564903512,5621.26,3.72,,2571.0,315.301,0.16,2.440633031069983,0.03099276765163861,2.6112544060925114,4.089068825910935,1.2793669689300171,Trung tinh
2024-09-24,15.39,75.29,100.64523566341117,5621.26,3.72,,2571.0,315.301,0.16,2.440633031069983,-0.16013820572736703,2.6112544060925114,4.089068825910935,1.2793669689300171,Trung tinh
2024-09-25,15.41,75.4,100.80438236095564,5621.26,3.72,,2571.0,315.301,0.16,2.440633031069983,0.15812640955674695,2.6112544060925114,4.089068825910935,1.2793669689300171,Trung tinh
2024-09-26,15.37,73.06,100.48998480016401,5621.26,3.72,,2571.0,315.301,0.16,2.440633031069983,-0.31188878243988416,2.6112544060925114,4.089068825910935,1.2793669689300171,Trung tinh
2024-09-27,16.96,71.63,100.46274202440894,5621.26,3.72,,2571.0,315.301,0.16,2.440633031069983,-0.02710994116403853,2.6112544060925114,4.089068825910935,1.2793669689300171,Trung tinh
2024-09-28,16.96,71.63,100.46274202440894,5621.26,3.72,,2571.0,315.301,0.16,2.440633031069983,0.0,2.6112544060925114,4.089068825910935,1.2793669689300171,Trung tinh
2024-09-29,16.96,71.63,100.46274202440894,5621.26,3.72,,2571.0,315.301,0.16,2.440633031069983,0.0,2.6112544060925114,4.089068825910935,1.2793669689300171,Trung tinh
2024-09-30,16.73,72.35,100.62801251907763,5621.26,3.72,,2571.0,315.301,0.16,2.440633031069983,0.164509241275268,2.6112544060925114,4.089068825910935,1.2793669689300171,Trung tinh
2024-10-01,19.26,75.3,101.228420432357,5792.32,4.1,,2690.0,315.664,0.12,2.597904904914672,0.5966608087042857,3.043089983384495,4.628549202644883,1.5020950950853278,Trung tinh
2024-10-02,18.9,74.86,101.55848681053114,5792.32,4.1,,2690.0,315.664,0.12,2.597904904914672,0.3260609784923929,3.043089983384495,4.628549202644883,1.5020950950853278,Trung tinh
2024-10-03,20.49,77.57,102.03985278234903,5792.32,4.1,,2690.0,315.664,0.12,2.597904904914672,0.47397907051918153,3.043089983384495,4.628549202644883,1.5020950950853278,Trung tinh
2024-10-04,19.21,79.32,102.58990787388589,5792.32,4.1,,2690.0,315.664,0.12,2.597904904914672,0.5390590798970862,3.043089983384495,4.628549202644883,1.5020950950853278,Trung tinh
2024-10-05,19.21,79.32,102.58990787388589,5792.32,4.1,,2690.0,315.664,0.12,2.597904904914672,0.0,3.043089983384495,4.628549202644883,1.5020950950853278,Trung tinh
2024-10-06,19.21,79.32,102.58990787388589,5792.32,4.1,,2690.0,315.664,0.12,2.597904904914672,0.0,3.043089983384495,4.628549202644883,1.5020950950853278,Trung tinh
2024-10-07,22.64,81.74,102.47875851221968,5792.32,4.1,,2690.0,315.664,0.12,2.597904904914672,-0.10834336824129265,3.043089983384495,4.628549202644883,1.5020950950853278,Trung tinh
2024-10-08,21.42,78.19,102.55402737695638,5792.32,4.1,,2690.0,315.664,0.12,2.597904904914672,0.0734482597461561,3.043089983384495,4.628549202644883,1.5020950950853278,Trung tinh
2024-10-09,20.86,77.06,102.79356595201055,5792.32,4.1,,2690.0,315.664,0.12,2.597904904914672,0.23357305527720307,3.043089983384495,4.628549202644883,1.5020950950853278,Trung tinh
2024-10-10,20.93,79.45,102.93992305513326,5792.32,4.1,,2690.0,315.664,0.12,2.597904904914672,0.1423796341407657,3.043089983384495,4.628549202644883,1.5020950950853278,Trung tinh
2024-10-11,20.46,80.27,102.88276762584717,5792.32,4.1,,2690.0,315.664,0.12,2.597904904914672,-0.05552309307195191,3.043089983384495,4.628549202644883,1.5020950950853278,Trung tinh
2024-10-12,20.46,80.27,102.88276762584717,5792.32,4.1,,2690.0,315.664,0.12,2.597904904914672,0.0,3.043089983384495,4.628549202644883,1.5020950950853278,Trung tinh
2024-10-13,20.46,80.27,102.88276762584717,5792.32,4.1,,2690.0,315.664,0.12,2.597904904914672,0.0,3.043089983384495,4.628549202644883,1.5020950950853278,Trung tinh
2024-10-14,19.7,78.47,102.88276762584717,5792.32,4.1,,2690.0,315.664,0.12,2.597904904914672,0.0,3.043089983384495,4.628549202644883,1.5020950950853278,Trung tinh
2024-10-15,20.64,73.68,103.16740770459553,5792.32,4.1,,2690.0,315.664,0.12,2.597904904914672,0.27666448455538895,3.043089983384495,4.628549202644883,1.5020950950853278,Trung tinh
2024-10-16,19.58,73.65,103.46736566355825,5792.32,4.1,,2690.0,315.664,0.12,2.597904904914672,0.2907487603271086,3.043089983384495,4.628549202644883,1.5020950950853278,Trung tinh
2024-10-17,19.11,74.37,103.72822415754679,5792.32,4.1,,2690.0,315.664,0.12,2.597904904914672,0.25211668656643926,3.043089983384495,4.628549202644883,1.5020950950853278,Trung tinh
2024-10-18,18.03,72.75,103.58069424934736,5792.32,4.1,,2690.0,315.664,0.12,2.597904904914672,-0.1422273536422991,3.043089983384495,4.628549202644883,1.5020950950853278,Trung tinh
2024-10-19,18.03,72.75,103.58069424934736,5792.32,4.1,,2690.0,315.664,0.12,2.597904904914672,0.0,3.043089983384495,4.628549202644883,1.5020950950853278,Trung tinh
2024-10-20,18.03,72.75,103.58069424934736,5792.32,4.1,,2690.0,315.664,0.12,2.597904904914672,0.0,3.043089983384495,4.628549202644883,1.5020950950853278,Trung tinh
2024-10-21,18.37,73.29,103.93369320310157,5792.32,4.1,,2690.0,315.664,0.12,2.597904904914672,0.3407960878351046,3.043089983384495,4.628549202644883,1.5020950950853278,Trung tinh
2024-10-22,18.2,75.59,104.06732634949718,5792.32,4.1,,2690.0,315.664,0.12,2.597904904914672,0.12857538520687495,3.043089983384495,4.628549202644883,1.5020950950853278,Trung tinh
2024-10-23,19.24,74.68,104.42494092582602,5792.32,4.1,,2690.0,315.664,0.12,2.597904904914672,0.34363770923433457,3.043089983384495,4.628549202644883,1.5020950950853278,Trung tinh
2024-10-24,19.08,74.27,104.17791382055462,5792.32,4.1,,2690.0,315.664,0.12,2.597904904914672,-0.236559487686816,3.043089983384495,4.628549202644883,1.5020950950853278,Trung tinh
2024-10-25,20.33,75.62,104.16422954797929,5792.32,4.1,,2690.0,315.664,0.12,2.597904904914672,-0.013135483399007164,3.043089983384495,4.628549202644883,1.5020950950853278,Trung tinh
2024-10-26,20.33,75.62,104.16422954797929,5792.32,4.1,,2690.0,315.664,0.12,2.597904904914672,0.0,3.043089983384495,4.628549202644883,1.5020950950853278,Trung tinh
2024-10-27,20.33,75.62,104.16422954797929,5792.32,4.1,,2690.0,315.664,0.12,2.597904904914672,0.0,3.043089983384495,4.628549202644883,1.5020950950853278,Trung tinh
2024-10-28,19.8,71.87,104.26444339615107,5792.32,4.1,,2690.0,315.664,0.12,2.597904904914672,0.09620754514927388,3.043089983384495,4.628549202644883,1.5020950950853278,Trung tinh
2024-10-29,19.34,71.09,104.40553488560718,5792.32,4.1,,2690.0,315.664,0.12,2.597904904914672,0.13532081010594332,3.043089983384495,4.628549202644883,1.5020950950853278,Trung tinh
2024-10-30,20.35,73.21,104.00186795086351,5792.32,4.1,,2690.0,315.664,0.12,2.597904904914672,-0.38663365422718643,3.043089983384495,4.628549202644883,1.5020950950853278,Trung tinh
2024-10-31,23.16,73.25,104.14798574120185,5792.32,4.1,,2690.0,315.664,0.12,2.597904904914672,0.14049535187903306,0.0,0.0,1.5020950950853278,Trung tinh
2024-11-01,21.88,73.63,104.17019875756037,5929.92,4.36,,2651.0,315.493,-0.05,2.7493803960905616,0.02132832065875334,2.375559361361268,-1.4498141263940556,1.6106196039094387,Trung tinh
2024-11-02,21.88,73.63,104.17019875756037,5929.92,4.36,,2651.0,315.493,-0.05,2.7493803960905616,0.0,2.375559361361268,-1.4498141263940556,1.6106196039094387,Trung tinh
2024-11-03,21.88,73.63,104.17019875756037,5929.92,4.36,,2651.0,315.493,-0.05,2.7493803960905616,0.0,2.375559361361268,-1.4498141263940556,1.6106196039094387,Trung tinh
2024-11-04,21.98,74.89,103.84747589857307,5929.92,4.36,,2651.0,315.493,-0.05,2.7493803960905616,-0.30980343979029046,2.375559361361268,-1.4498141263940556,1.6106196039094387,Trung tinh
2024-11-05,20.49,76.98,103.5437745029924,5929.92,4.36,,2651.0,315.493,-0.05,2.7493803960905616,-0.29244947260661514,2.375559361361268,-1.4498141263940556,1.6106196039094387,Trung tinh
2024-11-06,16.27,76.52,105.10889596219198,5929.92,4.36,,2651.0,315.493,-0.05,2.7493803960905616,1.5115553462408782,2.375559361361268,-1.4498141263940556,1.6106196039094387,Trung tinh
2024-11-07,15.2,75.73,104.43413701085404,5929.92,4.36,,2651.0,315.493,-0.05,2.7493803960905616,-0.641961791303225,2.375559361361268,-1.4498141263940556,1.6106196039094387,Trung tinh
2024-11-08,14.94,74.04,105.02729428076017,5929.92,4.36,,2651.0,315.493,-0.05,2.7493803960905616,0.5679725872053565,2.375559361361268,-1.4498141263940556,1.6106196039094387,Risk-on
2024-11-09,14.94,74.04,105.02729428076017,5929.92,4.36,,2651.0,315.493,-0.05,2.7493803960905616,0.0,2.375559361361268,-1.4498141263940556,1.6106196039094387,Risk-on
2024-11-10,14.94,74.04,105.02729428076017,5929.92,4.36,,2651.0,315.493,-0.05,2.7493803960905616,0.0,2.375559361361268,-1.4498141263940556,1.6106196039094387,Risk-on
2024-11-11,14.97,72.19,105.02729428076017,5929.92,4.36,,2651.0,315.493,-0.05,2.7493803960905616,0.0,2.375559361361268,-1.4498141263940556,1.6106196039094387,Risk-on
2024-11-12,14.71,72.56,106.13029075465013,5929.92,4.36,,2651.0,315.493,-0.05,2.7493803960905616,1.0501998375216814,2.375559361361268,-1.4498141263940556,1.6106196039094387,Risk-on
2024-11-13,14.02,72.86,106.43112709212946,5929.92,4.36,,2651.0,315.493,-0.05,2.7493803960905616,0.2834594490792375,2.375559361361268,-1.4498141263940556,1.6106196039094387,Risk-on
2024-11-14,14.31,73.39,106.55996440923556,5929.92,4.36,,2651.0,315.493,-0.05,2.7493803960905616,0.12105229045875632,2.375559361361268,-1.4498141263940556,1.6106196039094387,Risk-on
2024-11-15,16.14,73.45,106.60676891876035,5929.92,4.36,,2651.0,315.493,-0.05,2.7493803960905616,0.04392316550054787,2.375559361361268,-1.4498141263940556,1.6106196039094387,Trung tinh
2024-11-16,16.14,73.45,106.60676891876035,5929.92,4.36,,2651.0,315.493,-0.05,2.7493803960905616,0.0,2.375559361361268,-1.4498141263940556,1.6106196039094387,Trung tinh
2024-11-17,16.14,73.45,106.60676891876035,5929.92,4.36,,2651.0,315.493,-0.05,2.7493803960905616,0.0,2.375559361361268,-1.4498141263940556,1.6106196039094387,Trung tinh
2024-11-18,15.58,74.35,106.32957919207465,5929.92,4.36,,2651.0,315.493,-0.05,2.7493803960905616,-0.26001137591641355,2.375559361361268,-1.4498141263940556,1.6106196039094387,Trung tinh
2024-11-19,16.35,74.32,106.29305041988422,5929.92,4.36,,2651.0,315.493,-0.05,2.7493803960905616,-0.03435429018715519,2.375559361361268,-1.4498141263940556,1.6106196039094387,Trung tinh
2024-11-20,17.16,74.33,106.81254822919296,5929.92,4.36,,2651.0,315.493,-0.05,2.7493803960905616,0.4887410863236852,2.375559361361268,-1.4498141263940556,1.6106196039094387,Trung tinh
2024-11-21,16.87,75.09,107.06693809723023,5929.92,4.36,,2651.0,315.493,-0.05,2.7493803960905616,0.23816477769205147,2.375559361361268,-1.4498141263940556,1.6106196039094387,Trung tinh
2024-11-22,15.24,76.1,107.63858989968347,5929.92,4.36,,2651.0,315.493,-0.05,2.7493803960905616,0.5339200061312166,2.375559361361268,-1.4498141263940556,1.6106196039094387,Trung tinh
2024-11-23,15.24,76.1,107.63858989968347,5929.92,4.36,,2651.0,315.493,-0.05,2.7493803960905616,0.0,2.375559361361268,-1.4498141263940556,1.6106196039094387,Trung tinh
2024-11-24,15.24,76.1,107.63858989968347,5929.92,4.36,,2651.0,315.493,-0.05,2.7493803960905616,0.0,2.375559361361268,-1.4498141263940556,1.6106196039094387,Trung tinh
2024-11-25,14.6,74.27,107.04561046118951,5929.92,4.36,,2651.0,315.493,-0.05,2.7493803960905616,-0.5508985569641855,2.375559361361268,-1.4498141263940556,1.6106196039094387,Risk-on
2024-11-26,14.1,74.56,106.99768075330172,5929.92,4.36,,2651.0,315.493,-0.05,2.7493803960905616,-0.04477503344723077,2.375559361361268,-1.4498141263940556,1.6106196039094387,Risk-on
2024-11-27,14.1,73.91,105.96105414802072,5929.92,4.36,,2651.0,315.493,-0.05,2.7493803960905616,-0.9688309110840398,2.375559361361268,-1.4498141263940556,1.6106196039094387,Risk-on
2024-11-28,13.9,73.92,105.96105414802072,5929.92,4.36,,2651.0,315.493,-0.05,2.7493803960905616,0.0,2.375559361361268,-1.4498141263940556,1.6106196039094387,Risk-on
2024-11-29,13.51,74.16,106.0805305404907,5929.92,4.36,,2651.0,315.493,-0.05,2.7493803960905616,0.11275500553540319,2.375559361361268,-1.4498141263940556,1.6106196039094387,Risk-on
2024-11-30,13.51,74.16,106.0805305404907,5929.92,4.36,,2651.0,315.493,-0.05,2.7493803960905616,0.0,2.375559361361268,-1.4498141263940556,1.6106196039094387,Risk-on
2024-12-01,13.51,74.16,106.0805305404907,6010.91,4.39,,2648.0,315.605,0.04,2.888057219980067,0.0,1.3657857104311555,-0.11316484345530453,1.5019427800199328,Risk-on
2024-12-02,13.34,72.81,106.48762933827854,6010.91,4.39,,2648.0,315.605,0.04,2.888057219980067,0.3837639156908823,1.3657857104311555,-0.11316484345530453,1.5019427800199328,Risk-on
2024-12-03,13.3,74.8,106.23051957924767,6010.91,4.39,,2648.0,315.605,0.04,2.888057219980067,-0.24144565958371667,1.3657857104311555,-0.11316484345530453,1.5019427800199328,Risk-on
2024-12-04,13.45,74.68,106.20518854586672,6010.91,4.39,,2648.0,315.605,0.04,2.888057219980067,-0.02384534452177789,1.3657857104311555,-0.11316484345530453,1.5019427800199328,Risk-on
2024-12-05,13.54,73.78,105.85257200144184,6010.91,4.39,,2648.0,315.605,0.04,2.888057219980067,-0.33201442345031085,1.3657857104311555,-0.11316484345530453,1.5019427800199328,Risk-on
2024-12-06,12.77,73.78,105.95811878013899,6010.91,4.39,,2648.0,315.605,0.04,2.888057219980067,0.09971111395923327,1.3657857104311555,-0.11316484345530453,1.5019427800199328,Risk-on
2024-12-07,12.77,73.78,105.95811878013899,6010.91,4.39,,2648.0,315.605,0.04,2.888057219980067,0.0,1.3657857104311555,-0.11316484345530453,1.5019427800199328,Risk-on
2024-12-08,12.77,73.78,105.95811878013899,6010.91,4.39,,2648.0,315.605,0.04,2.888057219980067,0.0,1.3657857104311555,-0.11316484345530453,1.5019427800199328,Risk-on
2024-12-09,14.19,73.73,105.9922650127755,6010.91,4.39,,2648.0,315.605,0.04,2.888057219980067,0.03222615975975174,1.3657857104311555,-0.11316484345530453,1.5019427800199328,Risk-on
2024-12-10,14.18,73.64,106.51022588840743,6010.91,4.39,,2648.0,315.605,0.04,2.888057219980067,0.48867799510605714,1.3657857104311555,-0.11316484345530453,1.5019427800199328,Risk-on
2024-12-11,13.58,74.38,106.53007137835186,6010.91,4.39,,2648.0,315.605,0.04,2.888057219980067,0.018632473810753503,1.3657857104311555,-0.11316484345530453,1.5019427800199328,Risk-on
2024-12-12,13.92,73.52,106.57206412940812,6010.91,4.39,,2648.0,315.605,0.04,2.888057219980067,0.03941868292485218,1.3657857104311555,-0.11316484345530453,1.5019427800199328,Risk-on
2024-12-13,13.81,74.89,106.98080244064307,6010.91,4.39,,2648.0,315.605,0.04,2.888057219980067,0.38353232113308433,1.3657857104311555,-0.11316484345530453,1.5019427800199328,Risk-on
2024-12-14,13.81,74.89,106.98080244064307,6010.91,4.39,,2648.0,315.605,0.04,2.888057219980067,0.0,1.3657857104311555,-0.11316484345530453,1.5019427800199328,Risk-on
2024-12-15,13.81,74.89,106.98080244064307,6010.91,4.39,,2648.0,315.605,0.04,2.888057219980067,0.0,1.3657857104311555,-0.11316484345530453,1.5019427800199328,Risk-on
2024-12-16,14.69,74.3,106.83636443144871,6010.91,4.39,,2648.0,315.605,0.04,2.888057219980067,-0.1350130171948405,1.3657857104311555,-0.11316484345530453,1.5019427800199328,Risk-on
2024-12-17,15.87,73.16,106.83859523205807,6010.91,4.39,,2648.0,315.605,0.04,2.888057219980067,0.002088053652160582,1.3657857104311555,-0.11316484345530453,1.5019427800199328,Trung tinh
2024-12-18,27.62,74.57,107.17107913527695,6010.91,4.39,,2648.0,315.605,0.04,2.888057219980067,0.311202054366877,1.3657857104311555,-0.11316484345530453,1.5019427800199328,Risk-off
2024-12-19,24.09,73.75,108.43333439950521,6010.91,4.39,,2648.0,315.605,0.04,2.888057219980067,1.177794675963817,1.3657857104311555,-0.11316484345530453,1.5019427800199328,Trung tinh
2024-12-20,18.36,73.19,107.73597384063427,6010.91,4.39,,2648.0,315.605,0.04,2.888057219980067,-0.6431237799085165,1.3657857104311555,-0.11316484345530453,1.5019427800199328,Trung tinh
2024-12-21,18.36,73.19,107.73597384063427,6010.91,4.39,,2648.0,315.605,0.04,2.888057219980067,0.0,1.3657857104311555,-0.11316484345530453,1.5019427800199328,Trung tinh
2024-12-22,18.36,73.19,107.73597384063427,6010.91,4.39,,2648.0,315.605,0.04,2.888057219980067,0.0,1.3657857104311555,-0.11316484345530453,1.5019427800199328,Trung tinh
2024-12-23,16.78,72.12,108.07213842283791,6010.91,4.39,,2648.0,315.605,0.04,2.888057219980067,0.31202630859483715,1.3657857104311555,-0.11316484345530453,1.5019427800199328,Trung tinh
2024-12-24,14.27,73.5,108.25485753978464,6010.91,4.39,,2648.0,315.605,0.04,2.888057219980067,0.16907143655455759,1.3657857104311555,-0.11316484345530453,1.5019427800199328,Risk-on
2024-12-25,14.27,73.5,108.25485753978464,6010.91,4.39,,2648.0,315.605,0.04,2.888057219980067,0.0,1.3657857104311555,-0.11316484345530453,1.5019427800199328,Risk-on
2024-12-26,14.73,73.5,108.09933163572094,6010.91,4.39,,2648.0,315.605,0.04,2.888057219980067,-0.14366644379587568,1.3657857104311555,-0.11316484345530453,1.5019427800199328,Risk-on
2024-12-27,15.95,73.77,108.03076917572973,6010.91,4.39,,2648.0,315.605,0.04,2.888057219980067,-0.0634254245181265,1.3657857104311555,-0.11316484345530453,1.5019427800199328,Trung tinh
2024-12-28,15.95,73.77,108.03076917572973,6010.91,4.39,,2648.0,315.605,0.04,2.888057219980067,0.0,1.3657857104311555,-0.11316484345530453,1.5019427800199328,Trung tinh
2024-12-29,15.95,73.77,108.03076917572973,6010.91,4.39,,2648.0,315.605,0.04,2.888057219980067,0.0,1.3657857104311555,-0.11316484345530453,1.5019427800199328,Trung tinh
2024-12-30,17.4,74.24,108.25480501635226,6010.91,4.39,,2648.0,315.605,0.04,2.888057219980067,0.20738151022334783,1.3657857104311555,-0.11316484345530453,1.5019427800199328,Trung tinh
2024-12-31,17.35,74.58,108.51352944310085,6010.91,4.39,,2648.0,315.605,0.04,2.888057219980067,0.23899579026491757,0.0,0.0,1.5019427800199328,Trung tinh
2025-01-01,17.35,74.58,108.51352944310085,5979.52,4.63,,2710.0,317.671,0.65,3.0004831121501097,0.0,-0.522217101903033,2.3413897280966767,1.6295168878498902,Trung tinh
2025-01-02,17.93,76.14,109.3102860537217,5979.52,4.63,,2710.0,317.671,0.65,3.0004831121501097,0.734246332885724,-0.522217101903033,2.3413897280966767,1.6295168878498902,Trung tinh
2025-01-03,16.13,76.72,109.03016430231955,5979.52,4.63,,2710.0,317.671,0.65,3.0004831121501097,-0.25626293875443684,-0.522217101903033,2.3413897280966767,1.6295168878498902,Trung tinh
2025-01-04,16.13,76.72,109.03016430231955,5979.52,4.63,,2710.0,317.671,0.65,3.0004831121501097,0.0,-0.522217101903033,2.3413897280966767,1.6295168878498902,Trung tinh
2025-01-05,16.13,76.72,109.03016430231955,5979.52,4.63,,2710.0,317.671,0.65,3.0004831121501097,0.0,-0.522217101903033,2.3413897280966767,1.6295168878498902,Trung tinh
2025-01-06,16.04,77.27,108.19077117517449,5979.52,4.63,,2710.0,317.671,0.65,3.0004831121501097,-0.7698723857900269,-0.522217101903033,2.3413897280966767,1.6295168878498902,Trung tinh
2025-01-07,17.82,77.84,108.43964652845276,5979.52,4.63,,2710.0,317.671,0.65,3.0004831121501097,0.23003381025477054,-0.522217101903033,2.3413897280966767,1.6295168878498902,Trung tinh
2025-01-08,17.7,77.37,109.02449099045884,5979.52,4.63,,2710.0,317.671,0.65,3.0004831121501097,0.5393271563759905,-0.522217101903033,2.3413897280966767,1.6295168878498902,Trung tinh
2025-01-09,18.07,78.44,109.17839381078764,5979.52,4.63,,2710.0,317.671,0.65,3.0004831121501097,0.14116353025876993,-0.522217101903033,2.3413897280966767,1.6295168878498902,Trung tinh
2025-01-10,19.54,79.76,109.68995981802446,5979.52,4.63,,2710.0,317.671,0.65,3.0004831121501097,0.4685597482990911,-0.522217101903033,2.3413897280966767,1.6295168878498902,Trung tinh
2025-01-11,19.54,79.76,109.68995981802446,5979.52,4.63,,2710.0,317.671,0.65,3.0004831121501097,0.0,-0.522217101903033,2.3413897280966767,1.6295168878498902,Trung tinh
2025-01-12,19.54,79.76,109.68995981802446,5979.52,4.63,,2710.0,317.671,0.65,3.0004831121501097,0.0,-0.522217101903033,2.3413897280966767,1.6295168878498902,Trung tinh
2025-01-13,19.19,82.69,109.92254139507973,5979.52,4.63,,2710.0,317.671,0.65,3.0004831121501097,0.2120354291688331,-0.522217101903033,2.3413897280966767,1.6295168878498902,Trung tinh
2025-01-14,18.71,82.39,109.33317681288041,5979.52,4.63,,2710.0,317.671,0.65,3.0004831121501097,-0.5361635336296078,-0.522217101903033,2.3413897280966767,1.6295168878498902,Trung tinh
2025-01-15,16.12,83.48,109.20517327332519,5979.52,4.63,,2710.0,317.671,0.65,3.0004831121501097,-0.11707657573537533,-0.522217101903033,2.3413897280966767,1.6295168878498902,Trung tinh
2025-01-16,16.6,82.39,108.94041574706341,5979.52,4.63,,2710.0,317.671,0.65,3.0004831121501097,-0.24244046167952726,-0.522217101903033,2.3413897280966767,1.6295168878498902,Trung tinh
2025-01-17,15.97,83.02,109.24838202737828,5979.52,4.63,,2710.0,317.671,0.65,3.0004831121501097,0.28269240410272456,-0.522217101903033,2.3413897280966767,1.6295168878498902,Trung tinh
2025-01-18,15.97,83.02,109.24838202737828,5979.52,4.63,,2710.0,317.671,0.65,3.0004831121501097,0.0,-0.522217101903033,2.3413897280966767,1.6295168878498902,Trung tinh
2025-01-19,15.97,83.02,109.24838202737828,5979.52,4.63,,2710.0,317.671,0.65,3.0004831121501097,0.0,-0.522217101903033,2.3413897280966767,1.6295168878498902,Trung tinh
2025-01-20,15.81,81.68,109.24838202737828,5979.52,4.63,,2710.0,317.671,0.65,3.0004831121501097,0.0,-0.522217101903033,2.3413897280966767,1.6295168878498902,Trung tinh
2025-01-21,15.06,80.57,108.02051075290761,5979.52,4.63,,2710.0,317.671,0.65,3.0004831121501097,-1.1239262785264548,-0.522217101903033,2.3413897280966767,1.6295168878498902,Trung tinh
2025-01-22,15.1,80.0,108.17711417683931,5979.52,4.63,,2710.0,317.671,0.65,3.0004831121501097,0.14497563734903185,-0.522217101903033,2.3413897280966767,1.6295168878498902,Trung tinh
2025-01-23,15.02,78.62,108.09392153837351,5979.52,4.63,,2710.0,317.671,0.65,3.0004831121501097,-0.0769041022205541,-0.522217101903033,2.3413897280966767,1.6295168878498902,Trung tinh
2025-01-24,14.85,78.71,107.26865940885187,5979.52,4.63,,2710.0,317.671,0.65,3.0004831121501097,-0.7634676564386322,-0.522217101903033,2.3413897280966767,1.6295168878498902,Risk-on
2025-01-25,14.85,78.71,107.26865940885187,5979.52,4.63,,2710.0,317.671,0.65,3.0004831121501097,0.0,-0.522217101903033,2.3413897280966767,1.6295168878498902,Risk-on
2025-01-26,14.85,78.71,107.26865940885187,5979.52,4.63,,2710.0,317.671,0.65,3.0004831121501097,0.0,-0.522217101903033,2.3413897280966767,1.6295168878498902,Risk-on
2025-01-27,17.9,77.3,107.32961716277259,5979.52,4.63,,2710.0,317.671,0.65,3.0004831121501097,0.05682717977146812,-0.522217101903033,2.3413897280966767,1.6295168878498902,Trung tinh
2025-01-28,16.41,78.01,107.94463199644876,5979.52,4.63,,2710.0,317.671,0.65,3.0004831121501097,0.5730150259862121,-0.522217101903033,2.3413897280966767,1.6295168878498902,Trung tinh
2025-01-29,16.56,77.02,108.00957479647748,5979.52,4.63,,2710.0,317.671,0.65,3.0004831121501097,0.060163065849216935,-0.522217101903033,2.3413897280966767,1.6295168878498902,Trung tinh
2025-01-30,15.84,77.42,107.88239731842724,5979.52,4.63,,2710.0,317.671,0.65,3.0004831121501097,-0.11774648524437437,-0.522217101903033,2.3413897280966767,1.6295168878498902,Trung tinh
2025-01-31,16.43,77.11,108.10151154446606,5979.52,4.63,,2710.0,317.671,0.65,3.0004831121501097,0.20310470612929787,0.0,0.0,1.6295168878498902,Trung tinh
2025-02-01,16.43,77.11,108.10151154446606,6038.69,4.45,,2895.0,319.082,0.44,2.82154895174751,0.0,0.9895443112490465,6.826568265682664,1.62845104825249,Trung tinh
2025-02-02,16.43,77.11,108.10151154446606,6038.69,4.45,,2895.0,319.082,0.44,2.82154895174751,0.0,0.9895443112490465,6.826568265682664,1.62845104825249,Trung tinh
2025-02-03,18.62,76.49,109.0455557051219,6038.69,4.45,,2895.0,319.082,0.44,2.82154895174751,0.8732941354548274,0.9895443112490465,6.826568265682664,1.62845104825249,Trung tinh
2025-02-04,17.21,76.58,108.01178008749166,6038.69,4.45,,2895.0,319.082,0.44,2.82154895174751,-0.948021779471464,0.9895443112490465,6.826568265682664,1.62845104825249,Trung tinh
2025-02-05,15.77,74.71,107.45082109042477,6038.69,4.45,,2895.0,319.082,0.44,2.82154895174751,-0.5193498307429989,0.9895443112490465,6.826568265682664,1.62845104825249,Trung tinh
2025-02-06,15.5,74.54,107.86185091637367,6038.69,4.45,,2895.0,319.082,0.44,2.82154895174751,0.38252832484453325,0.9895443112490465,6.826568265682664,1.62845104825249,Trung tinh
2025-02-07,16.54,74.68,108.0925082496507,6038.69,4.45,,2895.0,319.082,0.44,2.82154895174751,0.21384514665510057,0.9895443112490465,6.826568265682664,1.62845104825249,Trung tinh
2025-02-08,16.54,74.68,108.0925082496507,6038.69,4.45,,2895.0,319.082,0.44,2.82154895174751,0.0,0.9895443112490465,6.826568265682664,1.62845104825249,Trung tinh
2025-02-09,16.54,74.68,108.0925082496507,6038.69,4.45,,2895.0,319.082,0.44,2.82154895174751,0.0,0.9895443112490465,6.826568265682664,1.62845104825249,Trung tinh
2025-02-10,15.81,76.23,108.24554846619567,6038.69,4.45,,2895.0,319.082,0.44,2.82154895174751,0.14158263049230957,0.9895443112490465,6.826568265682664,1.62845104825249,Trung tinh
2025-02-11,16.02,77.65,108.05334548512768,6038.69,4.45,,2895.0,319.082,0.44,2.82154895174751,-0.17756201875407385,0.9895443112490465,6.826568265682664,1.62845104825249,Trung tinh
2025-02-12,15.89,75.38,107.9579443204999,6038.69,4.45,,2895.0,319.082,0.44,2.82154895174751,-0.08829080136246725,0.9895443112490465,6.826568265682664,1.62845104825249,Trung tinh
2025-02-13,15.1,75.61,107.40585662629839,6038.69,4.45,,2895.0,319.082,0.44,2.82154895174751,-0.5113914475460057,0.9895443112490465,6.826568265682664,1.62845104825249,Trung tinh
2025-02-14,14.77,75.19,106.71855043423209,6038.69,4.45,,2895.0,319.082,0.44,2.82154895174751,-0.6399150043164492,0.9895443112490465,6.826568265682664,1.62845104825249,Risk-on
2025-02-15,14.77,75.19,106.71855043423209,6038.69,4.45,,2895.0,319.082,0.44,2.82154895174751,0.0,0.9895443112490465,6.826568265682664,1.62845104825249,Risk-on
2025-02-16,14.77,75.19,106.71855043423209,6038.69,4.45,,2895.0,319.082,0.44,2.82154895174751,0.0,0.9895443112490465,6.826568265682664,1.62845104825249,Risk-on
2025-02-17,15.37,75.81,106.71855043423209,6038.69,4.45,,2895.0,319.082,0.44,2.82154895174751,0.0,0.9895443112490465,6.826568265682664,1.62845104825249,Trung tinh
2025-02-18,15.35,76.46,106.94375982964655,6038.69,4.45,,2895.0,319.082,0.44,2.82154895174751,0.21103116046656822,0.9895443112490465,6.826568265682664,1.62845104825249,Trung tinh
2025-02-19,15.27,76.34,107.34189318390126,6038.69,4.45,,2895.0,319.082,0.44,2.82154895174751,0.37228292224709136,0.9895443112490465,6.826568265682664,1.62845104825249,Trung tinh
2025-02-20,15.66,76.95,106.5748112188254,6038.69,4.45,,2895.0,319.082,0.44,2.82154895174751,-0.7146156475567933,0.9895443112490465,6.826568265682664,1.62845104825249,Trung tinh
2025-02-21,18.21,74.88,106.66297106288383,6038.69,4.45,,2895.0,319.082,0.44,2.82154895174751,0.08272108864204597,0.9895443112490465,6.826568265682664,1.62845104825249,Trung tinh
2025-02-22,18.21,74.88,106.66297106288383,6038.69,4.45,,2895.0,319.082,0.44,2.82154895174751,0.0,0.9895443112490465,6.826568265682664,1.62845104825249,Trung tinh
2025-02-23,18.21,74.88,106.66297106288383,6038.69,4.45,,2895.0,319.082,0.44,2.82154895174751,0.0,0.9895443112490465,6.826568265682664,1.62845104825249,Trung tinh
2025-02-24,18.98,74.89,106.55528196440815,6038.69,4.45,,2895.0,319.082,0.44,2.82154895174751,-0.1009620277801826,0.9895443112490465,6.826568265682664,1.62845104825249,Trung tinh
2025-02-25,19.43,73.11,106.39685080004605,6038.69,4.45,,2895.0,319.082,0.44,2.82154895174751,-0.14868447761700043,0.9895443112490465,6.826568265682664,1.62845104825249,Trung tinh
2025-02-26,19.1,73.49,106.29645520350964,6038.69,4.45,,2895.0,319.082,0.44,2.82154895174751,-0.09435955649202965,0.9895443112490465,6.826568265682664,1.62845104825249,Trung tinh
2025-02-27,21.13,75.01,107.13690662956799,6038.69,4.45,,2895.0,319.082,0.44,2.82154895174751,0.7906674069697583,0.9895443112490465,6.826568265682664,1.62845104825249,Trung tinh
2025-02-28,19.63,74.76,107.352606517087,6038.69,4.45,,2895.0,319.082,0.44,2.82154895174751,0.20133107656803428,0.9895443112490465,6.826568265682664,1.62845104825249,Trung tinh
2025-03-01,19.63,74.76,107.352606517087,5683.98,4.28,,2983.0,319.799,0.22,2.3907252538964974,0.0,-4.942537193620911,10.073800738007389,1.8892747461035029,Trung tinh
2025-03-02,19.63,74.76,107.352606517087,5683.98,4.28,,2983.0,319.799,0.22,2.3907252538964974,0.0,-4.942537193620911,10.073800738007389,1.8892747461035029,Trung tinh
2025-03-03,22.78,72.85,106.50041765564401,5683.98,4.28,,2983.0,319.799,0.22,2.3907252538964974,-0.7938222359858083,-5.8739561063740675,3.0397236614853274,1.8892747461035029,Trung tinh
2025-03-04,23.51,72.31,106.18702848761829,5683.98,4.28,,2983.0,319.799,0.22,2.3907252538964974,-0.2942609756132808,-5.8739561063740675,3.0397236614853274,1.8892747461035029,Trung tinh
2025-03-05,21.93,70.92,104.5034730376687,5683.98,4.28,,2983.0,319.799,0.22,2.3907252538964974,-1.5854624372937387,-5.8739561063740675,3.0397236614853274,1.8892747461035029,Trung tinh
2025-03-06,24.87,71.08,103.98326271817209,5683.98,4.28,,2983.0,319.799,0.22,2.3907252538964974,-0.49779237414349087,-5.8739561063740675,3.0397236614853274,1.8892747461035029,Trung tinh
2025-03-07,23.37,72.49,103.6595870768058,5683.98,4.28,,2983.0,319.799,0.22,2.3907252538964974,-0.31127667367347733,-5.8739561063740675,3.0397236614853274,1.8892747461035029,Trung tinh
2025-03-08,23.37,72.49,103.6595870768058,5683.98,4.28,,2983.0,319.799,0.22,2.3907252538964974,0.0,-5.8739561063740675,3.0397236614853274,1.8892747461035029,Trung tinh
2025-03-09,23.37,72.49,103.6595870768058,5683.98,4.28,,2983.0,319.799,0.22,2.3907252538964974,0.0,-5.8739561063740675,3.0397236614853274,1.8892747461035029,Trung tinh
2025-03-10,27.86,71.08,103.8677051314986,5683.98,4.28,,2983.0,319.799,0.22,2.3907252538964974,0.20077067694528328,-5.8739561063740675,3.0397236614853274,1.8892747461035029,Risk-off
2025-03-11,26.92,71.51,103.33781482291819,5683.98,4.28,,2983.0,319.799,0.22,2.3907252538964974,-0.5101588678690372,-5.8739561063740675,3.0397236614853274,1.8892747461035029,Risk-off
2025-03-12,24.23,72.36,103.38427706950516,5683.98,4.28,,2983.0,319.799,0.22,2.3907252538964974,0.0449615144916482,-5.8739561063740675,3.0397236614853274,1.8892747461035029,Trung tinh
2025-03-13,24.66,70.82,103.78429213425862,5683.98,4.28,,2983.0,319.799,0.22,2.3907252538964974,0.38692059962321945,-5.8739561063740675,3.0397236614853274,1.8892747461035029,Trung tinh
2025-03-14,21.77,71.94,103.78249875980251,5683.98,4.28,,2983.0,319.799,0.22,2.3907252538964974,-0.0017279825484495248,-5.8739561063740675,3.0397236614853274,1.8892747461035029,Trung tinh
2025-03-15,21.77,71.94,103.78249875980251,5683.98,4.28,,2983.0,319.799,0.22,2.3907252538964974,0.0,-5.8739561063740675,3.0397236614853274,1.8892747461035029,Trung tinh
2025-03-16,21.77,71.94,103.78249875980251,5683.98,4.28,,2983.0,319.799,0.22,2.3907252538964974,0.0,-5.8739561063740675,3.0397236614853274,1.8892747461035029,Trung tinh
2025-03-17,20.51,71.93,103.34976032546261,5683.98,4.28,,2983.0,319.799,0.22,2.3907252538964974,-0.4169666750281631,-5.8739561063740675,3.0397236614853274,1.8892747461035029,Trung tinh
2025-03-18,21.7,71.93,103.39282530673752,5683.98,4.28,,2983.0,319.799,0.22,2.3907252538964974,0.04166916414638511,-5.8739561063740675,3.0397236614853274,1.8892747461035029,Trung tinh
2025-03-19,19.9,71.94,103.79360902207449,5683.98,4.28,,2983.0,319.799,0.22,2.3907252538964974,0.387632037472585,-5.8739561063740675,3.0397236614853274,1.8892747461035029,Trung tinh
2025-03-20,19.8,72.61,103.84712577556228,5683.98,4.28,,2983.0,319.799,0.22,2.3907252538964974,0.05156074058123572,-5.8739561063740675,3.0397236614853274,1.8892747461035029,Trung tinh
2025-03-21,19.28,72.64,104.18964252078688,5683.98,4.28,,2983.0,319.799,0.22,2.3907252538964974,0.3298278528814258,-5.8739561063740675,3.0397236614853274,1.8892747461035029,Trung tinh
2025-03-22,19.28,72.64,104.18964252078688,5683.98,4.28,,2983.0,319.799,0.22,2.3907252538964974,0.0,-5.8739561063740675,3.0397236614853274,1.8892747461035029,Trung tinh
2025-03-23,19.28,72.64,104.18964252078688,5683.98,4.28,,2983.0,319.799,0.22,2.3907252538964974,0.0,-5.8739561063740675,3.0397236614853274,1.8892747461035029,Trung tinh
2025-03-24,17.48,73.96,104.35471640810431,5683.98,4.28,,2983.0,319.799,0.22,2.3907252538964974,0.1584359858845863,-5.8739561063740675,3.0397236614853274,1.8892747461035029,Trung tinh
2025-03-25,17.15,73.78,104.14119855273697,5683.98,4.28,,2983.0,319.799,0.22,2.3907252538964974,-0.2046077673502844,-5.8739561063740675,3.0397236614853274,1.8892747461035029,Trung tinh
2025-03-26,18.33,74.6,104.38961699238499,5683.98,4.28,,2983.0,319.799,0.22,2.3907252538964974,0.23854002364129823,-5.8739561063740675,3.0397236614853274,1.8892747461035029,Trung tinh
2025-03-27,18.69,74.72,104.25844327858746,5683.98,4.28,,2983.0,319.799,0.22,2.3907252538964974,-0.12565781691400435,-5.8739561063740675,3.0397236614853274,1.8892747461035029,Trung tinh
2025-03-28,21.65,74.69,104.03367969525468,5683.98,4.28,,2983.0,319.799,0.22,2.3907252538964974,-0.21558309932961928,-5.8739561063740675,3.0397236614853274,1.8892747461035029,Trung tinh
2025-03-29,21.65,74.69,104.03367969525468,5683.98,4.28,,2983.0,319.799,0.22,2.3907252538964974,0.0,-5.8739561063740675,3.0397236614853274,1.8892747461035029,Trung tinh
2025-03-30,21.65,74.69,104.03367969525468,5683.98,4.28,,2983.0,319.799,0.22,2.3907252538964974,0.0,-5.8739561063740675,3.0397236614853274,1.8892747461035029,Trung tinh
2025-03-31,22.28,77.23,104.31736588987465,5683.98,4.28,,2983.0,319.799,0.22,2.3907252538964974,0.2726868793365478,0.0,0.0,1.8892747461035029,Trung tinh
2025-04-01,21.77,77.78,104.14315105545603,5369.5,4.28,,3218.0,320.795,0.31,2.3112888616734883,-0.16700463334411442,-5.532742901980647,7.877975192758968,1.968711138326512,Trung tinh
2025-04-02,21.51,77.27,103.72454469312851,5369.5,4.28,,3218.0,320.795,0.31,2.3112888616734883,-0.4019528486367885,-5.532742901980647,7.877975192758968,1.968711138326512,Trung tinh
2025-04-03,30.02,72.54,101.90145336728199,5369.5,4.28,,3218.0,320.795,0.31,2.3112888616734883,-1.7576276967425364,-5.532742901980647,7.877975192758968,1.968711138326512,Risk-off
2025-04-04,45.31,68.36,102.43274988881689,5369.5,4.28,,3218.0,320.795,0.31,2.3112888616734883,0.5213826731400584,-5.532742901980647,7.877975192758968,1.968711138326512,Risk-off
2025-04-05,45.31,68.36,102.43274988881689,5369.5,4.28,,3218.0,320.795,0.31,2.3112888616734883,0.0,-5.532742901980647,7.877975192758968,1.968711138326512,Risk-off
2025-04-06,45.31,68.36,102.43274988881689,5369.5,4.28,,3218.0,320.795,0.31,2.3112888616734883,0.0,-5.532742901980647,7.877975192758968,1.968711138326512,Risk-off
2025-04-07,46.98,66.13,103.45404175968434,5369.5,4.28,,3218.0,320.795,0.31,2.3112888616734883,0.9970364673173249,-5.532742901980647,7.877975192758968,1.968711138326512,Risk-off
2025-04-08,52.33,64.86,103.26434857641132,5369.5,4.28,,3218.0,320.795,0.31,2.3112888616734883,-0.1833598572336781,-5.532742901980647,7.877975192758968,1.968711138326512,Risk-off
2025-04-09,33.62,67.3,102.32552741299094,5369.5,4.28,,3218.0,320.795,0.31,2.3112888616734883,-0.9091435489235633,-5.532742901980647,7.877975192758968,1.968711138326512,Risk-off
2025-04-10,40.72,65.37,101.03697655643232,5369.5,4.28,,3218.0,320.795,0.31,2.3112888616734883,-1.2592662741506944,-5.532742901980647,7.877975192758968,1.968711138326512,Risk-off
2025-04-11,37.56,66.83,100.03701409160973,5369.5,4.28,,3218.0,320.795,0.31,2.3112888616734883,-0.9896995128947483,-5.532742901980647,7.877975192758968,1.968711138326512,Risk-off
2025-04-12,37.56,66.83,100.03701409160973,5369.5,4.28,,3218.0,320.795,0.31,2.3112888616734883,0.0,-5.532742901980647,7.877975192758968,1.968711138326512,Risk-off
2025-04-13,37.56,66.83,100.03701409160973,5369.5,4.28,,3218.0,320.795,0.31,2.3112888616734883,0.0,-5.532742901980647,7.877975192758968,1.968711138326512,Risk-off
2025-04-14,30.89,67.18,99.6698670931374,5369.5,4.28,,3218.0,320.795,0.31,2.3112888616734883,-0.3670111526280828,-5.532742901980647,7.877975192758968,1.968711138326512,Risk-off
2025-04-15,30.12,66.58,100.086999986719,5369.5,4.28,,3218.0,320.795,0.31,2.3112888616734883,0.41851454782397823,-5.532742901980647,7.877975192758968,1.968711138326512,Risk-off
2025-04-16,32.64,67.94,99.43453906584162,5369.5,4.28,,3218.0,320.795,0.31,2.3112888616734883,-0.651893773381107,-5.532742901980647,7.877975192758968,1.968711138326512,Risk-off
2025-04-17,29.65,69.33,99.45251348722356,5369.5,4.28,,3218.0,320.795,0.31,2.3112888616734883,0.018076637706365695,-5.532742901980647,7.877975192758968,1.968711138326512,Risk-off
2025-04-18,29.65,69.33,99.27638152982105,5369.5,4.28,,3218.0,320.795,0.31,2.3112888616734883,-0.1771015645825047,-5.532742901980647,7.877975192758968,1.968711138326512,Risk-off
2025-04-19,29.65,69.33,99.27638152982105,5369.5,4.28,,3218.0,320.795,0.31,2.3112888616734883,0.0,-5.532742901980647,7.877975192758968,1.968711138326512,Risk-off
2025-04-20,29.65,69.33,99.27638152982105,5369.5,4.28,,3218.0,320.795,0.31,2.3112888616734883,0.0,-5.532742901980647,7.877975192758968,1.968711138326512,Risk-off
2025-04-21,33.82,69.33,98.35751507824804,5369.5,4.28,,3218.0,320.795,0.31,2.3112888616734883,-0.925564003656798,-5.532742901980647,7.877975192758968,1.968711138326512,Risk-off
2025-04-22,30.57,68.93,98.57145664464093,5369.5,4.28,,3218.0,320.795,0.31,2.3112888616734883,0.21751420440287994,-5.532742901980647,7.877975192758968,1.968711138326512,Risk-off
2025-04-23,28.45,68.26,99.61974321337462,5369.5,4.28,,3218.0,320.795,0.31,2.3112888616734883,1.0634788248213178,-5.532742901980647,7.877975192758968,1.968711138326512,Risk-off
2025-04-24,26.47,67.5,99.48028621285394,5369.5,4.28,,3218.0,320.795,0.31,2.3112888616734883,-0.13998931940828463,-5.532742901980647,7.877975192758968,1.968711138326512,Risk-off
2025-04-25,24.84,66.99,99.4922101245971,5369.5,4.28,,3218.0,320.795,0.31,2.3112888616734883,0.011986205706771003,-5.532742901980647,7.877975192758968,1.968711138326512,Trung tinh
2025-04-26,24.84,66.99,99.4922101245971,5369.5,4.28,,3218.0,320.795,0.31,2.3112888616734883,0.0,-5.532742901980647,7.877975192758968,1.968711138326512,Trung tinh
2025-04-27,24.84,66.99,99.4922101245971,5369.5,4.28,,3218.0,320.795,0.31,2.3112888616734883,0.0,-5.532742901980647,7.877975192758968,1.968711138326512,Trung tinh
2025-04-28,25.15,66.13,99.26639435818907,5369.5,4.28,,3218.0,320.795,0.31,2.3112888616734883,-0.22696828839687821,-5.532742901980647,7.877975192758968,1.968711138326512,Risk-off
2025-04-29,24.17,64.04,99.17057595796935,5369.5,4.28,,3218.0,320.795,0.31,2.3112888616734883,-0.09652652424745334,-5.532742901980647,7.877975192758968,1.968711138326512,Trung tinh
2025-04-30,24.7,63.37,99.46626021205658,5369.5,4.28,,3218.0,320.795,0.31,2.3112888616734883,0.29815724193489324,-5.532742901980647,7.877975192758968,1.968711138326512,Trung tinh
2025-05-01,24.6,62.37,100.27183270919686,5810.92,4.42,,3309.0,321.465,0.21,2.354896535474671,0.8098952302246332,8.22087717664588,2.827843380981987,2.065103464525329,Trung tinh
2025-05-02,22.68,61.57,99.78523987394158,5810.92,4.42,,3309.0,321.465,0.21,2.354896535474671,-0.4852737026024734,8.22087717664588,2.827843380981987,2.065103464525329,Trung tinh
2025-05-03,22.68,61.57,99.78523987394158,5810.92,4.42,,3309.0,321.465,0.21,2.354896535474671,0.0,8.22087717664588,2.827843380981987,2.065103464525329,Trung tinh
2025-05-04,22.68,61.57,99.78523987394158,5810.92,4.42,,3309.0,321.465,0.21,2.354896535474671,0.0,8.22087717664588,2.827843380981987,2.065103464525329,Trung tinh
2025-05-05,23.64,61.57,99.8331568675577,5810.92,4.42,,3309.0,321.465,0.21,2.354896535474671,0.04802012169000669,8.22087717664588,2.827843380981987,2.065103464525329,Trung tinh
2025-05-06,24.76,62.37,99.42642700021533,5810.92,4.42,,3309.0,321.465,0.21,2.354896535474671,-0.4074096022847029,8.22087717664588,2.827843380981987,2.065103464525329,Trung tinh
2025-05-07,23.55,60.31,99.49988675498994,5810.92,4.42,,3309.0,321.465,0.21,2.354896535474671,0.0738835307583452,8.22087717664588,2.827843380981987,2.065103464525329,Trung tinh
2025-05-08,22.48,62.22,100.41576237536314,5810.92,4.42,,3309.0,321.465,0.21,2.354896535474671,0.9204790580600974,8.22087717664588,2.827843380981987,2.065103464525329,Trung tinh
2025-05-09,21.9,64.26,100.25829030673157,5810.92,4.42,,3309.0,321.465,0.21,2.354896535474671,-0.15682006978439134,8.22087717664588,2.827843380981987,2.065103464525329,Trung tinh
2025-05-10,21.9,64.26,100.25829030673157,5810.92,4.42,,3309.0,321.465,0.21,2.354896535474671,0.0,8.22087717664588,2.827843380981987,2.065103464525329,Trung tinh
2025-05-11,21.9,64.26,100.25829030673157,5810.92,4.42,,3309.0,321.465,0.21,2.354896535474671,0.0,8.22087717664588,2.827843380981987,2.065103464525329,Trung tinh
2025-05-12,18.39,65.28,101.65271604068498,5810.92,4.42,,3309.0,321.465,0.21,2.354896535474671,1.3908333462372857,8.22087717664588,2.827843380981987,2.065103464525329,Trung tinh
2025-05-13,18.22,66.93,101.1063091560164,5810.92,4.42,,3309.0,321.465,0.21,2.354896535474671,-0.5375231532917413,8.22087717664588,2.827843380981987,2.065103464525329,Trung tinh
2025-05-14,18.62,65.91,100.81151812016314,5810.92,4.42,,3309.0,321.465,0.21,2.354896535474671,-0.2915654209059926,8.22087717664588,2.827843380981987,2.065103464525329,Trung tinh
2025-05-15,17.83,64.36,100.82276458954982,5810.92,4.42,,3309.0,321.465,0.21,2.354896535474671,0.01115593693696848,8.22087717664588,2.827843380981987,2.065103464525329,Trung tinh
2025-05-16,17.24,65.2,101.1900801593148,5810.92,4.42,,3309.0,321.465,0.21,2.354896535474671,0.36431808953099054,8.22087717664588,2.827843380981987,2.065103464525329,Trung tinh
2025-05-17,17.24,65.2,101.1900801593148,5810.92,4.42,,3309.0,321.465,0.21,2.354896535474671,0.0,8.22087717664588,2.827843380981987,2.065103464525329,Trung tinh
2025-05-18,17.24,65.2,101.1900801593148,5810.92,4.42,,3309.0,321.465,0.21,2.354896535474671,0.0,8.22087717664588,2.827843380981987,2.065103464525329,Trung tinh
2025-05-19,18.14,66.25,100.40795920949661,5810.92,4.42,,3309.0,321.465,0.21,2.354896535474671,-0.7729225518813831,8.22087717664588,2.827843380981987,2.065103464525329,Trung tinh
2025-05-20,18.09,66.93,100.26035028305967,5810.92,4.42,,3309.0,321.465,0.21,2.354896535474671,-0.1470091889119729,8.22087717664588,2.827843380981987,2.065103464525329,Trung tinh
2025-05-21,20.87,65.86,99.48150377767188,5810.92,4.42,,3309.0,321.465,0.21,2.354896535474671,-0.7768240417960981,8.22087717664588,2.827843380981987,2.065103464525329,Trung tinh
2025-05-22,20.28,64.87,99.90290101308526,5810.92,4.42,,3309.0,321.465,0.21,2.354896535474671,0.4235935519784073,8.22087717664588,2.827843380981987,2.065103464525329,Trung tinh
2025-05-23,22.29,65.41,99.22143476147056,5810.92,4.42,,3309.0,321.465,0.21,2.354896535474671,-0.6821285915665554,8.22087717664588,2.827843380981987,2.065103464525329,Trung tinh
2025-05-24,22.29,65.41,99.22143476147056,5810.92,4.42,,3309.0,321.465,0.21,2.354896535474671,0.0,8.22087717664588,2.827843380981987,2.065103464525329,Trung tinh
2025-05-25,22.29,65.41,99.22143476147056,5810.92,4.42,,3309.0,321.465,0.21,2.354896535474671,0.0,8.22087717664588,2.827843380981987,2.065103464525329,Trung tinh
2025-05-26,20.57,65.41,99.22143476147056,5810.92,4.42,,3309.0,321.465,0.21,2.354896535474671,0.0,8.22087717664588,2.827843380981987,2.065103464525329,Trung tinh
2025-05-27,18.96,64.32,99.59405973821448,5810.92,4.42,,3309.0,321.465,0.21,2.354896535474671,0.37554886969706214,8.22087717664588,2.827843380981987,2.065103464525329,Trung tinh
2025-05-28,19.31,65.72,99.94015892025912,5810.92,4.42,,3309.0,321.465,0.21,2.354896535474671,0.3475098644983188,8.22087717664588,2.827843380981987,2.065103464525329,Trung tinh
2025-05-29,19.18,64.6,99.32695978014091,5810.92,4.42,,3309.0,321.465,0.21,2.354896535474671,-0.6135663048199458,8.22087717664588,2.827843380981987,2.065103464525329,Trung tinh
2025-05-30,18.57,64.32,99.4485337079789,5810.92,4.42,,3309.0,321.465,0.21,2.354896535474671,0.12239771367923424,8.22087717664588,2.827843380981987,2.065103464525329,Trung tinh
2025-05-31,18.57,64.32,99.4485337079789,5810.92,4.42,,3309.0,321.465,0.21,2.354896535474671,0.0,0.0,0.0,2.065103464525329,Trung tinh
2025-06-01,18.57,64.32,99.4485337079789,6029.95,4.38,,3353.0,322.561,0.34,2.669213018222316,0.0,3.7692826609211583,1.3297068600785833,1.7107869817776837,Trung tinh
2025-06-02,18.36,66.55,98.73600035335755,6029.95,4.38,,3353.0,322.561,0.34,2.669213018222316,-0.7164845252657259,3.7692826609211583,1.3297068600785833,1.7107869817776837,Trung tinh
2025-06-03,17.69,67.48,99.24846843593333,6029.95,4.38,,3353.0,322.561,0.34,2.669213018222316,0.5190286022745072,3.7692826609211583,1.3297068600785833,1.7107869817776837,Trung tinh
2025-06-04,17.61,66.69,98.77423969019583,6029.95,4.38,,3353.0,322.561,0.34,2.669213018222316,-0.4778197116901861,3.7692826609211583,1.3297068600785833,1.7107869817776837,Trung tinh
2025-06-05,18.48,67.14,98.78145980129236,6029.95,4.38,,3353.0,322.561,0.34,2.669213018222316,0.00730971062816721,3.7692826609211583,1.3297068600785833,1.7107869817776837,Trung tinh
2025-06-06,16.77,68.02,99.18040103837244,6029.95,4.38,,3353.0,322.561,0.34,2.669213018222316,0.40386246354586763,3.7692826609211583,1.3297068600785833,1.7107869817776837,Trung tinh
2025-06-07,16.77,68.02,99.18040103837244,6029.95,4.38,,3353.0,322.561,0.34,2.669213018222316,0.0,3.7692826609211583,1.3297068600785833,1.7107869817776837,Trung tinh
2025-06-08,16.77,68.02,99.18040103837244,6029.95,4.38,,3353.0,322.561,0.34,2.669213018222316,0.0,3.7692826609211583,1.3297068600785833,1.7107869817776837,Trung tinh
2025-06-09,17.16,68.73,98.93351380784671,6029.95,4.38,,3353.0,322.561,0.34,2.669213018222316,-0.2489274372163619,3.7692826609211583,1.3297068600785833,1.7107869817776837,Trung tinh
2025-06-10,16.95,68.41,99.05393503925696,6029.95,4.38,,3353.0,322.561,0.34,2.669213018222316,0.12171935148703739,3.7692826609211583,1.3297068600785833,1.7107869817776837,Trung tinh
2025-06-11,17.26,71.29,98.59425882244037,6029.95,4.38,,3353.0,322.561,0.34,2.669213018222316,-0.46406658820208335,3.7692826609211583,1.3297068600785833,1.7107869817776837,Trung tinh
2025-06-12,18.02,70.84,97.94682609674915,6029.95,4.38,,3353.0,322.561,0.34,2.669213018222316,-0.6566637179728607,3.7692826609211583,1.3297068600785833,1.7107869817776837,Trung tinh
2025-06-13,20.82,76.0,98.0768753066559,6029.95,4.38,,3353.0,322.561,0.34,2.669213018222316,0.1327753180876856,3.7692826609211583,1.3297068600785833,1.7107869817776837,Trung tinh
2025-06-14,20.82,76.0,98.0768753066559,6029.95,4.38,,3353.0,322.561,0.34,2.669213018222316,0.0,3.7692826609211583,1.3297068600785833,1.7107869817776837,Trung tinh
2025-06-15,20.82,76.0,98.0768753066559,6029.95,4.38,,3353.0,322.561,0.34,2.669213018222316,0.0,3.7692826609211583,1.3297068600785833,1.7107869817776837,Trung tinh
2025-06-16,19.11,75.05,97.93946241209107,6029.95,4.38,,3353.0,322.561,0.34,2.669213018222316,-0.14010733328847502,3.7692826609211583,1.3297068600785833,1.7107869817776837,Trung tinh
2025-06-17,21.6,78.7,98.36305064559646,6029.95,4.38,,3353.0,322.561,0.34,2.669213018222316,0.4325000598053963,3.7692826609211583,1.3297068600785833,1.7107869817776837,Trung tinh
2025-06-18,20.14,78.38,98.55094487347048,6029.95,4.38,,3353.0,322.561,0.34,2.669213018222316,0.1910211473117096,3.7692826609211583,1.3297068600785833,1.7107869817776837,Trung tinh
2025-06-19,22.17,80.37,98.55094487347048,6029.95,4.38,,3353.0,322.561,0.34,2.669213018222316,0.0,3.7692826609211583,1.3297068600785833,1.7107869817776837,Trung tinh
2025-06-20,20.62,78.73,98.75974586886876,6029.95,4.38,,3353.0,322.561,0.34,2.669213018222316,0.21187112479372772,3.7692826609211583,1.3297068600785833,1.7107869817776837,Trung tinh
2025-06-21,20.62,78.73,98.75974586886876,6029.95,4.38,,3353.0,322.561,0.34,2.669213018222316,0.0,3.7692826609211583,1.3297068600785833,1.7107869817776837,Trung tinh
2025-06-22,20.62,78.73,98.75974586886876,6029.95,4.38,,3353.0,322.561,0.34,2.669213018222316,0.0,3.7692826609211583,1.3297068600785833,1.7107869817776837,Trung tinh
2025-06-23,19.83,74.34,98.68665125755163,6029.95,4.38,,3353.0,322.561,0.34,2.669213018222316,-0.0740125550891757,3.7692826609211583,1.3297068600785833,1.7107869817776837,Trung tinh
2025-06-24,17.48,69.13,97.96813814492529,6029.95,4.38,,3353.0,322.561,0.34,2.669213018222316,-0.7280752801624324,3.7692826609211583,1.3297068600785833,1.7107869817776837,Trung tinh
2025-06-25,16.76,68.4,97.98357473379667,6029.95,4.38,,3353.0,322.561,0.34,2.669213018222316,0.01575674414526773,3.7692826609211583,1.3297068600785833,1.7107869817776837,Trung tinh
2025-06-26,16.59,68.57,97.1748814494929,6029.95,4.38,,3353.0,322.561,0.34,2.669213018222316,-0.8253355590473577,3.7692826609211583,1.3297068600785833,1.7107869817776837,Trung tinh
2025-06-27,16.32,69.37,97.22791323439525,6029.95,4.38,,3353.0,322.561,0.34,2.669213018222316,0.05457355245646056,3.7692826609211583,1.3297068600785833,1.7107869817776837,Trung tinh
2025-06-28,16.32,69.37,97.22791323439525,6029.95,4.38,,3353.0,322.561,0.34,2.669213018222316,0.0,3.7692826609211583,1.3297068600785833,1.7107869817776837,Trung tinh
2025-06-29,16.32,69.37,97.22791323439525,6029.95,4.38,,3353.0,322.561,0.34,2.669213018222316,0.0,3.7692826609211583,1.3297068600785833,1.7107869817776837,Trung tinh
2025-06-30,16.73,68.15,96.90376728651827,6029.95,4.38,,3353.0,322.561,0.34,2.669213018222316,-0.33338774544664496,3.7692826609211583,1.3297068600785833,1.7107869817776837,Trung tinh
2025-07-01,16.83,67.63,96.84399814539294,6296.5,4.39,,3340.0,323.048,0.15,2.7049023971513986,-0.06167886223515939,4.4204346636373515,-0.3877124962719969,1.685097602848601,Trung tinh
2025-07-02,16.64,70.8,96.87511054182596,6296.5,4.39,,3340.0,323.048,0.15,2.7049023971513986,0.03212630315645448,4.4204346636373515,-0.3877124962719969,1.685097602848601,Trung tinh
2025-07-03,16.38,70.42,97.09277980740762,6296.5,4.39,,3340.0,323.048,0.15,2.7049023971513986,0.22469059840470873,4.4204346636373515,-0.3877124962719969,1.685097602848601,Trung tinh
2025-07-04,17.48,71.03,97.09277980740762,6296.5,4.39,,3340.0,323.048,0.15,2.7049023971513986,0.0,4.4204346636373515,-0.3877124962719969,1.685097602848601,Trung tinh
2025-07-05,17.48,71.03,97.09277980740762,6296.5,4.39,,3340.0,323.048,0.15,2.7049023971513986,0.0,4.4204346636373515,-0.3877124962719969,1.685097602848601,Trung tinh
2025-07-06,17.48,71.03,97.09277980740762,6296.5,4.39,,3340.0,323.048,0.15,2.7049023971513986,0.0,4.4204346636373515,-0.3877124962719969,1.685097602848601,Trung tinh
2025-07-07,17.79,71.95,97.33829154066484,6296.5,4.39,,3340.0,323.048,0.15,2.7049023971513986,0.2528630179754021,4.4204346636373515,-0.3877124962719969,1.685097602848601,Trung tinh
2025-07-08,16.81,72.5,97.64115457822969,6296.5,4.39,,3340.0,323.048,0.15,2.7049023971513986,0.3111448051646981,4.4204346636373515,-0.3877124962719969,1.685097602848601,Trung tinh
2025-07-09,15.94,71.98,97.60884854621806,6296.5,4.39,,3340.0,323.048,0.15,2.7049023971513986,-0.03308649119440066,4.4204346636373515,-0.3877124962719969,1.685097602848601,Trung tinh
2025-07-10,15.78,70.38,97.70733873105428,6296.5,4.39,,3340.0,323.048,0.15,2.7049023971513986,0.10090292663331724,4.4204346636373515,-0.3877124962719969,1.685097602848601,Trung tinh
2025-07-11,16.4,72.06,97.80190135615321,6296.5,4.39,,3340.0,323.048,0.15,2.7049023971513986,0.09678149699605676,4.4204346636373515,-0.3877124962719969,1.685097602848601,Trung tinh
2025-07-12,16.4,72.06,97.80190135615321,6296.5,4.39,,3340.0,323.048,0.15,2.7049023971513986,0.0,4.4204346636373515,-0.3877124962719969,1.685097602848601,Trung tinh
2025-07-13,16.4,72.06,97.80190135615321,6296.5,4.39,,3340.0,323.048,0.15,2.7049023971513986,0.0,4.4204346636373515,-0.3877124962719969,1.685097602848601,Trung tinh
2025-07-14,17.2,70.96,98.06137944106784,6296.5,4.39,,3340.0,323.048,0.15,2.7049023971513986,0.26530985728971945,4.4204346636373515,-0.3877124962719969,1.685097602848601,Trung tinh
2025-07-15,17.38,70.27,98.51395684905441,6296.5,4.39,,3340.0,323.048,0.15,2.7049023971513986,0.4615246191377098,4.4204346636373515,-0.3877124962719969,1.685097602848601,Trung tinh
2025-07-16,17.16,69.67,98.37932963121666,6296.5,4.39,,3340.0,323.048,0.15,2.7049023971513986,-0.13665801490850837,4.4204346636373515,-0.3877124962719969,1.685097602848601,Trung tinh
2025-07-17,16.52,71.32,98.64275741880971,6296.5,4.39,,3340.0,323.048,0.15,2.7049023971513986,0.26776741474101584,4.4204346636373515,-0.3877124962719969,1.685097602848601,Trung tinh
2025-07-18,16.41,71.06,98.30142066006078,6296.5,4.39,,3340.0,323.048,0.15,2.7049023971513986,-0.34603326962941994,4.4204346636373515,-0.3877124962719969,1.685097602848601,Trung tinh
2025-07-19,16.41,71.06,98.30142066006078,6296.5,4.39,,3340.0,323.048,0.15,2.7049023971513986,0.0,4.4204346636373515,-0.3877124962719969,1.685097602848601,Trung tinh
2025-07-20,16.41,71.06,98.30142066006078,6296.5,4.39,,3340.0,323.048,0.15,2.7049023971513986,0.0,4.4204346636373515,-0.3877124962719969,1.685097602848601,Trung tinh
2025-07-21,16.65,71.92,97.77954074830846,6296.5,4.39,,3340.0,323.048,0.15,2.7049023971513986,-0.5308976291981127,4.4204346636373515,-0.3877124962719969,1.685097602848601,Trung tinh
2025-07-22,16.5,69.69,97.37669187243529,6296.5,4.39,,3340.0,323.048,0.15,2.7049023971513986,-0.4119971036785075,4.4204346636373515,-0.3877124962719969,1.685097602848601,Trung tinh
2025-07-23,15.37,69.17,97.35819594079852,6296.5,4.39,,3340.0,323.048,0.15,2.7049023971513986,-0.018994208245437516,4.4204346636373515,-0.3877124962719969,1.685097602848601,Trung tinh
2025-07-24,15.39,70.42,97.38268692911893,6296.5,4.39,,3340.0,323.048,0.15,2.7049023971513986,0.025155548625099833,4.4204346636373515,-0.3877124962719969,1.685097602848601,Trung tinh
2025-07-25,14.93,69.23,97.76295430135987,6296.5,4.39,,3340.0,323.048,0.15,2.7049023971513986,0.3904876567204507,4.4204346636373515,-0.3877124962719969,1.685097602848601,Risk-on
2025-07-26,14.93,69.23,97.76295430135987,6296.5,4.39,,3340.0,323.048,0.15,2.7049023971513986,0.0,4.4204346636373515,-0.3877124962719969,1.685097602848601,Risk-on
2025-07-27,14.93,69.23,97.76295430135987,6296.5,4.39,,3340.0,323.048,0.15,2.7049023971513986,0.0,4.4204346636373515,-0.3877124962719969,1.685097602848601,Risk-on
2025-07-28,15.03,70.87,98.49940981515147,6296.5,4.39,,3340.0,323.048,0.15,2.7049023971513986,0.7533073433127147,4.4204346636373515,-0.3877124962719969,1.685097602848601,Trung tinh
2025-07-29,15.98,73.21,99.01068120141792,6296.5,4.39,,3340.0,323.048,0.15,2.7049023971513986,0.5190603550071282,4.4204346636373515,-0.3877124962719969,1.685097602848601,Trung tinh
2025-07-30,15.48,73.98,99.50973153621013,6296.5,4.39,,3340.0,323.048,0.15,2.7049023971513986,0.5040368662619255,4.4204346636373515,-0.3877124962719969,1.685097602848601,Trung tinh
2025-07-31,16.72,73.43,99.93001336431054,6296.5,4.39,,3340.0,323.048,0.15,2.7049023971513986,0.42235248916080437,0.0,0.0,1.685097602848601,Trung tinh
2025-08-01,20.38,70.55,98.93634614426463,6408.95,4.26,,3368.0,323.976,0.29,2.9161742842984006,-0.9943631413550813,1.7859128087032383,0.8383233532934131,1.3438257157015991,Trung tinh
2025-08-02,20.38,70.55,98.93634614426463,6408.95,4.26,,3368.0,323.976,0.29,2.9161742842984006,0.0,1.7859128087032383,0.8383233532934131,1.3438257157015991,Trung tinh
2025-08-03,20.38,70.55,98.93634614426463,6408.95,4.26,,3368.0,323.976,0.29,2.9161742842984006,0.0,1.7859128087032383,0.8383233532934131,1.3438257157015991,Trung tinh
2025-08-04,17.52,69.56,98.76373501124,6408.95,4.26,,3368.0,323.976,0.29,2.9161742842984006,-0.17446685647045657,1.7859128087032383,0.8383233532934131,1.3438257157015991,Trung tinh
2025-08-05,17.85,69.14,98.7184151035792,6408.95,4.26,,3368.0,323.976,0.29,2.9161742842984006,-0.04588719498673788,1.7859128087032383,0.8383233532934131,1.3438257157015991,Trung tinh
2025-08-06,16.77,67.97,98.26894693193594,6408.95,4.26,,3368.0,323.976,0.29,2.9161742842984006,-0.4553032695790993,1.7859128087032383,0.8383233532934131,1.3438257157015991,Trung tinh
2025-08-07,16.57,66.99,98.24324724200763,6408.95,4.26,,3368.0,323.976,0.29,2.9161742842984006,-0.026152401883494658,1.7859128087032383,0.8383233532934131,1.3438257157015991,Trung tinh
2025-08-08,15.15,67.17,98.1688562196434,6408.95,4.26,,3368.0,323.976,0.29,2.9161742842984006,-0.07572125764631066,1.7859128087032383,0.8383233532934131,1.3438257157015991,Trung tinh
2025-08-09,15.15,67.17,98.1688562196434,6408.95,4.26,,3368.0,323.976,0.29,2.9161742842984006,0.0,1.7859128087032383,0.8383233532934131,1.3438257157015991,Trung tinh
2025-08-10,15.15,67.17,98.1688562196434,6408.95,4.26,,3368.0,323.976,0.29,2.9161742842984006,0.0,1.7859128087032383,0.8383233532934131,1.3438257157015991,Trung tinh
2025-08-11,16.25,67.36,98.55032753263066,6408.95,4.26,,3368.0,323.976,0.29,2.9161742842984006,0.3885868977975493,1.7859128087032383,0.8383233532934131,1.3438257157015991,Trung tinh
2025-08-12,14.73,66.8,98.06275193613916,6408.95,4.26,,3368.0,323.976,0.29,2.9161742842984006,-0.4947478194124333,1.7859128087032383,0.8383233532934131,1.3438257157015991,Risk-on
2025-08-13,14.49,66.25,97.73608023940322,6408.95,4.26,,3368.0,323.976,0.29,2.9161742842984006,-0.3331251573978622,1.7859128087032383,0.8383233532934131,1.3438257157015991,Risk-on
2025-08-14,14.83,68.12,98.21892017089777,6408.95,4.26,,3368.0,323.976,0.29,2.9161742842984006,0.4940242439760656,1.7859128087032383,0.8383233532934131,1.3438257157015991,Risk-on
2025-08-15,15.09,67.3,97.7901573115561,6408.95,4.26,,3368.0,323.976,0.29,2.9161742842984006,-0.4365379486922061,1.7859128087032383,0.8383233532934131,1.3438257157015991,Trung tinh
2025-08-16,15.09,67.3,97.7901573115561,6408.95,4.26,,3368.0,323.976,0.29,2.9161742842984006,0.0,1.7859128087032383,0.8383233532934131,1.3438257157015991,Trung tinh
2025-08-17,15.09,67.3,97.7901573115561,6408.95,4.26,,3368.0,323.976,0.29,2.9161742842984006,0.0,1.7859128087032383,0.8383233532934131,1.3438257157015991,Trung tinh
2025-08-18,14.99,68.18,98.10583646896711,6408.95,4.26,,3368.0,323.976,0.29,2.9161742842984006,0.32281281275095,1.7859128087032383,0.8383233532934131,1.3438257157015991,Risk-on
2025-08-19,15.57,66.62,98.20094725774976,6408.95,4.26,,3368.0,323.976,0.29,2.9161742842984006,0.09694712588554921,1.7859128087032383,0.8383233532934131,1.3438257157015991,Trung tinh
2025-08-20,15.69,67.61,98.24524769437798,6408.95,4.26,,3368.0,323.976,0.29,2.9161742842984006,0.04511202576482631,1.7859128087032383,0.8383233532934131,1.3438257157015991,Trung tinh
2025-08-21,16.6,68.41,98.646403078708,6408.95,4.26,,3368.0,323.976,0.29,2.9161742842984006,0.40832039589124847,1.7859128087032383,0.8383233532934131,1.3438257157015991,Trung tinh
2025-08-22,14.22,68.29,97.77164210112907,6408.95,4.26,,3368.0,323.976,0.29,2.9161742842984006,-0.8867641903587464,1.7859128087032383,0.8383233532934131,1.3438257157015991,Risk-on
2025-08-23,14.22,68.29,97.77164210112907,6408.95,4.26,,3368.0,323.976,0.29,2.9161742842984006,0.0,1.7859128087032383,0.8383233532934131,1.3438257157015991,Risk-on
2025-08-24,14.22,68.29,97.77164210112907,6408.95,4.26,,3368.0,323.976,0.29,2.9161742842984006,0.0,1.7859128087032383,0.8383233532934131,1.3438257157015991,Risk-on
2025-08-25,14.79,68.29,98.09470042444748,6408.95,4.26,,3368.0,323.976,0.29,2.9161742842984006,0.3304212922845773,1.7859128087032383,0.8383233532934131,1.3438257157015991,Risk-on
2025-08-26,14.62,66.89,98.13681706422946,6408.95,4.26,,3368.0,323.976,0.29,2.9161742842984006,0.042934673942363055,1.7859128087032383,0.8383233532934131,1.3438257157015991,Risk-on
2025-08-27,14.85,67.75,98.4200449573703,6408.95,4.26,,3368.0,323.976,0.29,2.9161742842984006,0.2886051347634977,1.7859128087032383,0.8383233532934131,1.3438257157015991,Risk-on
2025-08-28,14.43,68.61,97.9251451662506,6408.95,4.26,,3368.0,323.976,0.29,2.9161742842984006,-0.5028445082849275,1.7859128087032383,0.8383233532934131,1.3438257157015991,Risk-on
2025-08-29,15.36,67.83,97.77815161129365,6408.95,4.26,,3368.0,323.976,0.29,2.9161742842984006,-0.15010807970454731,1.7859128087032383,0.8383233532934131,1.3438257157015991,Trung tinh
2025-08-30,15.36,67.83,97.77815161129365,6408.95,4.26,,3368.0,323.976,0.29,2.9161742842984006,0.0,1.7859128087032383,0.8383233532934131,1.3438257157015991,Trung tinh
2025-08-31,15.36,67.83,97.77815161129365,6408.95,4.26,,3368.0,323.976,0.29,2.9161742842984006,0.0,0.0,0.0,1.3438257157015991,Trung tinh
2025-09-01,16.12,67.09,97.77815161129365,6584.02,4.12,,3668.0,324.8,0.25,3.0126767755256134,0.0,2.7316487100071063,8.90736342042755,1.1073232244743867,Trung tinh
2025-09-02,17.17,68.09,98.24549311703538,6584.02,4.12,,3668.0,324.8,0.25,3.0126767755256134,0.47796107621218553,2.7316487100071063,8.90736342042755,1.1073232244743867,Trung tinh
2025-09-03,16.35,67.76,98.05582773146841,6584.02,4.12,,3668.0,324.8,0.25,3.0126767755256134,-0.19305250505591287,2.7316487100071063,8.90736342042755,1.1073232244743867,Trung tinh
2025-09-04,15.3,66.41,98.31876658129009,6584.02,4.12,,3668.0,324.8,0.25,3.0126767755256134,0.26815219034379556,2.7316487100071063,8.90736342042755,1.1073232244743867,Trung tinh
2025-09-05,15.18,64.92,97.4300788573123,6584.02,4.12,,3668.0,324.8,0.25,3.0126767755256134,-0.9038841259700225,2.7316487100071063,8.90736342042755,1.1073232244743867,Trung tinh
2025-09-06,15.18,64.92,97.4300788573123,6584.02,4.12,,3668.0,324.8,0.25,3.0126767755256134,0.0,2.7316487100071063,8.90736342042755,1.1073232244743867,Trung tinh
2025-09-07,15.18,64.92,97.4300788573123,6584.02,4.12,,3668.0,324.8,0.25,3.0126767755256134,0.0,2.7316487100071063,8.90736342042755,1.1073232244743867,Trung tinh
2025-09-08,15.11,65.44,97.5208830706664,6584.02,4.12,,3668.0,324.8,0.25,3.0126767755256134,0.09319936350158375,2.7316487100071063,8.90736342042755,1.1073232244743867,Trung tinh
2025-09-09,15.04,67.97,97.66611586014231,6584.02,4.12,,3668.0,324.8,0.25,3.0126767755256134,0.14892480964376897,2.7316487100071063,8.90736342042755,1.1073232244743867,Trung tinh
2025-09-10,15.35,67.62,97.70559576982795,6584.02,4.12,,3668.0,324.8,0.25,3.0126767755256134,0.04042334369289691,2.7316487100071063,8.90736342042755,1.1073232244743867,Trung tinh
2025-09-11,14.71,67.25,97.56024490744423,6584.02,4.12,,3668.0,324.8,0.25,3.0126767755256134,-0.14876411247328747,2.7316487100071063,8.90736342042755,1.1073232244743867,Risk-on
2025-09-12,14.76,67.87,97.76379972251517,6584.02,4.12,,3668.0,324.8,0.25,3.0126767755256134,0.20864524813775098,2.7316487100071063,8.90736342042755,1.1073232244743867,Risk-on
2025-09-13,14.76,67.87,97.76379972251517,6584.02,4.12,,3668.0,324.8,0.25,3.0126767755256134,0.0,2.7316487100071063,8.90736342042755,1.1073232244743867,Risk-on
2025-09-14,14.76,67.87,97.76379972251517,6584.02,4.12,,3668.0,324.8,0.25,3.0126767755256134,0.0,2.7316487100071063,8.90736342042755,1.1073232244743867,Risk-on
2025-09-15,15.69,67.88,97.28955068093146,6584.02,4.12,,3668.0,324.8,0.25,3.0126767755256134,-0.4850967770583692,2.7316487100071063,8.90736342042755,1.1073232244743867,Trung tinh
2025-09-16,16.36,69.69,96.75460353714594,6584.02,4.12,,3668.0,324.8,0.25,3.0126767755256134,-0.5498505646715501,2.7316487100071063,8.90736342042755,1.1073232244743867,Trung tinh
2025-09-17,15.72,69.19,96.76623798320838,6584.02,4.12,,3668.0,324.8,0.25,3.0126767755256134,0.012024695091628068,2.7316487100071063,8.90736342042755,1.1073232244743867,Trung tinh
2025-09-18,15.7,67.83,97.40255777860978,6584.02,4.12,,3668.0,324.8,0.25,3.0126767755256134,0.657584513631515,2.7316487100071063,8.90736342042755,1.1073232244743867,Trung tinh
2025-09-19,15.45,67.05,97.58415385006516,6584.02,4.12,,3668.0,324.8,0.25,3.0126767755256134,0.18643870920529437,2.7316487100071063,8.90736342042755,1.1073232244743867,Trung tinh
2025-09-20,15.45,67.05,97.58415385006516,6584.02,4.12,,3668.0,324.8,0.25,3.0126767755256134,0.0,2.7316487100071063,8.90736342042755,1.1073232244743867,Trung tinh
2025-09-21,15.45,67.05,97.58415385006516,6584.02,4.12,,3668.0,324.8,0.25,3.0126767755256134,0.0,2.7316487100071063,8.90736342042755,1.1073232244743867,Trung tinh
2025-09-22,16.1,66.87,97.4820280257756,6584.02,4.12,,3668.0,324.8,0.25,3.0126767755256134,-0.10465410649199702,2.7316487100071063,8.90736342042755,1.1073232244743867,Trung tinh
2025-09-23,16.64,67.96,97.34117456646132,6584.02,4.12,,3668.0,324.8,0.25,3.0126767755256134,-0.1444917203374585,2.7316487100071063,8.90736342042755,1.1073232244743867,Trung tinh
2025-09-24,16.18,69.64,97.82382646203779,6584.02,4.12,,3668.0,324.8,0.25,3.0126767755256134,0.4958352903857044,2.7316487100071063,8.90736342042755,1.1073232244743867,Trung tinh
2025-09-25,16.74,70.48,98.41042417985572,6584.02,4.12,,3668.0,324.8,0.25,3.0126767755256134,0.5996470788694586,2.7316487100071063,8.90736342042755,1.1073232244743867,Trung tinh
2025-09-26,15.29,71.15,98.23461975775237,6584.02,4.12,,3668.0,324.8,0.25,3.0126767755256134,-0.17864410561024835,2.7316487100071063,8.90736342042755,1.1073232244743867,Trung tinh
2025-09-27,15.29,71.15,98.23461975775237,6584.02,4.12,,3668.0,324.8,0.25,3.0126767755256134,0.0,2.7316487100071063,8.90736342042755,1.1073232244743867,Trung tinh
2025-09-28,15.29,71.15,98.23461975775237,6584.02,4.12,,3668.0,324.8,0.25,3.0126767755256134,0.0,2.7316487100071063,8.90736342042755,1.1073232244743867,Trung tinh
2025-09-29,16.12,69.0,97.90371227441344,6584.02,4.12,,3668.0,324.8,0.25,3.0126767755256134,-0.336854241564688,2.7316487100071063,8.90736342042755,1.1073232244743867,Trung tinh
2025-09-30,16.28,68.52,97.83587680957127,6584.02,4.12,,3668.0,324.8,0.25,3.0126767755256134,-0.06928793941135547,2.7316487100071063,8.90736342042755,1.1073232244743867,Trung tinh
2025-10-01,16.29,66.67,97.7989971559293,6735.69,4.06,,4058.33,324.8,0.25,3.0126767755256134,-0.037695429166295646,2.303607826221654,10.641494002181018,1.0473232244743862,Trung tinh
2025-10-02,16.63,65.44,98.03123941703763,6735.69,4.06,,4058.33,324.8,0.25,3.0126767755256134,0.23746895966432202,2.303607826221654,10.641494002181018,1.0473232244743862,Trung tinh
2025-10-03,16.65,66.13,97.66209118671618,6735.69,4.06,,4058.33,324.8,0.25,3.0126767755256134,-0.37656183122508624,2.303607826221654,10.641494002181018,1.0473232244743862,Trung tinh
2025-10-04,16.65,66.13,97.66209118671618,6735.69,4.06,,4058.33,324.8,0.25,3.0126767755256134,0.0,2.303607826221654,10.641494002181018,1.0473232244743862,Trung tinh
2025-10-05,16.65,66.13,97.66209118671618,6735.69,4.06,,4058.33,324.8,0.25,3.0126767755256134,0.0,2.303607826221654,10.641494002181018,1.0473232244743862,Trung tinh
2025-10-06,16.37,67.09,98.1139069804511,6735.69,4.06,,4058.33,324.8,0.25,3.0126767755256134,0.4626317010467451,2.303607826221654,10.641494002181018,1.0473232244743862,Trung tinh
2025-10-07,17.24,67.1,98.41966483452136,6735.69,4.06,,4058.33,324.8,0.25,3.0126767755256134,0.31163559120235274,2.303607826221654,10.641494002181018,1.0473232244743862,Trung tinh
2025-10-08,16.3,67.42,98.97997747513541,6735.69,4.06,,4058.33,324.8,0.25,3.0126767755256134,0.5693096410723797,2.303607826221654,10.641494002181018,1.0473232244743862,Trung tinh
2025-10-09,16.43,67.23,99.40728502314529,6735.69,4.06,,4058.33,324.8,0.25,3.0126767755256134,0.4317110984564776,2.303607826221654,10.641494002181018,1.0473232244743862,Trung tinh
2025-10-10,21.66,64.41,98.97519478422706,6735.69,4.06,,4058.33,324.8,0.25,3.0126767755256134,-0.4346665727945731,2.303607826221654,10.641494002181018,1.0473232244743862,Trung tinh
2025-10-11,21.66,64.41,98.97519478422706,6735.69,4.06,,4058.33,324.8,0.25,3.0126767755256134,0.0,2.303607826221654,10.641494002181018,1.0473232244743862,Trung tinh
2025-10-12,21.66,64.41,98.97519478422706,6735.69,4.06,,4058.33,324.8,0.25,3.0126767755256134,0.0,2.303607826221654,10.641494002181018,1.0473232244743862,Trung tinh
2025-10-13,19.03,64.15,98.97519478422706,6735.69,4.06,,4058.33,324.8,0.25,3.0126767755256134,0.0,2.303607826221654,10.641494002181018,1.0473232244743862,Trung tinh
2025-10-14,20.81,63.0,99.04111539143535,6735.69,4.06,,4058.33,324.8,0.25,3.0126767755256134,0.06660315986446452,2.303607826221654,10.641494002181018,1.0473232244743862,Trung tinh
2025-10-15,20.64,62.33,98.7339117245658,6735.69,4.06,,4058.33,324.8,0.25,3.0126767755256134,-0.31017791515716153,2.303607826221654,10.641494002181018,1.0473232244743862,Trung tinh
2025-10-16,25.31,61.08,98.5155779381018,6735.69,4.06,,4058.33,324.8,0.25,3.0126767755256134,-0.22113353218808918,2.303607826221654,10.641494002181018,1.0473232244743862,Risk-off
2025-10-17,20.78,61.23,98.4144610778333,6735.69,4.06,,4058.33,324.8,0.25,3.0126767755256134,-0.10264047817091226,2.303607826221654,10.641494002181018,1.0473232244743862,Trung tinh
2025-10-18,20.78,61.23,98.4144610778333,6735.69,4.06,,4058.33,324.8,0.25,3.0126767755256134,0.0,2.303607826221654,10.641494002181018,1.0473232244743862,Trung tinh
2025-10-19,20.78,61.23,98.4144610778333,6735.69,4.06,,4058.33,324.8,0.25,3.0126767755256134,0.0,2.303607826221654,10.641494002181018,1.0473232244743862,Trung tinh
2025-10-20,18.23,60.71,98.50916732648889,6735.69,4.06,,4058.33,324.8,0.25,3.0126767755256134,0.09623204518764972,2.303607826221654,10.641494002181018,1.0473232244743862,Trung tinh
2025-10-21,17.87,61.0,98.838052841253,6735.69,4.06,,4058.33,324.8,0.25,3.0126767755256134,0.333862851235045,2.303607826221654,10.641494002181018,1.0473232244743862,Trung tinh
2025-10-22,18.6,62.28,98.85401483967588,6735.69,4.06,,4058.33,324.8,0.25,3.0126767755256134,0.016149648808361228,2.303607826221654,10.641494002181018,1.0473232244743862,Trung tinh
2025-10-23,17.3,66.32,98.98579840014798,6735.69,4.06,,4058.33,324.8,0.25,3.0126767755256134,0.13331128805018633,2.303607826221654,10.641494002181018,1.0473232244743862,Trung tinh
2025-10-24,16.37,65.8,98.9582980736885,6735.69,4.06,,4058.33,324.8,0.25,3.0126767755256134,-0.027782092890049626,2.303607826221654,10.641494002181018,1.0473232244743862,Trung tinh
2025-10-25,16.37,65.8,98.9582980736885,6735.69,4.06,,4058.33,324.8,0.25,3.0126767755256134,0.0,2.303607826221654,10.641494002181018,1.0473232244743862,Trung tinh
2025-10-26,16.37,65.8,98.9582980736885,6735.69,4.06,,4058.33,324.8,0.25,3.0126767755256134,0.0,2.303607826221654,10.641494002181018,1.0473232244743862,Trung tinh
2025-10-27,15.79,65.52,98.8981390235971,6735.69,4.06,,4058.33,324.8,0.25,3.0126767755256134,-0.06079232491105202,2.303607826221654,10.641494002181018,1.0473232244743862,Trung tinh
2025-10-28,16.42,64.03,98.67608545920457,6735.69,4.06,,4058.33,324.8,0.25,3.0126767755256134,-0.22452754580097878,2.303607826221654,10.641494002181018,1.0473232244743862,Trung tinh
2025-10-29,16.92,65.01,98.64784542692128,6735.69,4.06,,4058.33,324.8,0.25,3.0126767755256134,-0.028618922357803722,2.303607826221654,10.641494002181018,1.0473232244743862,Trung tinh
2025-10-30,16.91,65.11,99.5487644747942,6735.69,4.06,,4058.33,324.8,0.25,3.0126767755256134,0.9132678407460126,2.303607826221654,10.641494002181018,1.0473232244743862,Trung tinh
2025-10-31,17.44,65.44,99.70617465724784,6735.69,4.06,,4058.33,324.8,0.25,3.0126767755256134,0.1581236927290064,0.0,0.0,1.0473232244743862,Trung tinh
2025-11-01,17.44,65.44,99.70617465724784,6740.89,4.09,,4087.0,324.122,-0.21,2.6794312940341625,0.0,0.07720070252641431,0.7064482188486432,1.4105687059658374,Trung tinh
2025-11-02,17.44,65.44,99.70617465724784,6740.89,4.09,,4087.0,324.122,-0.21,2.6794312940341625,0.0,0.07720070252641431,0.7064482188486432,1.4105687059658374,Trung tinh
2025-11-03,17.17,65.79,99.78904089958645,6740.89,4.09,,4087.0,324.122,-0.21,2.6794312940341625,0.08311044187931937,0.07720070252641431,0.7064482188486432,1.4105687059658374,Trung tinh
2025-11-04,19.0,65.04,100.09938796213545,6740.89,4.09,,4087.0,324.122,-0.21,2.6794312940341625,0.3110031520007217,0.07720070252641431,0.7064482188486432,1.4105687059658374,Trung tinh
2025-11-05,18.01,63.54,100.19923622867839,6740.89,4.09,,4087.0,324.122,-0.21,2.6794312940341625,0.09974912791745894,0.07720070252641431,0.7064482188486432,1.4105687059658374,Trung tinh
2025-11-06,19.5,63.41,99.7799480687788,6740.89,4.09,,4087.0,324.122,-0.21,2.6794312940341625,-0.41845444704057266,0.07720070252641431,0.7064482188486432,1.4105687059658374,Trung tinh
2025-11-07,19.08,63.72,99.47472265879168,6740.89,4.09,,4087.0,324.122,-0.21,2.6794312940341625,-0.3058985456443897,0.07720070252641431,0.7064482188486432,1.4105687059658374,Trung tinh
2025-11-08,19.08,63.72,99.47472265879168,6740.89,4.09,,4087.0,324.122,-0.21,2.6794312940341625,0.0,0.07720070252641431,0.7064482188486432,1.4105687059658374,Trung tinh
2025-11-09,19.08,63.72,99.47472265879168,6740.89,4.09,,4087.0,324.122,-0.21,2.6794312940341625,0.0,0.07720070252641431,0.7064482188486432,1.4105687059658374,Trung tinh
2025-11-10,17.6,63.01,99.7077794470999,6740.89,4.09,,4087.0,324.122,-0.21,2.6794312940341625,0.23428744718156924,0.07720070252641431,0.7064482188486432,1.4105687059658374,Trung tinh
2025-11-11,17.28,63.86,99.7077794470999,6740.89,4.09,,4087.0,324.122,-0.21,2.6794312940341625,0.0,0.07720070252641431,0.7064482188486432,1.4105687059658374,Trung tinh
2025-11-12,17.51,61.88,99.46321826493536,6740.89,4.09,,4087.0,324.122,-0.21,2.6794312940341625,-0.24527793470145998,0.07720070252641431,0.7064482188486432,1.4105687059658374,Trung tinh
2025-11-13,20.0,62.14,99.03388904362083,6740.89,4.09,,4087.0,324.122,-0.21,2.6794312940341625,-0.43164621938026615,0.07720070252641431,0.7064482188486432,1.4105687059658374,Trung tinh
2025-11-14,19.83,63.45,99.3109377810635,6740.89,4.09,,4087.0,324.122,-0.21,2.6794312940341625,0.2797514468210416,0.07720070252641431,0.7064482188486432,1.4105687059658374,Trung tinh
2025-11-15,19.83,63.45,99.3109377810635,6740.89,4.09,,4087.0,324.122,-0.21,2.6794312940341625,0.0,0.07720070252641431,0.7064482188486432,1.4105687059658374,Trung tinh
2025-11-16,19.83,63.45,99.3109377810635,6740.89,4.09,,4087.0,324.122,-0.21,2.6794312940341625,0.0,0.07720070252641431,0.7064482188486432,1.4105687059658374,Trung tinh
2025-11-17,22.38,63.16,99.44867267858093,6740.89,4.09,,4087.0,324.122,-0.21,2.6794312940341625,0.13869056177988615,0.07720070252641431,0.7064482188486432,1.4105687059658374,Trung tinh
2025-11-18,24.69,64.86,99.59417135668154,6740.89,4.09,,4087.0,324.122,-0.21,2.6794312940341625,0.14630529918771007,0.07720070252641431,0.7064482188486432,1.4105687059658374,Trung tinh
2025-11-19,23.66,63.78,100.05257361971188,6740.89,4.09,,4087.0,324.122,-0.21,2.6794312940341625,0.46027017122181046,0.07720070252641431,0.7064482188486432,1.4105687059658374,Trung tinh
2025-11-20,26.42,63.64,100.17465836918448,6740.89,4.09,,4087.0,324.122,-0.21,2.6794312940341625,0.12202059882699956,0.07720070252641431,0.7064482188486432,1.4105687059658374,Risk-off
2025-11-21,23.43,62.78,100.2481099599575,6740.89,4.09,,4087.0,324.122,-0.21,2.6794312940341625,0.0733235250998554,0.07720070252641431,0.7064482188486432,1.4105687059658374,Trung tinh
2025-11-22,23.43,62.78,100.2481099599575,6740.89,4.09,,4087.0,324.122,-0.21,2.6794312940341625,0.0,0.07720070252641431,0.7064482188486432,1.4105687059658374,Trung tinh
2025-11-23,23.43,62.78,100.2481099599575,6740.89,4.09,,4087.0,324.122,-0.21,2.6794312940341625,0.0,0.07720070252641431,0.7064482188486432,1.4105687059658374,Trung tinh
2025-11-24,20.52,64.83,100.22957294572409,6740.89,4.09,,4087.0,324.122,-0.21,2.6794312940341625,-0.018491135883580423,0.07720070252641431,0.7064482188486432,1.4105687059658374,Trung tinh
2025-11-25,18.56,63.99,99.93480976155095,6740.89,4.09,,4087.0,324.122,-0.21,2.6794312940341625,-0.2940880376021915,0.07720070252641431,0.7064482188486432,1.4105687059658374,Trung tinh
2025-11-26,17.19,64.81,99.61653764099874,6740.89,4.09,,4087.0,324.122,-0.21,2.6794312940341625,-0.3184797382529858,0.07720070252641431,0.7064482188486432,1.4105687059658374,Trung tinh
2025-11-27,17.21,64.18,99.61653764099874,6740.89,4.09,,4087.0,324.122,-0.21,2.6794312940341625,0.0,0.07720070252641431,0.7064482188486432,1.4105687059658374,Trung tinh
2025-11-28,16.35,64.07,99.46631139589879,6740.89,4.09,,4087.0,324.122,-0.21,2.6794312940341625,-0.15080452368395614,0.07720070252641431,0.7064482188486432,1.4105687059658374,Trung tinh
2025-11-29,16.35,64.07,99.46631139589879,6740.89,4.09,,4087.0,324.122,-0.21,2.6794312940341625,0.0,0.07720070252641431,0.7064482188486432,1.4105687059658374,Trung tinh
2025-11-30,16.35,64.07,99.46631139589879,6740.89,4.09,,4087.0,324.122,-0.21,2.6794312940341625,0.0,0.07720070252641431,0.7064482188486432,1.4105687059658374,Trung tinh
2025-12-01,17.24,64.22,99.29077488133566,6853.03,4.14,,4309.0,324.054,-0.02,2.713530886580684,-0.17647835945624468,1.6635785482332466,5.431857107903104,1.4264691134193157,Trung tinh
2025-12-02,16.59,63.37,99.5341104222988,6853.03,4.14,,4309.0,324.054,-0.02,2.713530886580684,0.24507366495420957,1.6635785482332466,5.431857107903104,1.4264691134193157,Trung tinh
2025-12-03,16.08,63.75,98.9386939335909,6853.03,4.14,,4309.0,324.054,-0.02,2.713530886580684,-0.5982034562640792,1.6635785482332466,5.431857107903104,1.4264691134193157,Trung tinh
2025-12-04,15.78,64.15,98.91842226487826,6853.03,4.14,,4309.0,324.054,-0.02,2.713530886580684,-0.020489120996725063,1.6635785482332466,5.431857107903104,1.4264691134193157,Trung tinh
2025-12-05,15.41,64.42,99.06103139699096,6853.03,4.14,,4309.0,324.054,-0.02,2.713530886580684,0.1441684257062148,1.6635785482332466,5.431857107903104,1.4264691134193157,Trung tinh
2025-12-06,15.41,64.42,99.06103139699096,6853.03,4.14,,4309.0,324.054,-0.02,2.713530886580684,0.0,1.6635785482332466,5.431857107903104,1.4264691134193157,Trung tinh
2025-12-07,15.41,64.42,99.06103139699096,6853.03,4.14,,4309.0,324.054,-0.02,2.713530886580684,0.0,1.6635785482332466,5.431857107903104,1.4264691134193157,Trung tinh
2025-12-08,16.66,63.3,99.15757381716044,6853.03,4.14,,4309.0,324.054,-0.02,2.713530886580684,0.0974575156426516,1.6635785482332466,5.431857107903104,1.4264691134193157,Trung tinh
2025-12-09,16.93,62.62,99.13911223522065,6853.03,4.14,,4309.0,324.054,-0.02,2.713530886580684,-0.01861842845592987,1.6635785482332466,5.431857107903104,1.4264691134193157,Trung tinh
2025-12-10,15.77,63.12,98.99079089648835,6853.03,4.14,,4309.0,324.054,-0.02,2.713530886580684,-0.1496093069508153,1.6635785482332466,5.431857107903104,1.4264691134193157,Trung tinh
2025-12-11,14.85,61.87,98.17776358415014,6853.03,4.14,,4309.0,324.054,-0.02,2.713530886580684,-0.821316109281689,1.6635785482332466,5.431857107903104,1.4264691134193157,Risk-on
2025-12-12,15.74,62.11,98.4686733193422,6853.03,4.14,,4309.0,324.054,-0.02,2.713530886580684,0.296309189140076,1.6635785482332466,5.431857107903104,1.4264691134193157,Trung tinh
2025-12-13,15.74,62.11,98.4686733193422,6853.03,4.14,,4309.0,324.054,-0.02,2.713530886580684,0.0,1.6635785482332466,5.431857107903104,1.4264691134193157,Trung tinh
2025-12-14,15.74,62.11,98.4686733193422,6853.03,4.14,,4309.0,324.054,-0.02,2.713530886580684,0.0,1.6635785482332466,5.431857107903104,1.4264691134193157,Trung tinh
2025-12-15,16.5,61.55,98.26460231913158,6853.03,4.14,,4309.0,324.054,-0.02,2.713530886580684,-0.2072445919412358,1.6635785482332466,5.431857107903104,1.4264691134193157,Trung tinh
2025-12-16,16.48,59.93,98.0976948924919,6853.03,4.14,,4309.0,324.054,-0.02,2.713530886580684,-0.1698550878958649,1.6635785482332466,5.431857107903104,1.4264691134193157,Trung tinh
2025-12-17,17.62,60.61,98.34013400149719,6853.03,4.14,,4309.0,324.054,-0.02,2.713530886580684,0.24714047488167967,1.6635785482332466,5.431857107903104,1.4264691134193157,Trung tinh
2025-12-18,16.87,60.69,98.3984759355903,6853.03,4.14,,4309.0,324.054,-0.02,2.713530886580684,0.05932667743997477,1.6635785482332466,5.431857107903104,1.4264691134193157,Trung tinh
2025-12-19,14.91,61.35,98.61549256167689,6853.03,4.14,,4309.0,324.054,-0.02,2.713530886580684,0.22054876767465537,1.6635785482332466,5.431857107903104,1.4264691134193157,Risk-on
2025-12-20,14.91,61.35,98.61549256167689,6853.03,4.14,,4309.0,324.054,-0.02,2.713530886580684,0.0,1.6635785482332466,5.431857107903104,1.4264691134193157,Risk-on
2025-12-21,14.91,61.35,98.61549256167689,6853.03,4.14,,4309.0,324.054,-0.02,2.713530886580684,0.0,1.6635785482332466,5.431857107903104,1.4264691134193157,Risk-on
2025-12-22,14.08,62.22,98.31847869175608,6853.03,4.14,,4309.0,324.054,-0.02,2.713530886580684,-0.3011837817826102,1.6635785482332466,5.431857107903104,1.4264691134193157,Risk-on
2025-12-23,14.0,63.7,98.06057818226928,6853.03,4.14,,4309.0,324.054,-0.02,2.713530886580684,-0.2623113304014435,1.6635785482332466,5.431857107903104,1.4264691134193157,Risk-on
2025-12-24,13.47,63.7,97.94314540780283,6853.03,4.14,,4309.0,324.054,-0.02,2.713530886580684,-0.11975533557243567,1.6635785482332466,5.431857107903104,1.4264691134193157,Risk-on
2025-12-25,13.47,63.7,97.94314540780283,6853.03,4.14,,4309.0,324.054,-0.02,2.713530886580684,0.0,1.6635785482332466,5.431857107903104,1.4264691134193157,Risk-on
2025-12-26,13.6,63.7,98.08806623865635,6853.03,4.14,,4309.0,324.054,-0.02,2.713530886580684,0.14796424012126774,1.6635785482332466,5.431857107903104,1.4264691134193157,Risk-on
2025-12-27,13.6,63.7,98.08806623865635,6853.03,4.14,,4309.0,324.054,-0.02,2.713530886580684,0.0,1.6635785482332466,5.431857107903104,1.4264691134193157,Risk-on
2025-12-28,13.6,63.7,98.08806623865635,6853.03,4.14,,4309.0,324.054,-0.02,2.713530886580684,0.0,1.6635785482332466,5.431857107903104,1.4264691134193157,Risk-on
2025-12-29,14.2,63.1,98.10806280429591,6853.03,4.14,,4309.0,324.054,-0.02,2.713530886580684,0.02038633893639563,1.6635785482332466,5.431857107903104,1.4264691134193157,Risk-on
2025-12-30,14.33,62.3,98.09489298501377,6853.03,4.14,,4309.0,324.054,-0.02,2.713530886580684,-0.013423788938138337,1.6635785482332466,5.431857107903104,1.4264691134193157,Risk-on
2025-12-31,14.95,61.35,98.36176627031935,6853.03,4.14,,4309.0,324.054,-0.02,2.713530886580684,0.27205624797037586,0.0,0.0,1.4264691134193157,Risk-on
2026-01-01,14.95,61.35,98.36176627031935,6929.12,4.21,,4753.0,325.252,0.37,3.056668937437612,0.0,1.1103117890918446,10.304014852634014,1.1533310625623878,Risk-on
2026-01-02,14.51,61.98,98.31412442478654,6929.12,4.21,,4753.0,325.252,0.37,3.056668937437612,-0.04843532943672457,1.1103117890918446,10.304014852634014,1.1533310625623878,Risk-on
2026-01-03,14.51,61.98,98.31412442478654,6929.12,4.21,,4753.0,325.252,0.37,3.056668937437612,0.0,1.1103117890918446,10.304014852634014,1.1533310625623878,Risk-on
2026-01-04,14.51,61.98,98.31412442478654,6929.12,4.21,,4753.0,325.252,0.37,3.056668937437612,0.0,1.1103117890918446,10.304014852634014,1.1533310625623878,Risk-on
2026-01-05,14.9,63.0,98.35740567040392,6929.12,4.21,,4753.0,325.252,0.37,3.056668937437612,0.04402342580032137,1.1103117890918446,10.304014852634014,1.1533310625623878,Risk-on
2026-01-06,14.75,62.1,98.58623967422939,6929.12,4.21,,4753.0,325.252,0.37,3.056668937437612,0.23265559137690683,1.1103117890918446,10.304014852634014,1.1533310625623878,Risk-on
2026-01-07,15.38,61.08,98.62031669288523,6929.12,4.21,,4753.0,325.252,0.37,3.056668937437612,0.03456569473432314,1.1103117890918446,10.304014852634014,1.1533310625623878,Trung tinh
2026-01-08,15.45,63.34,98.90209920320547,6929.12,4.21,,4753.0,325.252,0.37,3.056668937437612,0.2857246049997375,1.1103117890918446,10.304014852634014,1.1533310625623878,Trung tinh
2026-01-09,14.49,65.11,99.13503795828295,6929.12,4.21,,4753.0,325.252,0.37,3.056668937437612,0.23552458133258014,1.1103117890918446,10.304014852634014,1.1533310625623878,Risk-on
2026-01-10,14.49,65.11,99.13503795828295,6929.12,4.21,,4753.0,325.252,0.37,3.056668937437612,0.0,1.1103117890918446,10.304014852634014,1.1533310625623878,Risk-on
2026-01-11,14.49,65.11,99.13503795828295,6929.12,4.21,,4753.0,325.252,0.37,3.056668937437612,0.0,1.1103117890918446,10.304014852634014,1.1533310625623878,Risk-on
2026-01-12,15.12,65.4,98.87560562438105,6929.12,4.21,,4753.0,325.252,0.37,3.056668937437612,-0.2616959041374156,1.1103117890918446,10.304014852634014,1.1533310625623878,Trung tinh
2026-01-13,15.98,67.58,99.1397616336895,6929.12,4.21,,4753.0,325.252,0.37,3.056668937437612,0.26715994065509285,1.1103117890918446,10.304014852634014,1.1533310625623878,Trung tinh
2026-01-14,16.75,68.87,98.98036637006562,6929.12,4.21,,4753.0,325.252,0.37,3.056668937437612,-0.1607783405943919,1.1103117890918446,10.304014852634014,1.1533310625623878,Trung tinh
2026-01-15,15.84,66.16,99.36136610971003,6929.12,4.21,,4753.0,325.252,0.37,3.056668937437612,0.38492455990710717,1.1103117890918446,10.304014852634014,1.1533310625623878,Trung tinh
2026-01-16,15.86,66.97,99.3660074675227,6929.12,4.21,,4753.0,325.252,0.37,3.056668937437612,0.0046711896126261365,1.1103117890918446,10.304014852634014,1.1533310625623878,Trung tinh
2026-01-17,15.86,66.97,99.3660074675227,6929.12,4.21,,4753.0,325.252,0.37,3.056668937437612,0.0,1.1103117890918446,10.304014852634014,1.1533310625623878,Trung tinh
2026-01-18,15.86,66.97,99.3660074675227,6929.12,4.21,,4753.0,325.252,0.37,3.056668937437612,0.0,1.1103117890918446,10.304014852634014,1.1533310625623878,Trung tinh
2026-01-19,18.84,66.91,99.3660074675227,6929.12,4.21,,4753.0,325.252,0.37,3.056668937437612,0.0,1.1103117890918446,10.304014852634014,1.1533310625623878,Trung tinh
2026-01-20,20.09,67.68,98.41972101927082,6929.12,4.21,,4753.0,325.252,0.37,3.056668937437612,-0.9523241120069859,1.1103117890918446,10.304014852634014,1.1533310625623878,Trung tinh
2026-01-21,16.9,66.72,98.64741074871532,6929.12,4.21,,4753.0,325.252,0.37,3.056668937437612,0.23134563590148094,1.1103117890918446,10.304014852634014,1.1533310625623878,Trung tinh
2026-01-22,15.64,65.46,98.39451678265876,6929.12,4.21,,4753.0,325.252,0.37,3.056668937437612,-0.25636148393266556,1.1103117890918446,10.304014852634014,1.1533310625623878,Trung tinh
2026-01-23,16.09,68.16,98.0102563251135,6929.12,4.21,,4753.0,325.252,0.37,3.056668937437612,-0.3905303568836449,1.1103117890918446,10.304014852634014,1.1533310625623878,Trung tinh
2026-01-24,16.09,68.16,98.0102563251135,6929.12,4.21,,4753.0,325.252,0.37,3.056668937437612,0.0,1.1103117890918446,10.304014852634014,1.1533310625623878,Trung tinh
2026-01-25,16.09,68.16,98.0102563251135,6929.12,4.21,,4753.0,325.252,0.37,3.056668937437612,0.0,1.1103117890918446,10.304014852634014,1.1533310625623878,Trung tinh
2026-01-26,16.15,67.7,96.94717472548524,6929.12,4.21,,4753.0,325.252,0.37,3.056668937437612,-1.0846636255106512,1.1103117890918446,10.304014852634014,1.1533310625623878,Trung tinh
2026-01-27,16.35,70.28,96.22075685496338,6929.12,4.21,,4753.0,325.252,0.37,3.056668937437612,-0.7492924601245732,1.1103117890918446,10.304014852634014,1.1533310625623878,Trung tinh
2026-01-28,16.35,70.9,96.46842309185851,6929.12,4.21,,4753.0,325.252,0.37,3.056668937437612,0.25739377343336756,1.1103117890918446,10.304014852634014,1.1533310625623878,Trung tinh
2026-01-29,16.88,71.0,96.33081563124928,6929.12,4.21,,4753.0,325.252,0.37,3.056668937437612,-0.14264508136325738,1.1103117890918446,10.304014852634014,1.1533310625623878,Trung tinh
2026-01-30,17.44,72.25,96.83572525948088,6929.12,4.21,,4753.0,325.252,0.37,3.056668937437612,0.5241413403623385,1.1103117890918446,10.304014852634014,1.1533310625623878,Trung tinh
2026-01-31,17.44,72.25,96.83572525948088,6929.12,4.21,,4753.0,325.252,0.37,3.056668937437612,0.0,0.0,0.0,1.1533310625623878,Trung tinh
2026-02-01,17.44,72.25,96.83572525948088,6893.81,4.13,,5020.0,326.785,0.47,2.8690059841786075,0.0,-0.5095885191770289,5.6175047338522965,1.2609940158213924,Trung tinh
2026-02-02,16.34,67.72,97.52908536302257,6893.81,4.13,,5020.0,326.785,0.47,2.8690059841786075,0.7160168436636027,-0.5095885191770289,5.6175047338522965,1.2609940158213924,Trung tinh
2026-02-03,18.0,70.01,97.37624401048976,6893.81,4.13,,5020.0,326.785,0.47,2.8690059841786075,-0.15671361211264667,-0.5095885191770289,5.6175047338522965,1.2609940158213924,Trung tinh
2026-02-04,18.64,71.15,97.62811707146982,6893.81,4.13,,5020.0,326.785,0.47,2.8690059841786075,0.2586596592829338,-0.5095885191770289,5.6175047338522965,1.2609940158213924,Trung tinh
2026-02-05,21.77,69.87,97.76546761229338,6893.81,4.13,,5020.0,326.785,0.47,2.8690059841786075,0.14068748322064728,-0.5095885191770289,5.6175047338522965,1.2609940158213924,Trung tinh
2026-02-06,17.76,70.45,97.66753530305259,6893.81,4.13,,5020.0,326.785,0.47,2.8690059841786075,-0.1001706549690562,-0.5095885191770289,5.6175047338522965,1.2609940158213924,Trung tinh
2026-02-07,17.76,70.45,97.66753530305259,6893.81,4.13,,5020.0,326.785,0.47,2.8690059841786075,0.0,-0.5095885191770289,5.6175047338522965,1.2609940158213924,Trung tinh
2026-02-08,17.76,70.45,97.66753530305259,6893.81,4.13,,5020.0,326.785,0.47,2.8690059841786075,0.0,-0.5095885191770289,5.6175047338522965,1.2609940158213924,Trung tinh
2026-02-09,17.36,71.19,97.00238340720833,6893.81,4.13,,5020.0,326.785,0.47,2.8690059841786075,-0.6810368397035527,-0.5095885191770289,5.6175047338522965,1.2609940158213924,Trung tinh
2026-02-10,17.79,71.01,96.80468823074617,6893.81,4.13,,5020.0,326.785,0.47,2.8690059841786075,-0.20380445254860602,-0.5095885191770289,5.6175047338522965,1.2609940158213924,Trung tinh
2026-02-11,17.65,71.52,96.79818329841905,6893.81,4.13,,5020.0,326.785,0.47,2.8690059841786075,-0.006719645965502785,-0.5095885191770289,5.6175047338522965,1.2609940158213924,Trung tinh
2026-02-12,20.82,69.8,96.9075857122382,6893.81,4.13,,5020.0,326.785,0.47,2.8690059841786075,0.11302114367361948,-0.5095885191770289,5.6175047338522965,1.2609940158213924,Trung tinh
2026-02-13,20.6,69.96,96.90703486136063,6893.81,4.13,,5020.0,326.785,0.47,2.8690059841786075,-0.0005684290590113328,-0.5095885191770289,5.6175047338522965,1.2609940158213924,Trung tinh
2026-02-14,20.6,69.96,96.90703486136063,6893.81,4.13,,5020.0,326.785,0.47,2.8690059841786075,0.0,-0.5095885191770289,5.6175047338522965,1.2609940158213924,Trung tinh
2026-02-15,20.6,69.96,96.90703486136063,6893.81,4.13,,5020.0,326.785,0.47,2.8690059841786075,0.0,-0.5095885191770289,5.6175047338522965,1.2609940158213924,Trung tinh
2026-02-16,21.2,70.81,96.90703486136063,6893.81,4.13,,5020.0,326.785,0.47,2.8690059841786075,0.0,-0.5095885191770289,5.6175047338522965,1.2609940158213924,Trung tinh
2026-02-17,20.29,69.77,97.30957534528397,6893.81,4.13,,5020.0,326.785,0.47,2.8690059841786075,0.4153882992078417,-0.5095885191770289,5.6175047338522965,1.2609940158213924,Trung tinh
2026-02-18,19.62,71.78,97.50563201256227,6893.81,4.13,,5020.0,326.785,0.47,2.8690059841786075,0.2014772611869109,-0.5095885191770289,5.6175047338522965,1.2609940158213924,Trung tinh
2026-02-19,20.23,73.17,97.92243507493306,6893.81,4.13,,5020.0,326.785,0.47,2.8690059841786075,0.4274656281568312,-0.5095885191770289,5.6175047338522965,1.2609940158213924,Trung tinh
2026-02-20,19.09,72.75,97.76931198366033,6893.81,4.13,,5020.0,326.785,0.47,2.8690059841786075,-0.15637181730168148,-0.5095885191770289,5.6175047338522965,1.2609940158213924,Trung tinh
2026-02-21,19.09,72.75,97.76931198366033,6893.81,4.13,,5020.0,326.785,0.47,2.8690059841786075,0.0,-0.5095885191770289,5.6175047338522965,1.2609940158213924,Trung tinh
2026-02-22,19.09,72.75,97.76931198366033,6893.81,4.13,,5020.0,326.785,0.47,2.8690059841786075,0.0,-0.5095885191770289,5.6175047338522965,1.2609940158213924,Trung tinh
2026-02-23,21.01,71.9,97.58210925864721,6893.81,4.13,,5020.0,326.785,0.47,2.8690059841786075,-0.19147391059110008,-0.5095885191770289,5.6175047338522965,1.2609940158213924,Trung tinh
2026-02-24,19.55,71.21,97.7500426673369,6893.81,4.13,,5020.0,326.785,0.47,2.8690059841786075,0.17209446482098212,-0.5095885191770289,5.6175047338522965,1.2609940158213924,Trung tinh
2026-02-25,17.93,70.69,97.70244284205465,6893.81,4.13,,5020.0,326.785,0.47,2.8690059841786075,-0.048695452179225995,-0.5095885191770289,5.6175047338522965,1.2609940158213924,Trung tinh
2026-02-26,18.63,71.66,97.79790731054165,6893.81,4.13,,5020.0,326.785,0.47,2.8690059841786075,0.09770939774895737,-0.5095885191770289,5.6175047338522965,1.2609940158213924,Trung tinh
2026-02-27,19.86,71.32,97.62123515580231,6893.81,4.13,,5020.0,326.785,0.47,2.8690059841786075,-0.18065024047839717,-0.5095885191770289,5.6175047338522965,1.2609940158213924,Trung tinh
2026-02-28,19.86,71.32,97.62123515580231,6893.81,4.13,,5020.0,326.785,0.47,2.8690059841786075,0.0,-0.5095885191770289,5.6175047338522965,1.2609940158213924,Trung tinh
2026-03-01,19.86,71.32,97.62123515580231,6654.42,4.25,,4856.0,330.213,1.05,3.488444976526428,0.0,-3.9644283834022187,2.1670523879654846,0.761555023473572,Trung tinh
2026-03-02,21.44,77.24,98.58876873529633,6654.42,4.25,,4856.0,330.213,1.05,3.488444976526428,0.9911097497894206,-3.9644283834022187,2.1670523879654846,0.761555023473572,Trung tinh
2026-03-03,23.57,83.28,99.12574568544241,6654.42,4.25,,4856.0,330.213,1.05,3.488444976526428,0.5446634104822046,-3.472535506490615,-3.266932270916334,0.761555023473572,Trung tinh
2026-03-04,21.15,81.56,98.79286872470786,6654.42,4.25,,4856.0,330.213,1.05,3.488444976526428,-0.3358128187916809,-3.472535506490615,-3.266932270916334,0.761555023473572,Trung tinh
2026-03-05,23.75,88.59,99.21832373665431,6654.42,4.25,,4856.0,330.213,1.05,3.488444976526428,0.4306535658277211,-3.472535506490615,-3.266932270916334,0.761555023473572,Trung tinh
2026-03-06,29.49,95.74,98.94265102728637,6654.42,4.25,,4856.0,330.213,1.05,3.488444976526428,-0.27784455429787913,-3.472535506490615,-3.266932270916334,0.761555023473572,Risk-off
2026-03-07,29.49,95.74,98.94265102728637,6654.42,4.25,,4856.0,330.213,1.05,3.488444976526428,0.0,-3.472535506490615,-3.266932270916334,0.761555023473572,Risk-off
2026-03-08,29.49,95.74,98.94265102728637,6654.42,4.25,,4856.0,330.213,1.05,3.488444976526428,0.0,-3.472535506490615,-3.266932270916334,0.761555023473572,Risk-off
2026-03-09,25.5,94.35,99.0494409710201,6654.42,4.25,,4856.0,330.213,1.05,3.488444976526428,0.10793115266769515,-3.472535506490615,-3.266932270916334,0.761555023473572,Risk-off
2026-03-10,24.93,89.84,98.61845567885236,6654.42,4.25,,4856.0,330.213,1.05,3.488444976526428,-0.4351213777106011,-3.472535506490615,-3.266932270916334,0.761555023473572,Trung tinh
2026-03-11,24.23,90.98,99.27410966612506,6654.42,4.25,,4856.0,330.213,1.05,3.488444976526428,0.6648390331803755,-3.472535506490615,-3.266932270916334,0.761555023473572,Trung tinh
2026-03-12,27.29,102.38,99.64423084619955,6654.42,4.25,,4856.0,330.213,1.05,3.488444976526428,0.3728274988506808,-3.472535506490615,-3.266932270916334,0.761555023473572,Risk-off
2026-03-13,27.19,103.23,100.30398990480242,6654.42,4.25,,4856.0,330.213,1.05,3.488444976526428,0.6621146583199566,-3.472535506490615,-3.266932270916334,0.761555023473572,Risk-off
2026-03-14,27.19,103.23,100.30398990480242,6654.42,4.25,,4856.0,330.213,1.05,3.488444976526428,0.0,-3.472535506490615,-3.266932270916334,0.761555023473572,Risk-off
2026-03-15,27.19,103.23,100.30398990480242,6654.42,4.25,,4856.0,330.213,1.05,3.488444976526428,0.0,-3.472535506490615,-3.266932270916334,0.761555023473572,Risk-off
2026-03-16,23.51,101.04,99.94043917153108,6654.42,4.25,,4856.0,330.213,1.05,3.488444976526428,-0.3624489251288776,-3.472535506490615,-3.266932270916334,0.761555023473572,Trung tinh
2026-03-17,22.37,108.39,99.66254566987314,6654.42,4.25,,4856.0,330.213,1.05,3.488444976526428,-0.27805911597105215,-3.472535506490615,-3.266932270916334,0.761555023473572,Trung tinh
2026-03-18,25.09,118.09,99.81929415075135,6654.42,4.25,,4856.0,330.213,1.05,3.488444976526428,0.15727922643822279,-3.472535506490615,-3.266932270916334,0.761555023473572,Risk-off
2026-03-19,24.06,111.05,99.69517407546265,6654.42,4.25,,4856.0,330.213,1.05,3.488444976526428,-0.12434477356777496,-3.472535506490615,-3.266932270916334,0.761555023473572,Trung tinh
2026-03-20,26.78,118.42,99.6939130284064,6654.42,4.25,,4856.0,330.213,1.05,3.488444976526428,-0.0012649028079292357,-3.472535506490615,-3.266932270916334,0.761555023473572,Risk-off
2026-03-21,26.78,118.42,99.6939130284064,6654.42,4.25,,4856.0,330.213,1.05,3.488444976526428,0.0,-3.472535506490615,-3.266932270916334,0.761555023473572,Risk-off
2026-03-22,26.78,118.42,99.6939130284064,6654.42,4.25,,4856.0,330.213,1.05,3.488444976526428,0.0,-3.472535506490615,-3.266932270916334,0.761555023473572,Risk-off
2026-03-23,26.15,103.79,99.33275611635288,6654.42,4.25,,4856.0,330.213,1.05,3.488444976526428,-0.36226576034849023,-3.472535506490615,-3.266932270916334,0.761555023473572,Risk-off
2026-03-24,26.95,108.42,99.438375173981,6654.42,4.25,,4856.0,330.213,1.05,3.488444976526428,0.10632852822929362,-3.472535506490615,-3.266932270916334,0.761555023473572,Risk-off
2026-03-25,25.33,109.14,99.5439969179018,6654.42,4.25,,4856.0,330.213,1.05,3.488444976526428,0.10621829221966195,-3.472535506490615,-3.266932270916334,0.761555023473572,Risk-off
2026-03-26,27.44,113.39,99.80890813695368,6654.42,4.25,,4856.0,330.213,1.05,3.488444976526428,0.2661247561421165,-3.472535506490615,-3.266932270916334,0.761555023473572,Risk-off
2026-03-27,31.05,121.47,100.07552760953033,6654.42,4.25,,4856.0,330.213,1.05,3.488444976526428,0.2671299361483914,-3.472535506490615,-3.266932270916334,0.761555023473572,Risk-off
2026-03-28,31.05,121.47,100.07552760953033,6654.42,4.25,,4856.0,330.213,1.05,3.488444976526428,0.0,-3.472535506490615,-3.266932270916334,0.761555023473572,Risk-off
2026-03-29,31.05,121.47,100.07552760953033,6654.42,4.25,,4856.0,330.213,1.05,3.488444976526428,0.0,-3.472535506490615,-3.266932270916334,0.761555023473572,Risk-off
2026-03-30,30.61,121.88,100.52619242790013,6654.42,4.25,,4856.0,330.213,1.05,3.488444976526428,0.4503246988896148,-3.472535506490615,-3.266932270916334,0.761555023473572,Risk-off
2026-03-31,25.25,126.69,100.19596218952974,6654.42,4.25,,4856.0,330.213,1.05,3.488444976526428,-0.3285016873659452,0.0,0.0,0.761555023473572,Risk-off
2026-04-01,24.54,119.56,99.38633051818063,6957.01,4.32,,4721.0,333.02,0.85,4.134159268790705,-0.8080482023992364,4.547203212300999,-2.7800658978583193,0.18584073120929556,Trung tinh
2026-04-02,23.87,127.61,99.93102660648077,6957.01,4.32,,4721.0,333.02,0.85,4.134159268790705,0.5480593613429674,4.547203212300999,-2.7800658978583193,0.18584073120929556,Trung tinh
2026-04-03,23.87,127.61,100.15591922463732,6957.01,4.32,,4721.0,333.02,0.85,4.134159268790705,0.2250478412897161,4.547203212300999,-2.7800658978583193,0.18584073120929556,Trung tinh
2026-04-04,23.87,127.61,100.15591922463732,6957.01,4.32,,4721.0,333.02,0.85,4.134159268790705,0.0,4.547203212300999,-2.7800658978583193,0.18584073120929556,Trung tinh
2026-04-05,23.87,127.61,100.15591922463732,6957.01,4.32,,4721.0,333.02,0.85,4.134159268790705,0.0,4.547203212300999,-2.7800658978583193,0.18584073120929556,Trung tinh
2026-04-06,24.17,127.61,99.97584164365071,6957.01,4.32,,4721.0,333.02,0.85,4.134159268790705,-0.17979724252015217,4.547203212300999,-2.7800658978583193,0.18584073120929556,Trung tinh
2026-04-07,25.78,138.21,99.90050438540915,6957.01,4.32,,4721.0,333.02,0.85,4.134159268790705,-0.07535546288280903,4.547203212300999,-2.7800658978583193,0.18584073120929556,Risk-off
2026-04-08,21.04,122.11,98.85283151359424,6957.01,4.32,,4721.0,333.02,0.85,4.134159268790705,-1.0487162985414633,4.547203212300999,-2.7800658978583193,0.18584073120929556,Trung tinh
2026-04-09,19.49,119.03,98.75308845461235,6957.01,4.32,,4721.0,333.02,0.85,4.134159268790705,-0.10090055839034884,4.547203212300999,-2.7800658978583193,0.18584073120929556,Trung tinh
2026-04-10,19.23,119.07,98.68951956046527,6957.01,4.32,,4721.0,333.02,0.85,4.134159268790705,-0.06437155044147769,4.547203212300999,-2.7800658978583193,0.18584073120929556,Trung tinh
2026-04-11,19.23,119.07,98.68951956046527,6957.01,4.32,,4721.0,333.02,0.85,4.134159268790705,0.0,4.547203212300999,-2.7800658978583193,0.18584073120929556,Trung tinh
2026-04-12,19.23,119.07,98.68951956046527,6957.01,4.32,,4721.0,333.02,0.85,4.134159268790705,0.0,4.547203212300999,-2.7800658978583193,0.18584073120929556,Trung tinh
2026-04-13,19.12,123.28,98.76660614150866,6957.01,4.32,,4721.0,333.02,0.85,4.134159268790705,0.07811019993482216,4.547203212300999,-2.7800658978583193,0.18584073120929556,Trung tinh
2026-04-14,18.36,118.69,98.13134686070846,6957.01,4.32,,4721.0,333.02,0.85,4.134159268790705,-0.6431923760648717,4.547203212300999,-2.7800658978583193,0.18584073120929556,Trung tinh
2026-04-15,18.17,114.93,98.07502606040387,6957.01,4.32,,4721.0,333.02,0.85,4.134159268790705,-0.05739328166415314,4.547203212300999,-2.7800658978583193,0.18584073120929556,Trung tinh
2026-04-16,17.94,116.63,98.180359528685,6957.01,4.32,,4721.0,333.02,0.85,4.134159268790705,0.10740090776653055,4.547203212300999,-2.7800658978583193,0.18584073120929556,Trung tinh
2026-04-17,17.48,98.63,97.93277504227359,6957.01,4.32,,4721.0,333.02,0.85,4.134159268790705,-0.252173130756439,4.547203212300999,-2.7800658978583193,0.18584073120929556,Trung tinh
2026-04-18,17.48,98.63,97.93277504227359,6957.01,4.32,,4721.0,333.02,0.85,4.134159268790705,0.0,4.547203212300999,-2.7800658978583193,0.18584073120929556,Trung tinh
2026-04-19,17.48,98.63,97.93277504227359,6957.01,4.32,,4721.0,333.02,0.85,4.134159268790705,0.0,4.547203212300999,-2.7800658978583193,0.18584073120929556,Trung tinh
2026-04-20,18.87,103.4,98.04134718103714,6957.01,4.32,,4721.0,333.02,0.85,4.134159268790705,0.11086394592279003,4.547203212300999,-2.7800658978583193,0.18584073120929556,Trung tinh
2026-04-21,19.5,106.14,98.3097245849549,6957.01,4.32,,4721.0,333.02,0.85,4.134159268790705,0.2737390005690177,4.547203212300999,-2.7800658978583193,0.18584073120929556,Trung tinh
2026-04-22,18.92,113.44,98.55488997322828,6957.01,4.32,,4721.0,333.02,0.85,4.134159268790705,0.2493806073696314,4.547203212300999,-2.7800658978583193,0.18584073120929556,Trung tinh
2026-04-23,19.31,113.25,98.63097415918922,6957.01,4.32,,4721.0,333.02,0.85,4.134159268790705,0.0771998081288583,4.547203212300999,-2.7800658978583193,0.18584073120929556,Trung tinh
2026-04-24,18.71,111.86,98.53883868206852,6957.01,4.32,,4721.0,333.02,0.85,4.134159268790705,-0.09341434362394319,4.547203212300999,-2.7800658978583193,0.18584073120929556,Trung tinh
2026-04-25,18.71,111.86,98.53883868206852,6957.01,4.32,,4721.0,333.02,0.85,4.134159268790705,0.0,4.547203212300999,-2.7800658978583193,0.18584073120929556,Trung tinh
2026-04-26,18.71,111.86,98.53883868206852,6957.01,4.32,,4721.0,333.02,0.85,4.134159268790705,0.0,4.547203212300999,-2.7800658978583193,0.18584073120929556,Trung tinh
2026-04-27,18.02,113.89,98.39050041979483,6957.01,4.32,,4721.0,333.02,0.85,4.134159268790705,-0.1505378633010812,4.547203212300999,-2.7800658978583193,0.18584073120929556,Trung tinh
2026-04-28,17.83,117.62,98.60463114149019,6957.01,4.32,,4721.0,333.02,0.85,4.134159268790705,0.21763353248711592,4.547203212300999,-2.7800658978583193,0.18584073120929556,Trung tinh
2026-04-29,18.81,124.16,98.80179887531435,6957.01,4.32,,4721.0,333.02,0.85,4.134159268790705,0.19995788386575342,4.547203212300999,-2.7800658978583193,0.18584073120929556,Trung tinh
2026-04-30,16.89,124.24,98.1633180472584,6957.01,4.32,,4721.0,333.02,0.85,4.134159268790705,-0.6462238899735961,4.547203212300999,-2.7800658978583193,0.18584073120929556,Trung tinh
2026-05-01,16.99,118.26,97.94858235679483,7412.55,4.48,,4587.0,335.123,0.63,4.466403778113737,-0.21875349645392728,6.547927917309293,-2.8383816987926247,0.013596221886263749,Trung tinh
2026-05-02,16.99,118.26,97.94858235679483,7412.55,4.48,,4587.0,335.123,0.63,4.466403778113737,0.0,6.547927917309293,-2.8383816987926247,0.013596221886263749,Trung tinh
2026-05-03,16.99,118.26,97.94858235679483,7412.55,4.48,,4587.0,335.123,0.63,4.466403778113737,0.0,6.547927917309293,-2.8383816987926247,0.013596221886263749,Trung tinh
2026-05-04,18.29,118.26,98.41092695809736,7412.55,4.48,,4587.0,335.123,0.63,4.466403778113737,0.4720278641893616,6.547927917309293,-2.8383816987926247,0.013596221886263749,Trung tinh
2026-05-05,17.38,114.51,98.35550546086189,7412.55,4.48,,4587.0,335.123,0.63,4.466403778113737,-0.056316406062373314,6.547927917309293,-2.8383816987926247,0.013596221886263749,Trung tinh
2026-05-06,17.39,103.7,97.9960867935723,7412.55,4.48,,4587.0,335.123,0.63,4.466403778113737,-0.3654281126465375,6.547927917309293,-2.8383816987926247,0.013596221886263749,Trung tinh
2026-05-07,17.08,101.82,97.93776959305323,7412.55,4.48,,4587.0,335.123,0.63,4.466403778113737,-0.059509723732042996,6.547927917309293,-2.8383816987926247,0.013596221886263749,Trung tinh
2026-05-08,17.19,103.48,97.92232093777727,7412.55,4.48,,4587.0,335.123,0.63,4.466403778113737,-0.01577395047911434,6.547927917309293,-2.8383816987926247,0.013596221886263749,Trung tinh
2026-05-09,17.19,103.48,97.92232093777727,7412.55,4.48,,4587.0,335.123,0.63,4.466403778113737,0.0,6.547927917309293,-2.8383816987926247,0.013596221886263749,Trung tinh
2026-05-10,17.19,103.48,97.92232093777727,7412.55,4.48,,4587.0,335.123,0.63,4.466403778113737,0.0,6.547927917309293,-2.8383816987926247,0.013596221886263749,Trung tinh
2026-05-11,18.38,106.11,97.88498952834212,7412.55,4.48,,4587.0,335.123,0.63,4.466403778113737,-0.038123493272668174,6.547927917309293,-2.8383816987926247,0.013596221886263749,Trung tinh
2026-05-12,17.99,111.37,98.36405845514729,7412.55,4.48,,4587.0,335.123,0.63,4.466403778113737,0.4894202156158656,6.547927917309293,-2.8383816987926247,0.013596221886263749,Trung tinh
2026-05-13,17.87,110.28,98.48947477672903,7412.55,4.48,,4587.0,335.123,0.63,4.466403778113737,0.1275021827600975,6.547927917309293,-2.8383816987926247,0.013596221886263749,Trung tinh
2026-05-14,17.26,110.91,98.73352066201537,7412.55,4.48,,4587.0,335.123,0.63,4.466403778113737,0.2477887975741444,6.547927917309293,-2.8383816987926247,0.013596221886263749,Trung tinh
2026-05-15,18.43,113.96,99.24690667575764,7412.55,4.48,,4587.0,335.123,0.63,4.466403778113737,0.5199713433694964,6.547927917309293,-2.8383816987926247,0.013596221886263749,Trung tinh
2026-05-16,18.43,113.96,99.24690667575764,7412.55,4.48,,4587.0,335.123,0.63,4.466403778113737,0.0,6.547927917309293,-2.8383816987926247,0.013596221886263749,Trung tinh
2026-05-17,18.43,113.96,99.24690667575764,7412.55,4.48,,4587.0,335.123,0.63,4.466403778113737,0.0,6.547927917309293,-2.8383816987926247,0.013596221886263749,Trung tinh
2026-05-18,17.82,116.73,99.03865218492678,7412.55,4.48,,4587.0,335.123,0.63,4.466403778113737,-0.20983474226682342,6.547927917309293,-2.8383816987926247,0.013596221886263749,Trung tinh
2026-05-19,18.06,114.64,99.33886715041436,7412.55,4.48,,4587.0,335.123,0.63,4.466403778113737,0.3031290903747541,6.547927917309293,-2.8383816987926247,0.013596221886263749,Trung tinh
2026-05-20,17.44,108.93,99.15064146774303,7412.55,4.48,,4587.0,335.123,0.63,4.466403778113737,-0.18947838652753068,6.547927917309293,-2.8383816987926247,0.013596221886263749,Trung tinh
2026-05-21,16.76,105.84,99.41538064545124,7412.55,4.48,,4587.0,335.123,0.63,4.466403778113737,0.2670070246538314,6.547927917309293,-2.8383816987926247,0.013596221886263749,Trung tinh
2026-05-22,16.7,106.9,99.30866645395669,7412.55,4.48,,4587.0,335.123,0.63,4.466403778113737,-0.10734173203553743,6.547927917309293,-2.8383816987926247,0.013596221886263749,Trung tinh
2026-05-23,16.7,106.9,99.30866645395669,7412.55,4.48,,4587.0,335.123,0.63,4.466403778113737,0.0,6.547927917309293,-2.8383816987926247,0.013596221886263749,Trung tinh
2026-05-24,16.7,106.9,99.30866645395669,7412.55,4.48,,4587.0,335.123,0.63,4.466403778113737,0.0,6.547927917309293,-2.8383816987926247,0.013596221886263749,Trung tinh
2026-05-25,16.59,106.9,99.30866645395669,7412.55,4.48,,4587.0,335.123,0.63,4.466403778113737,0.0,6.547927917309293,-2.8383816987926247,0.013596221886263749,Trung tinh
2026-05-26,17.01,102.75,99.22510383856614,7412.55,4.48,,4587.0,335.123,0.63,4.466403778113737,-0.08414433339439809,6.547927917309293,-2.8383816987926247,0.013596221886263749,Trung tinh
2026-05-27,16.29,97.11,99.1922157289464,7412.55,4.48,,4587.0,335.123,0.63,4.466403778113737,-0.03314494855379824,6.547927917309293,-2.8383816987926247,0.013596221886263749,Trung tinh
2026-05-28,15.74,95.47,99.03311711925393,7412.55,4.48,,4587.0,335.123,0.63,4.466403778113737,-0.16039424920925027,6.547927917309293,-2.8383816987926247,0.013596221886263749,Trung tinh
2026-05-29,15.32,92.88,98.80427384921906,7412.55,4.48,,4587.0,335.123,0.63,4.466403778113737,-0.23107751900740547,6.547927917309293,-2.8383816987926247,0.013596221886263749,Trung tinh
2026-05-30,15.32,92.88,98.80427384921906,7412.55,4.48,,4587.0,335.123,0.63,4.466403778113737,0.0,6.547927917309293,-2.8383816987926247,0.013596221886263749,Trung tinh
2026-05-31,15.32,92.88,98.80427384921906,7412.55,4.48,,4587.0,335.123,0.63,4.466403778113737,0.0,0.0,0.0,0.013596221886263749,Trung tinh
2026-06-01,16.05,98.29,99.23717922770211,7450.03,4.47,,4228.0,333.952,-0.35,3.8844042119670963,0.4381443854784006,0.5056289670895886,-7.826466099847396,0.5855957880329035,Trung tinh
2026-06-02,15.77,98.49,99.12160516552724,7450.03,4.47,,4228.0,333.952,-0.35,3.8844042119670963,-0.11646246202714483,0.5056289670895886,-7.826466099847396,0.5855957880329035,Trung tinh
2026-06-03,16.06,101.69,99.46052952051353,7450.03,4.47,,4228.0,333.952,-0.35,3.8844042119670963,0.3419278313948837,0.5056289670895886,-7.826466099847396,0.5855957880329035,Trung tinh
2026-06-04,15.4,98.98,99.30795454707422,7450.03,4.47,,4228.0,333.952,-0.35,3.8844042119670963,-0.1534025348295054,0.5056289670895886,-7.826466099847396,0.5855957880329035,Trung tinh
2026-06-05,21.51,97.29,99.98628475839146,7450.03,4.47,,4228.0,333.952,-0.35,3.8844042119670963,0.6830572781515665,0.5056289670895886,-7.826466099847396,0.5855957880329035,Trung tinh
2026-06-06,21.51,97.29,99.98628475839146,7450.03,4.47,,4228.0,333.952,-0.35,3.8844042119670963,0.0,0.5056289670895886,-7.826466099847396,0.5855957880329035,Trung tinh
2026-06-07,21.51,97.29,99.98628475839146,7450.03,4.47,,4228.0,333.952,-0.35,3.8844042119670963,0.0,0.5056289670895886,-7.826466099847396,0.5855957880329035,Trung tinh
2026-06-08,18.92,97.46,99.92928584701403,7450.03,4.47,,4228.0,333.952,-0.35,3.8844042119670963,-0.0570067299881849,0.5056289670895886,-7.826466099847396,0.5855957880329035,Trung tinh
2026-06-09,19.87,94.15,99.86646001820966,7450.03,4.47,,4228.0,333.952,-0.35,3.8844042119670963,-0.06287028699529795,0.5056289670895886,-7.826466099847396,0.5855957880329035,Trung tinh
2026-06-10,22.22,95.73,99.91098505191843,7450.03,4.47,,4228.0,333.952,-0.35,3.8844042119670963,0.04458457193801113,0.5056289670895886,-7.826466099847396,0.5855957880329035,Trung tinh
2026-06-11,19.44,92.84,100.22555170875407,7450.03,4.47,,4228.0,333.952,-0.35,3.8844042119670963,0.314846917655931,0.5056289670895886,-7.826466099847396,0.5855957880329035,Trung tinh
2026-06-12,17.68,88.64,99.74717438455266,7450.03,4.47,,4228.0,333.952,-0.35,3.8844042119670963,-0.47730076417191736,0.5056289670895886,-7.826466099847396,0.5855957880329035,Trung tinh
2026-06-13,17.68,88.64,99.74717438455266,7450.03,4.47,,4228.0,333.952,-0.35,3.8844042119670963,0.0,0.5056289670895886,-7.826466099847396,0.5855957880329035,Trung tinh
2026-06-14,17.68,88.64,99.74717438455266,7450.03,4.47,,4228.0,333.952,-0.35,3.8844042119670963,0.0,0.5056289670895886,-7.826466099847396,0.5855957880329035,Trung tinh
2026-06-15,16.2,84.36,99.5816223408492,7450.03,4.47,,4228.0,333.952,-0.35,3.8844042119670963,-0.16597166258085494,0.5056289670895886,-7.826466099847396,0.5855957880329035,Trung tinh
2026-06-16,16.41,80.5,99.49965279527638,7450.03,4.47,,4228.0,333.952,-0.35,3.8844042119670963,-0.08231392866070442,0.5056289670895886,-7.826466099847396,0.5855957880329035,Trung tinh
2026-06-17,18.44,80.33,99.67408966124577,7450.03,4.47,,4228.0,333.952,-0.35,3.8844042119670963,0.17531404489250502,0.5056289670895886,-7.826466099847396,0.5855957880329035,Trung tinh
2026-06-18,16.4,79.35,100.73683675213043,7450.03,4.47,,4228.0,333.952,-0.35,3.8844042119670963,1.0662220186776095,0.5056289670895886,-7.826466099847396,0.5855957880329035,Trung tinh
2026-06-19,16.78,80.46,100.73683675213043,7450.03,4.47,,4228.0,333.952,-0.35,3.8844042119670963,0.0,0.5056289670895886,-7.826466099847396,0.5855957880329035,Trung tinh
2026-06-20,16.78,80.46,100.73683675213043,7450.03,4.47,,4228.0,333.952,-0.35,3.8844042119670963,0.0,0.5056289670895886,-7.826466099847396,0.5855957880329035,Trung tinh
2026-06-21,16.78,80.46,100.73683675213043,7450.03,4.47,,4228.0,333.952,-0.35,3.8844042119670963,0.0,0.5056289670895886,-7.826466099847396,0.5855957880329035,Trung tinh
2026-06-22,17.28,76.49,100.98119399731823,7450.03,4.47,,4228.0,333.952,-0.35,3.8844042119670963,0.24256990100757214,0.5056289670895886,-7.826466099847396,0.5855957880329035,Trung tinh
2026-06-23,19.49,75.69,101.36154022477541,7450.03,4.47,,4228.0,333.952,-0.35,3.8844042119670963,0.37665055482238863,0.5056289670895886,-7.826466099847396,0.5855957880329035,Trung tinh
2026-06-24,18.63,72.09,101.64405658347094,7450.03,4.47,,4228.0,333.952,-0.35,3.8844042119670963,0.27872145398446513,0.5056289670895886,-7.826466099847396,0.5855957880329035,Trung tinh
2026-06-25,18.89,73.74,101.32276179209312,7450.03,4.47,,4228.0,333.952,-0.35,3.8844042119670963,-0.31609796202296536,0.5056289670895886,-7.826466099847396,0.5855957880329035,Trung tinh
2026-06-26,18.41,70.16,101.21961919270417,7450.03,4.47,,4228.0,333.952,-0.35,3.8844042119670963,-0.10179607974029059,0.5056289670895886,-7.826466099847396,0.5855957880329035,Trung tinh
2026-06-27,18.41,70.16,101.21961919270417,7450.03,4.47,,4228.0,333.952,-0.35,3.8844042119670963,0.0,0.5056289670895886,-7.826466099847396,0.5855957880329035,Trung tinh
2026-06-28,18.41,70.16,101.21961919270417,7450.03,4.47,,4228.0,333.952,-0.35,3.8844042119670963,0.0,0.5056289670895886,-7.826466099847396,0.5855957880329035,Trung tinh
2026-06-29,17.65,71.59,101.11984591332529,7450.03,4.47,,4228.0,333.952,-0.35,3.8844042119670963,-0.09857108747755028,0.5056289670895886,-7.826466099847396,0.5855957880329035,Trung tinh
2026-06-30,16.45,70.46,101.20335245404921,7450.03,4.47,,4228.0,333.952,-0.35,3.8844042119670963,0.08258175234512333,0.5056289670895886,-7.826466099847396,0.5855957880329035,Trung tinh
2026-07-01,16.59,69.24,101.34412201188954,7481.34,4.6,,4073.0,333.918,-0.01,3.5208844218612922,0.13909574577013473,0.4202667640264668,-3.6660359508041584,1.0791155781387074,Trung tinh
2026-07-02,16.15,68.53,100.74271381398722,7481.34,4.6,,4073.0,333.918,-0.01,3.5208844218612922,-0.5934317511101073,0.4202667640264668,-3.6660359508041584,1.0791155781387074,Trung tinh
2026-07-03,15.81,68.68,100.74271381398722,7481.34,4.6,,4073.0,333.918,-0.01,3.5208844218612922,0.0,0.4202667640264668,-3.6660359508041584,1.0791155781387074,Trung tinh
2026-07-04,15.81,68.68,100.74271381398722,7481.34,4.6,,4073.0,333.918,-0.01,3.5208844218612922,0.0,0.4202667640264668,-3.6660359508041584,1.0791155781387074,Trung tinh
2026-07-05,15.81,68.68,100.74271381398722,7481.34,4.6,,4073.0,333.918,-0.01,3.5208844218612922,0.0,0.4202667640264668,-3.6660359508041584,1.0791155781387074,Trung tinh
2026-07-06,15.57,69.56,101.00209418544166,7481.34,4.6,,4073.0,333.918,-0.01,3.5208844218612922,0.2574681201594098,0.4202667640264668,-3.6660359508041584,1.0791155781387074,Trung tinh
2026-07-07,16.13,71.78,100.98244209541006,7481.34,4.6,,4073.0,333.918,-0.01,3.5208844218612922,-0.019457111449117104,0.4202667640264668,-3.6660359508041584,1.0791155781387074,Trung tinh
2026-07-08,16.9,76.5,101.23904613503271,7481.34,4.6,,4073.0,333.918,-0.01,3.5208844218612922,0.25410757979114074,0.4202667640264668,-3.6660359508041584,1.0791155781387074,Trung tinh
2026-07-09,15.84,74.46,100.87119582787655,7481.34,4.6,,4073.0,333.918,-0.01,3.5208844218612922,-0.3633482546502087,0.4202667640264668,-3.6660359508041584,1.0791155781387074,Trung tinh
2026-07-10,15.03,74.34,100.75732389770555,7481.34,4.6,,4073.0,333.918,-0.01,3.5208844218612922,-0.11288845069836739,0.4202667640264668,-3.6660359508041584,1.0791155781387074,Trung tinh
2026-07-11,15.03,74.34,100.75732389770555,7481.34,4.6,,4073.0,333.918,-0.01,3.5208844218612922,0.0,0.4202667640264668,-3.6660359508041584,1.0791155781387074,Trung tinh
2026-07-12,15.03,74.34,100.75732389770555,7481.34,4.6,,4073.0,333.918,-0.01,3.5208844218612922,0.0,0.4202667640264668,-3.6660359508041584,1.0791155781387074,Trung tinh
2026-07-13,17.16,81.62,101.10641809937479,7481.34,4.6,,4073.0,333.918,-0.01,3.5208844218612922,0.34647029929424367,0.4202667640264668,-3.6660359508041584,1.0791155781387074,Trung tinh
2026-07-14,16.5,83.69,100.8858189662648,7481.34,4.6,,4073.0,333.918,-0.01,3.5208844218612922,-0.21818509374269546,0.4202667640264668,-3.6660359508041584,1.0791155781387074,Trung tinh
2026-07-15,15.67,83.08,100.71031570848082,7481.34,4.6,,4073.0,333.918,-0.01,3.5208844218612922,-0.1739622670284935,0.4202667640264668,-3.6660359508041584,1.0791155781387074,Trung tinh
2026-07-16,16.73,81.23,100.69132824355643,7481.34,4.6,,4073.0,333.918,-0.01,3.5208844218612922,-0.018853545231012347,0.4202667640264668,-3.6660359508041584,1.0791155781387074,Trung tinh
2026-07-17,18.77,85.01,100.74366474534388,7481.34,4.6,,4073.0,333.918,-0.01,3.5208844218612922,0.05197716893838855,0.4202667640264668,-3.6660359508041584,1.0791155781387074,Trung tinh
2026-07-18,18.77,85.01,100.74366474534388,7481.34,4.6,,4073.0,333.918,-0.01,3.5208844218612922,0.0,0.4202667640264668,-3.6660359508041584,1.0791155781387074,Trung tinh
2026-07-19,18.77,85.01,100.74366474534388,7481.34,4.6,,4073.0,333.918,-0.01,3.5208844218612922,0.0,0.4202667640264668,-3.6660359508041584,1.0791155781387074,Trung tinh
2026-07-20,18.65,86.99,100.99257989764874,7481.34,4.6,,4073.0,333.918,-0.01,3.5208844218612922,0.2470777223898546,0.4202667640264668,-3.6660359508041584,1.0791155781387074,Trung tinh
2026-07-21,17.05,93.85,101.1234110599968,7481.34,4.6,,4073.0,333.918,-0.01,3.5208844218612922,0.12954532152822384,0.4202667640264668,-3.6660359508041584,1.0791155781387074,Trung tinh
2026-07-22,16.64,94.12,101.08694934073641,7481.34,4.6,,4073.0,333.918,-0.01,3.5208844218612922,-0.036056654812355315,0.4202667640264668,-3.6660359508041584,1.0791155781387074,Trung tinh
2026-07-23,18.7,105.32,101.47251727221804,7481.34,4.6,,4073.0,333.918,-0.01,3.5208844218612922,0.38142206684068647,0.4202667640264668,-3.6660359508041584,1.0791155781387074,Trung tinh
2026-07-24,18.58,100.31,101.33404267797842,7481.34,4.6,,4073.0,333.918,-0.01,3.5208844218612922,-0.13646512175128356,0.4202667640264668,-3.6660359508041584,1.0791155781387074,Trung tinh
2026-07-25,18.58,100.31,101.33404267797842,7481.34,4.6,,4073.0,333.918,-0.01,3.5208844218612922,0.0,0.4202667640264668,-3.6660359508041584,1.0791155781387074,Trung tinh
2026-07-26,18.58,100.31,101.33404267797842,7481.34,4.6,,4073.0,333.918,-0.01,3.5208844218612922,0.0,0.4202667640264668,-3.6660359508041584,1.0791155781387074,Trung tinh
2026-07-27,18.67,91.82,101.45693246075487,7481.34,4.6,,4073.0,333.918,-0.01,3.5208844218612922,0.121271963033176,0.4202667640264668,-3.6660359508041584,1.0791155781387074,Trung tinh
2026-07-28,18.21,85.51,101.27996220573755,7481.34,4.6,,4073.0,333.918,-0.01,3.5208844218612922,-0.17442894312399426,0.4202667640264668,-3.6660359508041584,1.0791155781387074,Trung tinh
2026-07-29,20.66,91.95,101.43414141064339,7481.34,4.6,,4073.0,333.918,-0.01,3.5208844218612922,0.15223070936050132,0.4202667640264668,-3.6660359508041584,1.0791155781387074,Trung tinh
2026-07-30,17.09,91.91,100.00672380743043,7481.34,4.6,,4073.0,333.918,-0.01,3.5208844218612922,-1.4072358511265315,0.4202667640264668,-3.6660359508041584,1.0791155781387074,Trung tinh
2026-07-31,15.99,96.95,100.01085181776368,7481.34,4.6,,4073.0,333.918,-0.01,3.5208844218612922,0.004127732792436056,0.0,0.0,1.0791155781387074,Trung tinh
2026-08-01,15.99,96.95,100.01085181776368,7711.32,4.6,,4411.0,333.918,-0.01,3.5208844218612922,0.0,3.074048232001214,8.298551436287749,1.0791155781387074,Trung tinh
2026-08-02,15.99,96.95,100.01085181776368,7711.32,4.6,,4411.0,333.918,-0.01,3.5208844218612922,0.0,3.074048232001214,8.298551436287749,1.0791155781387074,Trung tinh
2026-08-03,15.86,88.9,99.93541337517277,7711.32,4.6,,4411.0,333.918,-0.01,3.5208844218612922,-0.07543025703687922,3.074048232001214,8.298551436287749,1.0791155781387074,Trung tinh
2026-08-04,16.5,86.47,99.87044656727508,7711.32,4.6,,4411.0,333.918,-0.01,3.5208844218612922,-0.06500879488414713,3.074048232001214,8.298551436287749,1.0791155781387074,Trung tinh
2026-08-05,15.81,86.65,99.72439946113928,7711.32,4.6,,4411.0,333.918,-0.01,3.5208844218612922,-0.14623656061998336,3.074048232001214,8.298551436287749,1.0791155781387074,Trung tinh
2026-08-06,15.15,89.65,99.97321561573199,7711.32,4.6,,4411.0,333.918,-0.01,3.5208844218612922,0.24950378837795828,3.074048232001214,8.298551436287749,1.0791155781387074,Trung tinh
2026-08-07,14.9,87.62,99.56317623605602,7711.32,4.6,,4411.0,333.918,-0.01,3.5208844218612922,-0.41014923562330274,3.074048232001214,8.298551436287749,1.0791155781387074,Risk-on
2026-08-08,14.9,87.62,99.56317623605602,7711.32,4.6,,4411.0,333.918,-0.01,3.5208844218612922,0.0,3.074048232001214,8.298551436287749,1.0791155781387074,Risk-on
2026-08-09,14.9,87.62,99.56317623605602,7711.32,4.6,,4411.0,333.918,-0.01,3.5208844218612922,0.0,3.074048232001214,8.298551436287749,1.0791155781387074,Risk-on
2026-08-10,15.46,92.74,99.69897183953708,7711.32,4.6,,4411.0,333.918,-0.01,3.5208844218612922,0.1363913934998351,3.074048232001214,8.298551436287749,1.0791155781387074,Trung tinh
2026-08-11,15.28,93.26,99.79849569953018,7711.32,4.6,,4411.0,333.918,-0.01,3.5208844218612922,0.09982435942597068,3.074048232001214,8.298551436287749,1.0791155781387074,Trung tinh
2026-08-12,14.55,92.52,99.8372417575865,7711.32,4.6,,4411.0,333.918,-0.01,3.5208844218612922,0.03882429067165738,3.074048232001214,8.298551436287749,1.0791155781387074,Risk-on
2026-08-13,14.63,92.03,99.9221273766278,7711.32,4.6,,4411.0,333.918,-0.01,3.5208844218612922,0.08502400261358734,3.074048232001214,8.298551436287749,1.0791155781387074,Risk-on
2026-08-14,14.25,92.02,99.54187781892342,7711.32,4.6,,4411.0,333.918,-0.01,3.5208844218612922,-0.38054589877888345,3.074048232001214,8.298551436287749,1.0791155781387074,Risk-on
2026-08-15,14.25,92.02,99.54187781892342,7711.32,4.6,,4411.0,333.918,-0.01,3.5208844218612922,0.0,3.074048232001214,8.298551436287749,1.0791155781387074,Risk-on
2026-08-16,14.25,92.02,99.54187781892342,7711.32,4.6,,4411.0,333.918,-0.01,3.5208844218612922,0.0,3.074048232001214,8.298551436287749,1.0791155781387074,Risk-on
2026-08-17,15.19,92.43,99.47078200269615,7711.32,4.6,,4411.0,333.918,-0.01,3.5208844218612922,-0.07142302092854047,3.074048232001214,8.298551436287749,1.0791155781387074,Trung tinh
2026-08-18,15.84,95.29,99.61275807685071,7711.32,4.6,,4411.0,333.918,-0.01,3.5208844218612922,0.14273143459424542,3.074048232001214,8.298551436287749,1.0791155781387074,Trung tinh
2026-08-19,14.89,92.37,98.90632538528529,7711.32,4.6,,4411.0,333.918,-0.01,3.5208844218612922,-0.7091789296913342,3.074048232001214,8.298551436287749,1.0791155781387074,Risk-on
2026-08-20,16.01,94.0,98.83115918226318,7711.32,4.6,,4411.0,333.918,-0.01,3.5208844218612922,-0.07599736693209014,3.074048232001214,8.298551436287749,1.0791155781387074,Trung tinh
2026-08-21,15.13,96.92,98.79526524308018,7711.32,4.6,,4411.0,333.918,-0.01,3.5208844218612922,-0.03631844398060968,3.074048232001214,8.298551436287749,1.0791155781387074,Trung tinh
2026-08-22,15.13,96.92,98.79526524308018,7711.32,4.6,,4411.0,333.918,-0.01,3.5208844218612922,0.0,3.074048232001214,8.298551436287749,1.0791155781387074,Trung tinh
2026-08-23,15.13,96.92,98.79526524308018,7711.32,4.6,,4411.0,333.918,-0.01,3.5208844218612922,0.0,3.074048232001214,8.298551436287749,1.0791155781387074,Trung tinh
2026-08-24,15.85,92.71,98.99200739192447,7711.32,4.6,,4411.0,333.918,-0.01,3.5208844218612922,0.19914127297520068,3.074048232001214,8.298551436287749,1.0791155781387074,Trung tinh
2026-08-25,15.45,88.24,98.9271911336772,7711.32,4.6,,4411.0,333.918,-0.01,3.5208844218612922,-0.06547625404812463,3.074048232001214,8.298551436287749,1.0791155781387074,Trung tinh
2026-08-26,15.21,87.77,99.16167541037629,7711.32,4.6,,4411.0,333.918,-0.01,3.5208844218612922,0.23702712470856646,3.074048232001214,8.298551436287749,1.0791155781387074,Trung tinh
2026-08-27,14.51,90.18,99.10239260488876,7711.32,4.6,,4411.0,333.918,-0.01,3.5208844218612922,-0.0597839893710872,3.074048232001214,8.298551436287749,1.0791155781387074,Risk-on
2026-08-28,14.43,89.75,99.55749114036179,7711.32,4.6,,4411.0,333.918,-0.01,3.5208844218612922,0.45922053293654397,3.074048232001214,8.298551436287749,1.0791155781387074,Risk-on
2026-08-29,14.43,89.75,99.55749114036179,7711.32,4.6,,4411.0,333.918,-0.01,3.5208844218612922,0.0,3.074048232001214,8.298551436287749,1.0791155781387074,Risk-on
2026-08-30,14.43,89.75,99.55749114036179,7711.32,4.6,,4411.0,333.918,-0.01,3.5208844218612922,0.0,3.074048232001214,8.298551436287749,1.0791155781387074,Risk-on
2026-08-31,14.92,89.75,99.4215148754216,7711.32,4.6,,4411.0,333.918,-0.01,3.5208844218612922,-0.13658064640107437,0.0,0.0,1.0791155781387074,Risk-on
2026-09-01,16.34,96.02,99.63410729859635,7711.32,4.6,,4411.0,333.918,-0.01,3.5208844218612922,0.21382939441341176,0.0,0.0,1.0791155781387074,Trung tinh
2026-09-02,15.2,97.59,99.53862195866358,7711.32,,,4411.0,,,,-0.09583599685055733,0.0,0.0,,Trung tinh
2026-09-03,14.32,100.52,98.96519641227914,7711.32,,,4411.0,,,,-0.5760834690102246,0.0,0.0,,Risk-on
2026-09-04,14.53,102.24,99.11019266632361,7711.32,,,4411.0,,,,0.14651236929843492,0.0,0.0,,Risk-on
2026-09-05,14.53,102.24,99.11019266632361,7711.32,,,4411.0,,,,0.0,0.0,0.0,,Risk-on
2026-09-06,14.53,102.24,99.11019266632361,7711.32,,,4411.0,,,,0.0,0.0,0.0,,Risk-on
2026-09-07,15.3,104.47,99.11019266632361,7711.32,,,4411.0,,,,0.0,0.0,0.0,,Trung tinh
2026-09-08,15.72,106.12,98.86062772612019,7711.32,,,4411.0,,,,-0.2518055242245798,0.0,0.0,,Trung tinh
2026-09-09,16.46,109.51,98.81762204624724,7711.32,,,4411.0,,,,-0.0435013218731406,0.0,0.0,,Trung tinh
2026-09-10,17.84,120.98,98.89963400202309,7711.32,,,4411.0,,,,0.08299324966296595,0.0,0.0,,Trung tinh
2026-09-11,15.84,118.06,99.07405149973027,7711.32,,,4411.0,,,,0.17635808207703274,0.0,0.0,,Trung tinh
2026-09-12,15.84,118.06,99.07405149973027,7711.32,,,4411.0,,,,0.0,0.0,0.0,,Trung tinh
2026-09-13,15.84,118.06,99.07405149973027,7711.32,,,4411.0,,,,0.0,0.0,0.0,,Trung tinh
2026-09-14,17.1,121.25,99.07405149973027,7711.32,,,4411.0,,,,0.0,0.0,0.0,,Trung tinh
2026-09-15,17.2,130.8,99.07405149973027,7711.32,,,4411.0,,,,0.0,0.0,0.0,,Trung tinh
2026-09-16,17.71,130.8,99.07405149973027,7711.32,,,4411.0,,,,0.0,0.0,0.0,,Trung tinh
2026-09-17,15.44,130.8,,7711.32,,,4411.0,,,,,0.0,0.0,,Trung tinh
2026-09-18,14.81,130.8,,7711.32,,,4411.0,,,,,0.0,0.0,,Risk-on
