iso3,year,inflation_pct,gdp_usd,population,gdp_per_capita_usd,log_gdp_per_capita,high_inflation,has_gdp,iso2,country_name,region,sub_region,continent,capital,currency_code,is_ldc
ABW,2013,-2.37206524252261,2727849720.670391,105675,25813.576727422675,10.158655862244457,0,1,AW,Aruba,Americas,Latin America and the Caribbean,NA,Oranjestad,AWG,0
ABW,2014,0.421440918881214,2790849720.670391,106807,26129.839061769275,10.170833199359421,0,1,AW,Aruba,Americas,Latin America and the Caribbean,NA,Oranjestad,AWG,0
ABW,2015,0.474763597342641,2962907262.5698323,107906,27458.225331027304,10.22042104981281,0,1,AW,Aruba,Americas,Latin America and the Caribbean,NA,Oranjestad,AWG,0
ABW,2016,-0.931195987079561,2983635195.5307264,108727,27441.52966172824,10.219812825975893,0,1,AW,Aruba,Americas,Latin America and the Caribbean,NA,Oranjestad,AWG,0
ABW,2017,-1.02828178762012,3092429050.27933,108735,28440.051963758953,10.255553711051899,0,1,AW,Aruba,Americas,Latin America and the Caribbean,NA,Oranjestad,AWG,0
ABW,2018,3.62604141352961,3276184357.541899,108908,30082.127644818556,10.311686508435281,0,1,AW,Aruba,Americas,Latin America and the Caribbean,NA,Oranjestad,AWG,0
ABW,2019,4.25746204335428,3395798882.6815643,109203,31096.205073867608,10.344841067373563,0,1,AW,Aruba,Americas,Latin America and the Caribbean,NA,Oranjestad,AWG,0
ABW,2020,,2558906303.8809776,108587,23565.49406357094,10.067538805128752,,1,AW,Aruba,Americas,Latin America and the Caribbean,NA,Oranjestad,AWG,0
ABW,2021,,3103184101.5135417,107700,28813.22285527894,10.268589687676931,,1,AW,Aruba,Americas,Latin America and the Caribbean,NA,Oranjestad,AWG,0
ABW,2022,,3544707788.0566425,107310,33032.408797471275,10.40524444329073,,1,AW,Aruba,Americas,Latin America and the Caribbean,NA,Oranjestad,AWG,0
ABW,2023,,,107359,,,,0,AW,Aruba,Americas,Latin America and the Caribbean,NA,Oranjestad,AWG,0
ABW,2024,,,107995,,,,0,AW,Aruba,Americas,Latin America and the Caribbean,NA,Oranjestad,AWG,0
AFG,2013,7.38577178397855,20146416757.598675,31622704,637.0870991170988,6.456906379532864,0,1,AF,Afghanistan,Asia,Southern Asia,AS,Kabul,AFN,1
AFG,2014,4.67399603536345,20497128555.69723,32792523,625.0549418139383,6.4378395527751175,0,1,AF,Afghanistan,Asia,Southern Asia,AS,Kabul,AFN,1
AFG,2015,-0.661709164713742,19134221644.73249,33831764,565.5697304087511,6.337833595485375,0,1,AF,Afghanistan,Asia,Southern Asia,AS,Kabul,AFN,1
AFG,2016,4.38389195513915,18116572395.077213,34700612,522.0822155838985,6.257825076599219,0,1,AF,Afghanistan,Asia,Southern Asia,AS,Kabul,AFN,1
AFG,2017,4.97595150553833,18753456497.815865,35688935,525.4697708916185,6.264292664193558,0,1,AF,Afghanistan,Asia,Southern Asia,AS,Kabul,AFN,1
AFG,2018,0.626149149168847,18053222687.412624,36743039,491.3372213826032,6.197130697311606,0,1,AF,Afghanistan,Asia,Southern Asia,AS,Kabul,AFN,1
AFG,2019,2.30237251516834,18799444490.11278,37856121,496.6025042584997,6.207789915869446,0,1,AF,Afghanistan,Asia,Southern Asia,AS,Kabul,AFN,1
AFG,2020,5.60188791482224,19955929052.1496,39068979,510.7870633668108,6.235952797617644,0,1,AF,Afghanistan,Asia,Southern Asia,AS,Kabul,AFN,1
AFG,2021,5.13320340824963,14266499429.874573,40000412,356.65881216109904,5.876779616567128,0,1,AF,Afghanistan,Asia,Southern Asia,AS,Kabul,AFN,1
AFG,2022,13.7121023720065,14502158192.090397,40578842,357.38225827366875,5.878805960401027,1,1,AF,Afghanistan,Asia,Southern Asia,AS,Kabul,AFN,1
AFG,2023,-4.64470870797775,,41454761,,,0,0,AF,Afghanistan,Asia,Southern Asia,AS,Kabul,AFN,1
AFG,2024,-6.60118564073726,,42647492,,,0,0,AF,Afghanistan,Asia,Southern Asia,AS,Kabul,AFN,1
AGO,2013,8.77781429332624,132339109040.23174,26165620,5057.747878331633,8.528676579868854,0,1,AO,Angola,Africa,Sub-Saharan Africa,AF,Luanda,AOA,1
AGO,2014,7.28038730361121,135966802586.7132,27160769,5005.999741270698,8.518392420307878,0,1,AO,Angola,Africa,Sub-Saharan Africa,AF,Luanda,AOA,1
AGO,2015,9.35597215533784,90496420506.59566,28157798,3213.902610800591,8.075241244282847,0,1,AO,Angola,Africa,Sub-Saharan Africa,AF,Luanda,AOA,1
AGO,2016,30.6944150806719,52761617225.925285,29183070,1807.952940726431,7.499950512254103,1,1,AO,Angola,Africa,Sub-Saharan Africa,AF,Luanda,AOA,1
AGO,2017,29.8444799015679,73690154990.73123,30234839,2437.259711908214,7.798629618282738,1,1,AO,Angola,Africa,Sub-Saharan Africa,AF,Luanda,AOA,1
AGO,2018,19.6289379701521,79450688259.36636,31297155,2538.5913914337057,7.839364635879906,1,1,AO,Angola,Africa,Sub-Saharan Africa,AF,Luanda,AOA,1
AGO,2019,17.080954143438,70897962732.02774,32375632,2189.8557140761836,7.691590936656624,1,1,AO,Angola,Africa,Sub-Saharan Africa,AF,Luanda,AOA,1
AGO,2020,22.271539247051,48501561203.56864,33451132,1449.9228666930806,7.279265638615613,1,1,AO,Angola,Africa,Sub-Saharan Africa,AF,Luanda,AOA,1
AGO,2021,25.7542948841891,66505129987.72355,34532429,1925.8746608216743,7.563135512785443,1,1,AO,Angola,Africa,Sub-Saharan Africa,AF,Luanda,AOA,1
AGO,2022,21.3552901320822,104399746853.4014,35635029,2929.6944546727154,7.982653414891733,1,1,AO,Angola,Africa,Sub-Saharan Africa,AF,Luanda,AOA,1
AGO,2023,13.6441017767715,84722957642.37566,36749906,2305.39249929988,7.743006222626389,1,1,AO,Angola,Africa,Sub-Saharan Africa,AF,Luanda,AOA,1
AGO,2024,28.2404948915772,,37885849,,,1,0,AO,Angola,Africa,Sub-Saharan Africa,AF,Luanda,AOA,1
ALB,2013,1.93762080205223,12776224496.97176,2816902,4535.558743957638,8.419703562006761,0,1,AL,Albania,Europe,Southern Europe,EU,Tirana,ALL,0
ALB,2014,1.62586504402604,13228147516.116798,2773767,4769.018996951366,8.469895901714775,0,1,AL,Albania,Europe,Southern Europe,EU,Tirana,ALL,0
ALB,2015,3.50120835492657,11386853113.0189,2731293,4169.033901898808,8.335439609749582,0,1,AL,Albania,Europe,Southern Europe,EU,Tirana,ALL,0
ALB,2016,-0.367317209784652,11861199830.83956,2689469,4410.238538105314,8.39168405725138,0,1,AL,Albania,Europe,Southern Europe,EU,Tirana,ALL,0
ALB,2017,2.06059845920226,13019726211.736889,2648285,4916.285902664135,8.500308626575013,0,1,AL,Albania,Europe,Southern Europe,EU,Tirana,ALL,0
ALB,2018,2.02805963071135,15156424015.197748,2607733,5812.107303622629,8.667698486946213,0,1,AL,Albania,Europe,Southern Europe,EU,Tirana,ALL,0
ALB,2019,1.41109078954251,15401826127.253857,2567801,5998.060646932475,8.699191470450312,0,1,AL,Albania,Europe,Southern Europe,EU,Tirana,ALL,0
ALB,2020,1.62088661717004,15162734205.246202,2528480,5996.778382762056,8.698977667802003,0,1,AL,Albania,Europe,Southern Europe,EU,Tirana,ALL,0
ALB,2021,2.04147163139545,17930565118.81762,2489762,7201.718525231576,8.88207496058358,0,1,AL,Albania,Europe,Southern Europe,EU,Tirana,ALL,0
ALB,2022,6.7252027153006,18916378860.54883,2451636,7715.818686195189,8.951027875330034,0,1,AL,Albania,Europe,Southern Europe,EU,Tirana,ALL,0
ALB,2023,4.75976421930106,22977677860.79785,2414095,9518.133238666189,9.16095402018217,0,1,AL,Albania,Europe,Southern Europe,EU,Tirana,ALL,0
ALB,2024,2.21448953273294,,2377128,,,0,0,AL,Albania,Europe,Southern Europe,EU,Tirana,ALL,0
AND,2013,,3193512950.024186,75194,42470.31611596917,10.656560666556498,,1,AD,Andorra,Europe,Southern Europe,EU,Andorra la Vella,EUR,0
AND,2014,,3271685596.663212,73737,44369.659691378976,10.70031117455267,,1,AD,Andorra,Europe,Southern Europe,EU,Andorra la Vella,EUR,0
AND,2015,,2789881258.503616,72174,38654.93472030947,10.562429722975745,,1,AD,Andorra,Europe,Southern Europe,EU,Andorra la Vella,EUR,0
AND,2016,,2896610479.7307653,72181,40129.81920076981,10.599874957912409,,1,AD,Andorra,Europe,Southern Europe,EU,Andorra la Vella,EUR,0
AND,2017,,3000162081.1197567,73763,40672.99433482582,10.613319621340464,,1,AD,Andorra,Europe,Southern Europe,EU,Andorra la Vella,EUR,0
AND,2018,,3218419896.9641023,75162,42819.77457976241,10.66475529776182,,1,AD,Andorra,Europe,Southern Europe,EU,Andorra la Vella,EUR,0
AND,2019,,3155149347.806392,76474,41257.80458464828,10.627595575918455,,1,AD,Andorra,Europe,Southern Europe,EU,Andorra la Vella,EUR,0
AND,2020,,2891001149.361105,77380,37361.090066698176,10.528385069291275,,1,AD,Andorra,Europe,Southern Europe,EU,Andorra la Vella,EUR,0
AND,2021,,3324683011.590301,78364,42426.15246274183,10.655520254441589,,1,AD,Andorra,Europe,Southern Europe,EU,Andorra la Vella,EUR,0
AND,2022,,3380602042.8428345,79705,42413.9268909458,10.655232051696524,,1,AD,Andorra,Europe,Southern Europe,EU,Andorra la Vella,EUR,0
AND,2023,,3727673593.019216,80856,46102.6218588505,10.738625100661453,,1,AD,Andorra,Europe,Southern Europe,EU,Andorra la Vella,EUR,0
AND,2024,,,81938,,,,0,AD,Andorra,Europe,Southern Europe,EU,Andorra la Vella,EUR,0
ARE,2013,1.1011183637571,400218529748.128,7693031,52023.51709594411,10.859451147173601,0,1,AE,United Arab Emirates,Asia,Western Asia,AS,Abu Dhabi,AED,0
ARE,2014,2.34626865671643,414105366752.8931,8059440,51381.40699017464,10.847031654293895,0,1,AE,United Arab Emirates,Asia,Western Asia,AS,Abu Dhabi,AED,0
ARE,2015,4.06996608361593,370275469571.1368,8505237,43534.99726946313,10.681320428542216,0,1,AE,United Arab Emirates,Asia,Western Asia,AS,Abu Dhabi,AED,0
ARE,2016,1.61748808904198,369255326235.5344,8935095,41326.4018161569,10.629256843859979,0,1,AE,United Arab Emirates,Asia,Western Asia,AS,Abu Dhabi,AED,0
ARE,2017,1.96682557818842,390516804029.95233,9223225,42340.59171601607,10.653501519934046,0,1,AE,United Arab Emirates,Asia,Western Asia,AS,Abu Dhabi,AED,0
ARE,2018,3.06863379251997,427049432157.9306,9346701,45689.857004940095,10.729631604872843,0,1,AE,United Arab Emirates,Asia,Western Asia,AS,Abu Dhabi,AED,0
ARE,2019,-1.93108114782173,417989721742.6821,9445785,44251.454139881665,10.697643511814364,0,1,AE,United Arab Emirates,Asia,Western Asia,AS,Abu Dhabi,AED,0
ARE,2020,-2.07940317940944,349473015330.15656,9401038,37173.875409306565,10.523361519608008,0,1,AE,United Arab Emirates,Asia,Western Asia,AS,Abu Dhabi,AED,0
ARE,2021,0.179935336174431,415178792756.9776,9575152,43360.021100132675,10.677293122740085,0,1,AE,United Arab Emirates,Asia,Western Asia,AS,Abu Dhabi,AED,0
ARE,2022,5.29122604376849,507063968277.74,10074977,50329.04474895972,10.826337619835861,0,1,AE,United Arab Emirates,Asia,Western Asia,AS,Abu Dhabi,AED,0
ARE,2023,1.62670837213248,504173451327.43365,10483751,48090.941050339105,10.780849102604662,0,1,AE,United Arab Emirates,Asia,Western Asia,AS,Abu Dhabi,AED,0
ARE,2024,,,10986400,,,,0,AE,United Arab Emirates,Asia,Western Asia,AS,Abu Dhabi,AED,0
ARG,2013,,552025140252.2463,42582455,12963.67577332604,9.469906554177479,,1,AR,Argentina,Americas,Latin America and the Caribbean,SA,Buenos Aires,ARS,0
ARG,2014,,526319673731.6383,43024071,12233.144411918582,9.411904302087887,,1,AR,Argentina,Americas,Latin America and the Caribbean,SA,Buenos Aires,ARS,0
ARG,2015,,594749285413.2124,43477012,13679.626498095417,9.52366288803301,,1,AR,Argentina,Americas,Latin America and the Caribbean,SA,Buenos Aires,ARS,0
ARG,2016,,557532320662.9546,43900313,12699.962313775635,9.44935430502304,,1,AR,Argentina,Americas,Latin America and the Caribbean,SA,Buenos Aires,ARS,0
ARG,2017,,643628393281.364,44288894,14532.500930851062,9.58414286362856,,1,AR,Argentina,Americas,Latin America and the Caribbean,SA,Buenos Aires,ARS,0
ARG,2018,,524819892360.1758,44654882,11752.799892297908,9.371846779892266,,1,AR,Argentina,Americas,Latin America and the Caribbean,SA,Buenos Aires,ARS,0
ARG,2019,,447754683615.22455,44973465,9955.974786804276,9.205928131021869,,1,AR,Argentina,Americas,Latin America and the Caribbean,SA,Buenos Aires,ARS,0
ARG,2020,,385740508436.9652,45191965,8535.59938004389,9.052000858895653,,1,AR,Argentina,Americas,Latin America and the Caribbean,SA,Buenos Aires,ARS,0
ARG,2021,,487902572164.3484,45312281,10767.557081585639,9.284292918199158,,1,AR,Argentina,Americas,Latin America and the Caribbean,SA,Buenos Aires,ARS,0
ARG,2022,,631133384439.9445,45407904,13899.196590090229,9.539586318174257,,1,AR,Argentina,Americas,Latin America and the Caribbean,SA,Buenos Aires,ARS,0
ARG,2023,,640591410663.8834,45538401,14067.059813186752,9.551591159770178,,1,AR,Argentina,Americas,Latin America and the Caribbean,SA,Buenos Aires,ARS,0
ARG,2024,,,45696159,,,,0,AR,Argentina,Americas,Latin America and the Caribbean,SA,Buenos Aires,ARS,0
ARM,2013,5.78966778544651,11121464437.04153,3022000,3680.1669215888587,8.21071338926169,0,1,AM,Armenia,Asia,Western Asia,AS,Yerevan,AMD,0
ARM,2014,2.98130868933672,11609513246.795769,3013800,3852.1180061038453,8.25637840747054,0,1,AM,Armenia,Asia,Western Asia,AS,Yerevan,AMD,0
ARM,2015,3.73169119261693,10553337518.414,3004600,3512.3935027670905,8.164052993685441,0,1,AM,Armenia,Asia,Western Asia,AS,Yerevan,AMD,0
ARM,2016,-1.403607559009,10546136235.521862,2992300,3524.4247687470715,8.167472515759014,0,1,AM,Armenia,Asia,Western Asia,AS,Yerevan,AMD,0
ARM,2017,0.969553268816138,11527458709.015797,2979400,3869.0537386775177,8.260765244156268,0,1,AM,Armenia,Asia,Western Asia,AS,Yerevan,AMD,0
ARM,2018,2.52023382001638,12457940694.73953,2969000,4196.005623017693,8.341888309605302,0,1,AM,Armenia,Asia,Western Asia,AS,Yerevan,AMD,0
ARM,2019,1.44344660770698,13619290539.211609,2962500,4597.22887399548,8.433208982253502,0,1,AM,Armenia,Asia,Western Asia,AS,Yerevan,AMD,0
ARM,2020,1.21143577838465,12641698583.21524,2961500,4268.680933045835,8.359060143521054,0,1,AM,Armenia,Asia,Western Asia,AS,Yerevan,AMD,0
ARM,2021,7.18483629443371,13878908628.937807,2962300,4685.179971285085,8.45215960829652,0,1,AM,Armenia,Asia,Western Asia,AS,Yerevan,AMD,0
ARM,2022,8.64091108973855,19513474648.24293,2969200,6571.963710172077,8.790567957256957,0,1,AM,Armenia,Asia,Western Asia,AS,Yerevan,AMD,0
ARM,2023,1.98041877615554,24212134631.064003,2964300,8167.90966874608,9.007968300619059,0,1,AM,Armenia,Asia,Western Asia,AS,Yerevan,AMD,0
ARM,2024,0.269511978259125,,3033500,,,0,0,AM,Armenia,Asia,Western Asia,AS,Yerevan,AMD,0
ASM,2013,,638000000.0,54006,11813.502203458875,9.376998410823923,,1,AS,American Samoa,Oceania,Polynesia,OC,Pago Pago,USD,0
ASM,2014,,643000000.0,53466,12026.33449294879,9.394854065361118,,1,AS,American Samoa,Oceania,Polynesia,OC,Pago Pago,USD,0
ASM,2015,,673000000.0,52878,12727.41026513862,9.451513235281286,,1,AS,American Samoa,Oceania,Polynesia,OC,Pago Pago,USD,0
ASM,2016,,671000000.0,52245,12843.334290362714,9.460580223467744,,1,AS,American Samoa,Oceania,Polynesia,OC,Pago Pago,USD,0
ASM,2017,,612000000.0,51586,11863.683945256465,9.381237243649744,,1,AS,American Samoa,Oceania,Polynesia,OC,Pago Pago,USD,0
ASM,2018,,639000000.0,50908,12552.054686886147,9.43763965122987,,1,AS,American Samoa,Oceania,Polynesia,OC,Pago Pago,USD,0
ASM,2019,,647000000.0,50209,12886.135951721802,9.463907279986081,,1,AS,American Samoa,Oceania,Polynesia,OC,Pago Pago,USD,0
ASM,2020,,721000000.0,49761,14489.258656377484,9.58116287157507,,1,AS,American Samoa,Oceania,Polynesia,OC,Pago Pago,USD,0
ASM,2021,,750000000.0,49225,15236.160487557136,9.631426860987304,,1,AS,American Samoa,Oceania,Polynesia,OC,Pago Pago,USD,0
ASM,2022,,871000000.0,48342,18017.458938397252,9.799096507811527,,1,AS,American Samoa,Oceania,Polynesia,OC,Pago Pago,USD,0
ASM,2023,,,47521,,,,0,AS,American Samoa,Oceania,Polynesia,OC,Pago Pago,USD,0
ASM,2024,,,46765,,,,0,AS,American Samoa,Oceania,Polynesia,OC,Pago Pago,USD,0
ATG,2013,1.05949782356169,1325425925.9259255,88064,15050.71227659345,9.61918059640552,0,1,AG,Antigua and Barbuda,Americas,Latin America and the Caribbean,NA,St. John's,XCD,0
ATG,2014,1.08944157435355,1378829629.6296296,88765,15533.483125439414,9.650753174667763,0,1,AG,Antigua and Barbuda,Americas,Latin America and the Caribbean,NA,St. John's,XCD,0
ATG,2015,0.968993458825638,1437755555.555555,89409,16080.658049587348,9.685372465377414,0,1,AG,Antigua and Barbuda,Americas,Latin America and the Caribbean,NA,St. John's,XCD,0
ATG,2016,-0.489437796230499,1489692592.5925925,89969,16557.84317478901,9.71461517638859,0,1,AG,Antigua and Barbuda,Americas,Latin America and the Caribbean,NA,St. John's,XCD,0
ATG,2017,2.43248789041363,1531151851.8518517,90468,16924.789448775828,9.736534657453513,0,1,AG,Antigua and Barbuda,Americas,Latin America and the Caribbean,NA,St. John's,XCD,0
ATG,2018,1.20715793367008,1661529629.6296296,90926,18273.427068491186,9.813203210790132,0,1,AG,Antigua and Barbuda,Americas,Latin America and the Caribbean,NA,St. John's,XCD,0
ATG,2019,1.43135598182984,1725351851.8518517,91364,18884.372968038304,9.846090031949762,0,1,AG,Antigua and Barbuda,Americas,Latin America and the Caribbean,NA,St. John's,XCD,0
ATG,2020,0.625989707046719,1410796296.296296,91846,15360.454416047469,9.639551590642144,0,1,AG,Antigua and Barbuda,Americas,Latin America and the Caribbean,NA,St. John's,XCD,0
ATG,2021,2.06299638545334,1601366666.6666665,92349,17340.379069255396,9.760793111067638,0,1,AG,Antigua and Barbuda,Americas,Latin America and the Caribbean,NA,St. John's,XCD,0
ATG,2022,7.53107834634288,1867733333.3333333,92840,20117.765331035473,9.909358550999324,0,1,AG,Antigua and Barbuda,Americas,Latin America and the Caribbean,NA,St. John's,XCD,0
ATG,2023,5.06713865364213,2033085185.185185,93316,21787.10173159142,9.989073409986682,0,1,AG,Antigua and Barbuda,Americas,Latin America and the Caribbean,NA,St. John's,XCD,0
ATG,2024,,,93772,,,,0,AG,Antigua and Barbuda,Americas,Latin America and the Caribbean,NA,St. John's,XCD,0
AUS,2013,2.4498886414254,1577301840200.0142,23128129,68198.4193446869,11.130176666798846,0,1,AU,Australia,Oceania,Australia and New Zealand,OC,Canberra,AUD,0
AUS,2014,2.48792270531404,1468597690006.215,23475686,62558.2438786332,11.04385330383148,0,1,AU,Australia,Oceania,Australia and New Zealand,OC,Canberra,AUD,0
AUS,2015,1.50836672165921,1351768945139.1135,23815995,56758.869202782145,10.94656720864392,0,1,AU,Australia,Oceania,Australia and New Zealand,OC,Canberra,AUD,0
AUS,2016,1.27699094497324,1207580901578.7236,24190907,49918.79393272537,10.818152842749956,0,1,AU,Australia,Oceania,Australia and New Zealand,OC,Canberra,AUD,0
AUS,2017,1.94864740944527,1326882104817.0027,24592588,53954.55349461402,10.89589736924907,0,1,AU,Australia,Oceania,Australia and New Zealand,OC,Canberra,AUD,0
AUS,2018,1.91140094445691,1429733668185.9053,24963258,57273.52047500792,10.95559367503707,0,1,AU,Australia,Oceania,Australia and New Zealand,OC,Canberra,AUD,0
AUS,2019,1.61076787290379,1394671325960.568,25334826,55049.57191971905,10.915989365912036,0,1,AU,Australia,Oceania,Australia and New Zealand,OC,Canberra,AUD,0
AUS,2020,0.846905537459305,1330381544909.3044,25649248,51868.24755678234,10.856462081480366,0,1,AU,Australia,Oceania,Australia and New Zealand,OC,Canberra,AUD,0
AUS,2021,2.86391042204994,1559033756285.1294,25685412,60697.24543585788,11.013653596048496,0,1,AU,Australia,Oceania,Australia and New Zealand,OC,Canberra,AUD,0
AUS,2022,6.59409671341846,1692956646855.7017,26018721,65066.86654027697,11.083170736116328,0,1,AU,Australia,Oceania,Australia and New Zealand,OC,Canberra,AUD,0
AUS,2023,5.5970149253731,1723827215334.7063,26659922,64659.874673853374,11.076896113044533,0,1,AU,Australia,Oceania,Australia and New Zealand,OC,Canberra,AUD,0
AUS,2024,3.1616142830575,,27196812,,,0,0,AU,Australia,Oceania,Australia and New Zealand,OC,Canberra,AUD,0
AUT,2013,2.00015616900597,430190979705.962,8479823,50731.12725418466,10.834294950975888,0,1,AT,Austria,Europe,Western Europe,EU,Vienna,EUR,0
AUT,2014,1.60581182954474,442584815286.03375,8546356,51786.37717479049,10.85488240475627,0,1,AT,Austria,Europe,Western Europe,EU,Vienna,EUR,0
AUT,2015,0.89656333526032,381971148530.5428,8642699,44195.817594774824,10.696385439035998,0,1,AT,Austria,Europe,Western Europe,EU,Vienna,EUR,0
AUT,2016,0.891591752655362,395837353031.499,8736668,45307.58786204294,10.721229799917507,0,1,AT,Austria,Europe,Western Europe,EU,Vienna,EUR,0
AUT,2017,2.08126911385587,417261151844.9772,8797566,47429.15845643865,10.766992475860302,0,1,AT,Austria,Europe,Western Europe,EU,Vienna,EUR,0
AUT,2018,1.9983798142954,454991174096.1016,8840521,51466.55656336336,10.848687488589526,0,1,AT,Austria,Europe,Western Europe,EU,Vienna,EUR,0
AUT,2019,1.53089564152644,444596155845.2542,8879920,50067.58572658923,10.8211290861984,0,1,AT,Austria,Europe,Western Europe,EU,Vienna,EUR,0
AUT,2020,1.38191063351862,435049316955.73663,8916864,48789.49784988721,10.79527036068656,0,1,AT,Austria,Europe,Western Europe,EU,Vienna,EUR,0
AUT,2021,2.7666666666667,479295362747.0466,8955797,53517.89045096115,10.887771277937105,0,1,AT,Austria,Europe,Western Europe,EU,Vienna,EUR,0
AUT,2022,8.5468699318845,470941926750.7412,9041851,52084.68119533724,10.86062615754616,0,1,AT,Austria,Europe,Western Europe,EU,Vienna,EUR,0
AUT,2023,7.81413417002832,516034144115.9503,9131761,56509.8171224532,10.942169656420692,0,1,AT,Austria,Europe,Western Europe,EU,Vienna,EUR,0
AUT,2024,2.93791574279383,,9177982,,,0,0,AT,Austria,Europe,Western Europe,EU,Vienna,EUR,0
AZE,2013,2.41571745279419,74160560123.69016,9416801,7875.345366615495,8.971492318810343,0,1,AZ,Azerbaijan,Asia,Western Asia,AS,Baku,AZN,0
AZE,2014,1.37344181533176,75239785452.10219,9535079,7890.840280620872,8.973457907614234,0,1,AZ,Azerbaijan,Asia,Western Asia,AS,Baku,AZN,0
AZE,2015,4.02768573742726,53076235354.74602,9649341,5500.503646284862,8.61259493907989,0,1,AZ,Azerbaijan,Asia,Western Asia,AS,Baku,AZN,0
AZE,2016,12.4433748584372,37866996882.915695,9757812,3880.685227683798,8.263767022097623,1,1,AZ,Azerbaijan,Asia,Western Asia,AS,Baku,AZN,0
AZE,2017,12.9359184187335,40866627351.98167,9854033,4147.198142322201,8.330188238782375,1,1,AZ,Azerbaijan,Asia,Western Asia,AS,Baku,AZN,0
AZE,2018,2.26854690373999,47112470051.77007,9939771,4739.794312340805,8.463749019726647,0,1,AZ,Azerbaijan,Asia,Western Asia,AS,Baku,AZN,0
AZE,2019,2.61057182799215,48174235294.117645,10024283,4805.753717659173,8.477569170218308,0,1,AZ,Azerbaijan,Asia,Western Asia,AS,Baku,AZN,0
AZE,2020,2.75980947008127,42693000000.0,10093121,4229.910649045028,8.349936148660023,0,1,AZ,Azerbaijan,Asia,Western Asia,AS,Baku,AZN,0
AZE,2021,6.65029912708779,54825411764.70589,10137750,5408.045351750229,8.595643003736127,0,1,AZ,Azerbaijan,Asia,Western Asia,AS,Baku,AZN,0
AZE,2022,13.8522590144267,78807470588.2353,10141756,7770.594223350996,8.958101917059254,1,1,AZ,Azerbaijan,Asia,Western Asia,AS,Baku,AZN,0
AZE,2023,8.78543049849081,72356176470.58824,10153958,7125.9085836861095,8.87149251752415,0,1,AZ,Azerbaijan,Asia,Western Asia,AS,Baku,AZN,0
AZE,2024,2.21217188919901,,10202830,,,0,0,AZ,Azerbaijan,Asia,Western Asia,AS,Baku,AZN,0
BDI,2013,7.93795807492418,2451606632.292456,10439341,234.8430453888283,5.458917399042528,0,1,BI,Burundi,Africa,Sub-Saharan Africa,AF,Gitega,BIF,1
BDI,2014,4.40535234185293,2705783329.804834,10799785,250.5404811118771,5.523620508713863,0,1,BI,Burundi,Africa,Sub-Saharan Africa,AF,Gitega,BIF,1
BDI,2015,5.54468891259779,3104003546.264973,11047580,280.9668313119229,5.638236624330847,0,1,BI,Burundi,Africa,Sub-Saharan Africa,AF,Gitega,BIF,1
BDI,2016,5.55768961400965,2644487776.500767,11239451,235.28620539390823,5.460802668404519,0,1,BI,Burundi,Africa,Sub-Saharan Africa,AF,Gitega,BIF,1
BDI,2017,16.0525353030392,2723586962.8403373,11506762,236.6944725927535,5.466770164294398,1,1,BI,Burundi,Africa,Sub-Saharan Africa,AF,Gitega,BIF,1
BDI,2018,-2.81469807668465,2667182199.51333,11859446,224.89939239264044,5.415653157283721,0,1,BI,Burundi,Africa,Sub-Saharan Africa,AF,Gitega,BIF,1
BDI,2019,-0.686772170797359,2576518879.823531,12255336,210.23649452153177,5.348233061458283,0,1,BI,Burundi,Africa,Sub-Saharan Africa,AF,Gitega,BIF,1
BDI,2020,7.32110643415521,2649680261.442985,12617036,210.00813990250842,5.34714629140678,0,1,BI,Burundi,Africa,Sub-Saharan Africa,AF,Gitega,BIF,1
BDI,2021,8.40453845076341,2775798697.460224,12965481,214.09145541613336,5.366403285486458,0,1,BI,Burundi,Africa,Sub-Saharan Africa,AF,Gitega,BIF,1
BDI,2022,18.8008786664945,3338722827.656905,13321097,250.6342253687444,5.523994606834732,1,1,BI,Burundi,Africa,Sub-Saharan Africa,AF,Gitega,BIF,1
BDI,2023,26.9414835762453,2642161668.9275384,13689450,193.00714557031424,5.262727211899911,1,1,BI,Burundi,Africa,Sub-Saharan Africa,AF,Gitega,BIF,1
BDI,2024,20.2124925027847,,14047786,,,1,0,BI,Burundi,Africa,Sub-Saharan Africa,AF,Gitega,BIF,1
BEL,2013,1.1130959402754,521791015247.0603,11159407,46757.951855959756,10.752739613428238,0,1,BE,Belgium,Europe,Western Europe,EU,Brussels,EUR,0
BEL,2014,0.340002833356922,535390200131.0177,11209057,47764.07151208328,10.774028993848438,0,1,BE,Belgium,Europe,Western Europe,EU,Brussels,EUR,0
BEL,2015,0.561429152790065,462335574841.4841,11274196,41008.296719471975,10.621529684226134,0,1,BE,Belgium,Europe,Western Europe,EU,Brussels,EUR,0
BEL,2016,1.97385264653181,476062757356.9273,11331422,42012.622719101564,10.645725393043117,0,1,BE,Belgium,Europe,Western Europe,EU,Brussels,EUR,0
BEL,2017,2.12597086002607,502764720556.3538,11375158,44198.4823908691,10.696445732428117,0,1,BE,Belgium,Europe,Western Europe,EU,Brussels,EUR,0
BEL,2018,2.05316499865186,543299066998.9016,11427054,47544.98114727572,10.769431513449662,0,1,BE,Belgium,Europe,Western Europe,EU,Brussels,EUR,0
BEL,2019,1.43681956996429,535865804349.80304,11488980,46641.72140170868,10.750250728613192,0,1,BE,Belgium,Europe,Western Europe,EU,Brussels,EUR,0
BEL,2020,0.740791812220344,526021513474.2427,11538604,45587.96830831899,10.727399107799439,0,1,BE,Belgium,Europe,Western Europe,EU,Brussels,EUR,0
BEL,2021,2.44024851144084,600904461226.3469,11586195,51863.83115650539,10.856376931344855,0,1,BE,Belgium,Europe,Western Europe,EU,Brussels,EUR,0
BEL,2022,9.597511728725,583613982019.263,11680210,49966.0521531088,10.819099096876815,0,1,BE,Belgium,Europe,Western Europe,EU,Brussels,EUR,0
BEL,2023,4.04901077613941,632216577075.1093,11779946,53668.88583997832,10.890588705499056,0,1,BE,Belgium,Europe,Western Europe,EU,Brussels,EUR,0
BEL,2024,3.14349136500041,,11858610,,,0,0,BE,Belgium,Europe,Western Europe,EU,Brussels,EUR,0
BEN,2013,0.428888888888792,12517845123.931498,10708834,1168.926992792259,7.063841506820585,0,1,BJ,Benin,Africa,Sub-Saharan Africa,AF,Porto-Novo,XOF,1
BEN,2014,-0.548757550948091,13284527846.908115,11030004,1204.39918670094,7.0937361213341354,0,1,BJ,Benin,Africa,Sub-Saharan Africa,AF,Porto-Novo,XOF,1
BEN,2015,0.218785923536154,11388160996.773785,11360681,1002.4188687961386,6.910171227024148,0,1,BJ,Benin,Africa,Sub-Saharan Africa,AF,Porto-Novo,XOF,1
BEN,2016,-0.793310145785534,11821065853.38379,11697842,1010.533896199298,6.918234080268519,0,1,BJ,Benin,Africa,Sub-Saharan Africa,AF,Porto-Novo,XOF,1
BEN,2017,0.0432648555103608,12701655836.9467,12039780,1054.9740806681434,6.961271477521299,0,1,BJ,Benin,Africa,Sub-Saharan Africa,AF,Porto-Novo,XOF,1
BEN,2018,0.919170717886054,14262408089.926104,12383347,1151.7409703472013,7.049029963843641,0,1,BJ,Benin,Africa,Sub-Saharan Africa,AF,Porto-Novo,XOF,1
BEN,2019,0.732849371240975,14390708751.02496,12726755,1130.7445417960007,7.030631581281081,0,1,BJ,Benin,Africa,Sub-Saharan Africa,AF,Porto-Novo,XOF,1
BEN,2020,3.02272119663769,15686741883.93395,13070169,1200.1942655778935,7.090238710655225,0,1,BJ,Benin,Africa,Sub-Saharan Africa,AF,Porto-Novo,XOF,1
BEN,2021,1.73353962694036,17687623530.335533,13413417,1318.6515807519838,7.184364963729971,0,1,BJ,Benin,Africa,Sub-Saharan Africa,AF,Porto-Novo,XOF,1
BEN,2022,1.35077863583527,17425418044.290585,13759501,1266.4280517360755,7.143955659092226,0,1,BJ,Benin,Africa,Sub-Saharan Africa,AF,Porto-Novo,XOF,1
BEN,2023,2.73102465280233,19673284686.00226,14111034,1394.1773994735083,7.240059842530368,0,1,BJ,Benin,Africa,Sub-Saharan Africa,AF,Porto-Novo,XOF,1
BEN,2024,,,14462724,,,,0,BJ,Benin,Africa,Sub-Saharan Africa,AF,Porto-Novo,XOF,1
BFA,2013,0.533738507090536,13444300485.841228,17695409,759.7620651684981,6.633005312116349,0,1,BF,Burkina Faso,Africa,Sub-Saharan Africa,AF,Ouagadougou,XOF,1
BFA,2014,-0.258089517535384,13943016076.743608,18229461,764.8616751062254,6.6396950006225905,0,1,BF,Burkina Faso,Africa,Sub-Saharan Africa,AF,Ouagadougou,XOF,1
BFA,2015,0.724838981070517,11832159315.62978,18777487,630.124750752312,6.445917816849948,0,1,BF,Burkina Faso,Africa,Sub-Saharan Africa,AF,Ouagadougou,XOF,1
BFA,2016,0.441041448058902,12833363045.336657,19334856,663.7423648428856,6.497894069428422,0,1,BF,Burkina Faso,Africa,Sub-Saharan Africa,AF,Ouagadougou,XOF,1
BFA,2017,1.48299897161325,14106955615.344175,19894407,709.0915358946952,6.5639846238329795,0,1,BF,Burkina Faso,Africa,Sub-Saharan Africa,AF,Ouagadougou,XOF,1
BFA,2018,1.95594302672523,15890066221.288244,20438288,777.465618514048,6.6560394225149215,0,1,BF,Burkina Faso,Africa,Sub-Saharan Africa,AF,Ouagadougou,XOF,1
BFA,2019,-3.2333893398333,16032813501.663946,20961952,764.8530776935252,6.639683760078973,0,1,BF,Burkina Faso,Africa,Sub-Saharan Africa,AF,Ouagadougou,XOF,1
BFA,2020,1.88443993781991,17725010530.7894,21478690,825.2370387015874,6.715670664704586,0,1,BF,Burkina Faso,Africa,Sub-Saharan Africa,AF,Ouagadougou,XOF,1
BFA,2021,3.65353287214209,19643166853.66414,21995243,893.0643254845668,6.794658611299678,0,1,BF,Burkina Faso,Africa,Sub-Saharan Africa,AF,Ouagadougou,XOF,1
BFA,2022,14.2902354303358,18820219331.22608,22509038,836.1183330547526,6.728770149784122,1,1,BF,Burkina Faso,Africa,Sub-Saharan Africa,AF,Ouagadougou,XOF,1
BFA,2023,0.742910428668841,20324617838.967648,23025776,882.689809844743,6.7829738476576855,0,1,BF,Burkina Faso,Africa,Sub-Saharan Africa,AF,Ouagadougou,XOF,1
BFA,2024,4.19113446375394,,23548781,,,0,0,BF,Burkina Faso,Africa,Sub-Saharan Africa,AF,Ouagadougou,XOF,1
BGD,2013,7.53040640913172,149998957327.0292,156532141,958.2629891137132,6.8651222592052825,0,1,BD,Bangladesh,Asia,Southern Asia,AS,Dhaka,BDT,1
BGD,2014,6.99163889220849,172886611131.25522,157964929,1094.4619937204873,6.99801819157287,0,1,BD,Bangladesh,Asia,Southern Asia,AS,Dhaka,BDT,1
BGD,2015,6.19428022984984,195146607942.29083,159383179,1224.3864701825958,7.110195156848978,0,1,BD,Bangladesh,Asia,Southern Asia,AS,Dhaka,BDT,1
BGD,2016,5.51352572692995,265224514652.99173,160811932,1649.2838022304945,7.408096413409393,0,1,BD,Bangladesh,Asia,Southern Asia,AS,Dhaka,BDT,1
BGD,2017,5.70207015717239,293732447017.3276,162186147,1811.0822191079462,7.501679856691605,0,1,BD,Bangladesh,Asia,Southern Asia,AS,Dhaka,BDT,1
BGD,2018,5.54362139486476,321362751137.57434,163523103,1965.2437193389997,7.583371546810217,0,1,BD,Bangladesh,Asia,Southern Asia,AS,Dhaka,BDT,1
BGD,2019,5.59199639930629,351231655150.82745,164913055,2129.7989728637763,7.663782875312305,0,1,BD,Bangladesh,Asia,Southern Asia,AS,Dhaka,BDT,1
BGD,2020,5.69107474746211,373979442653.34265,166298024,2248.8507900330956,7.718174604730861,0,1,BD,Bangladesh,Asia,Southern Asia,AS,Dhaka,BDT,1
BGD,2021,5.54565430773473,416271647002.4352,167658854,2482.849173014359,7.817162039810731,0,1,BD,Bangladesh,Asia,Southern Asia,AS,Dhaka,BDT,1
BGD,2022,7.69695437176898,460131688909.3012,169384897,2716.485926778355,7.907094385333341,0,1,BD,Bangladesh,Asia,Southern Asia,AS,Dhaka,BDT,1
BGD,2023,9.8835030377921,437415331040.9943,171466990,2551.0177267414233,7.844247667055897,0,1,BD,Bangladesh,Asia,Southern Asia,AS,Dhaka,BDT,1
BGD,2024,10.4657482763412,,173562364,,,1,0,BD,Bangladesh,Asia,Southern Asia,AS,Dhaka,BDT,1
BGR,2013,0.890093540913002,55852123989.95043,7160005,7800.570528924272,8.961952154736618,0,1,BG,Bulgaria,Europe,Eastern Europe,EU,Sofia,EUR,0
BGR,2014,-1.4181838026484,57157782909.93072,7073572,8080.469515250671,8.997205258150021,0,1,BG,Bulgaria,Europe,Eastern Europe,EU,Sofia,EUR,0
BGR,2015,-0.104633261008385,50811995688.67711,6984225,7275.251826605974,8.892233706781624,0,1,BG,Bulgaria,Europe,Eastern Europe,EU,Sofia,EUR,0
BGR,2016,-0.79864988645371,53964253211.83995,6894139,7827.555146747107,8.96540549843248,0,1,BG,Bulgaria,Europe,Eastern Europe,EU,Sofia,EUR,0
BGR,2017,2.06159619443141,59309748166.11794,6803468,8717.575825464004,9.073096476586427,0,1,BG,Bulgaria,Europe,Eastern Europe,EU,Sofia,EUR,0
BGR,2018,2.81454473824829,66370132238.3914,6710798,9890.050667356014,9.199284547693221,0,1,BG,Bulgaria,Europe,Eastern Europe,EU,Sofia,EUR,0
BGR,2019,3.10372944796781,68881010245.54976,6616726,10410.13489836964,9.250535120062002,0,1,BG,Bulgaria,Europe,Eastern Europe,EU,Sofia,EUR,0
BGR,2020,1.67244096855756,70368758395.14104,6550696,10742.180433215193,9.281933367309554,0,1,BG,Bulgaria,Europe,Eastern Europe,EU,Sofia,EUR,0
BGR,2021,3.29774435299515,84041493015.66185,6507301,12914.953990242937,9.46614114301821,0,1,BG,Bulgaria,Europe,Eastern Europe,EU,Sofia,EUR,0
BGR,2022,15.3252589264366,90346169914.93486,6465097,13974.44924877923,9.544985887499255,1,1,BG,Bulgaria,Europe,Eastern Europe,EU,Sofia,EUR,0
BGR,2023,9.44284140088564,101584384672.78587,6446596,15757.833230558557,9.665092868589241,0,1,BG,Bulgaria,Europe,Eastern Europe,EU,Sofia,EUR,0
BGR,2024,2.44651943006079,,6441421,,,0,0,BG,Bulgaria,Europe,Eastern Europe,EU,Sofia,EUR,0
BHR,2013,3.30001156888442,32539468085.106384,1253191,25965.290275070907,10.164515935691027,0,1,BH,Bahrain,Asia,Western Asia,AS,Manama,BHD,0
BHR,2014,2.64755321246189,33387712765.957447,1314562,25398.35531983843,10.142439699722717,0,1,BH,Bahrain,Asia,Western Asia,AS,Manama,BHD,0
BHR,2015,1.84862742374977,31125851063.82979,1370322,22714.260636426905,10.030748228089768,0,1,BH,Bahrain,Asia,Western Asia,AS,Manama,BHD,0
BHR,2016,2.78679347602044,32250132978.723404,1423726,22651.923880524344,10.028000066841521,0,1,BH,Bahrain,Asia,Western Asia,AS,Manama,BHD,0
BHR,2017,1.38671830576406,35423643617.02128,1501116,23598.20534656967,10.068925943485283,0,1,BH,Bahrain,Asia,Western Asia,AS,Manama,BHD,0
BHR,2018,2.08766938046978,37802005319.14893,1503091,25149.512118127866,10.132593776458128,0,1,BH,Bahrain,Asia,Western Asia,AS,Manama,BHD,0
BHR,2019,1.00582004702137,38653318085.106384,1483756,26050.99361694671,10.167811189139194,0,1,BH,Bahrain,Asia,Western Asia,AS,Manama,BHD,0
BHR,2020,-2.31770629331379,34621807712.76596,1472204,23516.990656706515,10.065478445557204,0,1,BH,Bahrain,Asia,Western Asia,AS,Manama,BHD,0
BHR,2021,-0.60631938514085,39288670212.76596,1504365,26116.447944990716,10.170320584288035,0,1,BH,Bahrain,Asia,Western Asia,AS,Manama,BHD,0
BHR,2022,3.62574104304482,44383297872.34042,1524693,29109.66199250631,10.278825425284634,0,1,BH,Bahrain,Asia,Western Asia,AS,Manama,BHD,0
BHR,2023,0.0746206782192256,43205000000.0,1577059,27395.931287288553,10.21814978818531,0,1,BH,Bahrain,Asia,Western Asia,AS,Manama,BHD,0
BHR,2024,0.919635459817651,,1588670,,,0,0,BH,Bahrain,Asia,Western Asia,AS,Manama,BHD,0
BHS,2013,0.722414784530551,10395800000.0,378953,27432.953426942127,10.219500249551544,0,1,BS,Bahamas,Americas,Latin America and the Caribbean,NA,Nassau,BSD,0
BHS,2014,1.51375643050831,10974100000.0,382298,28705.617084054848,10.264848099812053,0,1,BS,Bahamas,Americas,Latin America and the Caribbean,NA,Nassau,BSD,0
BHS,2015,1.86148302863371,11671900000.0,385346,30289.402251483083,10.318553169639802,0,1,BS,Bahamas,Americas,Latin America and the Caribbean,NA,Nassau,BSD,0
BHS,2016,-0.346376929989397,11745100000.0,388055,30266.58592209867,10.317799608145647,0,1,BS,Bahamas,Americas,Latin America and the Caribbean,NA,Nassau,BSD,0
BHS,2017,1.51820700736147,12236700000.0,390485,31337.183246475535,10.352560634604552,0,1,BS,Bahamas,Americas,Latin America and the Caribbean,NA,Nassau,BSD,0
BHS,2018,2.26586346678736,12615800000.0,392717,32124.405105966893,10.37737130392386,0,1,BS,Bahamas,Americas,Latin America and the Caribbean,NA,Nassau,BSD,0
BHS,2019,2.49123527368046,13016200000.0,394675,32979.540127953376,10.403642652048918,0,1,BS,Bahamas,Americas,Latin America and the Caribbean,NA,Nassau,BSD,0
BHS,2020,0.0385210980054558,9958200000.0,395863,25155.672543278863,10.13283869853617,0,1,BS,Bahamas,Americas,Latin America and the Caribbean,NA,Nassau,BSD,0
BHS,2021,2.90491262928478,11368900000.0,396373,28682.327000073165,10.26403642810532,0,1,BS,Bahamas,Americas,Latin America and the Caribbean,NA,Nassau,BSD,0
BHS,2022,5.60540633583044,13136400000.0,397538,33044.38820942904,10.405607033871133,0,1,BS,Bahamas,Americas,Latin America and the Caribbean,NA,Nassau,BSD,0
BHS,2023,3.05291578969743,14338500000.0,399440,35896.50510715001,10.48839521896171,0,1,BS,Bahamas,Americas,Latin America and the Caribbean,NA,Nassau,BSD,0
BHS,2024,,,401283,,,,0,BS,Bahamas,Americas,Latin America and the Caribbean,NA,Nassau,BSD,0
BIH,2013,-0.0930456838317588,18179108530.526096,3610859,5034.566160164685,8.524082636626893,0,1,BA,Bosnia and Herzegovina,Europe,Southern Europe,EU,Sarajevo,BAM,0
BIH,2014,-0.897194054194333,18558733564.4692,3564829,5206.065582520003,8.557579682962677,0,1,BA,Bosnia and Herzegovina,Europe,Southern Europe,EU,Sarajevo,BAM,0
BIH,2015,-1.03602303425474,16404348871.443705,3518541,4662.258837240693,8.447255338698138,0,1,BA,Bosnia and Herzegovina,Europe,Southern Europe,EU,Sarajevo,BAM,0
BIH,2016,-1.58410000000002,17116926327.624697,3473003,4928.566525172796,8.502803459071167,0,1,BA,Bosnia and Herzegovina,Europe,Southern Europe,EU,Sarajevo,BAM,0
BIH,2017,0.810133321953039,18326373366.110527,3428682,5345.019854891917,8.583920538118647,0,1,BA,Bosnia and Herzegovina,Europe,Southern Europe,EU,Sarajevo,BAM,0
BIH,2018,1.41710814018034,20484053868.92458,3387000,6047.845842611331,8.707457428548297,0,1,BA,Bosnia and Herzegovina,Europe,Southern Europe,EU,Sarajevo,BAM,0
BIH,2019,0.56278215406123,20482608755.37896,3345533,6122.3753450881995,8.71970542848646,0,1,BA,Bosnia and Herzegovina,Europe,Southern Europe,EU,Sarajevo,BAM,0
BIH,2020,-1.0512960076349,20226036564.412888,3299349,6130.31133245161,8.721000815968733,0,1,BA,Bosnia and Herzegovina,Europe,Southern Europe,EU,Sarajevo,BAM,0
BIH,2021,1.98163900587622,23672712242.214893,3244907,7295.343824095697,8.894991591319256,0,1,BA,Bosnia and Herzegovina,Europe,Southern Europe,EU,Sarajevo,BAM,0
BIH,2022,14.0208440826771,24534663636.17784,3204802,7655.5942102438285,8.943191928886375,1,1,BA,Bosnia and Herzegovina,Europe,Southern Europe,EU,Sarajevo,BAM,0
BIH,2023,6.1059011284828,27054889362.885204,3185073,8494.276069303656,9.04714781202902,0,1,BA,Bosnia and Herzegovina,Europe,Southern Europe,EU,Sarajevo,BAM,0
BIH,2024,1.69212733599724,,3164253,,,0,0,BA,Bosnia and Herzegovina,Europe,Southern Europe,EU,Sarajevo,BAM,0
BLR,2013,18.3122610377874,75527558966.44727,9443211,7998.0802045456,8.986956817431702,1,1,BY,Belarus,Europe,Eastern Europe,EU,Minsk,BYN,0
BLR,2014,18.1195543526734,78812805039.07434,9448515,8341.290143379605,9.028973176839786,1,1,BY,Belarus,Europe,Eastern Europe,EU,Minsk,BYN,0
BLR,2015,13.5344897649735,56454889146.60878,9461076,5967.068560342268,8.694011057374334,1,1,BY,Belarus,Europe,Eastern Europe,EU,Minsk,BYN,0
BLR,2016,11.8365807653497,47723545321.25899,9469379,5039.775609494454,8.52511683814858,1,1,BY,Belarus,Europe,Eastern Europe,EU,Minsk,BYN,0
BLR,2017,6.03183725177793,54725302249.808784,9458989,5785.533977236762,8.663115939125483,0,1,BY,Belarus,Europe,Eastern Europe,EU,Minsk,BYN,0
BLR,2018,4.87230220550684,60031173807.71964,9438785,6360.053100872585,8.757792005493116,0,1,BY,Belarus,Europe,Eastern Europe,EU,Minsk,BYN,0
BLR,2019,5.59815595039854,64410122847.3508,9419758,6837.768321367789,8.83021668857347,0,1,BY,Belarus,Europe,Eastern Europe,EU,Minsk,BYN,0
BLR,2020,5.54814357456511,61371755326.2351,9379952,6542.864539843605,8.786130351590106,0,1,BY,Belarus,Europe,Eastern Europe,EU,Minsk,BYN,0
BLR,2021,9.46028389623103,69673747131.86996,9302585,7489.718947138883,8.921286552060755,0,1,BY,Belarus,Europe,Eastern Europe,EU,Minsk,BYN,0
BLR,2022,15.209675274081,73775179924.60303,9228071,7994.648060748886,8.986527604380312,1,1,BY,Belarus,Europe,Eastern Europe,EU,Minsk,BYN,0
BLR,2023,5.0005990309131,71857382745.6066,9178298,7829.0531366062205,8.965596854036015,0,1,BY,Belarus,Europe,Eastern Europe,EU,Minsk,BYN,0
BLR,2024,5.78531910428,,9132629,,,0,0,BY,Belarus,Europe,Eastern Europe,EU,Minsk,BYN,0
BLZ,2013,0.50974776898322,2021757434.18064,341627,5918.025900121009,8.685758209449565,0,1,BZ,Belize,Americas,Latin America and the Caribbean,NA,Belmopan,BZD,0
BLZ,2014,1.20139964481058,2125125606.2572303,348923,6090.52887386968,8.714490199933255,0,1,BZ,Belize,Americas,Latin America and the Caribbean,NA,Belmopan,BZD,0
BLZ,2015,-0.861584009427748,2194709309.242045,356333,6159.152560223288,8.72569447567143,0,1,BZ,Belize,Americas,Latin America and the Caribbean,NA,Belmopan,BZD,0
BLZ,2016,0.663427167917601,2240593542.975695,364705,6143.577803911916,8.723162555655188,0,1,BZ,Belize,Americas,Latin America and the Caribbean,NA,Belmopan,BZD,0
BLZ,2017,1.14765339305816,2266664817.08822,373202,6073.560208916941,8.711700237471767,0,1,BZ,Belize,Americas,Latin America and the Caribbean,NA,Belmopan,BZD,0
BLZ,2018,0.269982622646335,2292787335.624515,380226,6030.064581655423,8.704512999722821,0,1,BZ,Belize,Americas,Latin America and the Caribbean,NA,Belmopan,BZD,0
BLZ,2019,0.187069385181424,2386792476.106365,385829,6186.14068954476,8.730066696204103,0,1,BZ,Belize,Americas,Latin America and the Caribbean,NA,Belmopan,BZD,0
BLZ,2020,0.121434644614894,2047727810.06777,390812,5239.674856626127,8.5640147251277,0,1,BZ,Belize,Americas,Latin America and the Caribbean,NA,Belmopan,BZD,0
BLZ,2021,3.23563659237071,2424575179.378305,395346,6132.792994941911,8.721405552397277,0,1,BZ,Belize,Americas,Latin America and the Caribbean,NA,Belmopan,BZD,0
BLZ,2022,6.27689319447544,2830507575.6840954,402733,7028.248431799965,8.857692797543923,0,1,BZ,Belize,Americas,Latin America and the Caribbean,NA,Belmopan,BZD,0
BLZ,2023,4.38984017487675,3281500000.0,411106,7982.126264272475,8.984960104109534,0,1,BZ,Belize,Americas,Latin America and the Caribbean,NA,Belmopan,BZD,0
BLZ,2024,3.28955985952768,,417072,,,0,0,BZ,Belize,Americas,Latin America and the Caribbean,NA,Belmopan,BZD,0
BMU,2013,,6465756000.0,63574,101704.40746217007,11.529825918975371,,1,BM,Bermuda,Americas,Northern America,NA,Hamilton,BMD,0
BMU,2014,,6413988000.0,63529,100961.57660281131,11.522495293766534,,1,BM,Bermuda,Americas,Northern America,NA,Hamilton,BMD,0
BMU,2015,,6654541000.0,63464,104855.36682213539,11.560337220734336,,1,BM,Bermuda,Americas,Northern America,NA,Hamilton,BMD,0
BMU,2016,,6899911000.0,63449,108747.35614430488,11.596782637338668,,1,BM,Bermuda,Americas,Northern America,NA,Hamilton,BMD,0
BMU,2017,,7142316000.0,63578,112339.42558746737,11.629280152912122,,1,BM,Bermuda,Americas,Northern America,NA,Hamilton,BMD,0
BMU,2018,,7225977000.0,63831,113204.82210837994,11.63695404197451,,1,BM,Bermuda,Americas,Northern America,NA,Hamilton,BMD,0
BMU,2019,,7423465000.0,64107,115798.04077557832,11.659602924941447,,1,BM,Bermuda,Americas,Northern America,NA,Hamilton,BMD,0
BMU,2020,,6887147000.0,64382,106973.17573234755,11.580333387924817,,1,BM,Bermuda,Americas,Northern America,NA,Hamilton,BMD,0
BMU,2021,,7286607000.0,64648,112712.02512065339,11.63259139460779,,1,BM,Bermuda,Americas,Northern America,NA,Hamilton,BMD,0
BMU,2022,,7827980000.0,64749,120897.31115538464,11.70269679611888,,1,BM,Bermuda,Americas,Northern America,NA,Hamilton,BMD,0
BMU,2023,,,64698,,,,0,BM,Bermuda,Americas,Northern America,NA,Hamilton,BMD,0
BMU,2024,,,64636,,,,0,BM,Bermuda,Americas,Northern America,NA,Hamilton,BMD,0
BOL,2013,5.73640023719607,30659338885.67293,10682608,2870.023770007561,7.962075590951969,0,1,BO,Bolivia (Plurinational State of),Americas,Latin America and the Caribbean,SA,Sucre,BOB,0
BOL,2014,5.76660074579144,32996188017.36613,10848888,3041.4350316240825,8.020084732896118,0,1,BO,Bolivia (Plurinational State of),Americas,Latin America and the Caribbean,SA,Sucre,BOB,0
BOL,2015,4.05961041135645,33000198248.914616,11014705,2996.0128981134417,8.005037649739139,0,1,BO,Bolivia (Plurinational State of),Americas,Latin America and the Caribbean,SA,Sucre,BOB,0
BOL,2016,3.62321431764138,33941126193.92185,11180020,3035.873477321315,8.01825446351054,0,1,BO,Bolivia (Plurinational State of),Americas,Latin America and the Caribbean,SA,Sucre,BOB,0
BOL,2017,2.8227580554717,37508642170.767006,11344587,3306.303012244254,8.10358592942718,0,1,BO,Bolivia (Plurinational State of),Americas,Latin America and the Caribbean,SA,Sucre,BOB,0
BOL,2018,2.27205987230155,40287647930.53545,11508368,3500.72642189887,8.16072577505613,0,1,BO,Bolivia (Plurinational State of),Americas,Latin America and the Caribbean,SA,Sucre,BOB,0
BOL,2019,1.83954504969026,40895322850.94067,11671386,3503.8960112312852,8.161630774455885,0,1,BO,Bolivia (Plurinational State of),Americas,Latin America and the Caribbean,SA,Sucre,BOB,0
BOL,2020,0.940742153381849,36629843806.07815,11816299,3099.942190535137,8.039138742084885,0,1,BO,Bolivia (Plurinational State of),Americas,Latin America and the Caribbean,SA,Sucre,BOB,0
BOL,2021,0.737383721452275,40406111693.198265,11937360,3384.844864626539,8.12706335405287,0,1,BO,Bolivia (Plurinational State of),Americas,Latin America and the Caribbean,SA,Sucre,BOB,0
BOL,2022,1.74632872945969,44008282879.884224,12077154,3643.9282698460433,8.200817573731126,0,1,BO,Bolivia (Plurinational State of),Americas,Latin America and the Caribbean,SA,Sucre,BOB,0
BOL,2023,2.57688800489192,45849832906.413895,12244159,3744.629002809739,8.228077826373795,0,1,BO,Bolivia (Plurinational State of),Americas,Latin America and the Caribbean,SA,Sucre,BOB,0
BOL,2024,5.09976568317427,,12413315,,,0,0,BO,Bolivia (Plurinational State of),Americas,Latin America and the Caribbean,SA,Sucre,BOB,0
BRA,2013,6.20431066640101,2472819535742.7266,198478299,12458.891214816016,9.430189800806856,0,1,BR,Brazil,Americas,Latin America and the Caribbean,SA,Brasilia,BRL,0
BRA,2014,6.32904015516139,2456043727198.8545,200085127,12274.993968936304,9.415319461333583,0,1,BR,Brazil,Americas,Latin America and the Caribbean,SA,Brasilia,BRL,0
BRA,2015,9.02990102416136,1802212206904.6775,201675532,8936.19661756825,9.097865343368241,0,1,BR,Brazil,Americas,Latin America and the Caribbean,SA,Brasilia,BRL,0
BRA,2016,8.73914352329393,1795693482652.5151,203218114,8836.286526369962,9.086621991172471,0,1,BR,Brazil,Americas,Latin America and the Caribbean,SA,Brasilia,BRL,0
BRA,2017,3.44637335032669,2063514977334.3208,204703445,10080.509281777455,9.218359064334924,0,1,BR,Brazil,Americas,Latin America and the Caribbean,SA,Brasilia,BRL,0
BRA,2018,3.66485028376729,1916933898038.3567,206107261,9300.66164936497,9.137840821703662,0,1,BR,Brazil,Americas,Latin America and the Caribbean,SA,Brasilia,BRL,0
BRA,2019,3.73297621216894,1873288205186.4492,207455459,9029.83326742175,9.108289181946184,0,1,BR,Brazil,Americas,Latin America and the Caribbean,SA,Brasilia,BRL,0
BRA,2020,3.21176803803376,1476107231194.106,208660842,7074.1937828186565,8.864208763059812,0,1,BR,Brazil,Americas,Latin America and the Caribbean,SA,Brasilia,BRL,0
BRA,2021,8.30165975585673,1670647399034.6658,209550294,7972.5366504838485,8.983757995986704,0,1,BR,Brazil,Americas,Latin America and the Caribbean,SA,Brasilia,BRL,0
BRA,2022,9.28010608956873,1951923942083.32,210306415,9281.333344412342,9.135760494814134,0,1,BR,Brazil,Americas,Latin America and the Caribbean,SA,Brasilia,BRL,0
BRA,2023,4.59356282283204,2173665655937.2737,211140729,10294.866680777983,9.239400669477892,0,1,BR,Brazil,Americas,Latin America and the Caribbean,SA,Brasilia,BRL,0
BRA,2024,4.36746407652337,,211998573,,,0,0,BR,Brazil,Americas,Latin America and the Caribbean,SA,Brasilia,BRL,0
BRB,2013,1.81410436049105,4693452700.0,277665,16903.292456737436,9.73526370186152,0,1,BB,Barbados,Americas,Latin America and the Caribbean,NA,Bridgetown,BBD,0
BRB,2014,1.76950322089729,4711838650.0,278348,16927.869609266098,9.736716631962132,0,1,BB,Barbados,Americas,Latin America and the Caribbean,NA,Bridgetown,BBD,0
BRB,2015,-1.11278992510967,4738650450.0,278990,16985.01899709667,9.740086999057214,0,1,BB,Barbados,Americas,Latin America and the Caribbean,NA,Bridgetown,BBD,0
BRB,2016,1.28192813061895,4848210350.0,279598,17339.932152590503,9.760767337558164,0,1,BB,Barbados,Americas,Latin America and the Caribbean,NA,Bridgetown,BBD,0
BRB,2017,4.66018463955996,5000457800.0,280171,17847.877903137727,9.789639895162127,0,1,BB,Barbados,Americas,Latin America and the Caribbean,NA,Bridgetown,BBD,0
BRB,2018,3.67381410406801,5128345200.0,280711,18269.128035595328,9.812967921664704,0,1,BB,Barbados,Americas,Latin America and the Caribbean,NA,Bridgetown,BBD,0
BRB,2019,4.10028964518461,5367139250.0,281207,19086.07982731582,9.856714543474784,0,1,BB,Barbados,Americas,Latin America and the Caribbean,NA,Bridgetown,BBD,0
BRB,2020,,4779756550.0,281698,16967.6623547203,9.739064597102654,,1,BB,Barbados,Americas,Latin America and the Caribbean,NA,Bridgetown,BBD,0
BRB,2021,,4945276000.0,282147,17527.303143396883,9.771515123718487,,1,BB,Barbados,Americas,Latin America and the Caribbean,NA,Bridgetown,BBD,0
BRB,2022,,5840673700.0,282318,20688.27952875835,9.937322612557942,,1,BB,Barbados,Americas,Latin America and the Caribbean,NA,Bridgetown,BBD,0
BRB,2023,9.79207077126447,6393564189.61345,282336,22645.231885460762,10.027704595967064,0,1,BB,Barbados,Americas,Latin America and the Caribbean,NA,Bridgetown,BBD,0
BRB,2024,,,282467,,,,0,BB,Barbados,Americas,Latin America and the Caribbean,NA,Bridgetown,BBD,0
BRN,2013,0.389205053123632,18094321616.795853,411202,44003.486405211675,10.692024146243437,0,1,BN,Brunei Darussalam,Asia,South-eastern Asia,AS,Bandar Seri Begawan,BND,0
BRN,2014,-0.207108731719822,17097802752.87284,416750,41026.52130263429,10.62197399760188,0,1,BN,Brunei Darussalam,Asia,South-eastern Asia,AS,Bandar Seri Begawan,BND,0
BRN,2015,-0.488347420743522,12930291487.95813,422212,30625.116026920434,10.329575736473988,0,1,BN,Brunei Darussalam,Asia,South-eastern Asia,AS,Bandar Seri Begawan,BND,0
BRN,2016,-0.278693265753083,11400466356.389812,427564,26663.76579036077,10.191060836209154,0,1,BN,Brunei Darussalam,Asia,South-eastern Asia,AS,Bandar Seri Begawan,BND,0
BRN,2017,-1.2605056462896,12128183904.450096,432772,28024.41910393948,10.240831519944608,0,1,BN,Brunei Darussalam,Asia,South-eastern Asia,AS,Bandar Seri Begawan,BND,0
BRN,2018,1.02505179290212,13566937673.796574,437810,30988.18591123221,10.34136131119269,0,1,BN,Brunei Darussalam,Asia,South-eastern Asia,AS,Bandar Seri Begawan,BND,0
BRN,2019,-0.390522069165529,13469235364.703176,442680,30426.57306565279,10.323071619580888,0,1,BN,Brunei Darussalam,Asia,South-eastern Asia,AS,Bandar Seri Begawan,BND,0
BRN,2020,1.94031996607184,12005799653.983503,447404,26834.359223394298,10.197438405935461,0,1,BN,Brunei Darussalam,Asia,South-eastern Asia,AS,Bandar Seri Begawan,BND,0
BRN,2021,1.73341388450593,14006496617.445808,451721,31006.963628978527,10.341967091433881,0,1,BN,Brunei Darussalam,Asia,South-eastern Asia,AS,Bandar Seri Begawan,BND,0
BRN,2022,3.68225030604216,16681536466.7183,455370,36632.92809521554,10.508702789657383,0,1,BN,Brunei Darussalam,Asia,South-eastern Asia,AS,Bandar Seri Begawan,BND,0
BRN,2023,0.35706431153689,15128292953.509842,458949,32962.90645259025,10.403138161342902,0,1,BN,Brunei Darussalam,Asia,South-eastern Asia,AS,Bandar Seri Begawan,BND,0
BRN,2024,-0.388674165036461,,462721,,,0,0,BN,Brunei Darussalam,Asia,South-eastern Asia,AS,Bandar Seri Begawan,BND,0
BTN,2013,8.77638345268213,1913162477.220792,725273,2637.851508633014,7.87772004231957,0,1,BT,Bhutan,Asia,Southern Asia,AS,Thimphu,"INR,BTN",0
BTN,2014,8.27106093949328,2057330872.731512,733139,2806.194831718831,7.9395846922216275,0,1,BT,Bhutan,Asia,Southern Asia,AS,Thimphu,"INR,BTN",0
BTN,2015,4.54814395082205,2154921010.655577,740618,2909.625489328611,7.975779654058043,0,1,BT,Bhutan,Asia,Southern Asia,AS,Thimphu,"INR,BTN",0
BTN,2016,3.21988689395718,2322730512.468928,747866,3105.8110844308044,8.041030179074179,0,1,BT,Bhutan,Asia,Southern Asia,AS,Thimphu,"INR,BTN",0
BTN,2017,4.95508366985129,2591358115.158436,754335,3435.2881878189874,8.14185609861003,0,1,BT,Bhutan,Asia,Southern Asia,AS,Thimphu,"INR,BTN",0
BTN,2018,2.72396386183713,2583335723.321254,759759,3400.2041743779987,8.131590760088892,0,1,BT,Bhutan,Asia,Southern Asia,AS,Thimphu,"INR,BTN",0
BTN,2019,2.72643037388832,2735683408.576508,764824,3576.8796593418983,8.18224609579174,0,1,BT,Bhutan,Asia,Southern Asia,AS,Thimphu,"INR,BTN",0
BTN,2020,5.62936522632508,2457604042.409587,770006,3191.6686914252446,8.068299159769646,0,1,BT,Bhutan,Asia,Southern Asia,AS,Thimphu,"INR,BTN",0
BTN,2021,7.3468144053353,2768802803.1814117,775442,3570.6123774330144,8.180492394358321,0,1,BT,Bhutan,Asia,Southern Asia,AS,Thimphu,"INR,BTN",0
BTN,2022,5.6391667139637,2898227713.223154,780914,3711.327640717357,8.219144946227578,0,1,BT,Bhutan,Asia,Southern Asia,AS,Thimphu,"INR,BTN",0
BTN,2023,4.22934419929251,,786385,,,0,0,BT,Bhutan,Asia,Southern Asia,AS,Thimphu,"INR,BTN",0
BTN,2024,2.76131569624098,,791524,,,0,0,BT,Bhutan,Asia,Southern Asia,AS,Thimphu,"INR,BTN",0
BWA,2013,5.88460707056817,14271738933.204172,2140682,6666.912195834866,8.804912092565063,0,1,BW,Botswana,Africa,Sub-Saharan Africa,AF,Gaborone,BWP,0
BWA,2014,4.40225309243427,15470088500.74136,2172044,7122.364234215034,8.87099500465512,0,1,BW,Botswana,Africa,Sub-Saharan Africa,AF,Gaborone,BWP,0
BWA,2015,3.06203169580558,13530748844.50496,2203273,6141.203947266163,8.722776084536143,0,1,BW,Botswana,Africa,Sub-Saharan Africa,AF,Gaborone,BWP,0
BWA,2016,2.81495791361944,15082637184.04962,2234776,6749.05994339013,8.81715850652203,0,1,BW,Botswana,Africa,Sub-Saharan Africa,AF,Gaborone,BWP,0
BWA,2017,3.30828076768219,16105155856.770824,2266747,7104.964010880272,8.868548975195399,0,1,BW,Botswana,Africa,Sub-Saharan Africa,AF,Gaborone,BWP,0
BWA,2018,3.23801558947715,17031943186.13526,2299141,7407.95940141786,8.910310295940839,0,1,BW,Botswana,Africa,Sub-Saharan Africa,AF,Gaborone,BWP,0
BWA,2019,2.77286442863321,16725908148.548136,2332083,7172.089564800282,8.877952322767555,0,1,BW,Botswana,Africa,Sub-Saharan Africa,AF,Gaborone,BWP,0
BWA,2020,1.8903591682421,14960291105.931597,2365894,6323.314191562089,8.751998747091701,0,1,BW,Botswana,Africa,Sub-Saharan Africa,AF,Gaborone,BWP,0
BWA,2021,7.24097765588442,18750946600.142254,2401441,7808.206239562935,8.962930541622537,0,1,BW,Botswana,Africa,Sub-Saharan Africa,AF,Gaborone,BWP,0
BWA,2022,11.665567478802,20321958850.03632,2439892,8329.040322291445,9.027503521116016,1,1,BW,Botswana,Africa,Sub-Saharan Africa,AF,Gaborone,BWP,0
BWA,2023,5.0676154934383,19395765126.312748,2480244,7820.103637510159,8.964453086330074,0,1,BW,Botswana,Africa,Sub-Saharan Africa,AF,Gaborone,BWP,0
BWA,2024,2.81835131676251,,2521139,,,0,0,BW,Botswana,Africa,Sub-Saharan Africa,AF,Gaborone,BWP,0
CAF,2013,6.98879341970198,1691544110.1854331,4642419,364.36696260838005,5.898161498839877,0,1,CF,Central African Republic,Africa,Sub-Saharan Africa,AF,Bangui,XAF,1
CAF,2014,14.898684179755,1894813389.403252,4623182,409.8504859646996,6.015792424811889,1,1,CF,Central African Republic,Africa,Sub-Saharan Africa,AF,Bangui,XAF,1
CAF,2015,1.40297017136816,1695825714.1928203,4629320,366.32285393812055,5.903515059151972,0,1,CF,Central African Republic,Africa,Sub-Saharan Africa,AF,Bangui,XAF,1
CAF,2016,4.94543276106518,1825018144.6559527,4713663,387.17620344431765,5.958879895467098,0,1,CF,Central African Republic,Africa,Sub-Saharan Africa,AF,Bangui,XAF,1
CAF,2017,4.18072331871267,2072349972.6817956,4793511,432.32402568426266,6.069175366544409,0,1,CF,Central African Republic,Africa,Sub-Saharan Africa,AF,Bangui,XAF,1
CAF,2018,1.61215686991555,2220979146.1124053,4878657,455.24396285953395,6.120833457365551,0,1,CF,Central African Republic,Africa,Sub-Saharan Africa,AF,Bangui,XAF,1
CAF,2019,2.68537355266787,2221301351.439182,4944703,449.2284676024388,6.107531594859889,0,1,CF,Central African Republic,Africa,Sub-Saharan Africa,AF,Bangui,XAF,1
CAF,2020,1.71015659523153,2326720900.380474,5026628,462.87907129401145,6.137465834861336,0,1,CF,Central African Republic,Africa,Sub-Saharan Africa,AF,Bangui,XAF,1
CAF,2021,4.25936417542868,2516498412.463837,5112100,492.26314283050743,6.1990134166661255,0,1,CF,Central African Republic,Africa,Sub-Saharan Africa,AF,Bangui,XAF,1
CAF,2022,5.58316735183247,2382618615.016939,5098039,467.35982502623835,6.147099464251819,0,1,CF,Central African Republic,Africa,Sub-Saharan Africa,AF,Bangui,XAF,1
CAF,2023,2.97913852618937,2555492085.2483063,5152421,495.9788971530677,6.206533379757454,0,1,CF,Central African Republic,Africa,Sub-Saharan Africa,AF,Bangui,XAF,1
CAF,2024,,,5330690,,,,0,CF,Central African Republic,Africa,Sub-Saharan Africa,AF,Bangui,XAF,1
CAN,2013,0.938291897815317,1846597421834.9836,35080992,52638.11872352366,10.871195826825677,0,1,CA,Canada,Americas,Northern America,NA,Ottawa,CAD,0
CAN,2014,1.90663590717861,1805749878439.941,35434066,50960.84311746614,10.838812834800434,0,1,CA,Canada,Americas,Northern America,NA,Ottawa,CAD,0
CAN,2015,1.12524136094277,1556508816217.14,35704498,43594.194104539434,10.68267925773026,0,1,CA,Canada,Americas,Northern America,NA,Ottawa,CAD,0
CAN,2016,1.42875954701085,1527994741907.425,36110803,42314.06158172182,10.652874734893194,0,1,CA,Canada,Americas,Northern America,NA,Ottawa,CAD,0
CAN,2017,1.59688412852977,1649265644244.095,36545075,45129.62811662297,10.717294252517274,0,1,CA,Canada,Americas,Northern America,NA,Ottawa,CAD,0
CAN,2018,2.26822567248103,1725329192783.024,37072620,46539.17615704053,10.748049734874089,0,1,CA,Canada,Americas,Northern America,NA,Ottawa,CAD,0
CAN,2019,1.94926902411593,1743725183672.5212,37618495,46352.869344521125,10.744038475108562,0,1,CA,Canada,Americas,Northern America,NA,Ottawa,CAD,0
CAN,2020,0.716999632307827,1655684730000.1936,38028638,43537.839298903986,10.681385707900368,0,1,CA,Canada,Americas,Northern America,NA,Ottawa,CAD,0
CAN,2021,3.39519318527528,2007472181464.152,38239864,52496.84416932424,10.868508335712482,0,1,CA,Canada,Americas,Northern America,NA,Ottawa,CAD,0
CAN,2022,6.80280115341613,2161483369422.0144,38935934,55513.84408608291,10.92438771162128,0,1,CA,Canada,Americas,Northern America,NA,Ottawa,CAD,0
CAN,2023,3.87900159788426,2140085567791.4517,40083484,53390.70744926892,10.885391992001479,0,1,CA,Canada,Americas,Northern America,NA,Ottawa,CAD,0
CAN,2024,2.38158383281173,,41288599,,,0,0,CA,Canada,Americas,Northern America,NA,Ottawa,CAD,0
CHE,2013,-0.217323155115693,706234937370.9675,8089346,87304.33058135571,11.377155346340276,0,1,CH,Switzerland,Europe,Western Europe,EU,Bern,CHF,0
CHE,2014,-0.0132025387514939,726537808338.0005,8188649,88724.99094026383,11.393296875404394,0,1,CH,Switzerland,Europe,Western Europe,EU,Bern,CHF,0
CHE,2015,-1.14390867228183,694118186379.6278,8282396,83806.44760038373,11.336265223849127,0,1,CH,Switzerland,Europe,Western Europe,EU,Bern,CHF,0
CHE,2016,-0.434618664285835,687895460902.7133,8373338,82153.07454478886,11.316339548751554,0,1,CH,Switzerland,Europe,Western Europe,EU,Bern,CHF,0
CHE,2017,0.533787839825897,695200833086.4989,8451840,82254.37692697672,11.317571882129405,0,1,CH,Switzerland,Europe,Western Europe,EU,Bern,CHF,0
CHE,2018,0.936335464113563,725568717468.0009,8514329,85217.36915122741,11.35296055531743,0,1,CH,Switzerland,Europe,Western Europe,EU,Bern,CHF,0
CHE,2019,0.362886179940614,721369112726.7239,8575280,84121.93103044144,11.340022585216989,0,1,CH,Switzerland,Europe,Western Europe,EU,Bern,CHF,0
CHE,2020,-0.725874933313384,741999406005.6272,8638167,85897.7843338323,11.360913314087094,0,1,CH,Switzerland,Europe,Western Europe,EU,Bern,CHF,0
CHE,2021,0.581814168489856,813408787222.4987,8704546,93446.4344518943,11.44514365754793,0,1,CH,Switzerland,Europe,Western Europe,EU,Bern,CHF,0
CHE,2022,2.83502798644463,818426550206.4498,8777088,93245.79521208513,11.442994244929999,0,1,CH,Switzerland,Europe,Western Europe,EU,Bern,CHF,0
CHE,2023,2.13540088016377,884940402230.4088,8888822,99556.54441391771,11.508481047300602,0,1,CH,Switzerland,Europe,Western Europe,EU,Bern,CHF,0
CHE,2024,1.06234041976595,,9005582,,,0,0,CH,Switzerland,Europe,Western Europe,EU,Bern,CHF,0
CHL,2013,1.7895555398459,277395018837.366,17687006,15683.548636629966,9.660367584410375,0,1,CL,Chile,Americas,Latin America and the Caribbean,SA,Santiago,CLP,0
CHL,2014,4.71867527854672,259560978231.5518,17864195,14529.676721036229,9.58394850724842,0,1,CL,Chile,Americas,Latin America and the Caribbean,SA,Santiago,CLP,0
CHL,2015,4.34877353217044,242450355827.82703,18047625,13433.920298533852,9.505538152992019,0,1,CL,Chile,Americas,Latin America and the Caribbean,SA,Santiago,CLP,0
CHL,2016,3.78619355893118,249344863933.46103,18267221,13649.852045555317,9.521483961400905,0,1,CL,Chile,Americas,Latin America and the Caribbean,SA,Santiago,CLP,0
CHL,2017,2.18271846868519,276154259987.10345,18558868,14879.908623042282,9.60776716744365,0,1,CL,Chile,Americas,Latin America and the Caribbean,SA,Santiago,CLP,0
CHL,2018,2.43488981353057,295857562991.70905,18893191,15659.480867562766,9.658831818775822,0,1,CL,Chile,Americas,Latin America and the Caribbean,SA,Santiago,CLP,0
CHL,2019,2.55754475703327,278285058719.4661,19197744,14495.716721686993,9.581608486265589,0,1,CL,Chile,Americas,Latin America and the Caribbean,SA,Santiago,CLP,0
CHL,2020,3.04549084804326,254042159309.31052,19370624,13114.815470545012,9.48149782209486,0,1,CL,Chile,Americas,Latin America and the Caribbean,SA,Santiago,CLP,0
CHL,2021,4.52456838259144,315515014838.5395,19456334,16216.570646789858,9.693788877867249,0,1,CL,Chile,Americas,Latin America and the Caribbean,SA,Santiago,CLP,0
CHL,2022,11.643866711056,302116539409.02985,19553036,15451.131957667845,9.645437545510548,1,1,CL,Chile,Americas,Latin America and the Caribbean,SA,Santiago,CLP,0
CHL,2023,7.58168251407962,335533331669.2191,19658835,17067.813615060055,9.744949724108826,0,1,CL,Chile,Americas,Latin America and the Caribbean,SA,Santiago,CLP,0
CHL,2024,4.29763891572524,,19764771,,,0,0,CL,Chile,Americas,Latin America and the Caribbean,SA,Santiago,CLP,0
CHN,2013,2.62105001748115,9570471111831.676,1363240000,7020.386074228804,8.856573491836503,0,1,CN,China,Asia,Eastern Asia,AS,Beijing,CNY,0
CHN,2014,1.92164162788521,10475624944355.225,1371860000,7636.074340206162,8.94063892028884,0,1,CN,China,Asia,Eastern Asia,AS,Beijing,CNY,0
CHN,2015,1.43702380935655,11061572618578.691,1379860000,8016.445594899984,8.989250409965805,0,1,CN,China,Asia,Eastern Asia,AS,Beijing,CNY,0
CHN,2016,2.00000182191943,11233313730348.72,1387790000,8094.390167351487,8.998926528789886,0,1,CN,China,Asia,Eastern Asia,AS,Beijing,CNY,0
CHN,2017,1.59313600071436,12310491333980.889,1396215000,8817.045608291623,9.084442127841214,0,1,CN,China,Asia,Eastern Asia,AS,Beijing,CNY,0
CHN,2018,2.07479039965576,13894907857880.576,1402760000,9905.406383045265,9.200835986362225,0,1,CN,China,Asia,Eastern Asia,AS,Beijing,CNY,0
CHN,2019,2.89923416358227,14279968506271.729,1407745000,10143.860220616467,9.224623897068708,0,1,CN,China,Asia,Eastern Asia,AS,Beijing,CNY,0
CHN,2020,2.41942189457782,14687744162801.031,1411100000,10408.719554107456,9.250399152517046,0,1,CN,China,Asia,Eastern Asia,AS,Beijing,CNY,0
CHN,2021,0.981015135544882,17820459508852.184,1412360000,12617.50510411806,9.442840422741227,0,1,CN,China,Asia,Eastern Asia,AS,Beijing,CNY,0
CHN,2022,1.97357555739051,17881783387000.867,1412175000,12662.583169225392,9.446406716687424,0,1,CN,China,Asia,Eastern Asia,AS,Beijing,CNY,0
CHN,2023,0.234836828893051,17794781986104.457,1410710000,12614.060994892257,9.442567422703602,0,1,CN,China,Asia,Eastern Asia,AS,Beijing,CNY,0
CHN,2024,0.218128938439177,,1408975000,,,0,0,CN,China,Asia,Eastern Asia,AS,Beijing,CNY,0
CIV,2013,2.58117037252936,42760235484.609314,23939775,1786.1586203132365,7.4878225706580945,0,1,CI,Ivory Coast,Africa,Sub-Saharan Africa,AF,Yamoussoukro,XOF,0
CIV,2014,0.448682076766141,48843005613.70906,24527395,1991.3653942340416,7.5965758101963035,0,1,CI,Ivory Coast,Africa,Sub-Saharan Africa,AF,Yamoussoukro,XOF,0
CIV,2015,1.25149954781477,45815005169.26511,25246342,1814.7185508801674,7.503685666289023,0,1,CI,Ivory Coast,Africa,Sub-Saharan Africa,AF,Yamoussoukro,XOF,0
CIV,2016,0.723178457513217,48407761036.82379,25989405,1862.5959708128676,7.5297264768794125,0,1,CI,Ivory Coast,Africa,Sub-Saharan Africa,AF,Yamoussoukro,XOF,0
CIV,2017,0.685881065304603,52512343996.68996,26733372,1964.299303383425,7.582890872101581,0,1,CI,Ivory Coast,Africa,Sub-Saharan Africa,AF,Yamoussoukro,XOF,0
CIV,2018,0.359409031380677,58522477786.68885,27464173,2130.8661938114374,7.664283839799412,0,1,CI,Ivory Coast,Africa,Sub-Saharan Africa,AF,Yamoussoukro,XOF,0
CIV,2019,-1.10686343994188,60382894697.35568,28193009,2141.7683617011467,7.669387104030771,0,1,CI,Ivory Coast,Africa,Sub-Saharan Africa,AF,Yamoussoukro,XOF,0
CIV,2020,2.42500656821815,63027852805.42045,28915449,2179.7293483293465,7.6869559959331175,0,1,CI,Ivory Coast,Africa,Sub-Saharan Africa,AF,Yamoussoukro,XOF,0
CIV,2021,4.09195189692863,72794636653.77934,29639736,2455.9812764114818,7.806281665627013,0,1,CI,Ivory Coast,Africa,Sub-Saharan Africa,AF,Yamoussoukro,XOF,0
CIV,2022,5.27616724262846,70173140101.43147,30395002,2308.7065466036643,7.744442710157624,0,1,CI,Ivory Coast,Africa,Sub-Saharan Africa,AF,Yamoussoukro,XOF,0
CIV,2023,4.38711707003279,78788828906.86345,31165654,2528.0659570584803,7.83520984553497,0,1,CI,Ivory Coast,Africa,Sub-Saharan Africa,AF,Yamoussoukro,XOF,0
CIV,2024,3.46637314660165,,31934230,,,0,0,CI,Ivory Coast,Africa,Sub-Saharan Africa,AF,Yamoussoukro,XOF,0
CMR,2013,2.05034718001741,33728621190.416397,21402376,1575.9288216605669,7.362600105476944,0,1,CM,Cameroon,Africa,Sub-Saharan Africa,AF,Yaounde,XAF,0
CMR,2014,1.85489850366777,36386544715.27016,22059893,1649.4433910114685,7.408193171202172,0,1,CM,Cameroon,Africa,Sub-Saharan Africa,AF,Yaounde,XAF,0
CMR,2015,2.676235314199,32210233021.404896,22763414,1415.0000971473303,7.2548848787326925,0,1,CM,Cameroon,Africa,Sub-Saharan Africa,AF,Yaounde,XAF,0
CMR,2016,0.874190383288856,33814337040.781666,23454161,1441.7201724155327,7.273592243823412,0,1,CM,Cameroon,Africa,Sub-Saharan Africa,AF,Yaounde,XAF,0
CMR,2017,0.64040914988195,36098547058.785095,24128601,1496.0895187742171,7.310609995496975,0,1,CM,Cameroon,Africa,Sub-Saharan Africa,AF,Yaounde,XAF,0
CMR,2018,1.0688581131292,39955552189.79499,24806383,1610.6964159101708,7.384421920918874,0,1,CM,Cameroon,Africa,Sub-Saharan Africa,AF,Yaounde,XAF,0
CMR,2019,2.45280214062732,39667757527.65778,25506095,1555.2266047647743,7.349376540533086,0,1,CM,Cameroon,Africa,Sub-Saharan Africa,AF,Yaounde,XAF,0
CMR,2020,2.43760882182236,40773241177.05051,26210558,1555.6037066074864,7.349618985029773,0,1,CM,Cameroon,Africa,Sub-Saharan Africa,AF,Yaounde,XAF,0
CMR,2021,2.27185762503637,44993521774.06597,26915758,1671.6423804251017,7.4215618834619335,0,1,CM,Cameroon,Africa,Sub-Saharan Africa,AF,Yaounde,XAF,0
CMR,2022,6.24767713343861,43644068310.85101,27632771,1579.431476881237,7.36482023650984,0,1,CM,Cameroon,Africa,Sub-Saharan Africa,AF,Yaounde,XAF,0
CMR,2023,7.38281384280984,47945510090.05286,28372687,1689.8473553122712,7.4323934815373836,0,1,CM,Cameroon,Africa,Sub-Saharan Africa,AF,Yaounde,XAF,0
CMR,2024,,,29123744,,,,0,CM,Cameroon,Africa,Sub-Saharan Africa,AF,Yaounde,XAF,0
COD,2013,0.808223101487111,32679745048.44273,75789395,431.19152816093504,6.066552372279644,0,1,CD,Democratic Republic of the Congo,Africa,Sub-Saharan Africa,AF,Kinshasa,CDF,1
COD,2014,1.24303889760803,35909040925.93747,78403242,458.00454177567644,6.1268791006057945,0,1,CD,Democratic Republic of the Congo,Africa,Sub-Saharan Africa,AF,Kinshasa,CDF,1
COD,2015,0.74419899478147,37917706497.17928,81035531,467.9145805459001,6.14828575905774,0,1,CD,Democratic Republic of the Congo,Africa,Sub-Saharan Africa,AF,Kinshasa,CDF,1
COD,2016,2.88585107289988,37134801555.33219,83956415,442.3104721102276,6.09201206108106,0,1,CD,Democratic Republic of the Congo,Africa,Sub-Saharan Africa,AF,Kinshasa,CDF,1
COD,2017,,38019264794.82634,87083398,436.58453468738486,6.078982021334054,,1,CD,Democratic Republic of the Congo,Africa,Sub-Saharan Africa,AF,Kinshasa,CDF,1
COD,2018,,47568210009.81716,90047644,528.2560197778985,6.269581052130049,,1,CD,Democratic Republic of the Congo,Africa,Sub-Saharan Africa,AF,Kinshasa,CDF,1
COD,2019,,51775829877.20882,92947442,557.0441613359174,6.322644521050013,,1,CD,Democratic Republic of the Congo,Africa,Sub-Saharan Africa,AF,Kinshasa,CDF,1
COD,2020,,48716961860.13249,95989998,507.5212300778722,6.229538542706739,,1,CD,Democratic Republic of the Congo,Africa,Sub-Saharan Africa,AF,Kinshasa,CDF,1
COD,2021,,55328482783.53935,99148932,558.0340772963581,6.3244200309401695,,1,CD,Democratic Republic of the Congo,Africa,Sub-Saharan Africa,AF,Kinshasa,CDF,1
COD,2022,,65801547619.59741,102396968,642.6122658201892,6.465541534299447,,1,CD,Democratic Republic of the Congo,Africa,Sub-Saharan Africa,AF,Kinshasa,CDF,1
COD,2023,,66383287002.996895,105789731,627.5021816909327,6.4417471477981945,,1,CD,Democratic Republic of the Congo,Africa,Sub-Saharan Africa,AF,Kinshasa,CDF,1
COD,2024,,,109276265,,,,0,CD,Democratic Republic of the Congo,Africa,Sub-Saharan Africa,AF,Kinshasa,CDF,1
COG,2013,4.63161619729461,17958720699.086823,4857099,3697.417058842495,8.215389762647762,0,1,CG,Congo,Africa,Sub-Saharan Africa,AF,Brazzaville,XAF,0
COG,2014,0.912139545450097,17919321082.553932,4975880,3601.2365817812993,8.18903256040257,0,1,CG,Congo,Africa,Sub-Saharan Africa,AF,Brazzaville,XAF,0
COG,2015,3.16909796750829,12434793867.722769,5097581,2439.3518941087486,7.799487665836214,0,1,CG,Congo,Africa,Sub-Saharan Africa,AF,Brazzaville,XAF,0
COG,2016,3.19056179723773,10931328149.685734,5222536,2093.1072853659093,7.646404980265554,0,1,CG,Congo,Africa,Sub-Saharan Africa,AF,Brazzaville,XAF,0
COG,2017,0.450063823285546,11834473047.763563,5351011,2211.6331003175965,7.701486481035444,0,1,CG,Congo,Africa,Sub-Saharan Africa,AF,Brazzaville,XAF,0
COG,2018,1.15277896375523,14773900277.922075,5483118,2694.434129982626,7.898943490974398,0,1,CG,Congo,Africa,Sub-Saharan Africa,AF,Brazzaville,XAF,0
COG,2019,2.20607305781525,13976637328.847437,5616661,2488.424586929394,7.819405093209876,0,1,CG,Congo,Africa,Sub-Saharan Africa,AF,Brazzaville,XAF,0
COG,2020,1.79537147083108,11468688140.722488,5752791,1993.5867895639678,7.597690702148611,0,1,CG,Congo,Africa,Sub-Saharan Africa,AF,Brazzaville,XAF,0
COG,2021,1.7156427545126,14825690210.030796,5892183,2516.1625513041254,7.830490222770003,0,1,CG,Congo,Africa,Sub-Saharan Africa,AF,Brazzaville,XAF,0
COG,2022,3.04344334698478,15817030156.945892,6035104,2620.8380430471275,7.871249409368082,0,1,CG,Congo,Africa,Sub-Saharan Africa,AF,Brazzaville,XAF,0
COG,2023,4.30174563591016,15321055818.326311,6182885,2477.978454770922,7.815198367547142,0,1,CG,Congo,Africa,Sub-Saharan Africa,AF,Brazzaville,XAF,0
COG,2024,,,6332961,,,,0,CG,Congo,Africa,Sub-Saharan Africa,AF,Brazzaville,XAF,0
COL,2013,2.01699224310383,382093697077.68494,46151584,8279.102556429807,9.021489854600407,0,1,CO,Colombia,Americas,Latin America and the Caribbean,SA,Bogota,COP,0
COL,2014,2.89883787761738,381240864422.4061,46565429,8187.208248900834,9.010328245586576,0,1,CO,Colombia,Americas,Latin America and the Caribbean,SA,Bogota,COP,0
COL,2015,4.9898311584953,293492370193.1657,46969940,6248.514905345114,8.740099099350713,0,1,CO,Colombia,Americas,Latin America and the Caribbean,SA,Bogota,COP,0
COL,2016,7.51346024627675,282720100286.22784,47437512,5959.842503675737,8.692799334152472,0,1,CO,Colombia,Americas,Latin America and the Caribbean,SA,Bogota,COP,0
COL,2017,4.31431325695011,311866875156.87885,48131078,6479.532312924278,8.776403612810219,0,1,CO,Colombia,Americas,Latin America and the Caribbean,SA,Bogota,COP,0
COL,2018,3.24056932930569,334198218098.2756,49024465,6816.968183095431,8.82717010406356,0,1,CO,Colombia,Americas,Latin America and the Caribbean,SA,Bogota,COP,0
COL,2019,3.52301932741447,323031701192.84,49907985,6472.54544924705,8.77532473350093,0,1,CO,Colombia,Americas,Latin America and the Caribbean,SA,Bogota,COP,0
COL,2020,2.52663500084706,270348342541.46512,50629997,5339.687113579428,8.582922337274953,0,1,CO,Colombia,Americas,Latin America and the Caribbean,SA,Bogota,COP,0
COL,2021,3.49505757399448,318524633225.39514,51188173,6222.621643976142,8.73594658310268,0,1,CO,Colombia,Americas,Latin America and the Caribbean,SA,Bogota,COP,0
COL,2022,10.1772313546166,345329875078.5117,51737944,6674.596019480629,8.806063960010832,1,1,CO,Colombia,Americas,Latin America and the Caribbean,SA,Bogota,COP,0
COL,2023,11.7359044948689,363540156234.8684,52321152,6948.244492683732,8.846244315671605,1,1,CO,Colombia,Americas,Latin America and the Caribbean,SA,Bogota,COP,0
COL,2024,6.60908593728228,,52886363,,,0,0,CO,Colombia,Americas,Latin America and the Caribbean,SA,Bogota,COP,0
COM,2013,-4.29487331536736,1116224106.8372765,696192,1603.3279710730321,7.37983672998101,0,1,KM,Comoros,Africa,Sub-Saharan Africa,AF,Moroni,KMF,1
COM,2014,,1149587661.0069263,711503,1615.7172366201214,7.387534246431686,,1,KM,Comoros,Africa,Sub-Saharan Africa,AF,Moroni,KMF,1
COM,2015,,966029600.8622274,726682,1329.3704823598596,7.192460787629863,,1,KM,Comoros,Africa,Sub-Saharan Africa,AF,Moroni,KMF,1
COM,2016,,1012835493.193246,741741,1365.4840344449694,7.219264248750913,,1,KM,Comoros,Africa,Sub-Saharan Africa,AF,Moroni,KMF,1
COM,2017,,1077439756.594511,756669,1423.9248027796975,7.261172283540851,,1,KM,Comoros,Africa,Sub-Saharan Africa,AF,Moroni,KMF,1
COM,2018,,1188797449.3858447,771590,1540.7113225752598,7.339999486541877,,1,KM,Comoros,Africa,Sub-Saharan Africa,AF,Moroni,KMF,1
COM,2019,,1195019531.9010963,786578,1519.2638643606817,7.325981196766605,,1,KM,Comoros,Africa,Sub-Saharan Africa,AF,Moroni,KMF,1
COM,2020,,1225039196.6109135,802163,1527.1699101191573,7.331171569571523,,1,KM,Comoros,Africa,Sub-Saharan Africa,AF,Moroni,KMF,1
COM,2021,,1296089479.9197786,818174,1584.1245015360773,7.367787168740191,,1,KM,Comoros,Africa,Sub-Saharan Africa,AF,Moroni,KMF,1
COM,2022,,1242519407.7760253,834188,1489.4956625796885,7.306192860151573,,1,KM,Comoros,Africa,Sub-Saharan Africa,AF,Moroni,KMF,1
COM,2023,,1352380972.1566217,850387,1590.312377960413,7.371685740043774,,1,KM,Comoros,Africa,Sub-Saharan Africa,AF,Moroni,KMF,1
COM,2024,,,866628,,,,0,KM,Comoros,Africa,Sub-Saharan Africa,AF,Moroni,KMF,1
CPV,2013,1.50654285701407,2028910915.1644647,512225,3960.975967913446,8.284245730426901,0,1,CV,Cabo Verde,Africa,Sub-Saharan Africa,AF,Praia,CVE,0
CPV,2014,-0.238778144990624,2041930125.4297917,512326,3985.6070654813375,8.290444917258586,0,1,CV,Cabo Verde,Africa,Sub-Saharan Africa,AF,Praia,CVE,0
CPV,2015,0.131187999024545,1749857620.3532877,512394,3415.062667309312,8.13595112243954,0,1,CV,Cabo Verde,Africa,Sub-Saharan Africa,AF,Praia,CVE,0
CPV,2016,-1.40781637091706,1849789985.9957223,512554,3608.9660523490643,8.191176598211479,0,1,CV,Cabo Verde,Africa,Sub-Saharan Africa,AF,Praia,CVE,0
CPV,2017,0.784415251101334,1996741539.9508772,512893,3893.0957138250615,8.266959933443609,0,1,CV,Cabo Verde,Africa,Sub-Saharan Africa,AF,Praia,CVE,0
CPV,2018,1.25699566690509,2205099506.9999404,513415,4294.965100357294,8.365198708740941,0,1,CV,Cabo Verde,Africa,Sub-Saharan Africa,AF,Praia,CVE,0
CPV,2019,1.10666674296063,2252177124.324024,514104,4380.781173311284,8.384982337539078,0,1,CV,Cabo Verde,Africa,Sub-Saharan Africa,AF,Praia,CVE,0
CPV,2020,0.605795808395385,1821565613.6861308,514679,3539.226612482986,8.17166351120954,0,1,CV,Cabo Verde,Africa,Sub-Saharan Africa,AF,Praia,CVE,0
CPV,2021,1.86215297494647,2051842609.645578,516649,3971.4440744985045,8.286885054266499,0,1,CV,Cabo Verde,Africa,Sub-Saharan Africa,AF,Praia,CVE,0
CPV,2022,7.93092925430087,2303738020.1514816,519741,4432.473135949409,8.396712977230484,0,1,CV,Cabo Verde,Africa,Sub-Saharan Africa,AF,Praia,CVE,0
CPV,2023,3.72437517668748,2587252076.305599,522331,4953.280728705742,8.5078054095013,0,1,CV,Cabo Verde,Africa,Sub-Saharan Africa,AF,Praia,CVE,0
CPV,2024,,,524877,,,,0,CV,Cabo Verde,Africa,Sub-Saharan Africa,AF,Praia,CVE,0
CRI,2013,5.23133614174428,50949668840.86923,4716147,10803.240196047585,9.287601386268419,0,1,CR,Costa Rica,Americas,Latin America and the Caribbean,NA,San Jose,CRC,0
CRI,2014,4.51920098516954,52016408951.822464,4767119,10911.497898798512,9.297572365351424,0,1,CR,Costa Rica,Americas,Latin America and the Caribbean,NA,San Jose,CRC,0
CRI,2015,0.801982005099623,56441920821.08063,4818038,11714.710598189684,9.368600647110483,0,1,CR,Costa Rica,Americas,Latin America and the Caribbean,NA,San Jose,CRC,0
CRI,2016,-0.0174788505908217,58847019609.6549,4866998,12091.030160615413,9.400219147639369,0,1,CR,Costa Rica,Americas,Latin America and the Caribbean,NA,San Jose,CRC,0
CRI,2017,1.62590692991732,60516044657.22544,4913177,12317.090277273837,9.418743030400199,0,1,CR,Costa Rica,Americas,Latin America and the Caribbean,NA,San Jose,CRC,0
CRI,2018,2.22111461526581,62420164991.537445,4957818,12590.24937816141,9.440677934480144,0,1,CR,Costa Rica,Americas,Latin America and the Caribbean,NA,San Jose,CRC,0
CRI,2019,2.09604635327807,64417670521.18424,4999553,12884.685995164817,9.463794752992452,0,1,CR,Costa Rica,Americas,Latin America and the Caribbean,NA,San Jose,CRC,0
CRI,2020,0.724911478131376,62395610760.39118,5034320,12394.04939701711,9.424971749073018,0,1,CR,Costa Rica,Americas,Latin America and the Caribbean,NA,San Jose,CRC,0
CRI,2021,1.72647755109241,64960725734.19655,5059988,12838.11853589308,9.460174035034665,0,1,CR,Costa Rica,Americas,Latin America and the Caribbean,NA,San Jose,CRC,0
CRI,2022,8.27477490232654,69243626028.59358,5081765,13625.900849132848,9.519727734713337,0,1,CR,Costa Rica,Americas,Latin America and the Caribbean,NA,San Jose,CRC,0
CRI,2023,0.525193508693455,86497941439.01744,5105525,16942.026811937547,9.737552607562405,0,1,CR,Costa Rica,Americas,Latin America and the Caribbean,NA,San Jose,CRC,0
CRI,2024,-0.41345934225229,,5129910,,,0,0,CR,Costa Rica,Americas,Latin America and the Caribbean,NA,San Jose,CRC,0
CUB,2013,,77148000000.0,11298167,6828.364282453959,8.828840433758625,,1,CU,Cuba,Americas,Latin America and the Caribbean,NA,Havana,CUP,0
CUB,2014,,80656100000.0,11285775,7146.704590513279,8.874406633010937,,1,CU,Cuba,Americas,Latin America and the Caribbean,NA,Havana,CUP,0
CUB,2015,,87132800000.0,11275065,7727.919972079983,8.952595020259022,,1,CU,Cuba,Americas,Latin America and the Caribbean,NA,Havana,CUP,0
CUB,2016,,91370407863.7,11265612,8110.558739613968,9.00092203987982,,1,CU,Cuba,Americas,Latin America and the Caribbean,NA,Havana,CUP,0
CUB,2017,,96850649691.7406,11247829,8610.608295319977,9.06075024478914,,1,CU,Cuba,Americas,Latin America and the Caribbean,NA,Havana,CUP,0
CUB,2018,,100050036096.123,11227118,8911.462059641932,9.095093598994476,,1,CU,Cuba,Americas,Latin America and the Caribbean,NA,Havana,CUP,0
CUB,2019,,103427600000.0,11202846,9232.261159351829,9.130459276839085,,1,CU,Cuba,Americas,Latin America and the Caribbean,NA,Havana,CUP,0
CUB,2020,,107351800000.0,11176354,9605.261250672625,9.170066274278113,,1,CU,Cuba,Americas,Latin America and the Caribbean,NA,Havana,CUP,0
CUB,2021,,,11122168,,,,0,CU,Cuba,Americas,Latin America and the Caribbean,NA,Havana,CUP,0
CUB,2022,,,11059820,,,,0,CU,Cuba,Americas,Latin America and the Caribbean,NA,Havana,CUP,0
CUB,2023,,,11019931,,,,0,CU,Cuba,Americas,Latin America and the Caribbean,NA,Havana,CUP,0
CUB,2024,,,10979783,,,,0,CU,Cuba,Americas,Latin America and the Caribbean,NA,Havana,CUP,0
CUW,2013,1.33232086152117,3033568603.3519554,153822,19721.29216465756,9.889454151601074,0,1,CW,Curaçao,Americas,Latin America and the Caribbean,NA, Willemstad,XCG,0
CUW,2014,1.4987396961643,3059406983.2402234,155909,19623.029993395015,9.884459155109784,0,1,CW,Curaçao,Americas,Latin America and the Caribbean,NA, Willemstad,XCG,0
CUW,2015,-0.476542049801405,3058779217.8770947,157980,19361.813000867798,9.871058003185025,0,1,CW,Curaçao,Americas,Latin America and the Caribbean,NA, Willemstad,XCG,0
CUW,2016,-0.0472079848940293,3024690167.597765,159664,18944.09614939977,9.84924761312481,0,1,CW,Curaçao,Americas,Latin America and the Caribbean,NA, Willemstad,XCG,0
CUW,2017,1.58558801700345,3033433240.2234635,160175,18938.244046970274,9.8489386510889,0,1,CW,Curaçao,Americas,Latin America and the Caribbean,NA, Willemstad,XCG,0
CUW,2018,2.58368756641814,3046364804.4692736,159336,19119.12439416876,9.858444390272696,0,1,CW,Curaçao,Americas,Latin America and the Caribbean,NA, Willemstad,XCG,0
CUW,2019,2.62220783425059,3026124134.0782123,157441,19220.686695830263,9.863742410077007,0,1,CW,Curaçao,Americas,Latin America and the Caribbean,NA, Willemstad,XCG,0
CUW,2020,,2534327597.765363,155482,16299.813468860468,9.698908943101182,,1,CW,Curaçao,Americas,Latin America and the Caribbean,NA, Willemstad,XCG,0
CUW,2021,,2739608133.1843576,153948,17795.67213074777,9.78671056799513,,1,CW,Curaçao,Americas,Latin America and the Caribbean,NA, Willemstad,XCG,0
CUW,2022,,3073840325.4328494,153321,20048.397319563854,9.905904495353466,,1,CW,Curaçao,Americas,Latin America and the Caribbean,NA, Willemstad,XCG,0
CUW,2023,,,154654,,,,0,CW,Curaçao,Americas,Latin America and the Caribbean,NA, Willemstad,XCG,0
CUW,2024,,,155967,,,,0,CW,Curaçao,Americas,Latin America and the Caribbean,NA, Willemstad,XCG,0
CYM,2013,2.16061146813391,4405796081.159841,58655,75113.73422828132,11.226758700236674,0,1,KY,Cayman Islands,Americas,Latin America and the Caribbean,NA,George Town,KYD,0
CYM,2014,1.27397911533388,4562853582.324625,60160,75845.30555725773,11.236451091724332,0,1,KY,Cayman Islands,Americas,Latin America and the Caribbean,NA,George Town,KYD,0
CYM,2015,-2.34752770165615,4708167255.287269,61642,76379.20987779871,11.243465816104356,0,1,KY,Cayman Islands,Americas,Latin America and the Caribbean,NA,George Town,KYD,0
CYM,2016,-0.62525835861814,4909322200.002124,63100,77802.25356580228,11.26192567588839,0,1,KY,Cayman Islands,Americas,Latin America and the Caribbean,NA,George Town,KYD,0
CYM,2017,,5166281293.187153,64535,80053.94426570315,11.290455989736971,,1,KY,Cayman Islands,Americas,Latin America and the Caribbean,NA,George Town,KYD,0
CYM,2018,,5530178498.907827,65941,83865.55403933558,11.336970248430715,,1,KY,Cayman Islands,Americas,Latin America and the Caribbean,NA,George Town,KYD,0
CYM,2019,,5941896599.573326,67327,88254.29024868665,11.387977588329882,,1,KY,Cayman Islands,Americas,Latin America and the Caribbean,NA,George Town,KYD,0
CYM,2020,,5655357984.242185,68684,82338.79774390228,11.318597694098793,,1,KY,Cayman Islands,Americas,Latin America and the Caribbean,NA,George Town,KYD,0
CYM,2021,,6060026509.585386,70108,86438.44510733991,11.36718782234404,,1,KY,Cayman Islands,Americas,Latin America and the Caribbean,NA,George Town,KYD,0
CYM,2022,,6600844001.537206,71591,92202.14833620435,11.431738710099737,,1,KY,Cayman Islands,Americas,Latin America and the Caribbean,NA,George Town,KYD,0
CYM,2023,,,73038,,,,0,KY,Cayman Islands,Americas,Latin America and the Caribbean,NA,George Town,KYD,0
CYM,2024,,,74457,,,,0,KY,Cayman Islands,Americas,Latin America and the Caribbean,NA,George Town,KYD,0
CYP,2013,-0.399357676464426,23959708956.356323,1183895,20238.035430807904,9.915319054995155,0,1,CY,Cyprus,Asia,Western Asia,EU,Nicosia,EUR,0
CYP,2014,-1.35498885446315,23225912184.50475,1201801,19325.921832736658,9.869202573882578,0,1,CY,Cyprus,Asia,Western Asia,EU,Nicosia,EUR,0
CYP,2015,-2.0969976905311,19909269064.12042,1219502,16325.73711574103,9.700498105697477,0,1,CY,Cyprus,Asia,Western Asia,EU,Nicosia,EUR,0
CYP,2016,-1.42916666666665,21046452116.38089,1237112,17012.568074985036,9.741707648420343,0,1,CY,Cyprus,Asia,Western Asia,EU,Nicosia,EUR,0
CYP,2017,0.531766496174467,22946583374.75689,1254275,18294.69882980757,9.814366615432462,0,1,CY,Cyprus,Asia,Western Asia,EU,Nicosia,EUR,0
CYP,2018,1.43549119531759,25597301190.92315,1270737,20143.665597935018,9.910645155567257,0,1,CY,Cyprus,Asia,Western Asia,EU,Nicosia,EUR,0
CYP,2019,0.250370996758493,25947020102.43321,1286671,20166.00988320496,9.911753787045521,0,1,CY,Cyprus,Asia,Western Asia,EU,Nicosia,EUR,0
CYP,2020,-0.638422797978959,25227189744.908283,1302247,19372.04673530312,9.871586416038438,0,1,CY,Cyprus,Asia,Western Asia,EU,Nicosia,EUR,0
CYP,2021,2.44608867175474,29482912835.364185,1317309,22381.167087877016,10.015975129204925,0,1,CY,Cyprus,Asia,Western Asia,EU,Nicosia,EUR,0
CYP,2022,8.39548297993334,29250532020.074577,1331370,21970.25020848793,9.99744455395686,0,1,CY,Cyprus,Asia,Western Asia,EU,Nicosia,EUR,0
CYP,2023,3.54134188751663,32229622669.195114,1344976,23962.972327532323,10.084265098272098,0,1,CY,Cyprus,Asia,Western Asia,EU,Nicosia,EUR,0
CYP,2024,1.80023018624815,,1358282,,,0,0,CY,Cyprus,Asia,Western Asia,EU,Nicosia,EUR,0
CZE,2013,1.4382978723404,211685616592.9311,10514272,20133.169143135263,9.910123940079256,0,1,CZ,Czechia,Europe,Eastern Europe,EU,Prague,CZK,0
CZE,2014,0.343988589646794,209358834156.32904,10525347,19890.919905664778,9.898018620434884,0,1,CZ,Czechia,Europe,Eastern Europe,EU,Prague,CZK,0
CZE,2015,0.309364548494975,188033050459.8811,10546059,17829.69832236678,9.788620791048695,0,1,CZ,Czechia,Europe,Eastern Europe,EU,Prague,CZK,0
CZE,2016,0.683504209385703,196272068576.3383,10566332,18575.232027191487,9.829584360877606,0,1,CZ,Czechia,Europe,Eastern Europe,EU,Prague,CZK,0
CZE,2017,2.4505339846014,218628940951.67508,10594438,20636.199952434956,9.93480209181338,0,1,CZ,Czechia,Europe,Eastern Europe,EU,Prague,CZK,0
CZE,2018,2.14949494949493,249000540729.17868,10629928,23424.480460185496,10.061536927999857,0,1,CZ,Czechia,Europe,Eastern Europe,EU,Prague,CZK,0
CZE,2019,2.8478759591805,252548179964.8966,10671870,23664.847863110834,10.071746013547692,0,1,CZ,Czechia,Europe,Eastern Europe,EU,Prague,CZK,0
CZE,2020,3.16129528497801,245974558654.0429,10697858,22992.879383334766,10.042939854948857,0,1,CZ,Czechia,Europe,Eastern Europe,EU,Prague,CZK,0
CZE,2021,3.83984491500146,281791218507.0996,10505772,26822.514186211123,10.196996895402965,0,1,CZ,Czechia,Europe,Eastern Europe,EU,Prague,CZK,0
CZE,2022,15.1001651468371,290565654835.8094,10672118,27226.61563860233,10.21195028997435,1,1,CZ,Czechia,Europe,Eastern Europe,EU,Prague,CZK,0
CZE,2023,10.6612601372426,330858339871.6861,10864042,30454.44226667074,10.32398714974452,1,1,CZ,Czechia,Europe,Eastern Europe,EU,Prague,CZK,0
CZE,2024,2.43531202435314,,10905028,,,0,0,CZ,Czechia,Europe,Eastern Europe,EU,Prague,CZK,0
DEU,2013,1.50472330251876,3733804649549.0303,80645605,46298.92291773408,10.742873976687841,0,1,DE,Germany,Europe,Western Europe,EU,Berlin,EUR,0
DEU,2014,0.906794000434246,3889093051023.516,80982500,48023.86998454624,10.779453457626378,0,1,DE,Germany,Europe,Western Europe,EU,Berlin,EUR,0
DEU,2015,0.514426137125456,3357585719351.5605,81686611,41103.25643637683,10.623842629374268,0,1,DE,Germany,Europe,Western Europe,EU,Berlin,EUR,0
DEU,2016,0.491747008445174,3469853463945.5337,82348669,42136.120790799105,10.648660627847912,0,1,DE,Germany,Europe,Western Europe,EU,Berlin,EUR,0
DEU,2017,1.50949485109628,3690849152517.653,82657002,44652.58917227185,10.706667572804177,0,1,DE,Germany,Europe,Western Europe,EU,Berlin,EUR,0
DEU,2018,1.73216879766942,3974443355019.605,82905782,47939.278288450434,10.777690453399678,0,1,DE,Germany,Europe,Western Europe,EU,Berlin,EUR,0
DEU,2019,1.44565976888253,3889177589254.896,83092962,46805.13843344393,10.753748271465053,0,1,DE,Germany,Europe,Western Europe,EU,Berlin,EUR,0
DEU,2020,0.144877925813982,3887727161914.408,83160871,46749.47622800161,10.752558330974962,0,1,DE,Germany,Europe,Western Europe,EU,Berlin,EUR,0
DEU,2021,3.06666666666673,4278503934689.8535,83196078,51426.750365442145,10.847913751189198,0,1,DE,Germany,Europe,Western Europe,EU,Berlin,EUR,0
DEU,2022,6.87257438551097,4082469490797.681,83177813,49081.23144326578,10.801231989041174,0,1,DE,Germany,Europe,Western Europe,EU,Berlin,EUR,0
DEU,2023,5.94643667725823,4456081016705.961,83287273,53502.54434078975,10.887484489525034,0,1,DE,Germany,Europe,Western Europe,EU,Berlin,EUR,0
DEU,2024,2.2564981433876,,83516593,,,0,0,DE,Germany,Europe,Western Europe,EU,Berlin,EUR,0
DJI,2013,2.70603242872182,2042817162.8563871,984824,2074.2966894149486,7.637377430349741,0,1,DJ,Djibouti,Africa,Sub-Saharan Africa,AF,Djibouti,DJF,1
DJI,2014,1.34186494340157,2214679081.256576,1002717,2208.6781028511296,7.70014947204633,0,1,DJ,Djibouti,Africa,Sub-Saharan Africa,AF,Djibouti,DJF,1
DJI,2015,-0.847389733971996,2424391785.4389744,1020313,2376.1255471987265,7.77322651881667,0,1,DJ,Djibouti,Africa,Sub-Saharan Africa,AF,Djibouti,DJF,1
DJI,2016,2.73841208738755,2604955228.701166,1037653,2510.430007624096,7.828209335231139,0,1,DJ,Djibouti,Africa,Sub-Saharan Africa,AF,Djibouti,DJF,1
DJI,2017,0.568112117084804,2762581334.2261186,1054841,2618.95521147369,7.870530742976865,0,1,DJ,Djibouti,Africa,Sub-Saharan Africa,AF,Djibouti,DJF,1
DJI,2018,0.14797084987711,2913466732.1250725,1071882,2718.0853229413988,7.907682986029045,0,1,DJ,Djibouti,Africa,Sub-Saharan Africa,AF,Djibouti,DJF,1
DJI,2019,3.31925372703827,3088853638.568318,1088709,2837.171033369172,7.95056271969213,0,1,DJ,Djibouti,Africa,Sub-Saharan Africa,AF,Djibouti,DJF,1
DJI,2020,1.7774078380617,3185150981.032067,1105188,2881.9992445014486,7.966239514415592,0,1,DJ,Djibouti,Africa,Sub-Saharan Africa,AF,Djibouti,DJF,1
DJI,2021,1.18191775339802,3385825228.8699703,1121248,3019.693438802094,8.01291059488596,0,1,DJ,Djibouti,Africa,Sub-Saharan Africa,AF,Djibouti,DJF,1
DJI,2022,5.17980847967061,3674298479.076755,1137096,3231.300153264768,8.080639859456136,0,1,DJ,Djibouti,Africa,Sub-Saharan Africa,AF,Djibouti,DJF,1
DJI,2023,1.49506816515088,4098530513.557768,1152944,3554.8391886837244,8.176065105963486,0,1,DJ,Djibouti,Africa,Sub-Saharan Africa,AF,Djibouti,DJF,1
DJI,2024,,,1168722,,,,0,DJ,Djibouti,Africa,Sub-Saharan Africa,AF,Djibouti,DJF,1
DMA,2013,-0.0464116468805992,498296296.2962962,69715,7147.619540935181,8.874534648916374,0,1,DM,Dominica,Americas,Latin America and the Caribbean,NA,Roseau,XCD,0
DMA,2014,0.799250372687492,520429629.6296296,70373,7395.30259658718,8.908600293386463,0,1,DM,Dominica,Americas,Latin America and the Caribbean,NA,Roseau,XCD,0
DMA,2015,-0.84382698463833,540737037.037037,70410,7679.832936188567,8.94635307280467,0,1,DM,Dominica,Americas,Latin America and the Caribbean,NA,Roseau,XCD,0
DMA,2016,0.141816225732312,576229629.6296296,69606,8278.447685970026,9.021410752263343,0,1,DM,Dominica,Americas,Latin America and the Caribbean,NA,Roseau,XCD,0
DMA,2017,0.296252889279487,521551851.8518518,68496,7614.340280481369,8.937788627365057,0,1,DM,Dominica,Americas,Latin America and the Caribbean,NA,Roseau,XCD,0
DMA,2018,0.98919111918989,554770370.3703704,68174,8137.565206242415,9.004246299540624,0,1,DM,Dominica,Americas,Latin America and the Caribbean,NA,Roseau,XCD,0
DMA,2019,1.50462353858141,611537037.037037,67880,9009.090115454288,9.105989359426841,0,1,DM,Dominica,Americas,Latin America and the Caribbean,NA,Roseau,XCD,0
DMA,2020,-0.727116412668203,504214814.8148148,67573,7461.77933220095,8.91754918113812,0,1,DM,Dominica,Americas,Latin America and the Caribbean,NA,Roseau,XCD,0
DMA,2021,1.4831944499819,555266666.6666666,67202,8262.650913167266,9.019500748824278,0,1,DM,Dominica,Americas,Latin America and the Caribbean,NA,Roseau,XCD,0
DMA,2022,7.7806152516404,607159259.2592592,66826,9085.674127723629,9.1144541803585,0,1,DM,Dominica,Americas,Latin America and the Caribbean,NA,Roseau,XCD,0
DMA,2023,4.22769324983409,653992592.5925926,66510,9832.996430500565,9.193498991767843,0,1,DM,Dominica,Americas,Latin America and the Caribbean,NA,Roseau,XCD,0
DMA,2024,,,66205,,,,0,DM,Dominica,Americas,Latin America and the Caribbean,NA,Roseau,XCD,0
DNK,2013,0.789071780078062,343584391647.92706,5614932,61191.193704202844,11.021758564424546,0,1,DK,Denmark,Europe,Northern Europe,EU,Copenhagen,DKK,0
DNK,2014,0.56402054044954,352993631617.708,5643475,62548.98473329075,11.043705284481007,0,1,DK,Denmark,Europe,Northern Europe,EU,Copenhagen,DKK,0
DNK,2015,0.452034153691575,302673070846.85724,5683483,53254.856370091584,10.882844278851595,0,1,DK,Denmark,Europe,Northern Europe,EU,Copenhagen,DKK,0
DNK,2016,0.250000000000031,313115929314.33856,5728010,54663.99837191949,10.9089606066772,0,1,DK,Denmark,Europe,Northern Europe,EU,Copenhagen,DKK,0
DNK,2017,1.14713216957602,332121063806.39056,5764980,57610.09818011347,10.961453146944963,0,1,DK,Denmark,Europe,Northern Europe,EU,Copenhagen,DKK,0
DNK,2018,0.813609467455631,356841216410.0677,5793636,61591.92886989581,11.028286116097753,0,1,DK,Denmark,Europe,Northern Europe,EU,Copenhagen,DKK,0
DNK,2019,0.75813157251162,346498737961.6352,5814422,59592.98068864544,10.99529307243713,0,1,DK,Denmark,Europe,Northern Europe,EU,Copenhagen,DKK,0
DNK,2020,0.420711974110115,354762748338.6615,5831404,60836.59241216378,11.015946735800126,0,1,DK,Denmark,Europe,Northern Europe,EU,Copenhagen,DKK,0
DNK,2021,1.8530454398968,405687998852.6912,5856733,69268.65179831337,11.145747727831912,0,1,DK,Denmark,Europe,Northern Europe,EU,Copenhagen,DKK,0
DNK,2022,7.6965669988926,400167196948.7074,5903037,67790.05399232758,11.124170766889181,0,1,DK,Denmark,Europe,Northern Europe,EU,Copenhagen,DKK,0
DNK,2023,3.30517811237606,404198757537.9742,5946952,67967.38186855623,11.126783190672171,0,1,DK,Denmark,Europe,Northern Europe,EU,Copenhagen,DKK,0
DNK,2024,1.37220049768918,,5976992,,,0,0,DK,Denmark,Europe,Northern Europe,EU,Copenhagen,DKK,0
DOM,2013,4.830950967408,62682159338.03544,10193833,6149.027489270762,8.724049216470515,0,1,DO,Dominican Republic,Americas,Latin America and the Caribbean,NA,Santo Domingo,DOP,0
DOM,2014,2.99864226125219,67179955677.27914,10315528,6512.507714319532,8.781479870601348,0,1,DO,Dominican Republic,Americas,Latin America and the Caribbean,NA,Santo Domingo,DOP,0
DOM,2015,0.836746346724557,71164826836.5281,10434829,6819.932251551809,8.82760481699811,0,1,DO,Dominican Republic,Americas,Latin America and the Caribbean,NA,Santo Domingo,DOP,0
DOM,2016,1.61416607245223,75704647877.65591,10551430,7174.823495740001,8.878333440428376,0,1,DO,Dominican Republic,Americas,Latin America and the Caribbean,NA,Santo Domingo,DOP,0
DOM,2017,3.27955694678546,79998046305.79002,10666843,7499.692861870192,8.922617346935215,0,1,DO,Dominican Republic,Americas,Latin America and the Caribbean,NA,Santo Domingo,DOP,0
DOM,2018,3.56443426013508,85555390139.11797,10782053,7934.981412085246,8.979036290435428,0,1,DO,Dominican Republic,Americas,Latin America and the Caribbean,NA,Santo Domingo,DOP,0
DOM,2019,1.81060377042959,88941372558.23965,10894043,8164.220809321173,9.00751657027162,0,1,DO,Dominican Republic,Americas,Latin America and the Caribbean,NA,Santo Domingo,DOP,0
DOM,2020,3.78103179915517,78844656298.17764,11008300,7162.291752421141,8.876585285894718,0,1,DO,Dominican Republic,Americas,Latin America and the Caribbean,NA,Santo Domingo,DOP,0
DOM,2021,8.24300347981809,94243425938.36469,11123476,8472.479820009921,9.044578521655994,0,1,DO,Dominican Republic,Americas,Latin America and the Caribbean,NA,Santo Domingo,DOP,0
DOM,2022,8.81109209279587,113537368176.1303,11230734,10109.523400352131,9.221233169494042,0,1,DO,Dominican Republic,Americas,Latin America and the Caribbean,NA,Santo Domingo,DOP,0
DOM,2023,4.78561281021135,121444279313.9308,11331265,10717.627671220362,9.279645110808024,0,1,DO,Dominican Republic,Americas,Latin America and the Caribbean,NA,Santo Domingo,DOP,0
DOM,2024,3.30223338951227,,11427557,,,0,0,DO,Dominican Republic,Americas,Latin America and the Caribbean,NA,Santo Domingo,DOP,0
DZA,2013,3.25423910998847,229701430292.1566,38414171,5979.601389605846,8.696109187466437,0,1,DZ,Algeria,Africa,Northern Africa,AF,Algiers,DZD,0
DZA,2014,2.91692692067458,238942664192.59,39205031,6094.693923149557,8.715173822959517,0,1,DZ,Algeria,Africa,Northern Africa,AF,Algiers,DZD,0
DZA,2015,4.78444700693889,187493855609.34464,40019529,4685.059027290017,8.452133793801268,0,1,DZ,Algeria,Africa,Northern Africa,AF,Algiers,DZD,0
DZA,2016,6.39769480268757,180763839522.1508,40850721,4424.9852902755565,8.395022233204992,0,1,DZ,Algeria,Africa,Northern Africa,AF,Algiers,DZD,0
DZA,2017,5.59111590961664,189880896903.0733,41689299,4554.667539578281,8.423907819012364,0,1,DZ,Algeria,Africa,Northern Africa,AF,Algiers,DZD,0
DZA,2018,4.26999020467084,194554483655.5277,42505035,4577.210291804905,8.428844984934631,0,1,DZ,Algeria,Africa,Northern Africa,AF,Algiers,DZD,0
DZA,2019,1.95176821052892,193459662090.6768,43294546,4468.4534188365615,8.40479763642708,0,1,DZ,Algeria,Africa,Northern Africa,AF,Algiers,DZD,0
DZA,2020,2.41513094083414,164873415325.20148,44042091,3743.5419522928983,8.227787488311003,0,1,DZ,Algeria,Africa,Northern Africa,AF,Algiers,DZD,0
DZA,2021,7.22606307415477,186265418570.69662,44761099,4161.323621001724,8.333588480772798,0,1,DZ,Algeria,Africa,Northern Africa,AF,Algiers,DZD,0
DZA,2022,9.26551551551553,225560256621.7572,45477389,4959.833041904785,8.509127358246138,0,1,DZ,Algeria,Africa,Northern Africa,AF,Algiers,DZD,0
DZA,2023,9.32217375928322,239899491127.7424,46164219,5196.654385677843,8.555770310137401,0,1,DZ,Algeria,Africa,Northern Africa,AF,Algiers,DZD,0
DZA,2024,4.04611455313434,,46814308,,,0,0,DZ,Algeria,Africa,Northern Africa,AF,Algiers,DZD,0
ECU,2013,2.72177577710371,96570334000.0,15807128,6109.290315103414,8.717565894045311,0,1,EC,Ecuador,Americas,Latin America and the Caribbean,SA,Quito,USD,0
ECU,2014,3.58922016616663,102717794000.0,16035124,6405.799793004407,8.764959076637384,0,1,EC,Ecuador,Americas,Latin America and the Caribbean,SA,Quito,USD,0
ECU,2015,3.96664623255358,97209558000.0,16266225,5976.159680565097,8.695533446764424,0,1,EC,Ecuador,Americas,Latin America and the Caribbean,SA,Quito,USD,0
ECU,2016,1.72826463324533,97671433000.0,16505139,5917.63771271481,8.685692613228005,0,1,EC,Ecuador,Americas,Latin America and the Caribbean,SA,Quito,USD,0
ECU,2017,0.417335588666825,104467486000.0,16759519,6233.322447977176,8.737664767859222,0,1,EC,Ecuador,Americas,Latin America and the Caribbean,SA,Quito,USD,0
ECU,2018,-0.224103246005552,107478962000.0,17049547,6303.918925235961,8.748926770610465,0,1,EC,Ecuador,Americas,Latin America and the Caribbean,SA,Quito,USD,0
ECU,2019,0.266012515466155,107595829000.0,17340021,6205.057594797608,8.733119979593633,0,1,EC,Ecuador,Americas,Latin America and the Caribbean,SA,Quito,USD,0
ECU,2020,-0.338872392562139,95865472000.0,17546065,5463.6450964931455,8.605871446083462,0,1,EC,Ecuador,Americas,Latin America and the Caribbean,SA,Quito,USD,0
ECU,2021,0.133251386096389,107435101000.0,17682454,6075.802657255605,8.712069384132185,0,1,EC,Ecuador,Americas,Latin America and the Caribbean,SA,Quito,USD,0
ECU,2022,3.46616972213077,116586079000.0,17823897,6540.998245221009,8.785845069687367,0,1,EC,Ecuador,Americas,Latin America and the Caribbean,SA,Quito,USD,0
ECU,2023,2.21568764237058,118844826000.0,17980083,6609.804081549568,8.796309292701409,0,1,EC,Ecuador,Americas,Latin America and the Caribbean,SA,Quito,USD,0
ECU,2024,1.54732515615369,,18135478,,,0,0,EC,Ecuador,Americas,Latin America and the Caribbean,SA,Quito,USD,0
EGY,2013,9.46971981064921,288434108527.1318,95333553,3025.525635524481,8.014840119179505,0,1,EG,Egypt,Africa,Northern Africa,AF,Cairo,EGP,0
EGY,2014,10.0702154687481,305595408895.26544,97528654,3133.391022655408,8.049871090906265,1,1,EG,Egypt,Africa,Northern Africa,AF,Cairo,EGP,0
EGY,2015,10.370490343517,329366576819.407,99597342,3306.9815941414076,8.103791147239484,1,1,EG,Egypt,Africa,Northern Africa,AF,Cairo,EGP,0
EGY,2016,13.813606214829,332441717791.411,101644589,3270.628776819699,8.092737531895827,1,1,EG,Egypt,Africa,Northern Africa,AF,Cairo,EGP,0
EGY,2017,29.5066083940039,248362771739.13043,103696057,2395.1033329949128,7.7811816542148735,1,1,EG,Egypt,Africa,Northern Africa,AF,Cairo,EGP,0
EGY,2018,14.4014657807422,262588632526.73044,105682094,2484.7031563050828,7.817908477192321,1,1,EG,Egypt,Africa,Northern Africa,AF,Cairo,EGP,0
EGY,2019,9.15279959324804,318678815489.74945,107553158,2962.9889202300265,7.99395380819095,0,1,EG,Egypt,Africa,Northern Africa,AF,Cairo,EGP,0
EGY,2020,5.04493288977539,383817841547.0992,109315124,3511.1138102637947,8.163688590984506,0,1,EG,Egypt,Africa,Northern Africa,AF,Cairo,EGP,0
EGY,2021,5.21404940513043,424671765455.7043,110957008,3827.354153743081,8.249929021970582,0,1,EG,Egypt,Africa,Northern Africa,AF,Cairo,EGP,0
EGY,2022,13.8956609775178,476747720364.7416,112618250,4233.307837448562,8.35073896111049,1,1,EG,Egypt,Africa,Northern Africa,AF,Cairo,EGP,0
EGY,2023,33.8847763115546,395926075163.0058,114535772,3456.7896845625296,8.1480956005131,1,1,EG,Egypt,Africa,Northern Africa,AF,Cairo,EGP,0
EGY,2024,,,116538258,,,,0,EG,Egypt,Africa,Northern Africa,AF,Cairo,EGP,0
ERI,2013,,,3074360,,,,0,ER,Eritrea,Africa,Sub-Saharan Africa,AF,Asmara,ERN,1
ERI,2014,,,3095173,,,,0,ER,Eritrea,Africa,Sub-Saharan Africa,AF,Asmara,ERN,1
ERI,2015,,,3105546,,,,0,ER,Eritrea,Africa,Sub-Saharan Africa,AF,Asmara,ERN,1
ERI,2016,,,3124698,,,,0,ER,Eritrea,Africa,Sub-Saharan Africa,AF,Asmara,ERN,1
ERI,2017,,,3150347,,,,0,ER,Eritrea,Africa,Sub-Saharan Africa,AF,Asmara,ERN,1
ERI,2018,,,3192760,,,,0,ER,Eritrea,Africa,Sub-Saharan Africa,AF,Asmara,ERN,1
ERI,2019,,,3240194,,,,0,ER,Eritrea,Africa,Sub-Saharan Africa,AF,Asmara,ERN,1
ERI,2020,,,3291271,,,,0,ER,Eritrea,Africa,Sub-Saharan Africa,AF,Asmara,ERN,1
ERI,2021,,,3350183,,,,0,ER,Eritrea,Africa,Sub-Saharan Africa,AF,Asmara,ERN,1
ERI,2022,,,3409447,,,,0,ER,Eritrea,Africa,Sub-Saharan Africa,AF,Asmara,ERN,1
ERI,2023,,,3470390,,,,0,ER,Eritrea,Africa,Sub-Saharan Africa,AF,Asmara,ERN,1
ERI,2024,,,3535603,,,,0,ER,Eritrea,Africa,Sub-Saharan Africa,AF,Asmara,ERN,1
ESP,2013,1.40858109183019,1355579535912.5527,46604197,29087.069903007934,10.278049021184355,0,1,ES,Spain,Europe,Southern Europe,EU,Madrid,EUR,0
ESP,2014,-0.151114837527235,1371820537888.6226,46460733,29526.450602676083,10.293041771194003,0,1,ES,Spain,Europe,Southern Europe,EU,Madrid,EUR,0
ESP,2015,-0.500365709903242,1196156971279.6868,46422303,25766.859763068773,10.156844439918215,0,1,ES,Spain,Europe,Southern Europe,EU,Madrid,EUR,0
ESP,2016,-0.202598000426452,1233554967011.6765,46458139,26551.966857985346,10.186859105206253,0,1,ES,Spain,Europe,Southern Europe,EU,Madrid,EUR,0
ESP,2017,1.95607633363963,1313245330197.6494,46571232,28198.63838254589,10.247028971453597,0,1,ES,Spain,Europe,Southern Europe,EU,Madrid,EUR,0
ESP,2018,1.6749813686379,1421702715218.038,46782011,30389.94444291927,10.321867057772257,0,1,ES,Spain,Europe,Southern Europe,EU,Madrid,EUR,0
ESP,2019,0.699518994458739,1394320055129.4094,47118501,29591.77447367032,10.295251712290707,0,1,ES,Spain,Europe,Southern Europe,EU,Madrid,EUR,0
ESP,2020,-0.322753017299739,1278128867875.49,47359424,26987.84655563991,10.20314191607975,0,1,ES,Spain,Europe,Southern Europe,EU,Madrid,EUR,0
ESP,2021,3.0931351197642,1445651653604.628,47443821,30470.80996289544,10.324524453933488,0,1,ES,Spain,Europe,Southern Europe,EU,Madrid,EUR,0
ESP,2022,8.39057634118627,1417800466262.6514,47786102,29669.72418597046,10.29788241718404,0,1,ES,Spain,Europe,Southern Europe,EU,Madrid,EUR,0
ESP,2023,3.53236133492433,1580694712515.714,48352528,32691.04590592893,10.394856493881536,0,1,ES,Spain,Europe,Southern Europe,EU,Madrid,EUR,0
ESP,2024,2.77417826534772,,48848840,,,0,0,ES,Spain,Europe,Southern Europe,EU,Madrid,EUR,0
EST,2013,2.78056658954988,25115753366.111443,1317997,19056.001922698946,9.855137392492376,0,1,EE,Estonia,Europe,Northern Europe,EU,Tallinn,EUR,0
EST,2014,-0.10617514652171,26634083965.09873,1314545,20261.066730388637,9.916456428459478,0,1,EE,Estonia,Europe,Northern Europe,EU,Tallinn,EUR,0
EST,2015,-0.49232600654737,22890762090.15077,1315407,17402.037612807875,9.764342582530821,0,1,EE,Estonia,Europe,Northern Europe,EU,Tallinn,EUR,0
EST,2016,0.148684907627373,24072829276.77438,1315790,18295.342932211355,9.814401821864204,0,1,EE,Estonia,Europe,Northern Europe,EU,Tallinn,EUR,0
EST,2017,3.41723549488054,26924385103.06593,1317384,20437.765376735962,9.925139712349727,0,1,EE,Estonia,Europe,Northern Europe,EU,Tallinn,EUR,0
EST,2018,3.43632688420446,30624720196.229,1321977,23165.84947864373,10.050434467959473,0,1,EE,Estonia,Europe,Northern Europe,EU,Tallinn,EUR,0
EST,2019,2.27725931243522,31290453293.545048,1326898,23581.656836881997,10.06822443612174,0,1,EE,Estonia,Europe,Northern Europe,EU,Tallinn,EUR,0
EST,2020,-0.44453109767983,31330419851.148724,1329522,23565.175943796887,10.06752530564852,0,1,EE,Estonia,Europe,Northern Europe,EU,Tallinn,EUR,0
EST,2021,4.65316673847473,36864792511.63506,1330932,27698.47934502669,10.229132793377063,0,1,EE,Estonia,Europe,Northern Europe,EU,Tallinn,EUR,0
EST,2022,19.3982634080616,37921480881.54295,1348840,28114.1431760201,10.24402804457349,1,1,EE,Estonia,Europe,Northern Europe,EU,Tallinn,EUR,0
EST,2023,9.15922507983982,40744848827.95366,1370286,29734.558207522852,10.300065224371762,0,1,EE,Estonia,Europe,Northern Europe,EU,Tallinn,EUR,0
EST,2024,3.52056053296586,,1372341,,,0,0,EE,Estonia,Europe,Northern Europe,EU,Tallinn,EUR,0
ETH,2013,7.46402192944517,47648276605.01232,98438751,484.03983310406204,6.18216720313197,0,1,ET,Ethiopia,Africa,Sub-Saharan Africa,AF,Addis Ababa,ETB,1
ETH,2014,6.89001951597192,55612228233.51786,101115610,549.9865770825876,6.309893872624316,0,1,ET,Ethiopia,Africa,Sub-Saharan Africa,AF,Addis Ababa,ETB,1
ETH,2015,9.56889955968623,64589328550.5953,103867135,621.8456738081328,6.4326919491054335,0,1,ET,Ethiopia,Africa,Sub-Saharan Africa,AF,Addis Ababa,ETB,1
ETH,2016,6.62813337230924,74296745207.87209,106718162,696.1958847067858,6.5456310642808475,0,1,ET,Ethiopia,Africa,Sub-Saharan Africa,AF,Addis Ababa,ETB,1
ETH,2017,10.6871150284238,81770886825.60477,109666481,745.6324492221536,6.614232783376831,1,1,ET,Ethiopia,Africa,Sub-Saharan Africa,AF,Addis Ababa,ETB,1
ETH,2018,13.8330356586661,84269196625.8784,112664152,747.9681436370142,6.617360388346983,1,1,ET,Ethiopia,Africa,Sub-Saharan Africa,AF,Addis Ababa,ETB,1
ETH,2019,15.8096321719344,95912607722.3032,115737383,828.7089722972499,6.719869034750953,1,1,ET,Ethiopia,Africa,Sub-Saharan Africa,AF,Addis Ababa,ETB,1
ETH,2020,20.3563468559061,107657734392.44585,118917671,905.3131758058552,6.808280934452426,1,1,ET,Ethiopia,Africa,Sub-Saharan Africa,AF,Addis Ababa,ETB,1
ETH,2021,26.8395221557722,111261882958.4261,122138588,910.9478403207519,6.814485640209995,1,1,ET,Ethiopia,Africa,Sub-Saharan Africa,AF,Addis Ababa,ETB,1
ETH,2022,33.8898797100898,126772703047.70145,125384287,1011.0732858232982,6.918767704843655,1,1,ET,Ethiopia,Africa,Sub-Saharan Africa,AF,Addis Ababa,ETB,1
ETH,2023,30.2188278135278,163697927593.98236,128691692,1272.0162820921055,7.148358544205019,1,1,ET,Ethiopia,Africa,Sub-Saharan Africa,AF,Addis Ababa,ETB,1
ETH,2024,,,132059767,,,,0,ET,Ethiopia,Africa,Sub-Saharan Africa,AF,Addis Ababa,ETB,1
FIN,2013,1.4782861568881,271362405890.589,5438972,49892.22336327324,10.817620425171224,0,1,FI,Finland,Europe,Northern Europe,EU,Helsinki,EUR,0
FIN,2014,1.04119621178439,274862826772.15588,5461512,50327.24029026319,10.826301765965514,0,1,FI,Finland,Europe,Northern Europe,EU,Helsinki,EUR,0
FIN,2015,-0.207928839905268,234534382384.7655,5479531,42801.90811672851,10.664337962742687,0,1,FI,Finland,Europe,Northern Europe,EU,Helsinki,EUR,0
FIN,2016,0.356684500891695,240771351298.83328,5495303,43814.02650569646,10.687709284954783,0,1,FI,Finland,Europe,Northern Europe,EU,Helsinki,EUR,0
FIN,2017,0.754015047084346,255647979916.47104,5508214,46412.13647771692,10.745316266032727,0,1,FI,Finland,Europe,Northern Europe,EU,Helsinki,EUR,0
FIN,2018,1.08382098409305,275708001767.84296,5515525,49987.62615849678,10.819530776952774,0,1,FI,Finland,Europe,Northern Europe,EU,Helsinki,EUR,0
FIN,2019,1.02409392963431,268514916972.54855,5521606,48629.858228303245,10.791992988080056,0,1,FI,Finland,Europe,Northern Europe,EU,Helsinki,EUR,0
FIN,2020,0.290554555653239,271886077382.10196,5529543,49169.71933884988,10.8030332524143,0,1,FI,Finland,Europe,Northern Europe,EU,Helsinki,EUR,0
FIN,2021,2.19457432340007,296470417085.26654,5541017,53504.69364834407,10.887524660780642,0,1,FI,Finland,Europe,Northern Europe,EU,Helsinki,EUR,0
FIN,2022,7.12350773301402,281887430795.72095,5556106,50734.71074808885,10.834365585466792,0,1,FI,Finland,Europe,Northern Europe,EU,Helsinki,EUR,0
FIN,2023,6.25064322154763,300187202696.08374,5583911,53759.31004202677,10.892272141074994,0,1,FI,Finland,Europe,Northern Europe,EU,Helsinki,EUR,0
FIN,2024,1.56568906231616,,5619911,,,0,0,FI,Finland,Europe,Northern Europe,EU,Helsinki,EUR,0
FJI,2013,2.91354193604001,4189967998.514236,916352,4572.443775442445,8.427803083949387,0,1,FJ,Fiji,Oceania,Melanesia,OC,Suva,FJD,0
FJI,2014,0.519306474579194,4857104768.868437,917585,5293.356766804642,8.574207873101425,0,1,FJ,Fiji,Oceania,Melanesia,OC,Suva,FJD,0
FJI,2015,1.37488542621438,4682479893.975582,918578,5097.531068646955,8.536511597309282,0,1,FJ,Fiji,Oceania,Melanesia,OC,Suva,FJD,0
FJI,2016,3.86322538221269,4930213644.366533,919166,5363.790266792433,8.587426143486585,0,1,FJ,Fiji,Oceania,Melanesia,OC,Suva,FJD,0
FJI,2017,3.3475783475784,5353469174.478379,918759,5826.848144593282,8.670231506153632,0,1,FJ,Fiji,Oceania,Melanesia,OC,Suva,FJD,0
FJI,2018,4.08147637644526,5581425327.443973,917180,6085.419794853761,8.713650991514301,0,1,FJ,Fiji,Oceania,Melanesia,OC,Suva,FJD,0
FJI,2019,1.77310182460282,5444407198.134784,914899,5950.828668667015,8.691285760887101,0,1,FJ,Fiji,Oceania,Melanesia,OC,Suva,FJD,0
FJI,2020,-2.5952432588738,4432466219.876845,914963,4844.421271545238,8.48558306859284,0,1,FJ,Fiji,Oceania,Melanesia,OC,Suva,FJD,0
FJI,2021,0.155855722131516,4305031649.741891,916711,4696.171039446337,8.454502783213977,0,1,FJ,Fiji,Oceania,Melanesia,OC,Suva,FJD,0
FJI,2022,4.52019266394958,4979979531.272499,919422,5416.424156994828,8.597191127071182,0,1,FJ,Fiji,Oceania,Melanesia,OC,Suva,FJD,0
FJI,2023,2.14817440623896,5494797540.733647,924145,5945.817529428442,8.69044331513365,0,1,FJ,Fiji,Oceania,Melanesia,OC,Suva,FJD,0
FJI,2024,,,928784,,,,0,FJ,Fiji,Oceania,Melanesia,OC,Suva,FJD,0
FRA,2013,0.863715497861805,2811876903329.028,65997932,42605.53047827359,10.659739347264782,0,1,FR,France,Europe,Western Europe,EU,Paris,EUR,0
FRA,2014,0.50775882293799,2855964488590.186,66312067,43068.548724173925,10.670548281733376,0,1,FR,France,Europe,Western Europe,EU,Paris,EUR,0
FRA,2015,0.0375143805125182,2439188643162.4985,66548272,36652.92230521776,10.509248439612703,0,1,FR,France,Europe,Western Europe,EU,Paris,EUR,0
FRA,2016,0.18333486112386,2472964344587.165,66724104,37062.533572382854,10.52036186157125,0,1,FR,France,Europe,Western Europe,EU,Paris,EUR,0
FRA,2017,1.03228275064662,2595151045197.6514,66918020,38781.04948708362,10.56568699101642,0,1,FR,France,Europe,Western Europe,EU,Paris,EUR,0
FRA,2018,1.85081508315502,2790956878746.665,67158348,41557.85485888761,10.634841828358603,0,1,FR,France,Europe,Western Europe,EU,Paris,EUR,0
FRA,2019,1.10825492288294,2728870246705.878,67382061,40498.468081970335,10.609019427242707,0,1,FR,France,Europe,Western Europe,EU,Paris,EUR,0
FRA,2020,0.476498852725066,2647418691598.4507,67601110,39162.35534591741,10.575471241564955,0,1,FR,France,Europe,Western Europe,EU,Paris,EUR,0
FRA,2021,1.64233141038385,2959355819170.495,67842811,43620.77242304266,10.68328874760073,0,1,FR,France,Europe,Western Europe,EU,Paris,EUR,0
FRA,2022,5.22236748369735,2779092236505.847,68184457,40758.442008357524,10.615418263062391,0,1,FR,France,Europe,Western Europe,EU,Paris,EUR,0
FRA,2023,4.87835726508441,3030904089607.8965,68372286,44329.424492372484,10.699403945303654,0,1,FR,France,Europe,Western Europe,EU,Paris,EUR,0
FRA,2024,1.99904942291463,,68551653,,,0,0,FR,France,Europe,Western Europe,EU,Paris,EUR,0
FRO,2013,,2690110520.925476,48246,55758.2083680611,10.928779913785856,,1,FO,Faroe Islands,Europe,Northern Europe,EU,Torshavn,DKK,0
FRO,2014,,2914012679.272769,48428,60172.06325416637,11.004963458039763,,1,FO,Faroe Islands,Europe,Northern Europe,EU,Torshavn,DKK,0
FRO,2015,,2573905971.054594,48899,52637.190352657395,10.871178189815168,,1,FO,Faroe Islands,Europe,Northern Europe,EU,Torshavn,DKK,0
FRO,2016,,2813278868.782085,49464,56875.280381329554,10.948616086022719,,1,FO,Faroe Islands,Europe,Northern Europe,EU,Torshavn,DKK,0
FRO,2017,,2980057377.879666,50180,59387.353086481984,10.991836571679984,,1,FO,Faroe Islands,Europe,Northern Europe,EU,Torshavn,DKK,0
FRO,2018,,3188600927.4668827,50996,62526.49085157429,11.043345599549108,,1,FO,Faroe Islands,Europe,Northern Europe,EU,Torshavn,DKK,0
FRO,2019,,3266432734.22819,51792,63068.287268848275,11.05197334325358,,1,FO,Faroe Islands,Europe,Northern Europe,EU,Torshavn,DKK,0
FRO,2020,,3262045883.372933,52565,62057.37436265448,11.035814629061187,,1,FO,Faroe Islands,Europe,Northern Europe,EU,Torshavn,DKK,0
FRO,2021,,3655063937.931448,53296,68580.45515482302,11.135762862839785,,1,FO,Faroe Islands,Europe,Northern Europe,EU,Torshavn,DKK,0
FRO,2022,,3555929833.050505,53912,65958.03963960723,11.096774055789291,,1,FO,Faroe Islands,Europe,Northern Europe,EU,Torshavn,DKK,0
FRO,2023,,,54414,,,,0,FO,Faroe Islands,Europe,Northern Europe,EU,Torshavn,DKK,0
FRO,2024,,,54681,,,,0,FO,Faroe Islands,Europe,Northern Europe,EU,Torshavn,DKK,0
FSM,2013,1.75232737350762,317214400.0,108121,2933.8833344123714,7.984082194590045,0,1,FM,Micronesia (Federated States of),Oceania,Micronesia,OC,Palikir,USD,0
FSM,2014,0.650284891767944,319271200.0,108396,2945.414959961622,7.988004989372537,0,1,FM,Micronesia (Federated States of),Oceania,Micronesia,OC,Palikir,USD,0
FSM,2015,-0.2981158373807,316489900.0,108716,2911.162110452923,7.97630763111739,0,1,FM,Micronesia (Federated States of),Oceania,Micronesia,OC,Palikir,USD,0
FSM,2016,-1.03746806405349,325000000.0,109075,2979.6011918404765,7.999544742302201,0,1,FM,Micronesia (Federated States of),Oceania,Micronesia,OC,Palikir,USD,0
FSM,2017,0.58225373525489,359000000.0,109481,3279.1077903928535,8.095326649251236,0,1,FM,Micronesia (Federated States of),Oceania,Micronesia,OC,Palikir,USD,0
FSM,2018,1.49840023593737,392000000.0,109909,3566.586903711252,8.179364368086379,0,1,FM,Micronesia (Federated States of),Oceania,Micronesia,OC,Palikir,USD,0
FSM,2019,1.92385170787923,394000000.0,110282,3572.6591828222195,8.181065466634227,0,1,FM,Micronesia (Federated States of),Oceania,Micronesia,OC,Palikir,USD,0
FSM,2020,0.554594630853174,372000000.0,110916,3353.889429838797,8.117875975184642,0,1,FM,Micronesia (Federated States of),Oceania,Micronesia,OC,Palikir,USD,0
FSM,2021,3.19128406597466,390000000.0,111624,3493.8722855299934,8.158765937515923,0,1,FM,Micronesia (Federated States of),Oceania,Micronesia,OC,Palikir,USD,0
FSM,2022,5.40874375479067,430000000.0,112114,3835.3818434807426,8.252024276897131,0,1,FM,Micronesia (Federated States of),Oceania,Micronesia,OC,Palikir,USD,0
FSM,2023,,460000000.0,112630,4084.169404243985,8.314873658405673,,1,FM,Micronesia (Federated States of),Oceania,Micronesia,OC,Palikir,USD,0
FSM,2024,,,113160,,,,0,FM,Micronesia (Federated States of),Oceania,Micronesia,OC,Palikir,USD,0
GAB,2013,0.505441058915615,17595744798.339832,1913059,9197.701063239467,9.126708847380323,0,1,GA,Gabon,Africa,Sub-Saharan Africa,AF,Libreville,XAF,0
GAB,2014,4.69045751826284,18203966895.84335,1978399,9201.362766481054,9.12710687885886,0,1,GA,Gabon,Africa,Sub-Saharan Africa,AF,Libreville,XAF,0
GAB,2015,-0.338795188753406,14383107762.695185,2040989,7047.126546343555,8.860375230643234,0,1,GA,Gabon,Africa,Sub-Saharan Africa,AF,Libreville,XAF,0
GAB,2016,2.10670712784054,14023890265.366455,2100306,6677.070039016437,8.806434553396448,0,1,GA,Gabon,Africa,Sub-Saharan Africa,AF,Libreville,XAF,0
GAB,2017,2.65192583143902,14929487485.162275,2156900,6921.73373135624,8.842421556445338,0,1,GA,Gabon,Africa,Sub-Saharan Africa,AF,Libreville,XAF,0
GAB,2018,4.74906652083221,16867326389.870382,2212318,7624.2775179112505,8.939092845237038,0,1,GA,Gabon,Africa,Sub-Saharan Africa,AF,Libreville,XAF,0
GAB,2019,2.46456756151187,16874405460.195469,2267706,7441.178644936985,8.914784535298423,0,1,GA,Gabon,Africa,Sub-Saharan Africa,AF,Libreville,XAF,0
GAB,2020,1.35276110675333,15314577167.821096,2322539,6593.894512781528,8.793899426048686,0,1,GA,Gabon,Africa,Sub-Saharan Africa,AF,Libreville,XAF,0
GAB,2021,1.0869074651941,20217946921.20645,2376722,8506.651985889159,9.048603722992398,0,1,GA,Gabon,Africa,Sub-Saharan Africa,AF,Libreville,XAF,0
GAB,2022,4.23124798274579,21071739227.94216,2430747,8668.832761263167,9.067489431099116,0,1,GA,Gabon,Africa,Sub-Saharan Africa,AF,Libreville,XAF,0
GAB,2023,3.62901534185376,20516134388.66078,2484789,8256.690764753379,9.018779152432762,0,1,GA,Gabon,Africa,Sub-Saharan Africa,AF,Libreville,XAF,0
GAB,2024,1.17311998381218,,2538952,,,0,0,GA,Gabon,Africa,Sub-Saharan Africa,AF,Libreville,XAF,0
GBR,2013,2.29166666666659,2784853502534.292,64139000,43419.03525989323,10.6786532243898,0,1,GB,United Kingdom of Great Britain and Northern Ireland,Europe,Northern Europe,EU,London,GBP,0
GBR,2014,1.45112016293279,3064708247921.428,64620000,47426.620982999506,10.766938974145283,0,1,GB,United Kingdom of Great Britain and Northern Ireland,Europe,Northern Europe,EU,London,GBP,0
GBR,2015,0.36804684232536,2927911140916.7314,65088000,44983.88552293405,10.714059605129169,0,1,GB,United Kingdom of Great Britain and Northern Ireland,Europe,Northern Europe,EU,London,GBP,0
GBR,2016,1.0084173681141,2689106566899.611,65607000,40988.10442330255,10.621037167571837,0,1,GB,United Kingdom of Great Britain and Northern Ireland,Europe,Northern Europe,EU,London,GBP,0
GBR,2017,2.55775577557747,2680148052335.299,65966000,40629.234034734545,10.612243136594728,0,1,GB,United Kingdom of Great Britain and Northern Ireland,Europe,Northern Europe,EU,London,GBP,0
GBR,2018,2.29283990345938,2871340347581.7856,66289000,43315.48745013178,10.676265527871257,0,1,GB,United Kingdom of Great Britain and Northern Ireland,Europe,Northern Europe,EU,London,GBP,0
GBR,2019,1.73810460086513,2851407164907.808,66631000,42794.00226482881,10.664153237750876,0,1,GB,United Kingdom of Great Britain and Northern Ireland,Europe,Northern Europe,EU,London,GBP,0
GBR,2020,0.989486703772491,2697806592293.8604,66744000,40420.211439138504,10.607085221996343,0,1,GB,United Kingdom of Great Britain and Northern Ireland,Europe,Northern Europe,EU,London,GBP,0
GBR,2021,2.51837109614213,3141506156618.7026,66984000,46899.351436443074,10.755759125691485,0,1,GB,United Kingdom of Great Britain and Northern Ireland,Europe,Northern Europe,EU,London,GBP,0
GBR,2022,7.92204883147902,3088839763445.0234,67604000,45690.1923472727,10.72963894438152,0,1,GB,United Kingdom of Great Britain and Northern Ireland,Europe,Northern Europe,EU,London,GBP,0
GBR,2023,6.79396706793963,3340032380668.036,68492000,48765.29201465917,10.794774109589953,0,1,GB,United Kingdom of Great Britain and Northern Ireland,Europe,Northern Europe,EU,London,GBP,0
GBR,2024,3.2715729463592,,69226000,,,0,0,GB,United Kingdom of Great Britain and Northern Ireland,Europe,Northern Europe,EU,London,GBP,0
GEO,2013,-0.512058410947092,17517660143.685932,3717668,4712.002293826649,8.45786821213662,0,1,GE,Georgia,Asia,Western Asia,AS,Tbilisi,GEL,0
GEO,2014,3.06881210379543,17966015109.304302,3719414,4830.334861702489,8.482671073788465,0,1,GE,Georgia,Asia,Western Asia,AS,Tbilisi,GEL,0
GEO,2015,4.00357820695097,15223796148.83962,3725276,4086.6223465964995,8.315474075721646,0,1,GE,Georgia,Asia,Western Asia,AS,Tbilisi,GEL,0
GEO,2016,2.13492713939121,15444548901.963682,3727505,4143.4012568631515,8.329272289152755,0,1,GE,Georgia,Asia,Western Asia,AS,Tbilisi,GEL,0
GEO,2017,6.03531725272117,16473125375.068438,3728004,4418.752065466785,8.393612597077144,0,1,GE,Georgia,Asia,Western Asia,AS,Tbilisi,GEL,0
GEO,2018,2.6152447139767,17902544880.64707,3726549,4804.054604044404,8.477215549505885,0,1,GE,Georgia,Asia,Western Asia,AS,Tbilisi,GEL,0
GEO,2019,4.85289821696723,17638337116.9126,3720161,4741.283271587601,8.464063110450166,0,1,GE,Georgia,Asia,Western Asia,AS,Tbilisi,GEL,0
GEO,2020,5.2024648897534,16010869215.679968,3722716,4300.85701291207,8.366569587151373,0,1,GE,Georgia,Asia,Western Asia,AS,Tbilisi,GEL,0
GEO,2021,9.56691433824769,18853115588.81058,3708610,5083.606954845773,8.533776319101593,0,1,GE,Georgia,Asia,Western Asia,AS,Tbilisi,GEL,0
GEO,2022,11.8981654203198,24984568959.604965,3712502,6729.846599302833,8.814307628813296,1,1,GE,Georgia,Asia,Western Asia,AS,Tbilisi,GEL,0
GEO,2023,2.48776056578715,30535530479.022663,3715483,8218.455172321515,9.014137535147494,0,1,GE,Georgia,Asia,Western Asia,AS,Tbilisi,GEL,0
GEO,2024,1.10971758022096,,3699557,,,0,0,GE,Georgia,Asia,Western Asia,AS,Tbilisi,GEL,0
GHA,2013,11.6661923071729,62824629066.04083,27386193,2294.0256451870046,7.738063476871382,1,1,GH,Ghana,Africa,Sub-Saharan Africa,AF,Accra,GHS,0
GHA,2014,15.4896160333318,54783319817.370514,28041592,1953.645136031168,7.577452207118604,1,1,GH,Ghana,Africa,Sub-Saharan Africa,AF,Accra,GHS,0
GHA,2015,17.1499695007878,49406010054.266335,28696068,1721.69964380717,7.451067246898029,1,1,GH,Ghana,Africa,Sub-Saharan Africa,AF,Accra,GHS,0
GHA,2016,17.4546347070868,56164929304.8754,29356742,1913.186732535763,7.556525577084084,1,1,GH,Ghana,Africa,Sub-Saharan Africa,AF,Accra,GHS,0
GHA,2017,12.3719215507048,60405924078.72783,30008354,2012.970257506554,7.607366650322765,1,1,GH,Ghana,Africa,Sub-Saharan Africa,AF,Accra,GHS,0
GHA,2018,7.80876516610703,67298914624.37232,30637585,2196.6129061534166,7.6946718648506955,0,1,GH,Ghana,Africa,Sub-Saharan Africa,AF,Accra,GHS,0
GHA,2019,7.14364003330857,68337969247.70674,31258945,2186.189241118238,7.689915234577036,0,1,GH,Ghana,Africa,Sub-Saharan Africa,AF,Accra,GHS,0
GHA,2020,9.88728956269944,70043095503.6675,31887809,2196.547762302123,7.69464220791064,0,1,GH,Ghana,Africa,Sub-Saharan Africa,AF,Accra,GHS,0
GHA,2021,9.9710886750444,79524421861.27426,32518665,2445.5008181078238,7.80200521451537,0,1,GH,Ghana,Africa,Sub-Saharan Africa,AF,Accra,GHS,0
GHA,2022,31.2558951049016,74263364041.87419,33149152,2240.279450945659,7.7143558919542965,1,1,GH,Ghana,Africa,Sub-Saharan Africa,AF,Accra,GHS,0
GHA,2023,38.1069656296501,76370394412.41626,33787914,2260.2873445343876,7.723247227783555,1,1,GH,Ghana,Africa,Sub-Saharan Africa,AF,Accra,GHS,0
GHA,2024,22.8483281157842,,34427414,,,1,0,GH,Ghana,Africa,Sub-Saharan Africa,AF,Accra,GHS,0
GIB,2013,,,32407,,,,0,GI,Gibraltar,Europe,Southern Europe,EU,Gibraltar,GIP,0
GIB,2014,,,32813,,,,0,GI,Gibraltar,Europe,Southern Europe,EU,Gibraltar,GIP,0
GIB,2015,,,33193,,,,0,GI,Gibraltar,Europe,Southern Europe,EU,Gibraltar,GIP,0
GIB,2016,,,33658,,,,0,GI,Gibraltar,Europe,Southern Europe,EU,Gibraltar,GIP,0
GIB,2017,,,34245,,,,0,GI,Gibraltar,Europe,Southern Europe,EU,Gibraltar,GIP,0
GIB,2018,,,34854,,,,0,GI,Gibraltar,Europe,Southern Europe,EU,Gibraltar,GIP,0
GIB,2019,,,35494,,,,0,GI,Gibraltar,Europe,Southern Europe,EU,Gibraltar,GIP,0
GIB,2020,,,36173,,,,0,GI,Gibraltar,Europe,Southern Europe,EU,Gibraltar,GIP,0
GIB,2021,,,36858,,,,0,GI,Gibraltar,Europe,Southern Europe,EU,Gibraltar,GIP,0
GIB,2022,,,37609,,,,0,GI,Gibraltar,Europe,Southern Europe,EU,Gibraltar,GIP,0
GIB,2023,,,38471,,,,0,GI,Gibraltar,Europe,Southern Europe,EU,Gibraltar,GIP,0
GIB,2024,,,39329,,,,0,GI,Gibraltar,Europe,Southern Europe,EU,Gibraltar,GIP,0
GIN,2013,11.8875884481828,8376613880.84932,11191873,748.4550513438921,6.6180111504117445,1,1,GN,Guinea,Africa,Sub-Saharan Africa,AF,Conakry,GNF,1
GIN,2014,6.1505055670642,8778473643.318516,11472924,765.1470229662914,6.640068002245044,0,1,GN,Guinea,Africa,Sub-Saharan Africa,AF,Conakry,GNF,1
GIN,2015,11.7800825029834,8794202394.290764,11767070,747.3570221211197,6.616543012215137,1,1,GN,Guinea,Africa,Sub-Saharan Africa,AF,Conakry,GNF,1
GIN,2016,8.17268112275132,8595955600.36601,12073030,711.996541080906,6.5680730533677405,0,1,GN,Guinea,Africa,Sub-Saharan Africa,AF,Conakry,GNF,1
GIN,2017,8.91435947913097,10324668271.10322,12385659,833.598621688456,6.725752017552985,0,1,GN,Guinea,Africa,Sub-Saharan Africa,AF,Conakry,GNF,1
GIN,2018,9.82761701259191,11857030367.24408,12704774,933.2736156695175,6.838698422236941,0,1,GN,Guinea,Africa,Sub-Saharan Africa,AF,Conakry,GNF,1
GIN,2019,9.47001039253012,13442861496.412752,13034346,1031.3414648048129,6.9386156268599475,0,1,GN,Guinea,Africa,Sub-Saharan Africa,AF,Conakry,GNF,1
GIN,2020,10.6016203387167,14177835841.392267,13371183,1060.3277093277586,6.966333299069255,1,1,GN,Guinea,Africa,Sub-Saharan Africa,AF,Conakry,GNF,1
GIN,2021,12.5972882566934,16091817842.13176,13710513,1173.6845909508827,7.067903302410272,1,1,GN,Guinea,Africa,Sub-Saharan Africa,AF,Conakry,GNF,1
GIN,2022,10.4930409984424,20999229260.49945,14055137,1494.0608021465355,7.309253062419215,1,1,GN,Guinea,Africa,Sub-Saharan Africa,AF,Conakry,GNF,1
GIN,2023,7.80497591927973,23612295818.096096,14405468,1639.1203547219775,7.401915007848931,0,1,GN,Guinea,Africa,Sub-Saharan Africa,AF,Conakry,GNF,1
GIN,2024,8.12313914948596,,14754785,,,0,0,GN,Guinea,Africa,Sub-Saharan Africa,AF,Conakry,GNF,1
GMB,2013,5.69912989637382,1375609453.4374623,2103820,653.8627132727431,6.482897410878011,0,1,GM,Gambia,Africa,Sub-Saharan Africa,AF,Banjul,GMD,1
GMB,2014,5.94799935696626,1229461721.4086075,2164528,568.0045355886399,6.342129403880537,0,1,GM,Gambia,Africa,Sub-Saharan Africa,AF,Banjul,GMD,1
GMB,2015,6.8084549457961,1378176608.9320412,2224529,619.5363642964605,6.428971398775768,0,1,GM,Gambia,Africa,Sub-Saharan Africa,AF,Banjul,GMD,1
GMB,2016,7.22879272057922,1484578885.9713223,2283769,650.0565013236112,6.477059284225162,0,1,GM,Gambia,Africa,Sub-Saharan Africa,AF,Banjul,GMD,1
GMB,2017,8.03418974545911,1504909462.6952114,2342189,642.5226412963307,6.465402055520204,0,1,GM,Gambia,Africa,Sub-Saharan Africa,AF,Banjul,GMD,1
GMB,2018,6.52096823946573,1670671327.8165145,2399632,696.219806960615,6.545665425074072,0,1,GM,Gambia,Africa,Sub-Saharan Africa,AF,Banjul,GMD,1
GMB,2019,7.11567625631192,1813609692.4999352,2456844,738.1867519874828,6.604196844061903,0,1,GM,Gambia,Africa,Sub-Saharan Africa,AF,Banjul,GMD,1
GMB,2020,5.93127636562441,1812170891.190692,2515733,720.3351433521332,6.579716580587308,0,1,GM,Gambia,Africa,Sub-Saharan Africa,AF,Banjul,GMD,1
GMB,2021,7.37034758876618,2014158842.653937,2576010,781.8909253667249,6.661715249188615,0,1,GM,Gambia,Africa,Sub-Saharan Africa,AF,Banjul,GMD,1
GMB,2022,11.5131198380505,2175099789.9782925,2636470,825.0045667040749,6.715388921718239,1,1,GM,Gambia,Africa,Sub-Saharan Africa,AF,Banjul,GMD,1
GMB,2023,16.9742129632327,2339904156.792144,2697845,867.3234217652029,6.765411942704767,1,1,GM,Gambia,Africa,Sub-Saharan Africa,AF,Banjul,GMD,1
GMB,2024,,,2759988,,,,0,GM,Gambia,Africa,Sub-Saharan Africa,AF,Banjul,GMD,1
GNB,2013,1.20712555668414,1109682824.1367562,1695973,654.304534409897,6.483572892021169,0,1,GW,Guinea-Bissau,Africa,Sub-Saharan Africa,AF,Bissau,XOF,1
GNB,2014,-1.50924460570503,1135250721.0248425,1741122,652.0225010222388,6.480079072101475,0,1,GW,Guinea-Bissau,Africa,Sub-Saharan Africa,AF,Bissau,XOF,1
GNB,2015,1.47672048910494,1152384166.796375,1786457,645.0668372070388,6.469353935004025,0,1,GW,Guinea-Bissau,Africa,Sub-Saharan Africa,AF,Bissau,XOF,1
GNB,2016,1.50312055861088,1245074264.1039608,1831893,679.6653866268176,6.521600598569826,0,1,GW,Guinea-Bissau,Africa,Sub-Saharan Africa,AF,Bissau,XOF,1
GNB,2017,1.69111461822289,1469978606.1214306,1877072,783.123186602022,6.66329001005566,0,1,GW,Guinea-Bissau,Africa,Sub-Saharan Africa,AF,Bissau,XOF,1
GNB,2018,0.381324702791081,1554133593.9169855,1922168,808.531613218504,6.695219779326951,0,1,GW,Guinea-Bissau,Africa,Sub-Saharan Africa,AF,Bissau,XOF,1
GNB,2019,0.24660026814783,1486476582.0675912,1967696,755.4401605062933,6.627300573422086,0,1,GW,Guinea-Bissau,Africa,Sub-Saharan Africa,AF,Bissau,XOF,1
GNB,2020,1.14000939393213,1520479984.5680752,2013255,755.2346744789285,6.62702852807669,0,1,GW,Guinea-Bissau,Africa,Sub-Saharan Africa,AF,Bissau,XOF,1
GNB,2021,2.24248879577659,1724555634.365944,2058841,837.6342001961025,6.73058148990244,0,1,GW,Guinea-Bissau,Africa,Sub-Saharan Africa,AF,Bissau,XOF,1
GNB,2022,9.39383877456591,1714166526.4457347,2105529,814.1262962636633,6.7021155090822955,0,1,GW,Guinea-Bissau,Africa,Sub-Saharan Africa,AF,Bissau,XOF,1
GNB,2023,,1966461400.3583264,2153339,913.2149653901807,6.81697130237745,,1,GW,Guinea-Bissau,Africa,Sub-Saharan Africa,AF,Bissau,XOF,1
GNB,2024,,,2201352,,,,0,GW,Guinea-Bissau,Africa,Sub-Saharan Africa,AF,Bissau,XOF,1
GNQ,2013,2.94887694639662,21948834283.785564,1346218,16304.071319641815,9.699170129817624,0,1,GQ,Equatorial Guinea,Africa,Sub-Saharan Africa,AF,Ciudad de la Paz,XAF,0
GNQ,2014,4.30999866149107,21765453081.9826,1399828,15548.662465661924,9.6517298988379,0,1,GQ,Equatorial Guinea,Africa,Sub-Saharan Africa,AF,Ciudad de la Paz,XAF,0
GNQ,2015,1.67663085315988,13185496881.0174,1453923,9068.910032386448,9.112607363052838,0,1,GQ,Equatorial Guinea,Africa,Sub-Saharan Africa,AF,Ciudad de la Paz,XAF,0
GNQ,2016,1.41193915479015,11240808847.887815,1508186,7453.197979485167,8.91639847825962,0,1,GQ,Equatorial Guinea,Africa,Sub-Saharan Africa,AF,Ciudad de la Paz,XAF,0
GNQ,2017,0.74435474661241,12200913878.98272,1562396,7809.10465655488,8.963045595616009,0,1,GQ,Equatorial Guinea,Africa,Sub-Saharan Africa,AF,Ciudad de la Paz,XAF,0
GNQ,2018,1.06007410662171,13097012133.615946,1616422,8102.470848340313,8.999924337149348,0,1,GQ,Equatorial Guinea,Africa,Sub-Saharan Africa,AF,Ciudad de la Paz,XAF,0
GNQ,2019,1.53027528964189,11364133549.747766,1670177,6804.149230738878,8.825287886070482,0,1,GQ,Equatorial Guinea,Africa,Sub-Saharan Africa,AF,Ciudad de la Paz,XAF,0
GNQ,2020,4.76669523944228,9893816007.7398,1716468,5764.055029129468,8.659396504112262,0,1,GQ,Equatorial Guinea,Africa,Sub-Saharan Africa,AF,Ciudad de la Paz,XAF,0
GNQ,2021,-0.0971007664640198,12215878032.716583,1758786,6945.630697945391,8.845868064304248,0,1,GQ,Equatorial Guinea,Africa,Sub-Saharan Africa,AF,Ciudad de la Paz,XAF,0
GNQ,2022,4.78671704710803,13486788878.97569,1803545,7477.933114491566,8.91971171119264,0,1,GQ,Equatorial Guinea,Africa,Sub-Saharan Africa,AF,Ciudad de la Paz,XAF,0
GNQ,2023,,12116922539.411173,1847549,6558.376822163403,8.788498415675061,,1,GQ,Equatorial Guinea,Africa,Sub-Saharan Africa,AF,Ciudad de la Paz,XAF,0
GNQ,2024,,,1892516,,,,0,GQ,Equatorial Guinea,Africa,Sub-Saharan Africa,AF,Ciudad de la Paz,XAF,0
GRC,2013,-0.921269454256994,238907690051.1301,10965211,21787.787763603465,9.989104897479596,0,1,GR,Greece,Europe,Southern Europe,EU,Athens,EUR,0
GRC,2014,-1.31226096405506,235458133124.6078,10892413,21616.710009490806,9.98122190613958,0,1,GR,Greece,Europe,Southern Europe,EU,Athens,EUR,0
GRC,2015,-1.73588804765284,195683527003.3745,10820883,18083.877905654695,9.802776096879578,0,1,GR,Greece,Europe,Southern Europe,EU,Athens,EUR,0
GRC,2016,-0.825653978390973,193148146586.9328,10775971,17923.96681347164,9.793894024390799,0,1,GR,Greece,Europe,Southern Europe,EU,Athens,EUR,0
GRC,2017,1.12125452031419,199844406013.5309,10754679,18582.089341163126,9.829953457130886,0,1,GR,Greece,Europe,Southern Europe,EU,Athens,EUR,0
GRC,2018,0.62562141345364,212049447242.1112,10732882,19756.99045625501,9.891262654856904,0,1,GR,Greece,Europe,Southern Europe,EU,Athens,EUR,0
GRC,2019,0.253007522038157,205252760889.3644,10721582,19143.887617458357,9.85973875919166,0,1,GR,Greece,Europe,Southern Europe,EU,Athens,EUR,0
GRC,2020,-1.24798355581405,188480337285.6052,10698599,17617.29150570137,9.77663617063144,0,1,GR,Greece,Europe,Southern Europe,EU,Athens,EUR,0
GRC,2021,1.22382501019854,214667807441.202,10569207,20310.68247988728,9.918902257155464,0,1,GR,Greece,Europe,Southern Europe,EU,Athens,EUR,0
GRC,2022,9.64525981280632,217581324512.0592,10436882,20847.349286123885,9.944982086584913,0,1,GR,Greece,Europe,Southern Europe,EU,Athens,EUR,0
GRC,2023,3.46480128513405,238206312632.5277,10407351,22888.275088687573,10.03838005356228,0,1,GR,Greece,Europe,Southern Europe,EU,Athens,EUR,0
GRC,2024,2.74149045788606,,10405134,,,0,0,GR,Greece,Europe,Southern Europe,EU,Athens,EUR,0
GRD,2013,-0.0439997864828058,842618518.5185184,113487,7424.802122873267,8.912581313197702,0,1,GD,Grenada,Americas,Latin America and the Caribbean,NA,St. George's,XCD,0
GRD,2014,-0.98360305555498,911496296.2962962,114132,7986.334212107877,8.985487136498039,0,1,GD,Grenada,Americas,Latin America and the Caribbean,NA,St. George's,XCD,0
GRD,2015,-0.515448031435329,997007407.4074072,114676,8694.12438005692,9.070402717871168,0,1,GD,Grenada,Americas,Latin America and the Caribbean,NA,St. George's,XCD,0
GRD,2016,1.65038994431573,1061640740.7407408,115130,9221.23461079424,9.129264213312124,0,1,GD,Grenada,Americas,Latin America and the Caribbean,NA,St. George's,XCD,0
GRD,2017,0.908458255874249,1125685185.1851852,115438,9751.426611559324,9.185168872422581,0,1,GD,Grenada,Americas,Latin America and the Caribbean,NA,St. George's,XCD,0
GRD,2018,0.804102313277033,1166514814.8148148,115691,10083.02127922496,9.218608226797114,0,1,GD,Grenada,Americas,Latin America and the Caribbean,NA,St. George's,XCD,0
GRD,2019,0.598149764736022,1213485185.1851852,115981,10462.792915953347,9.25558071115167,0,1,GD,Grenada,Americas,Latin America and the Caribbean,NA,St. George's,XCD,0
GRD,2020,-0.740732597045498,1043411111.111111,116341,8968.558901084838,9.101480284518914,0,1,GD,Grenada,Americas,Latin America and the Caribbean,NA,St. George's,XCD,0
GRD,2021,1.21951193916838,1122800000.0,116688,9622.240504593447,9.171832417227987,0,1,GD,Grenada,Americas,Latin America and the Caribbean,NA,St. George's,XCD,0
GRD,2022,2.5805392590792,1224577777.7777777,116913,10474.265289384222,9.256676602892192,0,1,GD,Grenada,Americas,Latin America and the Caribbean,NA,St. George's,XCD,0
GRD,2023,2.69612269814564,1320334235.588974,117081,11277.100772874966,9.330529468334506,0,1,GD,Grenada,Americas,Latin America and the Caribbean,NA,St. George's,XCD,0
GRD,2024,,,117207,,,,0,GD,Grenada,Americas,Latin America and the Caribbean,NA,St. George's,XCD,0
GRL,2013,,2684946990.12448,56483,47535.48837923764,10.769231834838125,,1,GL,Greenland,Americas,Northern America,NA,Nuuk,DKK,0
GRL,2014,,2842065708.359621,56295,50485.224413529104,10.829435986581144,,1,GL,Greenland,Americas,Northern America,NA,Nuuk,DKK,0
GRL,2015,,2499113022.8167543,56114,44536.35497053773,10.704061100249618,,1,GL,Greenland,Americas,Northern America,NA,Nuuk,DKK,0
GRL,2016,,2707139544.4669547,56186,48181.74535412656,10.782735501210663,,1,GL,Greenland,Americas,Northern America,NA,Nuuk,DKK,0
GRL,2017,,2851613679.0343266,56172,50765.74946653718,10.834977183076303,,1,GL,Greenland,Americas,Northern America,NA,Nuuk,DKK,0
GRL,2018,,3055782146.15957,56023,54545.13585776503,10.906783818775203,,1,GL,Greenland,Americas,Northern America,NA,Nuuk,DKK,0
GRL,2019,,2997309971.8762293,56225,53309.20359050652,10.883864270491307,,1,GL,Greenland,Americas,Northern America,NA,Nuuk,DKK,0
GRL,2020,,3082884653.245599,56367,54693.07668042647,10.909492411485958,,1,GL,Greenland,Americas,Northern America,NA,Nuuk,DKK,0
GRL,2021,,3235809504.298714,56653,57116.29577072201,10.952844744958272,,1,GL,Greenland,Americas,Northern America,NA,Nuuk,DKK,0
GRL,2022,,,56661,,,,0,GL,Greenland,Americas,Northern America,NA,Nuuk,DKK,0
GRL,2023,,,56865,,,,0,GL,Greenland,Americas,Northern America,NA,Nuuk,DKK,0
GRL,2024,,,56836,,,,0,GL,Greenland,Americas,Northern America,NA,Nuuk,DKK,0
GTM,2013,4.34337131279521,52996446269.44204,15387337,3444.159718438742,8.144435240325588,0,1,GT,Guatemala,Americas,Latin America and the Caribbean,NA,Guatemala City,GTQ,0
GTM,2014,3.4183616966296,57852153058.50199,15681725,3689.1447247354477,8.21314992825448,0,1,GT,Guatemala,Americas,Latin America and the Caribbean,NA,Guatemala City,GTQ,0
GTM,2015,2.38872032839551,62186064718.74239,15971743,3893.505218481314,8.267065115322117,0,1,GT,Guatemala,Americas,Latin America and the Caribbean,NA,Guatemala City,GTQ,0
GTM,2016,4.44844199942827,66053403469.00244,16268760,4060.1375562121784,8.308972132862273,0,1,GT,Guatemala,Americas,Latin America and the Caribbean,NA,Guatemala City,GTQ,0
GTM,2017,4.42453655182538,71653754066.27628,16567357,4324.996079113662,8.372166512802254,0,1,GT,Guatemala,Americas,Latin America and the Caribbean,NA,Guatemala City,GTQ,0
GTM,2018,3.75186186704516,73328365862.43286,16845685,4352.946517902529,8.378608255215054,0,1,GT,Guatemala,Americas,Latin America and the Caribbean,NA,Guatemala City,GTQ,0
GTM,2019,3.69998398008598,77172317258.6478,17103803,4511.997551576558,8.414495250530708,0,1,GT,Guatemala,Americas,Latin America and the Caribbean,NA,Guatemala City,GTQ,0
GTM,2020,3.21444062197352,77715183063.2054,17357325,4477.37096950166,8.406791315987899,0,1,GT,Guatemala,Americas,Latin America and the Caribbean,NA,Guatemala City,GTQ,0
GTM,2021,4.26105127422813,86053083476.02939,17598650,4889.7548093762525,8.494897439979955,0,1,GT,Guatemala,Americas,Latin America and the Caribbean,NA,Guatemala City,GTQ,0
GTM,2022,6.88512823344287,95003330315.87544,17847877,5322.948511796414,8.579782660346794,0,1,GT,Guatemala,Americas,Latin America and the Caribbean,NA,Guatemala City,GTQ,0
GTM,2023,6.20657592272126,102050473863.63635,18124838,5630.421296104073,8.635939548903176,0,1,GT,Guatemala,Americas,Latin America and the Caribbean,NA,Guatemala City,GTQ,0
GTM,2024,2.86919482222022,,18406359,,,0,0,GT,Guatemala,Americas,Latin America and the Caribbean,NA,Guatemala City,GTQ,0
GUM,2013,,5399000000.0,165966,32530.75931214827,10.389941361099321,,1,GU,Guam,Oceania,Micronesia,OC,Hagatna,USD,0
GUM,2014,,5610000000.0,165486,33900.14865305826,10.431174678404894,,1,GU,Guam,Oceania,Micronesia,OC,Hagatna,USD,0
GUM,2015,,5799000000.0,164905,35165.70146447955,10.467826496345795,,1,GU,Guam,Oceania,Micronesia,OC,Hagatna,USD,0
GUM,2016,,5901000000.0,164233,35930.6594898711,10.489346234792194,,1,GU,Guam,Oceania,Micronesia,OC,Hagatna,USD,0
GUM,2017,,6013000000.0,163490,36779.00789039085,10.512682523634385,,1,GU,Guam,Oceania,Micronesia,OC,Hagatna,USD,0
GUM,2018,,6051000000.0,162679,37195.95030704639,10.523955171621456,,1,GU,Guam,Oceania,Micronesia,OC,Hagatna,USD,0
GUM,2019,,6355000000.0,161808,39274.943142489865,10.578342015445877,,1,GU,Guam,Oceania,Micronesia,OC,Hagatna,USD,0
GUM,2020,,5916000000.0,162158,36482.936395367484,10.504599934242922,,1,GU,Guam,Oceania,Micronesia,OC,Hagatna,USD,0
GUM,2021,,6234000000.0,163730,38074.8793745801,10.547310009658018,,1,GU,Guam,Oceania,Micronesia,OC,Hagatna,USD,0
GUM,2022,,6910000000.0,165180,41833.15171328248,10.641444407361282,,1,GU,Guam,Oceania,Micronesia,OC,Hagatna,USD,0
GUM,2023,,,166506,,,,0,GU,Guam,Oceania,Micronesia,OC,Hagatna,USD,0
GUM,2024,,,167777,,,,0,GU,Guam,Oceania,Micronesia,OC,Hagatna,USD,0
GUY,2013,1.90125181860582,4167800928.83553,750021,5556.9123115693155,8.622797893340648,0,1,GY,Guyana,Americas,Latin America and the Caribbean,SA,Georgetown,GYD,0
GUY,2014,0.852630497539914,4127660151.808702,754229,5472.688204522369,8.607525219764524,0,1,GY,Guyana,Americas,Latin America and the Caribbean,SA,Georgetown,GYD,0
GUY,2015,-1.00173432776374,4279840193.7046,758781,5640.41560569466,8.637713030730161,0,1,GY,Guyana,Americas,Latin America and the Caribbean,SA,Georgetown,GYD,0
GUY,2016,0.836008061506207,4482697336.561744,763548,5870.878237598348,8.677759516213339,0,1,GY,Guyana,Americas,Latin America and the Caribbean,SA,Georgetown,GYD,0
GUY,2017,1.90465615515584,4748174334.140436,768479,6178.665043729804,8.728857514776255,0,1,GY,Guyana,Americas,Latin America and the Caribbean,SA,Georgetown,GYD,0
GUY,2018,1.28284288443528,4787636997.853427,791556,6048.386971804177,8.707546899245747,0,1,GY,Guyana,Americas,Latin America and the Caribbean,SA,Georgetown,GYD,0
GUY,2019,2.08723089162013,5173760191.846522,807665,6405.824434445621,8.764962923369191,0,1,GY,Guyana,Americas,Latin America and the Caribbean,SA,Georgetown,GYD,0
GUY,2020,0.99333702283873,5471256594.72422,807481,6775.709390963032,8.821099347419706,0,1,GY,Guyana,Americas,Latin America and the Caribbean,SA,Georgetown,GYD,0
GUY,2021,5.03285574626702,8041362110.31175,815482,9860.870148343864,9.196329694041983,0,1,GY,Guyana,Americas,Latin America and the Caribbean,SA,Georgetown,GYD,0
GUY,2022,6.11505550109935,14718388489.208632,821637,17913.492806687907,9.793309495956418,0,1,GY,Guyana,Americas,Latin America and the Caribbean,SA,Georgetown,GYD,0
GUY,2023,2.82110335099641,16786302158.273382,826353,20313.71842090896,9.919051721071732,0,1,GY,Guyana,Americas,Latin America and the Caribbean,SA,Georgetown,GYD,0
GUY,2024,2.90395226446373,,831087,,,0,0,GY,Guyana,Americas,Latin America and the Caribbean,SA,Georgetown,GYD,0
HKG,2013,4.33799342105267,275696879834.9665,7178900,38403.7777145477,10.555911111720034,0,1,HK,"China, Hong Kong Special Administrative Region",Asia,Eastern Asia,AS,Hong Kong,HKD,0
HKG,2014,4.42364532019699,291459995978.8927,7229500,40315.373951019115,10.604488162805215,0,1,HK,"China, Hong Kong Special Administrative Region",Asia,Eastern Asia,AS,Hong Kong,HKD,0
HKG,2015,2.99084819322581,309385622601.3481,7291300,42432.161974044146,10.655661890799847,0,1,HK,"China, Hong Kong Special Administrative Region",Asia,Eastern Asia,AS,Hong Kong,HKD,0
HKG,2016,2.40930743862224,320860317562.5624,7336600,43734.19807029992,10.685885639577466,0,1,HK,"China, Hong Kong Special Administrative Region",Asia,Eastern Asia,AS,Hong Kong,HKD,0
HKG,2017,1.49387243939522,341273289534.46594,7393200,46160.429791492985,10.739878212046195,0,1,HK,"China, Hong Kong Special Administrative Region",Asia,Eastern Asia,AS,Hong Kong,HKD,0
HKG,2018,2.40613432046534,361731070995.7263,7452600,48537.56688883428,10.790093352124666,0,1,HK,"China, Hong Kong Special Administrative Region",Asia,Eastern Asia,AS,Hong Kong,HKD,0
HKG,2019,2.88320853773996,363074545072.3891,7507900,48359.00119505975,10.786407650980697,0,1,HK,"China, Hong Kong Special Administrative Region",Asia,Eastern Asia,AS,Hong Kong,HKD,0
HKG,2020,0.2509620210808,344943149590.0583,7481000,46109.22999466091,10.738768425747955,0,1,HK,"China, Hong Kong Special Administrative Region",Asia,Eastern Asia,AS,Hong Kong,HKD,0
HKG,2021,1.56875834445922,368954169748.81805,7413100,49770.56423747394,10.815179008687553,0,1,HK,"China, Hong Kong Special Administrative Region",Asia,Eastern Asia,AS,Hong Kong,HKD,0
HKG,2022,1.88136707196853,358696261481.1598,7346100,48828.12124544449,10.796061680899667,0,1,HK,"China, Hong Kong Special Administrative Region",Asia,Eastern Asia,AS,Hong Kong,HKD,0
HKG,2023,2.09660511249089,382054574298.52905,7536100,50696.59031840462,10.833613935215277,0,1,HK,"China, Hong Kong Special Administrative Region",Asia,Eastern Asia,AS,Hong Kong,HKD,0
HKG,2024,1.72972119105914,,7524100,,,0,0,HK,"China, Hong Kong Special Administrative Region",Asia,Eastern Asia,AS,Hong Kong,HKD,0
HND,2013,5.16189898581494,18499729214.904022,8889278,2081.1284352794482,7.640665542547514,0,1,HN,Honduras,Americas,Latin America and the Caribbean,NA,Tegucigalpa,HNL,0
HND,2014,6.12924930313022,19756533971.869846,9063122,2179.8817197727058,7.687025897326174,0,1,HN,Honduras,Americas,Latin America and the Caribbean,NA,Tegucigalpa,HNL,0
HND,2015,3.15783117980923,20979791685.41604,9237305,2271.202659803486,7.728064776258589,0,1,HN,Honduras,Americas,Latin America and the Caribbean,NA,Tegucigalpa,HNL,0
HND,2016,2.72461223295289,21717604952.183525,9412380,2307.3446835108152,7.743852654690528,0,1,HN,Honduras,Americas,Latin America and the Caribbean,NA,Tegucigalpa,HNL,0
HND,2017,3.93436084442044,23136247990.597725,9588137,2413.007656294202,7.788629238555846,0,1,HN,Honduras,Americas,Latin America and the Caribbean,NA,Tegucigalpa,HNL,0
HND,2018,4.34734937777528,24067750760.49897,9765210,2464.642415319176,7.8098020111746385,0,1,HN,Honduras,Americas,Latin America and the Caribbean,NA,Tegucigalpa,HNL,0
HND,2019,4.36587159819267,24882225741.811867,9943633,2502.327443280727,7.824976555077982,0,1,HN,Honduras,Americas,Latin America and the Caribbean,NA,Tegucigalpa,HNL,0
HND,2020,3.46841177951184,23352232483.75501,10119640,2307.6149431951144,7.743969778005343,0,1,HN,Honduras,Americas,Latin America and the Caribbean,NA,Tegucigalpa,HNL,0
HND,2021,4.48087963413445,28144331506.614887,10289877,2735.1475150397705,7.913940649430753,0,1,HN,Honduras,Americas,Latin America and the Caribbean,NA,Tegucigalpa,HNL,0
HND,2022,9.08963911525025,31426041806.798485,10463872,3003.289968263993,8.007463622850228,0,1,HN,Honduras,Americas,Latin America and the Caribbean,NA,Tegucigalpa,HNL,0
HND,2023,6.66325180347457,34400509852.04365,10644851,3231.657244619361,8.080750363466288,0,1,HN,Honduras,Americas,Latin America and the Caribbean,NA,Tegucigalpa,HNL,0
HND,2024,4.60621098127107,,10825703,,,0,0,HN,Honduras,Americas,Latin America and the Caribbean,NA,Tegucigalpa,HNL,0
HRV,2013,2.21658206429779,59589170667.56977,4233922,14074.224954444077,9.552100386088117,0,1,HR,Croatia,Europe,Southern Europe,EU,Zagreb,EUR,0
HRV,2014,-0.215196159576268,59489433514.58493,4201598,14158.76376430704,9.55808905865585,0,1,HR,Croatia,Europe,Southern Europe,EU,Zagreb,EUR,0
HRV,2015,-0.464499004644911,51011170111.84869,4151725,12286.741080357848,9.416275998996223,0,1,HR,Croatia,Europe,Southern Europe,EU,Zagreb,EUR,0
HRV,2016,-1.12500000000002,52740059263.42448,4106867,12841.920437994335,9.46047013288194,0,1,HR,Croatia,Europe,Southern Europe,EU,Zagreb,EUR,0
HRV,2017,1.12937210282347,56322449844.15793,4041407,13936.346882201651,9.542255589870454,0,1,HR,Croatia,Europe,Southern Europe,EU,Zagreb,EUR,0
HRV,2018,1.50012501041756,61861145806.268745,3988775,15508.808044141057,9.649163402420573,0,1,HR,Croatia,Europe,Southern Europe,EU,Zagreb,EUR,0
HRV,2019,0.771820346498019,61867157679.32149,3949390,15664.990714850011,9.659183610653912,0,1,HR,Croatia,Europe,Southern Europe,EU,Zagreb,EUR,0
HRV,2020,0.154811374562106,58221300897.88384,3914206,14874.357889667494,9.607394062400928,0,1,HR,Croatia,Europe,Southern Europe,EU,Zagreb,EUR,0
HRV,2021,2.55450699642041,69602166351.47713,3878981,17943.415126672993,9.794978481301527,0,1,HR,Croatia,Europe,Southern Europe,EU,Zagreb,EUR,0
HRV,2022,10.7805806758686,71997070660.48346,3855641,18673.177990503646,9.834843441145141,1,1,HR,Croatia,Europe,Southern Europe,EU,Zagreb,EUR,0
HRV,2023,7.9412817758683,82688842717.3926,3859686,21423.722737391745,9.972254126164598,0,1,HR,Croatia,Europe,Southern Europe,EU,Zagreb,EUR,0
HRV,2024,,,3866200,,,,0,HR,Croatia,Europe,Southern Europe,EU,Zagreb,EUR,0
HTI,2013,4.76502404779142,14902488604.242088,10222362,1457.8322117962648,7.284705824873748,0,1,HT,Haiti,Americas,Latin America and the Caribbean,NA,Port-au-Prince,"HTG,USD",1
HTI,2014,3.43816659958601,15146883497.633093,10373235,1460.1889861391448,7.286321148886475,0,1,HT,Haiti,Americas,Latin America and the Caribbean,NA,Port-au-Prince,"HTG,USD",1
HTI,2015,6.73184069658997,14849629308.602478,10523242,1411.1268474679646,7.252143846797234,0,1,HT,Haiti,Americas,Latin America and the Caribbean,NA,Port-au-Prince,"HTG,USD",1
HTI,2016,11.5029073942666,14069277526.227812,10671457,1318.402681679532,7.1841761931940455,1,1,HT,Haiti,Americas,Latin America and the Caribbean,NA,Port-au-Prince,"HTG,USD",1
HTI,2017,10.6800887242584,15093357161.149849,10817754,1395.239451844611,7.2408213295931,1,1,HT,Haiti,Americas,Latin America and the Caribbean,NA,Port-au-Prince,"HTG,USD",1
HTI,2018,12.4814111170435,16403864617.84576,10962362,1496.3804897015589,7.310804464231789,1,1,HT,Haiti,Americas,Latin America and the Caribbean,NA,Port-au-Prince,"HTG,USD",1
HTI,2019,18.7037825672506,15016090929.512514,11105163,1352.1720419153248,7.209467498444694,1,1,HT,Haiti,Americas,Latin America and the Caribbean,NA,Port-au-Prince,"HTG,USD",1
HTI,2020,22.7963113642528,14508222518.301786,11243848,1290.3253866738314,7.162649703280782,1,1,HT,Haiti,Americas,Latin America and the Caribbean,NA,Port-au-Prince,"HTG,USD",1
HTI,2021,16.8415240198785,20877414952.63745,11374586,1835.4439407849613,7.515041660811513,1,1,HT,Haiti,Americas,Latin America and the Caribbean,NA,Port-au-Prince,"HTG,USD",1
HTI,2022,33.98393194707,20253551920.551617,11503606,1760.626356687774,7.473424909202026,1,1,HT,Haiti,Americas,Latin America and the Caribbean,NA,Port-au-Prince,"HTG,USD",1
HTI,2023,36.8135162780854,19850829757.747147,11637398,1705.7790545401253,7.441777208843814,1,1,HT,Haiti,Americas,Latin America and the Caribbean,NA,Port-au-Prince,"HTG,USD",1
HTI,2024,,,11772557,,,,0,HT,Haiti,Americas,Latin America and the Caribbean,NA,Port-au-Prince,"HTG,USD",1
HUN,2013,1.73319984983101,135684315697.7134,9872734,13743.337529170076,9.528309442332576,0,1,HU,Hungary,Europe,Eastern Europe,EU,Budapest,HUF,0
HUN,2014,-0.227566270988219,141033843265.66858,9833038,14342.855510745365,9.571007223391792,0,1,HU,Hungary,Europe,Eastern Europe,EU,Budapest,HUF,0
HUN,2015,-0.0616446800641672,125174166987.37167,9797755,12775.800883709755,9.455308104591007,0,1,HU,Hungary,Europe,Eastern Europe,EU,Budapest,HUF,0
HUN,2016,0.394769306686392,128609822750.03862,9759755,13177.566726832652,9.486271172410918,0,1,HU,Hungary,Europe,Eastern Europe,EU,Budapest,HUF,0
HUN,2017,2.34824281150154,143112196040.32568,9726756,14713.250341668454,9.59650375055139,0,1,HU,Hungary,Europe,Eastern Europe,EU,Budapest,HUF,0
HUN,2018,2.85024792594646,160565642983.58676,9706964,16541.28345212641,9.71361456243095,0,1,HU,Hungary,Europe,Eastern Europe,EU,Budapest,HUF,0
HUN,2019,3.33858635382008,164020460331.65897,9694824,16918.35358039083,9.736154322302193,0,1,HU,Hungary,Europe,Eastern Europe,EU,Budapest,HUF,0
HUN,2020,3.32674385766738,157288955508.17633,9670419,16264.957651594656,9.69676823525172,0,1,HU,Hungary,Europe,Eastern Europe,EU,Budapest,HUF,0
HUN,2021,5.11096534382855,182109999477.69077,9630932,18908.865671327632,9.84738617420166,0,1,HU,Hungary,Europe,Eastern Europe,EU,Budapest,HUF,0
HUN,2022,14.6081439492433,177006128624.62692,9605074,18428.398222088337,9.821648135442919,1,1,HU,Hungary,Europe,Eastern Europe,EU,Budapest,HUF,0
HUN,2023,17.1249659678737,212388906458.72397,9592186,22141.866979927618,10.005225528810707,1,1,HU,Hungary,Europe,Eastern Europe,EU,Budapest,HUF,0
HUN,2024,3.70370370370369,,9562065,,,0,0,HU,Hungary,Europe,Eastern Europe,EU,Budapest,HUF,0
IDN,2013,6.41251330156418,912524136718.0182,255852467,3566.6028450607755,8.179368837713596,0,1,ID,Indonesia,Asia,South-eastern Asia,AS,Jakarta,IDR,0
IDN,2014,6.39492540819922,890814755533.5369,258877399,3441.068084640084,8.14353719189644,0,1,ID,Indonesia,Asia,South-eastern Asia,AS,Jakarta,IDR,0
IDN,2015,6.36312113115612,860854232686.2139,261799249,3288.222697255384,8.098102484191292,0,1,ID,Indonesia,Asia,South-eastern Asia,AS,Jakarta,IDR,0
IDN,2016,3.5258051568793,931877364037.6976,264627418,3521.4694345757384,8.16663363448735,0,1,ID,Indonesia,Asia,South-eastern Asia,AS,Jakarta,IDR,0
IDN,2017,3.80879806953157,1015618744159.734,267346658,3798.883261745258,8.242462424035642,0,1,ID,Indonesia,Asia,South-eastern Asia,AS,Jakarta,IDR,0
IDN,2018,3.1983464156241,1042271532988.6316,269951846,3860.9535309072553,8.258669460684752,0,1,ID,Indonesia,Asia,South-eastern Asia,AS,Jakarta,IDR,0
IDN,2019,3.03058664969487,1119099871350.1992,272489381,4106.948561603577,8.320435589311186,0,1,ID,Indonesia,Asia,South-eastern Asia,AS,Jakarta,IDR,0
IDN,2020,1.9209680056685,1059054842698.482,274814866,3853.7028877414587,8.256789754082872,0,1,ID,Indonesia,Asia,South-eastern Asia,AS,Jakarta,IDR,0
IDN,2021,1.56012990525673,1186509691086.7307,276758053,4287.173139950984,8.36338285298817,0,1,ID,Indonesia,Asia,South-eastern Asia,AS,Jakarta,IDR,0
IDN,2022,4.20946383402165,1319076267310.162,278830529,4730.745489171891,8.461838077771448,0,1,ID,Indonesia,Asia,South-eastern Asia,AS,Jakarta,IDR,0
IDN,2023,3.67013142377007,1371171152331.155,281190067,4876.314327031882,8.492144952639904,0,1,ID,Indonesia,Asia,South-eastern Asia,AS,Jakarta,IDR,0
IDN,2024,,,283487931,,,,0,ID,Indonesia,Asia,South-eastern Asia,AS,Jakarta,IDR,0
IMN,2013,,7001175622.712655,84141,83207.65884304506,11.329094675974629,,1,IM,Isle of Man,Europe,Northern Europe,EU,Douglas,GBP,0
IMN,2014,,7708454412.321261,83892,91885.45287180257,11.428298002797822,,1,IM,Isle of Man,Europe,Northern Europe,EU,Douglas,GBP,0
IMN,2015,,7084800892.222841,83593,84753.51874227317,11.347502543463673,,1,IM,Isle of Man,Europe,Northern Europe,EU,Douglas,GBP,0
IMN,2016,,6846377563.006829,83466,82025.94545092407,11.314790884138054,,1,IM,Isle of Man,Europe,Northern Europe,EU,Douglas,GBP,0
IMN,2017,,6979788333.502793,83609,83481.30384890136,11.332377979767074,,1,IM,Isle of Man,Europe,Northern Europe,EU,Douglas,GBP,0
IMN,2018,,7491649455.927165,83805,89393.82442488115,11.400806880754146,,1,IM,Isle of Man,Europe,Northern Europe,EU,Douglas,GBP,0
IMN,2019,,7314967866.282892,83957,87127.55179774042,11.375128436560631,,1,IM,Isle of Man,Europe,Northern Europe,EU,Douglas,GBP,0
IMN,2020,,6684225641.0256405,84064,79513.53303465979,11.283682513006543,,1,IM,Isle of Man,Europe,Northern Europe,EU,Douglas,GBP,0
IMN,2021,,7931193222.064053,84106,94299.96934896502,11.45423614358401,,1,IM,Isle of Man,Europe,Northern Europe,EU,Douglas,GBP,0
IMN,2022,,,84132,,,,0,IM,Isle of Man,Europe,Northern Europe,EU,Douglas,GBP,0
IMN,2023,,,84165,,,,0,IM,Isle of Man,Europe,Northern Europe,EU,Douglas,GBP,0
IMN,2024,,,84160,,,,0,IM,Isle of Man,Europe,Northern Europe,EU,Douglas,GBP,0
IND,2013,10.0178784746102,1856721507621.4607,1295829511,1432.8439751218637,7.267416542013281,1,1,IN,India,Asia,Southern Asia,AS,New Delhi,INR,0
IND,2014,6.66565671867899,2039126479155.269,1312277191,1553.8839607517564,7.348512856808634,0,1,IN,India,Asia,Southern Asia,AS,New Delhi,INR,0
IND,2015,4.90697344127256,2103588360044.3892,1328024498,1583.9981590794337,7.367707410176369,0,1,IN,India,Asia,Southern Asia,AS,New Delhi,INR,0
IND,2016,4.94821634062141,2294796885663.67,1343944296,1707.5089291228107,7.442790820785773,0,1,IN,India,Asia,Southern Asia,AS,New Delhi,INR,0
IND,2017,3.32817337461298,2651474262755.592,1359657400,1950.1046828087663,7.57563833360856,0,1,IN,India,Asia,Southern Asia,AS,New Delhi,INR,0
IND,2018,3.9388264669163,2702929641648.14,1374659064,1966.2545517163521,7.583885769292301,0,1,IN,India,Asia,Southern Asia,AS,New Delhi,INR,0
IND,2019,3.72950573539129,2835606256558.844,1389030312,2041.428636986321,7.621405153982263,0,1,IN,India,Asia,Southern Asia,AS,New Delhi,INR,0
IND,2020,6.62343677628535,2674851578586.8647,1402617695,1907.0425163763991,7.5533089002529925,0,1,IN,India,Asia,Southern Asia,AS,New Delhi,INR,0
IND,2021,5.13140747176369,3167270623260.5225,1414203896,2239.61384367486,7.714058738771431,0,1,IN,India,Asia,Southern Asia,AS,New Delhi,INR,0
IND,2022,6.69903414079852,3353470496885.948,1425423212,2352.613924520508,7.7632822972882645,0,1,IN,India,Asia,Southern Asia,AS,New Delhi,INR,0
IND,2023,5.64914318907925,3549918918777.532,1438069596,2468.5306807484526,7.811378386525245,0,1,IN,India,Asia,Southern Asia,AS,New Delhi,INR,0
IND,2024,4.95303550973656,,1450935791,,,0,0,IN,India,Asia,Southern Asia,AS,New Delhi,INR,0
IRL,2013,0.515099484900573,238112475390.7956,4623816,51496.9616850661,10.849278088504988,0,1,IE,Ireland,Europe,Northern Europe,EU,Dublin,EUR,0
IRL,2014,0.190916398713745,259681883575.70572,4657740,55752.76498381312,10.928682284214727,0,1,IE,Ireland,Europe,Northern Europe,EU,Dublin,EUR,0
IRL,2015,-0.330959783371788,292364226871.7561,4701957,62179.2642662951,11.037776851221981,0,1,IE,Ireland,Europe,Northern Europe,EU,Dublin,EUR,0
IRL,2016,0.0201247735963237,298559265006.39764,4762722,62686.68736205843,11.045904381303153,0,1,IE,Ireland,Europe,Northern Europe,EU,Dublin,EUR,0
IRL,2017,0.362173038229378,337241811320.8959,4827445,69859.27572885778,11.154238150841547,0,1,IE,Ireland,Europe,Northern Europe,EU,Dublin,EUR,0
IRL,2018,0.471130713712916,386693357874.0562,4898022,78948.88137988278,11.27655585086755,0,1,IE,Ireland,Europe,Northern Europe,EU,Dublin,EUR,0
IRL,2019,0.937842961189274,398933010007.3562,4976456,80164.07861485286,11.291830795948114,0,1,IE,Ireland,Europe,Northern Europe,EU,Dublin,EUR,0
IRL,2020,-0.326183651280033,428608687830.2393,5039747,85045.6754734393,11.35094374965812,0,1,IE,Ireland,Europe,Northern Europe,EU,Dublin,EUR,0
IRL,2021,2.34034113447044,513391778882.86,5110585,100456.55808148382,11.51748065513521,0,1,IE,Ireland,Europe,Northern Europe,EU,Dublin,EUR,0
IRL,2022,7.82945736434105,533140011838.2764,5212836,102274.46477086109,11.53541530954862,0,1,IE,Ireland,Europe,Northern Europe,EU,Dublin,EUR,0
IRL,2023,6.29942487419125,545629450403.7351,5311538,102725.32181897882,11.539813926567135,0,1,IE,Ireland,Europe,Northern Europe,EU,Dublin,EUR,0
IRL,2024,2.11344999577317,,5395790,,,0,0,IE,Ireland,Europe,Northern Europe,EU,Dublin,EUR,0
IRN,2013,36.6030355191029,492775566425.88055,80414686,6127.929995596583,8.720612287660101,1,1,IR,Iran (Islamic Republic of),Asia,Southern Asia,AS,Tehran,IRR,0
IRN,2014,16.6065532357449,460382791480.42816,81502045,5648.726869128599,8.639185465851622,1,1,IR,Iran (Islamic Republic of),Asia,Southern Asia,AS,Tehran,IRR,0
IRN,2015,12.4846815611533,408212917874.9643,82619362,4940.886833221543,8.50530011496507,1,1,IR,Iran (Islamic Republic of),Asia,Southern Asia,AS,Tehran,IRR,0
IRN,2016,7.24542548952979,457954614593.74615,83812228,5464.054894158716,8.605946447715299,0,1,IR,Iran (Islamic Republic of),Asia,Southern Asia,AS,Tehran,IRR,0
IRN,2017,8.04492437660278,486630147094.4858,85026754,5723.259141404901,8.652293702076763,0,1,IR,Iran (Islamic Republic of),Asia,Southern Asia,AS,Tehran,IRR,0
IRN,2018,18.0141183371874,329691934142.938,86117998,3828.3743445004143,8.25019553893591,1,1,IR,Iran (Islamic Republic of),Asia,Southern Asia,AS,Tehran,IRR,0
IRN,2019,39.9073455697784,283649531542.74054,87051648,3258.4050739940103,8.088993113537143,1,1,IR,Iran (Islamic Republic of),Asia,Southern Asia,AS,Tehran,IRR,0
IRN,2020,30.5941390387295,239735486745.38528,87723443,2732.855420932182,7.913102283296469,1,1,IR,Iran (Islamic Republic of),Asia,Southern Asia,AS,Tehran,IRR,0
IRN,2021,43.3890162681514,359096907772.2729,88455488,4059.634013576104,8.30884810409314,1,1,IR,Iran (Islamic Republic of),Asia,Southern Asia,AS,Tehran,IRR,0
IRN,2022,43.4884641742179,413394567603.5518,89524246,4617.682762762971,8.43764829174771,1,1,IR,Iran (Islamic Republic of),Asia,Southern Asia,AS,Tehran,IRR,0
IRN,2023,44.5791857572797,401504514718.7182,90608707,4431.191306137038,8.396423744751145,1,1,IR,Iran (Islamic Republic of),Asia,Southern Asia,AS,Tehran,IRR,0
IRN,2024,,,91567738,,,,0,IR,Iran (Islamic Republic of),Asia,Southern Asia,AS,Tehran,IRR,0
IRQ,2013,1.87949800749469,234637675128.64493,35281989,6650.352822473952,8.8024251882536,0,1,IQ,Iraq,Asia,Western Asia,AS,Baghdad,IQD,0
IRQ,2014,2.23597407904679,228415656174.95712,36550059,6249.3922697896905,8.74023950116899,0,1,IQ,Iraq,Asia,Western Asia,AS,Baghdad,IQD,0
IRQ,2015,1.39333028780309,166774104959.10168,37560535,4440.141892523674,8.398441612691235,0,1,IQ,Iraq,Asia,Western Asia,AS,Baghdad,IQD,0
IRQ,2016,0.556521397155511,166743557747.67148,38469627,4334.4209640418785,8.374343307984388,0,1,IQ,Iraq,Asia,Western Asia,AS,Baghdad,IQD,0
IRQ,2017,0.18405889884769,187217660050.6757,39337353,4759.284643546699,8.467852650962367,0,1,IQ,Iraq,Asia,Western Asia,AS,Baghdad,IQD,0
IRQ,2018,0.367441488936849,227367469034.03085,40265624,5646.689320747416,8.638824691468628,0,1,IQ,Iraq,Asia,Western Asia,AS,Baghdad,IQD,0
IRQ,2019,-0.198965380023928,233636097800.33844,41192171,5671.856863294203,8.643271832226086,0,1,IQ,Iraq,Asia,Western Asia,AS,Baghdad,IQD,0
IRQ,2020,0.574162679425795,180898797936.27884,42116605,4295.189461170454,8.365250945475822,0,1,IQ,Iraq,Asia,Western Asia,AS,Baghdad,IQD,0
IRQ,2021,6.04186489058044,209691945713.10345,43071211,4868.494310807826,8.490539991846253,0,1,IQ,Iraq,Asia,Western Asia,AS,Baghdad,IQD,0
IRQ,2022,4.99476596381044,286640340965.5172,44070551,6504.124283935484,8.780191759891244,0,1,IQ,Iraq,Asia,Western Asia,AS,Baghdad,IQD,0
IRQ,2023,4.35835351089586,250842782139.46417,45074049,5565.126446471764,8.624274985189473,0,1,IQ,Iraq,Asia,Western Asia,AS,Baghdad,IQD,0
IRQ,2024,,,46042015,,,,0,IQ,Iraq,Asia,Western Asia,AS,Baghdad,IQD,0
ISL,2013,3.87227923748249,16125060515.31174,323764,49804.982997837134,10.81587031820459,0,1,IS,Iceland,Europe,Northern Europe,EU,Reykjavik,ISK,0
ISL,2014,2.04461481539333,17867662177.89113,327386,54576.744814656486,10.907363151858188,0,1,IS,Iceland,Europe,Northern Europe,EU,Reykjavik,ISK,0
ISL,2015,1.63305558181326,17517210519.091156,330815,52951.68151108975,10.877135107108698,0,1,IS,Iceland,Europe,Northern Europe,EU,Reykjavik,ISK,0
ISL,2016,1.69692761997751,20793168030.952427,335439,61987.926362028345,11.034694908967376,0,1,IS,Iceland,Europe,Northern Europe,EU,Reykjavik,ISK,0
ISL,2017,1.76041559180596,24728285177.46032,343400,72010.14903162586,11.18456234683702,0,1,IS,Iceland,Europe,Northern Europe,EU,Reykjavik,ISK,0
ISL,2018,2.68291768267392,26260850582.06868,352721,74452.18907314472,11.217912440945767,0,1,IS,Iceland,Europe,Northern Europe,EU,Reykjavik,ISK,0
ISL,2019,3.01397179156053,24681343649.29519,360563,68452.23622306001,11.133891499621383,0,1,IS,Iceland,Europe,Northern Europe,EU,Reykjavik,ISK,0
ISL,2020,2.84792401518665,21629953194.065945,366463,59023.56634657781,10.985692072740102,0,1,IS,Iceland,Europe,Northern Europe,EU,Reykjavik,ISK,0
ISL,2021,4.44423970189739,25797870984.2963,372520,69252.3112431448,11.145511798844911,0,1,IS,Iceland,Europe,Northern Europe,EU,Reykjavik,ISK,0
ISL,2022,8.3087551155892,28701830401.683697,382003,75135.09161363576,11.22704299377945,0,1,IS,Iceland,Europe,Northern Europe,EU,Reykjavik,ISK,0
ISL,2023,8.73630299937298,31020032583.197216,385663,80433.00130735179,11.295179834971535,0,1,IS,Iceland,Europe,Northern Europe,EU,Reykjavik,ISK,0
ISL,2024,5.85683849970066,,386506,,,0,0,IS,Iceland,Europe,Northern Europe,EU,Reykjavik,ISK,0
ISR,2013,1.5702553921126,297732778479.1286,8059500,36941.842357358226,10.517100126828938,0,1,IL,Israel,Asia,Western Asia,AS,Jerusalem,ILS,0
ISR,2014,0.479786761439324,314330061977.26337,8215700,38259.681095617336,10.55215190776916,0,1,IL,Israel,Asia,Western Asia,AS,Jerusalem,ILS,0
ISR,2015,-0.601291007162392,303414276832.04004,8380100,36206.52221716209,10.496994553329692,0,1,IL,Israel,Asia,Western Asia,AS,Jerusalem,ILS,0
ISR,2016,-0.551552352993558,322102790386.835,8546000,37690.47395118594,10.537162661167152,0,1,IL,Israel,Asia,Western Asia,AS,Jerusalem,ILS,0
ISR,2017,0.25941497450575,358245427458.5409,8713300,41114.7817082553,10.624122988093937,0,1,IL,Israel,Asia,Western Asia,AS,Jerusalem,ILS,0
ISR,2018,0.794075660242718,376691526553.2764,8882800,42406.845426360655,10.655065076923526,0,1,IL,Israel,Asia,Western Asia,AS,Jerusalem,ILS,0
ISR,2019,0.84978312826417,402470513619.148,9054000,44452.232562309255,10.70217046605441,0,1,IL,Israel,Asia,Western Asia,AS,Jerusalem,ILS,0
ISR,2020,-0.61441235846577,413267669231.52216,9215100,44846.79159548156,10.711007328595468,0,1,IL,Israel,Asia,Western Asia,AS,Jerusalem,ILS,0
ISR,2021,1.51020047690539,488526545878.89136,9371400,52129.51596121085,10.861486592493854,0,1,IL,Israel,Asia,Western Asia,AS,Jerusalem,ILS,0
ISR,2022,4.39359665912654,525002447652.77344,9557500,54930.93880750964,10.91383201717022,0,1,IL,Israel,Asia,Western Asia,AS,Jerusalem,ILS,0
ISR,2023,4.22535211267609,509901495702.1033,9849000,51771.90534085727,10.854602913175764,0,1,IL,Israel,Asia,Western Asia,AS,Jerusalem,ILS,0
ISR,2024,3.07052614744924,,9974400,,,0,0,IL,Israel,Asia,Western Asia,AS,Jerusalem,ILS,0
ITA,2013,1.21999342274306,2141924094298.5552,60311613,35514.28966588168,10.477690420271214,0,1,IT,Italy,Europe,Southern Europe,EU,Rome,EUR,0
ITA,2014,0.241047429826756,2162009615996.5413,60320707,35841.914385992546,10.486873280450085,0,1,IT,Italy,Europe,Southern Europe,EU,Rome,EUR,0
ITA,2015,0.0387903996579733,1836637711060.546,60229605,30493.93584866688,10.325283118193392,0,1,IT,Italy,Europe,Southern Europe,EU,Rome,EUR,0
ITA,2016,-0.09401665691575,1877071687633.7788,60115223,31224.564993026455,10.348960403528489,0,1,IT,Italy,Europe,Southern Europe,EU,Rome,EUR,0
ITA,2017,1.22653316645812,1961796197354.3564,60002252,32695.3761227888,10.394988943914182,0,1,IT,Italy,Europe,Southern Europe,EU,Rome,EUR,0
ITA,2018,1.13748763600391,2091932426266.979,60148658,34779.36991157773,10.4567796713433,0,1,IT,Italy,Europe,Southern Europe,EU,Rome,EUR,0
ITA,2019,0.611246943765304,2011302198827.448,59729081,33673.75096274205,10.424473909655031,0,1,IT,Italy,Europe,Southern Europe,EU,Rome,EUR,0
ITA,2020,-0.13770757391651,1897461635591.912,59438851,31922.91916261827,10.371079499845202,0,1,IT,Italy,Europe,Southern Europe,EU,Rome,EUR,0
ITA,2021,1.87378325762481,2154875493744.9265,59133173,36441.059804873425,10.503451434509522,0,1,IT,Italy,Europe,Southern Europe,EU,Rome,EUR,0
ITA,2022,8.20128991161718,2066972096553.7048,59013667,35025.31195957887,10.46382627793439,0,1,IT,Italy,Europe,Southern Europe,EU,Rome,EUR,0
ITA,2023,5.62219442195901,2254851212731.8047,58984216,38228.04413865236,10.551324665001193,0,1,IT,Italy,Europe,Southern Europe,EU,Rome,EUR,0
ITA,2024,0.982373023061417,,58952704,,,0,0,IT,Italy,Europe,Southern Europe,EU,Rome,EUR,0
JAM,2013,9.34150076569673,14264205152.61263,2783687,5124.213014111368,8.541732233993166,0,1,JM,Jamaica,Americas,Latin America and the Caribbean,NA,Kingston,JMD,0
JAM,2014,8.27407886231419,13899217679.92193,2793749,4975.113254598724,8.512203414077042,0,1,JM,Jamaica,Americas,Latin America and the Caribbean,NA,Kingston,JMD,0
JAM,2015,3.69154228855725,14188936918.003582,2802534,5062.895550242595,8.529693841743795,0,1,JM,Jamaica,Americas,Latin America and the Caribbean,NA,Kingston,JMD,0
JAM,2016,2.35102197485846,14077096676.621284,2809915,5009.794487242953,8.519150172727159,0,1,JM,Jamaica,Americas,Latin America and the Caribbean,NA,Kingston,JMD,0
JAM,2017,4.37839864991561,14808985132.772173,2815764,5259.313327669568,8.567755751139451,0,1,JM,Jamaica,Americas,Latin America and the Caribbean,NA,Kingston,JMD,0
JAM,2018,3.73663882152163,15730792876.265558,2820097,5578.103475258318,8.626604118617438,0,1,JM,Jamaica,Americas,Latin America and the Caribbean,NA,Kingston,JMD,0
JAM,2019,3.90510000865872,15830766531.147352,2823271,5607.242992666079,8.63181443256043,0,1,JM,Jamaica,Americas,Latin America and the Caribbean,NA,Kingston,JMD,0
JAM,2020,5.2267777929352,13812421835.736937,2830739,4879.440257733735,8.492785790984426,0,1,JM,Jamaica,Americas,Latin America and the Caribbean,NA,Kingston,JMD,0
JAM,2021,5.86278242801063,14657586159.431623,2837682,5165.337821303311,8.549725785281918,0,1,JM,Jamaica,Americas,Latin America and the Caribbean,NA,Kingston,JMD,0
JAM,2022,10.3495688391272,17097760686.777462,2839144,6022.153397917634,8.703200181636152,1,1,JM,Jamaica,Americas,Latin America and the Caribbean,NA,Kingston,JMD,0
JAM,2023,6.47413734662063,19423355367.23718,2839786,6839.7250240818075,8.830502808650877,0,1,JM,Jamaica,Americas,Latin America and the Caribbean,NA,Kingston,JMD,0
JAM,2024,5.41194447981659,,2839175,,,0,0,JM,Jamaica,Americas,Latin America and the Caribbean,NA,Kingston,JMD,0
JOR,2013,4.82462314269537,34454440140.84507,7991809,4311.219167130379,8.368976012501587,0,1,JO,Jordan,Asia,Western Asia,AS,Amman,JOD,0
JOR,2014,2.89947905006057,36847643521.12676,8791710,4191.180500849864,8.340737715680502,0,1,JO,Jordan,Asia,Western Asia,AS,Amman,JOD,0
JOR,2015,-0.876851359704049,38587017887.32394,9544729,4042.7567809755456,8.304682109774202,0,1,JO,Jordan,Asia,Western Asia,AS,Amman,JOD,0
JOR,2016,-0.778430463054142,39892551126.76057,10006367,3986.7167701085286,8.290723306510515,0,1,JO,Jordan,Asia,Western Asia,AS,Amman,JOD,0
JOR,2017,3.32389447576097,41608435915.49296,10234226,4065.6162874938427,8.310320618730112,0,1,JO,Jordan,Asia,Western Asia,AS,Amman,JOD,0
JOR,2018,4.46231108475481,43370860704.22536,10462306,4145.439896732647,8.329764189014949,0,1,JO,Jordan,Asia,Western Asia,AS,Amman,JOD,0
JOR,2019,0.761514047265601,44502816901.408455,10671891,4170.0966493575,8.335694491828214,0,1,JO,Jordan,Asia,Western Asia,AS,Amman,JOD,0
JOR,2020,0.333294350628378,43700383098.59155,10865228,4022.0401356134957,8.299544549301578,0,1,JO,Jordan,Asia,Western Asia,AS,Amman,JOD,0
JOR,2021,1.34609377243118,46296100140.84507,11066356,4183.4999832686635,8.33890349173629,0,1,JO,Jordan,Asia,Western Asia,AS,Amman,JOD,0
JOR,2022,4.22915568897117,48653381830.98592,11256263,4322.338757630834,8.371551913826583,0,1,JO,Jordan,Asia,Western Asia,AS,Amman,JOD,0
JOR,2023,2.08486986327134,50813642348.67464,11439213,4442.057539157164,8.398872957805228,0,1,JO,Jordan,Asia,Western Asia,AS,Amman,JOD,0
JOR,2024,,,11552876,,,,0,JO,Jordan,Asia,Western Asia,AS,Amman,JOD,0
JPN,2013,0.335037912184741,5212328181166.185,127445000,40898.64789647444,10.618852282718533,0,1,JP,Japan,Asia,Eastern Asia,AS,Tokyo,JPY,0
JPN,2014,2.75922671353253,4896994405353.292,127276000,38475.39524618382,10.557774231459613,0,1,JP,Japan,Asia,Eastern Asia,AS,Tokyo,JPY,0
JPN,2015,0.795279630579839,4444930651964.18,127141000,34960.63938433849,10.46197811862793,0,1,JP,Japan,Asia,Eastern Asia,AS,Tokyo,JPY,0
JPN,2016,-0.127258844489754,5003677627544.24,127076000,39375.47316207813,10.580898392870415,0,1,JP,Japan,Asia,Eastern Asia,AS,Tokyo,JPY,0
JPN,2017,0.484199796126385,4930837369151.422,126972000,38834.05293412266,10.567052793640524,0,1,JP,Japan,Asia,Eastern Asia,AS,Tokyo,JPY,0
JPN,2018,0.989094598021848,5040880939324.859,126811000,39751.13309827112,10.590393625293084,0,1,JP,Japan,Asia,Eastern Asia,AS,Tokyo,JPY,0
JPN,2019,0.46877615938395,5117993853016.508,126633000,40415.956764954695,10.60697995539892,0,1,JP,Japan,Asia,Eastern Asia,AS,Tokyo,JPY,0
JPN,2020,-0.024995834027731,5055587093501.588,126261000,40040.76550559229,10.597653351767686,0,1,JP,Japan,Asia,Eastern Asia,AS,Tokyo,JPY,0
JPN,2021,-0.233352779398264,5034620784584.983,125681593,40058.53732761792,10.598097096511738,0,1,JP,Japan,Asia,Eastern Asia,AS,Tokyo,JPY,0
JPN,2022,2.49770278172255,4256410760723.75,125124989,34017.27180750242,10.434623668951161,0,1,JP,Japan,Asia,Eastern Asia,AS,Tokyo,JPY,0
JPN,2023,3.26813365933163,4212945159781.403,124516650,33834.39210564533,10.429233082069146,0,1,JP,Japan,Asia,Eastern Asia,AS,Tokyo,JPY,0
JPN,2024,2.73853681635241,,123975371,,,0,0,JP,Japan,Asia,Eastern Asia,AS,Tokyo,JPY,0
KAZ,2013,5.94283871648418,236634603409.08856,17556502,13478.459627611956,9.508848106988207,0,1,KZ,Kazakhstan,Asia,Central Asia,AS,Nur-Sultan,KZT,0
KAZ,2014,6.84944977003349,221415613595.46927,17816285,12427.709457693862,9.427683892197654,0,1,KZ,Kazakhstan,Asia,Central Asia,AS,Nur-Sultan,KZT,0
KAZ,2015,6.67828585615244,184388404706.04175,18084169,10196.12262559821,9.229762792257562,0,1,KZ,Kazakhstan,Asia,Central Asia,AS,Nur-Sultan,KZT,0
KAZ,2016,14.3610942386247,137278320084.17114,18363600,7475.566886894244,8.919395233094958,1,1,KZ,Kazakhstan,Asia,Central Asia,AS,Nur-Sultan,KZT,0
KAZ,2017,7.44266321306792,166805788827.23325,18651931,8943.084167919838,9.098635793899772,0,1,KZ,Kazakhstan,Asia,Central Asia,AS,Nur-Sultan,KZT,0
KAZ,2018,6.16366247577751,179339977690.48486,18932727,9472.485273277582,9.156146588209845,0,1,KZ,Kazakhstan,Asia,Central Asia,AS,Nur-Sultan,KZT,0
KAZ,2019,5.33356098916669,181667184854.5005,19209555,9457.126146571354,9.154523825889365,0,1,KZ,Kazakhstan,Asia,Central Asia,AS,Nur-Sultan,KZT,0
KAZ,2020,6.71815454861464,171082365861.4229,19482117,8781.507977876476,9.080403423348137,0,1,KZ,Kazakhstan,Asia,Central Asia,AS,Nur-Sultan,KZT,0
KAZ,2021,8.04147134028396,197112255360.61237,19743603,9983.601035769021,9.2086991294511,0,1,KZ,Kazakhstan,Asia,Central Asia,AS,Nur-Sultan,KZT,0
KAZ,2022,15.0278644440851,225496328925.4941,20034609,11255.339643788113,9.32859793003239,1,1,KZ,Kazakhstan,Asia,Central Asia,AS,Nur-Sultan,KZT,0
KAZ,2023,14.7249900200331,261421121085.57208,20330104,12858.818680198197,9.461785133556528,1,1,KZ,Kazakhstan,Asia,Central Asia,AS,Nur-Sultan,KZT,0
KAZ,2024,4.85655589318192,,20592571,,,0,0,KZ,Kazakhstan,Asia,Central Asia,AS,Nur-Sultan,KZT,0
KEN,2013,5.71749357037733,61671440407.83867,44986791,1370.8788521465926,7.223207311067557,0,1,KE,Kenya,Africa,Sub-Saharan Africa,AF,Nairobi,KES,0
KEN,2014,6.87815499275949,68285796514.28962,46051440,1482.8156625349743,7.301698034030998,0,1,KE,Kenya,Africa,Sub-Saharan Africa,AF,Nairobi,KES,0
KEN,2015,6.58215429284779,70120446896.8359,47088526,1489.1195977728398,7.305940350326721,0,1,KE,Kenya,Africa,Sub-Saharan Africa,AF,Nairobi,KES,0
KEN,2016,6.29724953814625,74815144163.89308,48139687,1554.1261031442327,7.348668675089777,0,1,KE,Kenya,Africa,Sub-Saharan Africa,AF,Nairobi,KES,0
KEN,2017,8.00564967709945,82036510877.25989,49197766,1667.4844723083543,7.419071465787415,0,1,KE,Kenya,Africa,Sub-Saharan Africa,AF,Nairobi,KES,0
KEN,2018,4.6898064677633,92202979985.2863,50207107,1836.4527552899294,7.515591139521756,0,1,KE,Kenya,Africa,Sub-Saharan Africa,AF,Nairobi,KES,0
KEN,2019,5.23963795764792,100378436207.37134,51202827,1960.408088548926,7.580907938995523,0,1,KE,Kenya,Africa,Sub-Saharan Africa,AF,Nairobi,KES,0
KEN,2020,5.40516207933392,100657505750.545,52217334,1927.6645902784887,7.564064492338477,0,1,KE,Kenya,Africa,Sub-Saharan Africa,AF,Nairobi,KES,0
KEN,2021,6.10793603659176,109703658904.99371,53219166,2061.35622089594,7.631119404818203,0,1,KE,Kenya,Africa,Sub-Saharan Africa,AF,Nairobi,KES,0
KEN,2022,7.65986268272224,113419826113.90314,54252461,2090.5932011803693,7.645203133003187,0,1,KE,Kenya,Africa,Sub-Saharan Africa,AF,Nairobi,KES,0
KEN,2023,7.67139634029402,107440575838.04752,55339003,1941.498220306707,7.571215232512382,0,1,KE,Kenya,Africa,Sub-Saharan Africa,AF,Nairobi,KES,0
KEN,2024,4.48978854243448,,56432944,,,0,0,KE,Kenya,Africa,Sub-Saharan Africa,AF,Nairobi,KES,0
KGZ,2013,6.61375202358082,7335033800.590564,5777150,1269.6630346434772,7.146506817194807,0,1,KG,Kyrgyzstan,Asia,Central Asia,AS,Bishkek,KGS,0
KGZ,2014,7.5342472977589,7468102412.682374,5905848,1264.5266882389074,7.142453171651557,0,1,KG,Kyrgyzstan,Asia,Central Asia,AS,Bishkek,KGS,0
KGZ,2015,6.50331838993384,6678177511.663131,6040036,1105.6519384426072,7.008190429517271,0,1,KG,Kyrgyzstan,Asia,Central Asia,AS,Bishkek,KGS,0
KGZ,2016,0.388838296895799,6813095379.118702,6175338,1103.2748942841188,7.006038212394623,0,1,KG,Kyrgyzstan,Asia,Central Asia,AS,Bishkek,KGS,0
KGZ,2017,3.1753098637994,7702938379.42036,6306696,1221.3904680708185,7.107745216657402,0,1,KG,Kyrgyzstan,Asia,Central Asia,AS,Bishkek,KGS,0
KGZ,2018,1.54266145238436,8271106235.415524,6444079,1283.520303741702,7.157361819229084,0,1,KG,Kyrgyzstan,Asia,Central Asia,AS,Bishkek,KGS,0
KGZ,2019,1.13362257718804,9371275264.367346,6590211,1421.9992750410186,7.259819100546614,0,1,KG,Kyrgyzstan,Asia,Central Asia,AS,Bishkek,KGS,0
KGZ,2020,6.32542296338078,8270468614.240511,6726596,1229.517666029075,7.114377230019126,0,1,KG,Kyrgyzstan,Asia,Central Asia,AS,Bishkek,KGS,0
KGZ,2021,11.9050398185147,9249133946.265314,6851224,1349.9973065054235,7.207857876249317,1,1,KG,Kyrgyzstan,Asia,Central Asia,AS,Bishkek,KGS,0
KGZ,2022,13.9229093174176,12134931017.946526,6975220,1739.7201834417447,7.461479565162659,1,1,KG,Kyrgyzstan,Asia,Central Asia,AS,Bishkek,KGS,0
KGZ,2023,10.7532770416742,13987627908.83814,7099750,1970.1578096183866,7.58586892492896,1,1,KG,Kyrgyzstan,Asia,Central Asia,AS,Bishkek,KGS,0
KGZ,2024,,,7221868,,,,0,KG,Kyrgyzstan,Asia,Central Asia,AS,Bishkek,KGS,0
KHM,2013,2.94162509547349,15227991395.12074,15170208,1003.8090048020924,6.911557047893978,0,1,KH,Cambodia,Asia,South-eastern Asia,AS,Phnom Penh,KHR,1
KHM,2014,3.85568861424207,16702610842.35294,15396772,1084.8125076056813,6.9891624469921565,0,1,KH,Cambodia,Asia,South-eastern Asia,AS,Phnom Penh,KHR,1
KHM,2015,1.22393195511119,18049954289.472065,15623251,1155.3263971418025,7.052138177961436,0,1,KH,Cambodia,Asia,South-eastern Asia,AS,Phnom Penh,KHR,1
KHM,2016,3.01913975139128,20016747857.636715,15852803,1262.6630039896866,7.140978264886308,0,1,KH,Cambodia,Asia,South-eastern Asia,AS,Phnom Penh,KHR,1
KHM,2017,2.91263557371478,22177200588.182632,16073372,1379.7478580214924,7.229656049878828,0,1,KH,Cambodia,Asia,South-eastern Asia,AS,Phnom Penh,KHR,1
KHM,2018,2.45908515380146,24571753583.393467,16274522,1509.8295104085678,7.3197520164203,0,1,KH,Cambodia,Asia,South-eastern Asia,AS,Phnom Penh,KHR,1
KHM,2019,1.94257500833107,27089390032.79797,16481304,1643.6436117432195,7.4046707709375985,0,1,KH,Cambodia,Asia,South-eastern Asia,AS,Phnom Penh,KHR,1
KHM,2020,2.9402951426397,25872797891.766376,16725474,1546.9096954601332,7.344014474893889,0,1,KH,Cambodia,Asia,South-eastern Asia,AS,Phnom Penh,KHR,1
KHM,2021,2.92073477592949,26961061151.73373,16974305,1588.3455111554629,7.370448194435164,0,1,KH,Cambodia,Asia,South-eastern Asia,AS,Phnom Penh,KHR,1
KHM,2022,5.34370264895437,29504829319.316875,17201724,1715.2251320458854,7.447299623314544,0,1,KH,Cambodia,Asia,South-eastern Asia,AS,Phnom Penh,KHR,1
KHM,2023,2.12746796594194,31772759998.85713,17423880,1823.5180682406633,7.508522918749502,0,1,KH,Cambodia,Asia,South-eastern Asia,AS,Phnom Penh,KHR,1
KHM,2024,,,17638801,,,,0,KH,Cambodia,Asia,South-eastern Asia,AS,Phnom Penh,KHR,1
KIR,2013,-1.488059084681,201768028.5525895,113838,1772.4136804282357,7.480097557885163,0,1,KI,Kiribati,Oceania,Micronesia,OC,Tarawa,AUD,1
KIR,2014,2.10398520925043,200114840.67884,115326,1735.2101059504362,7.458883783579635,0,1,KI,Kiribati,Oceania,Micronesia,OC,Tarawa,AUD,1
KIR,2015,0.572015743634256,191572320.429122,116815,1639.9633645432693,7.402429181875603,0,1,KI,Kiribati,Oceania,Micronesia,OC,Tarawa,AUD,1
KIR,2016,1.91731090233378,206658568.82250705,118478,1744.2779994809757,7.464095995137677,0,1,KI,Kiribati,Oceania,Micronesia,OC,Tarawa,AUD,1
KIR,2017,0.355520888546828,223029864.5419304,120275,1854.3326920966986,7.525280175602719,0,1,KI,Kiribati,Oceania,Micronesia,OC,Tarawa,AUD,1
KIR,2018,0.564030491493476,233859230.19219792,122084,1915.5600258199102,7.557765300543428,0,1,KI,Kiribati,Oceania,Micronesia,OC,Tarawa,AUD,1
KIR,2019,-1.81307995302947,216891541.02135065,123921,1750.2404033323703,7.46750843081549,0,1,KI,Kiribati,Oceania,Micronesia,OC,Tarawa,AUD,1
KIR,2020,2.5532455441463,222973879.71109745,126099,1768.24463089396,7.47774259951616,0,1,KI,Kiribati,Oceania,Micronesia,OC,Tarawa,AUD,1
KIR,2021,2.05361676773907,289207526.3066171,128377,2252.7986033839165,7.719928546016761,0,1,KI,Kiribati,Oceania,Micronesia,OC,Tarawa,AUD,1
KIR,2022,5.34595440908904,270520731.5990411,130469,2073.4483409778654,7.6369683654517315,0,1,KI,Kiribati,Oceania,Micronesia,OC,Tarawa,AUD,1
KIR,2023,9.28307374517721,279034355.10842144,132530,2105.4429571298683,7.652281154919552,0,1,KI,Kiribati,Oceania,Micronesia,OC,Tarawa,AUD,1
KIR,2024,,,134518,,,,0,KI,Kiribati,Oceania,Micronesia,OC,Tarawa,AUD,1
KNA,2013,1.10698554000129,874896296.2962962,47069,18587.526743637984,9.830246029564307,0,1,KN,Saint Kitts and Nevis,Americas,Latin America and the Caribbean,NA,Basseterre,XCD,0
KNA,2014,0.247865392364942,952111111.111111,47089,20219.395423795602,9.914397592216254,0,1,KN,Saint Kitts and Nevis,Americas,Latin America and the Caribbean,NA,Basseterre,XCD,0
KNA,2015,-2.30187563045616,957222222.2222222,47087,20328.800353010858,9.919793896175499,0,1,KN,Saint Kitts and Nevis,Americas,Latin America and the Caribbean,NA,Basseterre,XCD,0
KNA,2016,-0.687037123294039,1006818518.5185184,47075,21387.541551110324,9.97056386097403,0,1,KN,Saint Kitts and Nevis,Americas,Latin America and the Caribbean,NA,Basseterre,XCD,0
KNA,2017,0.694916711613604,1056977777.7777776,47050,22464.98996339591,10.019713374737897,0,1,KN,Saint Kitts and Nevis,Americas,Latin America and the Caribbean,NA,Basseterre,XCD,0
KNA,2018,-1.03712214131572,1076548148.148148,47008,22901.38164031969,10.038952521360745,0,1,KN,Saint Kitts and Nevis,Americas,Latin America and the Caribbean,NA,Basseterre,XCD,0
KNA,2019,-0.329562063663977,1107855555.5555556,46952,23595.49232312906,10.068810969513013,0,1,KN,Saint Kitts and Nevis,Americas,Latin America and the Caribbean,NA,Basseterre,XCD,0
KNA,2020,-1.16724501769353,883922222.2222222,46870,18859.019036104593,9.844746541902841,0,1,KN,Saint Kitts and Nevis,Americas,Latin America and the Caribbean,NA,Basseterre,XCD,0
KNA,2021,1.195688870384,858622222.2222222,46763,18361.144969788555,9.81799202441896,0,1,KN,Saint Kitts and Nevis,Americas,Latin America and the Caribbean,NA,Basseterre,XCD,0
KNA,2022,2.66817533111249,981429629.6296296,46709,21011.5744209816,9.95282872777496,0,1,KN,Saint Kitts and Nevis,Americas,Latin America and the Caribbean,NA,Basseterre,XCD,0
KNA,2023,3.55711230848243,1077033111.111111,46758,23034.199732903693,10.044735335412222,0,1,KN,Saint Kitts and Nevis,Americas,Latin America and the Caribbean,NA,Basseterre,XCD,0
KNA,2024,,,46843,,,,0,KN,Saint Kitts and Nevis,Americas,Latin America and the Caribbean,NA,Basseterre,XCD,0
KOR,2013,1.30134754547413,1370632955321.2036,50428893,27179.51701460517,10.210218917665172,0,1,KR,Republic of Korea,Asia,Eastern Asia,AS,Seoul,KRW,0
KOR,2014,1.27477446401322,1484488526271.7983,50746659,29252.931237735243,10.283735060894896,0,1,KR,Republic of Korea,Asia,Eastern Asia,AS,Seoul,KRW,0
KOR,2015,0.70633177245575,1466038936206.4275,51014947,28737.43917064988,10.2659560523454,0,1,KR,Republic of Korea,Asia,Eastern Asia,AS,Seoul,KRW,0
KOR,2016,0.971685739912168,1499679823909.6116,51217803,29280.440317004843,10.284675006111248,0,1,KR,Republic of Korea,Asia,Eastern Asia,AS,Seoul,KRW,0
KOR,2017,1.94433230786366,1623074183501.9038,51361911,31600.735874136455,10.36093568646008,0,1,KR,Republic of Korea,Asia,Eastern Asia,AS,Seoul,KRW,0
KOR,2018,1.47583935002645,1725373496825.426,51585058,33447.15628361658,10.417722047999781,0,1,KR,Republic of Korea,Asia,Eastern Asia,AS,Seoul,KRW,0
KOR,2019,0.383000303608136,1651422932447.768,51764822,31902.416904819416,10.370437050944272,0,1,KR,Republic of Korea,Asia,Eastern Asia,AS,Seoul,KRW,0
KOR,2020,0.537288023411737,1644312831906.1692,51836239,31721.298914185674,10.364743624285717,0,1,KR,Republic of Korea,Asia,Eastern Asia,AS,Seoul,KRW,0
KOR,2021,2.49833333333339,1818432106880.0369,51769539,35125.52249847225,10.466683281926754,0,1,KR,Republic of Korea,Asia,Eastern Asia,AS,Seoul,KRW,0
KOR,2022,5.08951365062842,1673916511799.7087,51672569,32394.683372520318,10.385749594874888,0,1,KR,Republic of Korea,Asia,Eastern Asia,AS,Seoul,KRW,0
KOR,2023,3.5974562502901,1712792854202.369,51712619,33121.37128855084,10.40793401128191,0,1,KR,Republic of Korea,Asia,Eastern Asia,AS,Seoul,KRW,0
KOR,2024,2.32174328643542,,51751065,,,0,0,KR,Republic of Korea,Asia,Eastern Asia,AS,Seoul,KRW,0
KWT,2013,2.68229684085039,174168116687.21497,3507844,49651.04397094482,10.812774695857396,0,1,KW,Kuwait,Asia,Western Asia,AS,Kuwait City,KWD,0
KWT,2014,2.90892672858625,162650450784.68552,3665876,44368.781373043035,10.70029137888519,0,1,KW,Kuwait,Asia,Western Asia,AS,Kuwait City,KWD,0
KWT,2015,3.27170166092133,114585555830.9162,3834574,29882.21268670684,10.305018688938302,0,1,KW,Kuwait,Asia,Western Asia,AS,Kuwait City,KWD,0
KWT,2016,3.19839776658374,109406674087.94688,4004096,27323.68906438479,10.215509336208044,0,1,KW,Kuwait,Asia,Western Asia,AS,Kuwait City,KWD,0
KWT,2017,2.17183298510006,120687539675.51738,4154812,29047.653582284198,10.276692987323672,0,1,KW,Kuwait,Asia,Western Asia,AS,Kuwait City,KWD,0
KWT,2018,0.543133148199567,138202535962.40082,4323515,31965.318950530025,10.372406811268675,0,1,KW,Kuwait,Asia,Western Asia,AS,Kuwait City,KWD,0
KWT,2019,1.09184802655856,138696321087.86374,4442316,31221.624280637338,10.348866219642314,0,1,KW,Kuwait,Asia,Western Asia,AS,Kuwait City,KWD,0
KWT,2020,2.101729548274,107512998447.02074,4400267,24433.28971787865,10.103701814125039,0,1,KW,Kuwait,Asia,Western Asia,AS,Kuwait City,KWD,0
KWT,2021,3.42362947609188,141777271268.69412,4360865,32511.27271050448,10.389342160809267,0,1,KW,Kuwait,Asia,Western Asia,AS,Kuwait City,KWD,0
KWT,2022,3.98064961990313,182809482400.9244,4589643,39830.87190025987,10.592397566477393,0,1,KW,Kuwait,Asia,Western Asia,AS,Kuwait City,KWD,0
KWT,2023,3.64216403030709,161772221950.94162,4853420,33331.593381768245,10.414260976392775,0,1,KW,Kuwait,Asia,Western Asia,AS,Kuwait City,KWD,0
KWT,2024,2.89855072463762,,4897263,,,0,0,KW,Kuwait,Asia,Western Asia,AS,Kuwait City,KWD,0
LAO,2013,6.37142717782947,11983252626.545183,6611385,1812.5177442465056,7.5024721766100155,0,1,LA,Lao People's Democratic Republic,Asia,South-eastern Asia,AS,Vientiane,LAK,1
LAO,2014,4.12924306873771,13279245886.385435,6703172,1981.0391090047272,7.591376788555535,0,1,LA,Lao People's Democratic Republic,Asia,South-eastern Asia,AS,Vientiane,LAK,1
LAO,2015,1.27735427102992,14426380125.648829,6801645,2121.013390973629,7.6596492680636725,0,1,LA,Lao People's Democratic Republic,Asia,South-eastern Asia,AS,Vientiane,LAK,1
LAO,2016,1.59691227583204,15912501722.614256,6908802,2303.2215603536265,7.742064100296886,0,1,LA,Lao People's Democratic Republic,Asia,South-eastern Asia,AS,Vientiane,LAK,1
LAO,2017,0.825478607568026,17071155481.49936,7018147,2432.4305947851135,7.796646281190661,0,1,LA,Lao People's Democratic Republic,Asia,South-eastern Asia,AS,Vientiane,LAK,1
LAO,2018,2.04039266890201,18141641089.79633,7128045,2545.1075420815005,7.841928184312483,0,1,LA,Lao People's Democratic Republic,Asia,South-eastern Asia,AS,Vientiane,LAK,1
LAO,2019,3.32255881256925,18740561512.555496,7237636,2589.3208103523716,7.859150884918688,0,1,LA,Lao People's Democratic Republic,Asia,South-eastern Asia,AS,Vientiane,LAK,1
LAO,2020,5.10407262959919,18981805250.2424,7346533,2583.777306961311,7.857007679672131,0,1,LA,Lao People's Democratic Republic,Asia,South-eastern Asia,AS,Vientiane,LAK,1
LAO,2021,3.75562036658877,18827148530.934723,7453194,2526.0510501852928,7.834412512597467,0,1,LA,Lao People's Democratic Republic,Asia,South-eastern Asia,AS,Vientiane,LAK,1
LAO,2022,22.9562225132056,15468785203.753174,7559007,2046.4044025562052,7.623839582188666,1,1,LA,Lao People's Democratic Republic,Asia,South-eastern Asia,AS,Vientiane,LAK,1
LAO,2023,31.2301341732646,15843155731.25518,7664993,2066.9497977695714,7.633829271902338,1,1,LA,Lao People's Democratic Republic,Asia,South-eastern Asia,AS,Vientiane,LAK,1
LAO,2024,23.1305695942588,,7769819,,,1,0,LA,Lao People's Democratic Republic,Asia,South-eastern Asia,AS,Vientiane,LAK,1
LBN,2013,4.82101956297399,46880103080.597015,5743436,8162.379293613964,9.007290985556688,0,1,LB,Lebanon,Asia,Western Asia,AS,Beirut,LBP,0
LBN,2014,1.8546042134091,48095213746.600334,6346990,7577.641330236905,8.932957260059498,0,1,LB,Lebanon,Asia,Western Asia,AS,Beirut,LBP,0
LBN,2015,-3.74914524799629,49929337836.81592,6472469,7714.109999880404,8.950806398438399,0,1,LB,Lebanon,Asia,Western Asia,AS,Beirut,LBP,0
LBN,2016,-0.783359624361508,51147308774.12936,6323060,8089.012088155,8.998261887411076,0,1,LB,Lebanon,Asia,Western Asia,AS,Beirut,LBP,0
LBN,2017,4.32135218303191,53027680685.90382,6160128,8608.21084982387,9.06047177673725,0,1,LB,Lebanon,Asia,Western Asia,AS,Beirut,LBP,0
LBN,2018,6.07698907889607,54901519155.55556,5984119,9174.536662047589,9.124187171598292,0,1,LB,Lebanon,Asia,Western Asia,AS,Beirut,LBP,0
LBN,2019,3.00538949390383,51605959131.27413,5794594,8905.880054974366,9.094467017901259,0,1,LB,Lebanon,Asia,Western Asia,AS,Beirut,LBP,0
LBN,2020,84.8643330472041,31712128253.796097,5702398,5561.19166950397,8.623567693326915,1,1,LB,Lebanon,Asia,Western Asia,AS,Beirut,LBP,0
LBN,2021,154.756096023393,23131941556.784348,5718122,4045.3739106623375,8.305329262961486,1,1,LB,Lebanon,Asia,Western Asia,AS,Beirut,LBP,0
LBN,2022,171.205491336641,20992421948.808086,5744489,3654.358455348785,8.203675831565155,1,1,LB,Lebanon,Asia,Western Asia,AS,Beirut,LBP,0
LBN,2023,221.341644023365,,5773493,,,1,0,LB,Lebanon,Asia,Western Asia,AS,Beirut,LBP,0
LBN,2024,,,5805962,,,,0,LB,Lebanon,Asia,Western Asia,AS,Beirut,LBP,0
LBR,2013,7.577306817414,3177198100.0,4470239,710.7445709278632,6.566313111990311,0,1,LR,Liberia,Africa,Sub-Saharan Africa,AF,Monrovia,LRD,1
LBR,2014,9.86111285574904,3225652000.0,4564293,706.7144900645072,6.56062675132771,0,1,LR,Liberia,Africa,Sub-Saharan Africa,AF,Monrovia,LRD,1
LBR,2015,7.74869687621322,3227075700.0,4659431,692.590082351257,6.540438312419157,0,1,LR,Liberia,Africa,Sub-Saharan Africa,AF,Monrovia,LRD,1
LBR,2016,8.83424868336488,3398419600.0,4755608,714.6130631456588,6.571741225782789,0,1,LR,Liberia,Africa,Sub-Saharan Africa,AF,Monrovia,LRD,1
LBR,2017,12.4196323907138,3390703400.0,4848925,699.2690957274035,6.550035640579269,1,1,LR,Liberia,Africa,Sub-Saharan Africa,AF,Monrovia,LRD,1
LBR,2018,23.5635148953742,3422754800.0,4944726,692.2031271297944,6.539879448859046,1,1,LR,Liberia,Africa,Sub-Saharan Africa,AF,Monrovia,LRD,1
LBR,2019,26.9662760197878,3319596500.0,5043721,658.1641807705065,6.489454415050458,1,1,LR,Liberia,Africa,Sub-Saharan Africa,AF,Monrovia,LRD,1
LBR,2020,16.9557241496255,3176126340.0,5149463,616.7878747745153,6.424525163778519,1,1,LR,Liberia,Africa,Sub-Saharan Africa,AF,Monrovia,LRD,1
LBR,2021,7.81559385858648,3513049520.0,5259323,667.9661089459613,6.50423743713874,0,1,LR,Liberia,Africa,Sub-Saharan Africa,AF,Monrovia,LRD,1
LBR,2022,7.59298486560313,4001047000.0,5373294,744.617175237387,6.612870227567148,0,1,LR,Liberia,Africa,Sub-Saharan Africa,AF,Monrovia,LRD,1
LBR,2023,10.0944535665552,4332000000.0,5493031,788.6356366821888,6.670304410229991,1,1,LR,Liberia,Africa,Sub-Saharan Africa,AF,Monrovia,LRD,1
LBR,2024,,,5612817,,,,0,LR,Liberia,Africa,Sub-Saharan Africa,AF,Monrovia,LRD,1
LBY,2013,2.60581802719517,75351107029.06049,6304628,11951.713412601106,9.388629928889092,0,1,LY,Libya,Africa,Northern Africa,AF,Tripoli,LYD,0
LBY,2014,2.43294141599225,57372355592.02202,6427252,8926.420745914742,9.096770781196238,0,1,LY,Libya,Africa,Northern Africa,AF,Tripoli,LYD,0
LBY,2015,10.4022933588151,48717501321.30524,6531819,7458.489177563744,8.917108149572451,1,1,LY,Libya,Africa,Northern Africa,AF,Tripoli,LYD,0
LBY,2016,25.8538742124461,49912073701.298,6632126,7525.802993082158,8.926092793968106,1,1,LY,Libya,Africa,Northern Africa,AF,Tripoli,LYD,0
LBY,2017,25.8036184788338,67157452181.77383,6738770,9965.832367297568,9.206917758240078,1,1,LY,Libya,Africa,Northern Africa,AF,Tripoli,LYD,0
LBY,2018,13.1702038536721,76686029772.14833,6849055,11196.585481084374,9.323364143041239,1,1,LY,Libya,Africa,Northern Africa,AF,Tripoli,LYD,0
LBY,2019,-2.16217883470595,72081962263.17938,6951033,10369.96404177327,9.246668833693287,0,1,LY,Libya,Africa,Northern Africa,AF,Tripoli,LYD,0
LBY,2020,1.44703656998741,65688454971.56625,7045399,9323.596147154512,9.14030368595661,0,1,LY,Libya,Africa,Northern Africa,AF,Tripoli,LYD,0
LBY,2021,2.86833027751019,47786789103.81721,7135175,6697.353478200213,8.809467724091023,0,1,LY,Libya,Africa,Northern Africa,AF,Tripoli,LYD,0
LBY,2022,4.51030149235703,55938727098.01743,7223805,7743.665159568598,8.954630389329521,0,1,LY,Libya,Africa,Northern Africa,AF,Tripoli,LYD,0
LBY,2023,2.37317531435169,50491722445.7773,7305659,6911.316617128899,8.840915436546387,0,1,LY,Libya,Africa,Northern Africa,AF,Tripoli,LYD,0
LBY,2024,2.12615766885025,,7381023,,,0,0,LY,Libya,Africa,Northern Africa,AF,Tripoli,LYD,0
LCA,2013,1.46856511035428,1660222222.222222,173369,9576.234633770871,9.167039749211115,0,1,LC,Saint Lucia,Americas,Latin America and the Caribbean,NA,Castries,XCD,0
LCA,2014,3.51695551369241,1749185185.185185,174138,10044.82183776766,9.21481254068235,0,1,LC,Saint Lucia,Americas,Latin America and the Caribbean,NA,Castries,XCD,0
LCA,2015,-0.983600952696996,1807640740.7407403,174905,10334.986082391815,9.243290125466855,0,1,LC,Saint Lucia,Americas,Latin America and the Caribbean,NA,Castries,XCD,0
LCA,2016,-3.07821765676927,1868544444.4444444,175646,10638.12693966526,9.272199707893718,0,1,LC,Saint Lucia,Americas,Latin America and the Caribbean,NA,Castries,XCD,0
LCA,2017,0.104262078958441,1998503703.703704,176342,11333.11238221016,9.335484019052807,0,1,LC,Saint Lucia,Americas,Latin America and the Caribbean,NA,Castries,XCD,0
LCA,2018,1.93561893150602,2060955555.5555556,177017,11642.69847277694,9.362434521975729,0,1,LC,Saint Lucia,Americas,Latin America and the Caribbean,NA,Castries,XCD,0
LCA,2019,0.539087559191757,2092081549.0244443,177661,11775.693872174785,9.373792844721688,0,1,LC,Saint Lucia,Americas,Latin America and the Caribbean,NA,Castries,XCD,0
LCA,2020,-1.75580833517594,1497825994.2322073,178250,8402.950879283071,9.036338218294457,0,1,LC,Saint Lucia,Americas,Latin America and the Caribbean,NA,Castries,XCD,0
LCA,2021,2.41070312174393,1834796401.6326072,178522,10277.70471780849,9.23773223760148,0,1,LC,Saint Lucia,Americas,Latin America and the Caribbean,NA,Castries,XCD,0
LCA,2022,6.37814695133351,2343703788.173233,178781,13109.356073482266,9.481081458349493,0,1,LC,Saint Lucia,Americas,Latin America and the Caribbean,NA,Castries,XCD,0
LCA,2023,4.07060821926204,2519925938.5244665,179285,14055.419798223313,9.55076335114242,0,1,LC,Saint Lucia,Americas,Latin America and the Caribbean,NA,Castries,XCD,0
LCA,2024,,,179744,,,,0,LC,Saint Lucia,Americas,Latin America and the Caribbean,NA,Castries,XCD,0
LIE,2013,,6391708310.677266,36984,172823.60779464812,12.060026745202533,,1,LI,Liechtenstein,Europe,Western Europe,EU,Vaduz,CHF,0
LIE,2014,,6657526979.722775,37248,178735.15302090783,12.093660397083687,,1,LI,Liechtenstein,Europe,Western Europe,EU,Vaduz,CHF,0
LIE,2015,,6268515276.174405,37494,167187.15730982038,12.026869166334707,,1,LI,Liechtenstein,Europe,Western Europe,EU,Vaduz,CHF,0
LIE,2016,,6237302033.50132,37716,165375.4913962594,12.015973872818794,,1,LI,Liechtenstein,Europe,Western Europe,EU,Vaduz,CHF,0
LIE,2017,,6474308717.852892,37962,170547.092298954,12.046766738736073,,1,LI,Liechtenstein,Europe,Western Europe,EU,Vaduz,CHF,0
LIE,2018,,6692620691.841458,38246,174988.77508344554,12.07247710846813,,1,LI,Liechtenstein,Europe,Western Europe,EU,Vaduz,CHF,0
LIE,2019,,6436467007.119318,38563,166907.83930501563,12.02519707861886,,1,LI,Liechtenstein,Europe,Western Europe,EU,Vaduz,CHF,0
LIE,2020,,6405870210.32293,38901,164671.0935534544,12.011705391068444,,1,LI,Liechtenstein,Europe,Western Europe,EU,Vaduz,CHF,0
LIE,2021,,7710380085.922573,39182,196783.72941459276,12.189860584443604,,1,LI,Liechtenstein,Europe,Western Europe,EU,Vaduz,CHF,0
LIE,2022,,7364654515.139836,39493,186479.99683842293,12.136079256755664,,1,LI,Liechtenstein,Europe,Western Europe,EU,Vaduz,CHF,0
LIE,2023,,,39846,,,,0,LI,Liechtenstein,Europe,Western Europe,EU,Vaduz,CHF,0
LIE,2024,,,40450,,,,0,LI,Liechtenstein,Europe,Western Europe,EU,Vaduz,CHF,0
LKA,2013,6.90845034828452,77000578167.35295,20585000,3740.615893483262,8.227005554252685,0,1,LK,Sri Lanka,Asia,Southern Asia,AS,Colombo,LKR,0
LKA,2014,3.1790022823606,82528535713.92601,20778000,3971.919131481664,8.28700466531069,0,1,LK,Sri Lanka,Asia,Southern Asia,AS,Colombo,LKR,0
LKA,2015,3.76836783062096,85140955388.85092,20970000,4060.131396702476,8.308970615791907,0,1,LK,Sri Lanka,Asia,Southern Asia,AS,Colombo,LKR,0
LKA,2016,3.9588884659307,88012282205.83571,21209000,4149.761054544567,8.330806034348935,0,1,LK,Sri Lanka,Asia,Southern Asia,AS,Colombo,LKR,0
LKA,2017,7.70413767850602,94376237797.23674,21453000,4399.209331899349,8.389180106463257,0,1,LK,Sri Lanka,Asia,Southern Asia,AS,Colombo,LKR,0
LKA,2018,2.135037737132,94493871200.78688,21670000,4360.584734692518,8.38036144081226,0,1,LK,Sri Lanka,Asia,Southern Asia,AS,Colombo,LKR,0
LKA,2019,3.52839358231811,89014978344.1404,21803000,4082.6940487153324,8.314512355549759,0,1,LK,Sri Lanka,Asia,Southern Asia,AS,Colombo,LKR,0
LKA,2020,6.15394508391738,84304298770.53287,21919000,3846.17449566736,8.254834295807848,0,1,LK,Sri Lanka,Asia,Southern Asia,AS,Colombo,LKR,0
LKA,2021,7.01478071238195,88609332762.47295,22156000,3999.338001555919,8.293884126794435,0,1,LK,Sri Lanka,Asia,Southern Asia,AS,Colombo,LKR,0
LKA,2022,49.7211021114327,74144875098.05867,22181000,3342.7201252449695,8.11454016327586,1,1,LK,Sri Lanka,Asia,Southern Asia,AS,Colombo,LKR,0
LKA,2023,16.5411742279832,84356860421.12996,22037000,3827.9648056055707,8.250088558592642,1,1,LK,Sri Lanka,Asia,Southern Asia,AS,Colombo,LKR,0
LKA,2024,-0.42936004906973,,21916000,,,0,0,LK,Sri Lanka,Asia,Southern Asia,AS,Colombo,LKR,0
LSO,2013,4.86511899496385,2367112931.642001,2056504,1151.0373583722674,7.048418865512503,0,1,LS,Lesotho,Africa,Sub-Saharan Africa,AF,Maseru,"LSL,ZAR",1
LSO,2014,5.37028961008587,2441063054.057919,2080089,1173.5377928819003,7.067778220040417,0,1,LS,Lesotho,Africa,Sub-Saharan Africa,AF,Maseru,"LSL,ZAR",1
LSO,2015,3.21844513655931,2359686724.538286,2104611,1121.1985134251822,7.022153493411394,0,1,LS,Lesotho,Africa,Sub-Saharan Africa,AF,Maseru,"LSL,ZAR",1
LSO,2016,6.59650490696543,2114426453.7069676,2130422,992.491841384931,6.900218792260487,0,1,LS,Lesotho,Africa,Sub-Saharan Africa,AF,Maseru,"LSL,ZAR",1
LSO,2017,4.447699373763,2306741674.0550013,2157110,1069.3667332936202,6.9748219142073395,0,1,LS,Lesotho,Africa,Sub-Saharan Africa,AF,Maseru,"LSL,ZAR",1
LSO,2018,4.7518030162474,2556247291.9978547,2183603,1170.6556970281936,7.065319295622887,0,1,LS,Lesotho,Africa,Sub-Saharan Africa,AF,Maseru,"LSL,ZAR",1
LSO,2019,5.18708359197982,2390702295.827774,2209405,1082.0570677751584,6.986619200876161,0,1,LS,Lesotho,Africa,Sub-Saharan Africa,AF,Maseru,"LSL,ZAR",1
LSO,2020,4.97809676252309,2053338465.244617,2235727,918.420927619793,6.822655812348139,0,1,LS,Lesotho,Africa,Sub-Saharan Africa,AF,Maseru,"LSL,ZAR",1
LSO,2021,6.04774591950676,2406780518.528112,2261542,1064.221013153022,6.9699983674597386,0,1,LS,Lesotho,Africa,Sub-Saharan Africa,AF,Maseru,"LSL,ZAR",1
LSO,2022,8.27180389943028,2289355249.401483,2286110,1001.4195508534074,6.909173823225742,0,1,LS,Lesotho,Africa,Sub-Saharan Africa,AF,Maseru,"LSL,ZAR",1
LSO,2023,6.34221743124953,2046039024.45854,2311472,885.1671248704462,6.785776468841108,0,1,LS,Lesotho,Africa,Sub-Saharan Africa,AF,Maseru,"LSL,ZAR",1
LSO,2024,6.10544624245032,,2337423,,,0,0,LS,Lesotho,Africa,Sub-Saharan Africa,AF,Maseru,"LSL,ZAR",1
LTU,2013,1.04747937065344,46523420074.437225,2961250,15710.737044976691,9.662099645806494,0,1,LT,Lithuania,Europe,Northern Europe,EU,Vilnius,EUR,0
LTU,2014,0.103758009433708,48533659592.17279,2937253,16523.48626154192,9.712538057591672,0,1,LT,Lithuania,Europe,Northern Europe,EU,Vilnius,EUR,0
LTU,2015,-0.884097405500596,41435533340.38826,2911109,14233.590477164635,9.563359976696745,0,1,LT,Lithuania,Europe,Northern Europe,EU,Vilnius,EUR,0
LTU,2016,0.905525075460342,43047309305.73629,2877325,14960.878352544913,9.613193963210312,0,1,LT,Lithuania,Europe,Northern Europe,EU,Vilnius,EUR,0
LTU,2017,3.72288862303707,47758736931.78008,2842639,16800.8448951063,9.729184455502157,0,1,LT,Lithuania,Europe,Northern Europe,EU,Vilnius,EUR,0
LTU,2018,2.69792779208394,53751411409.44466,2819200,19066.193036834797,9.855672047665795,0,1,LT,Lithuania,Europe,Northern Europe,EU,Vilnius,EUR,0
LTU,2019,2.33450937988027,54808531641.41168,2811089,19497.25947538896,9.878029194951562,0,1,LT,Lithuania,Europe,Northern Europe,EU,Vilnius,EUR,0
LTU,2020,1.19989444983569,56964942999.365135,2810369,20269.559975706085,9.916875531055812,0,1,LT,Lithuania,Europe,Northern Europe,EU,Vilnius,EUR,0
LTU,2021,4.68354420903453,66798933785.77024,2808380,23785.5752375997,10.076834593463555,0,1,LT,Lithuania,Europe,Northern Europe,EU,Vilnius,EUR,0
LTU,2022,19.7050461518394,71013953448.20845,2831639,25078.745365566887,10.129775968199175,1,1,LT,Lithuania,Europe,Northern Europe,EU,Vilnius,EUR,0
LTU,2023,9.11731962390475,77836396962.77196,2871585,27105.726267121452,10.207500285916597,0,1,LT,Lithuania,Europe,Northern Europe,EU,Vilnius,EUR,0
LTU,2024,0.715735835228723,,2888278,,,0,0,LT,Lithuania,Europe,Northern Europe,EU,Vilnius,EUR,0
LUX,2013,1.73403963519162,65203276466.976265,543360,120000.14072985915,11.695248194512322,0,1,LU,Luxembourg,Europe,Western Europe,EU,Luxembourg,EUR,0
LUX,2014,0.628543985440717,68804811897.64447,556319,123678.70214327476,11.725442370099266,0,1,LU,Luxembourg,Europe,Western Europe,EU,Luxembourg,EUR,0
LUX,2015,0.474743161437779,60071584216.13747,569604,105462.01258442263,11.566106096767554,0,1,LU,Luxembourg,Europe,Western Europe,EU,Luxembourg,EUR,0
LUX,2016,0.290833333333317,62216885435.94879,582014,106899.29354955172,11.579642488474478,0,1,LU,Luxembourg,Europe,Western Europe,EU,Luxembourg,EUR,0
LUX,2017,1.73079959118887,65712180342.98364,596336,110193.21379722781,11.60999059301737,0,1,LU,Luxembourg,Europe,Western Europe,EU,Luxembourg,EUR,0
LUX,2018,1.5281952430738,71000359760.46112,607950,116786.5116546774,11.668102860299072,0,1,LU,Luxembourg,Europe,Western Europe,EU,Luxembourg,EUR,0
LUX,2019,1.74332075653848,69890505323.5842,620001,112726.43967281375,11.63271927475631,0,1,LU,Luxembourg,Europe,Western Europe,EU,Luxembourg,EUR,0
LUX,2020,0.819957302127036,73699366700.21344,630419,116905.37039685264,11.669120086497783,0,1,LU,Luxembourg,Europe,Western Europe,EU,Luxembourg,EUR,0
LUX,2021,2.52692009066166,85584105993.87459,640064,133711.79443598544,11.80344197487604,0,1,LU,Luxembourg,Europe,Western Europe,EU,Luxembourg,EUR,0
LUX,2022,6.33600807777919,81641807865.75908,653103,125006.02181548558,11.736117189647969,0,1,LU,Luxembourg,Europe,Western Europe,EU,Luxembourg,EUR,0
LUX,2023,3.74140361983136,85755006123.5976,666430,128678.1899428261,11.765069914909812,0,1,LU,Luxembourg,Europe,Western Europe,EU,Luxembourg,EUR,0
LUX,2024,2.05113269954859,,677012,,,0,0,LU,Luxembourg,Europe,Western Europe,EU,Luxembourg,EUR,0
LVA,2013,-0.0294547782579216,30204783461.84881,2012647,15007.4918561719,9.616304812475303,0,1,LV,Latvia,Europe,Northern Europe,EU,Riga,EUR,0
LVA,2014,0.620490636732421,31386896487.040672,1993782,15742.391338190771,9.664112437889704,0,1,LV,Latvia,Europe,Northern Europe,EU,Riga,EUR,0
LVA,2015,0.174242243625186,27263090547.061707,1977527,13786.45679531137,9.531441997621112,0,1,LV,Latvia,Europe,Northern Europe,EU,Riga,EUR,0
LVA,2016,0.140633334505327,28083597512.48412,1959537,14331.751588504896,9.57023274562775,0,1,LV,Latvia,Europe,Northern Europe,EU,Riga,EUR,0
LVA,2017,2.93036312374665,30483806017.831818,1942248,15695.11515410587,9.661104806242186,0,1,LV,Latvia,Europe,Northern Europe,EU,Riga,EUR,0
LVA,2018,2.53445424186598,34429023435.02115,1927174,17865.031094764225,9.790600510996954,0,1,LV,Latvia,Europe,Northern Europe,EU,Riga,EUR,0
LVA,2019,2.81140920075615,34225547537.07445,1913822,17883.349411321666,9.791625358439072,0,1,LV,Latvia,Europe,Northern Europe,EU,Riga,EUR,0
LVA,2020,0.219064904842156,34390910338.9604,1900449,18096.202707339373,9.803457400069211,0,1,LV,Latvia,Europe,Northern Europe,EU,Riga,EUR,0
LVA,2021,3.27582937431156,39443126174.43347,1884490,20930.398237418864,9.948957842369346,0,1,LV,Latvia,Europe,Northern Europe,EU,Riga,EUR,0
LVA,2022,17.3102830198815,40422521943.44179,1879383,21508.400333216694,9.976198850980108,1,1,LV,Latvia,Europe,Northern Europe,EU,Riga,EUR,0
LVA,2023,8.93804623316637,43627078481.28705,1883710,23160.188394862824,10.05019006614706,0,1,LV,Latvia,Europe,Northern Europe,EU,Riga,EUR,0
LVA,2024,1.26579885828729,,1866124,,,0,0,LV,Latvia,Europe,Northern Europe,EU,Riga,EUR,0
MAC,2013,5.50057779178484,51536595089.27929,591900,87069.76700334396,11.374464995849676,0,1,MO,"China, Macao Special Administrative Region",Asia,Eastern Asia,AS,Macao,MOP,0
MAC,2014,6.04823452094085,54902831793.50177,621700,88310.8119567344,11.388617824812318,0,1,MO,"China, Macao Special Administrative Region",Asia,Eastern Asia,AS,Macao,MOP,0
MAC,2015,4.56056338028164,45048190598.32485,642900,70070.29180016309,11.157254185765257,0,1,MO,"China, Macao Special Administrative Region",Asia,Eastern Asia,AS,Macao,MOP,0
MAC,2016,2.36895749705898,45070808688.96109,652500,69074.03630492122,11.14293419826355,0,1,MO,"China, Macao Special Administrative Region",Asia,Eastern Asia,AS,Macao,MOP,0
MAC,2017,1.22812404052816,50383871120.87327,648400,77704.9215312666,11.260673874520576,0,1,MO,"China, Macao Special Administrative Region",Asia,Eastern Asia,AS,Macao,MOP,0
MAC,2018,3.00446293166938,55190661339.77958,658900,83761.8171798142,11.33573254038805,0,1,MO,"China, Macao Special Administrative Region",Asia,Eastern Asia,AS,Macao,MOP,0
MAC,2019,2.75193081051982,55082293844.10078,672000,81967.69917276902,11.314080536115263,0,1,MO,"China, Macao Special Administrative Region",Asia,Eastern Asia,AS,Macao,MOP,0
MAC,2020,0.811410511491651,25343525935.835773,685400,36976.256107142945,10.51803125879759,0,1,MO,"China, Macao Special Administrative Region",Asia,Eastern Asia,AS,Macao,MOP,0
MAC,2021,0.0264543647054126,30969334705.051456,682500,45376.31458615598,10.722745542743208,0,1,MO,"China, Macao Special Administrative Region",Asia,Eastern Asia,AS,Macao,MOP,0
MAC,2022,1.04502802369954,24464719190.061607,677300,36120.94963836056,10.49462829839131,0,1,MO,"China, Macao Special Administrative Region",Asia,Eastern Asia,AS,Macao,MOP,0
MAC,2023,0.476384495788075,47061843715.85648,678800,69330.94242170961,11.146646585118482,0,1,MO,"China, Macao Special Administrative Region",Asia,Eastern Asia,AS,Macao,MOP,0
MAC,2024,,,687000,,,,0,MO,"China, Macao Special Administrative Region",Asia,Eastern Asia,AS,Macao,MOP,0
MAF,2013,,,37419,,,,0,MF,Saint Martin (French Part),Americas,Latin America and the Caribbean,NA,Marigot,EUR,0
MAF,2014,,772921958.5295087,37450,20638.770588237883,9.934926653298104,,1,MF,Saint Martin (French Part),Americas,Latin America and the Caribbean,NA,Marigot,EUR,0
MAF,2015,,,37369,,,,0,MF,Saint Martin (French Part),Americas,Latin America and the Caribbean,NA,Marigot,EUR,0
MAF,2016,,,37175,,,,0,MF,Saint Martin (French Part),Americas,Latin America and the Caribbean,NA,Marigot,EUR,0
MAF,2017,,,36837,,,,0,MF,Saint Martin (French Part),Americas,Latin America and the Caribbean,NA,Marigot,EUR,0
MAF,2018,,,36012,,,,0,MF,Saint Martin (French Part),Americas,Latin America and the Caribbean,NA,Marigot,EUR,0
MAF,2019,,652206037.1038738,34267,19033.06496348889,9.853933006884759,,1,MF,Saint Martin (French Part),Americas,Latin America and the Caribbean,NA,Marigot,EUR,0
MAF,2020,,,31786,,,,0,MF,Saint Martin (French Part),Americas,Latin America and the Caribbean,NA,Marigot,EUR,0
MAF,2021,,649206262.8475188,29961,21668.377652532254,9.983609225670222,,1,MF,Saint Martin (French Part),Americas,Latin America and the Caribbean,NA,Marigot,EUR,0
MAF,2022,,,28870,,,,0,MF,Saint Martin (French Part),Americas,Latin America and the Caribbean,NA,Marigot,EUR,0
MAF,2023,,,27515,,,,0,MF,Saint Martin (French Part),Americas,Latin America and the Caribbean,NA,Marigot,EUR,0
MAF,2024,,,26129,,,,0,MF,Saint Martin (French Part),Americas,Latin America and the Caribbean,NA,Marigot,EUR,0
MAR,2013,1.88065466724086,115739287305.0801,33787571,3425.498900322846,8.139002404416146,0,1,MA,Morocco,Africa,Northern Africa,AF,Rabat,MAD,0
MAR,2014,0.442310053557048,119130841411.6636,34204780,3482.871148759431,8.155612275354802,0,1,MA,Morocco,Africa,Northern Africa,AF,Rabat,MAD,0
MAR,2015,1.5579071134626,110413823841.59187,34607588,3190.451291826286,8.06791765656478,0,1,MA,Morocco,Africa,Northern Africa,AF,Rabat,MAD,0
MAR,2016,1.63531114327064,111572947004.91748,35023457,3185.663454207775,8.06641585218732,0,1,MA,Morocco,Africa,Northern Africa,AF,Rabat,MAD,0
MAR,2017,0.754663249323619,118540573367.84428,35446392,3344.221137311924,8.114989101597052,0,1,MA,Morocco,Africa,Northern Africa,AF,Rabat,MAD,0
MAR,2018,1.80391671141896,127341147581.81831,35839760,3553.06920531327,8.1755670738255,0,1,MA,Morocco,Africa,Northern Africa,AF,Rabat,MAD,0
MAR,2019,0.303386036590383,128920266409.4575,36210898,3560.261510483874,8.177589279149258,0,1,MA,Morocco,Africa,Northern Africa,AF,Rabat,MAD,0
MAR,2020,0.705968661338261,121353645057.14368,36584208,3317.104611288665,8.106847576372163,0,1,MA,Morocco,Africa,Northern Africa,AF,Rabat,MAD,0
MAR,2021,1.40195883962006,141817797083.46814,36954442,3837.6387088585493,8.252612536873107,0,1,MA,Morocco,Africa,Northern Africa,AF,Rabat,MAD,0
MAR,2022,6.65704202759067,130912558829.8398,37329064,3506.9874462922457,8.162512670519355,0,1,MA,Morocco,Africa,Northern Africa,AF,Rabat,MAD,0
MAR,2023,6.09114152504141,141109373209.41437,37712505,3741.7130792402777,8.227298828116712,0,1,MA,Morocco,Africa,Northern Africa,AF,Rabat,MAD,0
MAR,2024,0.985256592004507,,38081173,,,0,0,MA,Morocco,Africa,Northern Africa,AF,Rabat,MAD,0
MCO,2013,,6555591709.885848,35447,184940.66380471826,12.127790316422898,,1,MC,Monaco,Europe,Western Europe,EU,Monaco,EUR,0
MCO,2014,,7069353073.088819,36128,195675.18470684285,12.184211342619664,,1,MC,Monaco,Europe,Western Europe,EU,Monaco,EUR,0
MCO,2015,,6261649890.82388,36757,170352.58293179204,12.045625585473676,,1,MC,Monaco,Europe,Western Europe,EU,Monaco,EUR,0
MCO,2016,,6465645584.948767,37276,173453.31003725633,12.063663735739915,,1,MC,Monaco,Europe,Western Europe,EU,Monaco,EUR,0
MCO,2017,,6431271365.083382,37678,170690.3594958167,12.047606430889013,,1,MC,Monaco,Europe,Western Europe,EU,Monaco,EUR,0
MCO,2018,,7182444409.540691,38154,188248.79198880043,12.145519728583386,,1,MC,Monaco,Europe,Western Europe,EU,Monaco,EUR,0
MCO,2019,,7383944044.169999,38109,193758.5358883728,12.1743680024432,,1,MC,Monaco,Europe,Western Europe,EU,Monaco,EUR,0
MCO,2020,,6739645416.479156,38050,177126.02934242197,12.084616788365915,,1,MC,Monaco,Europe,Western Europe,EU,Monaco,EUR,0
MCO,2021,,8626081320.506119,38527,223897.04156840965,12.318941589316923,,1,MC,Monaco,Europe,Western Europe,EU,Monaco,EUR,0
MCO,2022,,8784002931.686646,38931,225630.0360043833,12.326651928061224,,1,MC,Monaco,Europe,Western Europe,EU,Monaco,EUR,0
MCO,2023,,,38956,,,,0,MC,Monaco,Europe,Western Europe,EU,Monaco,EUR,0
MCO,2024,,,38631,,,,0,MC,Monaco,Europe,Western Europe,EU,Monaco,EUR,0
MDA,2013,4.59787897363118,9496717875.519316,2859558,3321.0439779571934,8.108034463673047,0,1,MD,Republic of Moldova,Europe,Eastern Europe,EU,Chisinau,MDL,0
MDA,2014,5.08878554625879,9402090137.742302,2857815,3289.9575856877727,8.098629951788102,0,1,MD,Republic of Moldova,Europe,Eastern Europe,EU,Chisinau,MDL,0
MDA,2015,9.67624033101868,7797667196.730872,2835978,2749.5513705433796,7.919193039367943,0,1,MD,Republic of Moldova,Europe,Eastern Europe,EU,Chisinau,MDL,0
MDA,2016,6.35930898037931,7980917075.774796,2803186,2847.087947704789,7.954051978161917,0,1,MD,Republic of Moldova,Europe,Eastern Europe,EU,Chisinau,MDL,0
MDA,2017,6.57022997455604,9514404016.209494,2755189,3453.267277202941,8.147076098739332,0,1,MD,Republic of Moldova,Europe,Eastern Europe,EU,Chisinau,MDL,0
MDA,2018,3.04505397337058,11252353420.879784,2707203,4156.449819566462,8.332416580136679,0,1,MD,Republic of Moldova,Europe,Eastern Europe,EU,Chisinau,MDL,0
MDA,2019,4.83778351428722,11736797054.696486,2664224,4405.334181621547,8.390571399652002,0,1,MD,Republic of Moldova,Europe,Eastern Europe,EU,Chisinau,MDL,0
MDA,2020,3.76597122245358,11530746234.44918,2635130,4375.778893052404,8.383839815643467,0,1,MD,Republic of Moldova,Europe,Eastern Europe,EU,Chisinau,MDL,0
MDA,2021,5.10641129002836,13691869264.079351,2595809,5274.6058219535225,8.57065922985615,0,1,MD,Republic of Moldova,Europe,Eastern Europe,EU,Chisinau,MDL,0
MDA,2022,28.7372976766236,14510490660.251604,2528654,5738.424735156175,8.654940015265115,1,1,MD,Republic of Moldova,Europe,Eastern Europe,EU,Chisinau,MDL,0
MDA,2023,13.41701043813,16539436547.294971,2457783,6729.41286813969,8.814243177843412,1,1,MD,Republic of Moldova,Europe,Eastern Europe,EU,Chisinau,MDL,0
MDA,2024,4.67773516007048,,2402306,,,0,0,MD,Republic of Moldova,Europe,Eastern Europe,EU,Chisinau,MDL,0
MDG,2013,5.8264294445198,12423555455.38532,24109290,515.3015893618319,6.244752339672197,0,1,MG,Madagascar,Africa,Sub-Saharan Africa,AF,Antananarivo,MGA,1
MDG,2014,6.08040811088302,12522957399.228104,24764348,505.6849225034353,6.22591379254048,0,1,MG,Madagascar,Africa,Sub-Saharan Africa,AF,Antananarivo,MGA,1
MDG,2015,7.40419174202129,11323020701.301683,25426702,445.32006948056744,6.098793280884404,0,1,MG,Madagascar,Africa,Sub-Saharan Africa,AF,Antananarivo,MGA,1
MDG,2016,6.03575858154679,11848613858.441998,26099952,453.97071452246337,6.118032690503652,0,1,MG,Madagascar,Africa,Sub-Saharan Africa,AF,Antananarivo,MGA,1
MDG,2017,8.60905075422949,13176313593.550934,26788375,491.8668487189288,6.198208047179571,0,1,MG,Madagascar,Africa,Sub-Saharan Africa,AF,Antananarivo,MGA,1
MDG,2018,8.59422958870476,13760033282.292513,27494926,500.4571855291596,6.215522051697947,0,1,MG,Madagascar,Africa,Sub-Saharan Africa,AF,Antananarivo,MGA,1
MDG,2019,5.61051441492365,14104664678.506332,28219554,499.8188376225341,6.214245708011786,0,1,MG,Madagascar,Africa,Sub-Saharan Africa,AF,Antananarivo,MGA,1
MDG,2020,4.20179312190557,13051441203.947355,28953556,450.77161520150946,6.110960814791713,0,1,MG,Madagascar,Africa,Sub-Saharan Africa,AF,Antananarivo,MGA,1
MDG,2021,5.81225118787715,14554754116.542671,29691083,490.20623857144824,6.194826197596972,0,1,MG,Madagascar,Africa,Sub-Saharan Africa,AF,Antananarivo,MGA,1
MDG,2022,8.16059031991844,15302510500.052752,30437261,502.75583272925746,6.220104630234906,0,1,MG,Madagascar,Africa,Sub-Saharan Africa,AF,Antananarivo,MGA,1
MDG,2023,9.87432675044888,16031702914.91953,31195932,513.9036370165037,6.242035771257639,0,1,MG,Madagascar,Africa,Sub-Saharan Africa,AF,Antananarivo,MGA,1
MDG,2024,,,31964956,,,,0,MG,Madagascar,Africa,Sub-Saharan Africa,AF,Antananarivo,MGA,1
MDV,2013,3.8056300091943,3295009237.5010657,400070,8236.081779441261,9.016279997608006,0,1,MV,Maldives,Asia,Southern Asia,AS,Male,MVR,0
MDV,2014,2.12000175718134,3697353039.200426,413617,8939.074165714721,9.098187301922739,0,1,MV,Maldives,Asia,Southern Asia,AS,Male,MVR,0
MDV,2015,0.953206658777607,4129505319.129205,428154,9644.906550281454,9.174185236364064,0,1,MV,Maldives,Asia,Southern Asia,AS,Male,MVR,0
MDV,2016,0.502509413611612,4409942623.855379,443308,9947.807447317393,9.205107448816927,0,1,MV,Maldives,Asia,Southern Asia,AS,Male,MVR,0
MDV,2017,2.81747338234509,4816426256.529144,458287,10509.628805811957,9.260047145056234,0,1,MV,Maldives,Asia,Southern Asia,AS,Male,MVR,0
MDV,2018,-0.133373386117595,5404344162.698884,473099,11423.283842702867,9.343408993775304,0,1,MV,Maldives,Asia,Southern Asia,AS,Male,MVR,0
MDV,2019,0.220029731065383,5726094799.377091,487731,11740.272402978468,9.37078029609233,0,1,MV,Maldives,Asia,Southern Asia,AS,Male,MVR,0
MDV,2020,-1.36977425569811,3712604583.366653,502118,7393.888654393296,8.908409080469653,0,1,MV,Maldives,Asia,Southern Asia,AS,Male,MVR,0
MDV,2021,0.543149688737013,5254366312.276479,516154,10179.842280165374,9.228164796876968,0,1,MV,Maldives,Asia,Southern Asia,AS,Male,MVR,0
MDV,2022,2.33314337624567,6170638746.313763,524106,11773.646449981039,9.373618961107889,0,1,MV,Maldives,Asia,Southern Asia,AS,Male,MVR,0
MDV,2023,2.92746542425035,6600000000.0,525994,12547.671646444636,9.43729040116811,0,1,MV,Maldives,Asia,Southern Asia,AS,Male,MVR,0
MDV,2024,1.39979779674928,,527799,,,0,0,MV,Maldives,Asia,Southern Asia,AS,Male,MVR,0
MEX,2013,3.80639069747204,1327436290282.6748,118343573,11216.800850542808,9.325168009234499,0,1,MX,Mexico,Americas,Latin America and the Caribbean,NA,Mexico City,MXN,0
MEX,2014,4.01861608078679,1364507717614.1345,119784261,11391.377349768301,9.340611975360996,0,1,MX,Mexico,Americas,Latin America and the Caribbean,NA,Mexico City,MXN,0
MEX,2015,2.72064064964023,1213294467716.8804,121072306,10021.238611882723,9.212461980959631,0,1,MX,Mexico,Americas,Latin America and the Caribbean,NA,Mexico City,MXN,0
MEX,2016,2.8217078474766,1112233497452.6975,122251351,9097.923976747688,9.115801532054995,0,1,MX,Mexico,Americas,Latin America and the Caribbean,NA,Mexico City,MXN,0
MEX,2017,6.04145724018986,1190721475906.0,123400057,9649.278167724024,9.174638390263155,0,1,MX,Mexico,Americas,Latin America and the Caribbean,NA,Mexico City,MXN,0
MEX,2018,4.89935015356551,1256300182879.7263,124573711,10084.793756202112,9.218783999629084,0,1,MX,Mexico,Americas,Latin America and the Caribbean,NA,Mexico City,MXN,0
MEX,2019,3.63596142127046,1305211135822.6147,125762982,10378.341186459898,9.247476335322906,0,1,MX,Mexico,Americas,Latin America and the Caribbean,NA,Mexico City,MXN,0
MEX,2020,3.39683415570006,1120832412468.8489,126799054,8839.438285311253,9.086978611227181,0,1,MX,Mexico,Americas,Latin America and the Caribbean,NA,Mexico City,MXN,0
MEX,2021,5.68920847683753,1313069763986.597,127648148,10286.633880395953,9.238600649984983,0,1,MX,Mexico,Americas,Latin America and the Caribbean,NA,Mexico City,MXN,0
MEX,2022,7.8962761916855,1463323889036.5598,128613117,11377.718876345714,9.339412237354248,0,1,MX,Mexico,Americas,Latin America and the Caribbean,NA,Mexico City,MXN,0
MEX,2023,5.52796087314389,1788886821046.8132,129739759,13788.269955448377,9.531573506459333,0,1,MX,Mexico,Americas,Latin America and the Caribbean,NA,Mexico City,MXN,0
MEX,2024,4.72225588452932,,130861007,,,0,0,MX,Mexico,Americas,Latin America and the Caribbean,NA,Mexico City,MXN,0
MHL,2013,,185817016.601563,50681,3666.403910766619,8.206966599844634,,1,MH,Marshall Islands,Oceania,Micronesia,OC,Majuro,USD,0
MHL,2014,,185446395.87402305,49796,3724.1223366138456,8.222586488720388,,1,MH,Marshall Islands,Oceania,Micronesia,OC,Majuro,USD,0
MHL,2015,,183222930.908203,48800,3754.568256315635,8.230728579243014,,1,MH,Marshall Islands,Oceania,Micronesia,OC,Majuro,USD,0
MHL,2016,,200900711.05957,47709,4210.960428002473,8.345446030825556,,1,MH,Marshall Islands,Oceania,Micronesia,OC,Majuro,USD,0
MHL,2017,,212935714.72168,46529,4576.40857791227,8.428669816204954,,1,MH,Marshall Islands,Oceania,Micronesia,OC,Majuro,USD,0
MHL,2018,,219430038.452148,45285,4845.534690342232,8.485812877439502,,1,MH,Marshall Islands,Oceania,Micronesia,OC,Majuro,USD,0
MHL,2019,,231996704.101563,44007,5271.8136683155635,8.570129731915019,,1,MH,Marshall Islands,Oceania,Micronesia,OC,Majuro,USD,0
MHL,2020,,240751144.40918,42706,5637.407961625532,8.637179657580194,,1,MH,Marshall Islands,Oceania,Micronesia,OC,Majuro,USD,0
MHL,2021,,257784881.591797,41367,6231.655222563807,8.73739726229806,,1,MH,Marshall Islands,Oceania,Micronesia,OC,Majuro,USD,0
MHL,2022,,258774475.097656,40077,6456.932282797016,8.772909605161999,,1,MH,Marshall Islands,Oceania,Micronesia,OC,Majuro,USD,0
MHL,2023,,284000000.0,38827,7314.497643392485,8.897613636235095,,1,MH,Marshall Islands,Oceania,Micronesia,OC,Majuro,USD,0
MHL,2024,,,37548,,,,0,MH,Marshall Islands,Oceania,Micronesia,OC,Majuro,USD,0
MKD,2013,2.78500056726118,10817702346.067411,1922716,5626.261156648934,8.635200407568773,0,1,MK,North Macedonia,Europe,Southern Europe,EU,Skopje,MKD,0
MKD,2014,-0.281705032928494,11362265252.777998,1917557,5925.385922180148,8.687001098427341,0,1,MK,North Macedonia,Europe,Southern Europe,EU,Skopje,MKD,0
MKD,2015,-0.299920475631552,10064519962.565548,1912430,5262.686719286744,8.568396958460816,0,1,MK,North Macedonia,Europe,Southern Europe,EU,Skopje,MKD,0
MKD,2016,-0.23929078768441,10672467073.287252,1906313,5598.486226179673,8.630251523427452,0,1,MK,North Macedonia,Europe,Southern Europe,EU,Skopje,MKD,0
MKD,2017,1.35161889677442,11307067069.66582,1898657,5955.297386345095,8.69203641947534,0,1,MK,North Macedonia,Europe,Southern Europe,EU,Skopje,MKD,0
MKD,2018,1.45831298507117,12683068114.23885,1889051,6713.9892539898865,8.811948577001,0,1,MK,North Macedonia,Europe,Southern Europe,EU,Skopje,MKD,0
MKD,2019,0.766439573459716,12606338448.546968,1876262,6718.858266354576,8.81267351824232,0,1,MK,North Macedonia,Europe,Southern Europe,EU,Skopje,MKD,0
MKD,2020,1.20007348888487,12361036913.840923,1856124,6659.596510707756,8.803814177721337,0,1,MK,North Macedonia,Europe,Southern Europe,EU,Skopje,MKD,0
MKD,2021,3.23074912132919,14000283827.01538,1837114,7620.802969775083,8.93863701973987,0,1,MK,North Macedonia,Europe,Southern Europe,EU,Skopje,MKD,0
MKD,2022,14.2047173195833,13711469681.153498,1831712,7485.603457941804,8.92073691590744,1,1,MK,North Macedonia,Europe,Southern Europe,EU,Skopje,MKD,0
MKD,2023,9.36187249769016,14761237042.205698,1827816,8075.887858627837,8.99663809357949,0,1,MK,North Macedonia,Europe,Southern Europe,EU,Skopje,MKD,0
MKD,2024,3.48974086026947,,1824359,,,0,0,MK,North Macedonia,Europe,Southern Europe,EU,Skopje,MKD,0
MLI,2013,-0.606736356351471,13242690786.093817,17459615,758.4755325987323,6.631310540652916,0,1,ML,Mali,Africa,Sub-Saharan Africa,AF,Bamako,XOF,1
MLI,2014,0.883814547137841,14364937124.072668,18020267,797.1545107557323,6.681048525440804,0,1,ML,Mali,Africa,Sub-Saharan Africa,AF,Bamako,XOF,1
MLI,2015,1.45069057605961,13104764378.325953,18593022,704.8216464395058,6.557944787032725,0,1,ML,Mali,Africa,Sub-Saharan Africa,AF,Bamako,XOF,1
MLI,2016,-1.79964707083386,14026048335.704683,19191289,730.8549381807904,6.59421499707623,0,1,ML,Mali,Africa,Sub-Saharan Africa,AF,Bamako,XOF,1
MLI,2017,1.75985742927156,15365713048.199305,19813011,775.536492065709,6.6535550376870605,0,1,ML,Mali,Africa,Sub-Saharan Africa,AF,Bamako,XOF,1
MLI,2018,0.299546507387934,17070867589.905487,20442030,835.0867105617929,6.727535564443522,0,1,ML,Mali,Africa,Sub-Saharan Africa,AF,Bamako,XOF,1
MLI,2019,-1.65826694846365,17280250810.032135,21068405,820.1973908339115,6.709545031818921,0,1,ML,Mali,Africa,Sub-Saharan Africa,AF,Bamako,XOF,1
MLI,2020,0.438088940320668,17465392764.370636,21713836,804.3439567458572,6.690026984593518,0,1,ML,Mali,Africa,Sub-Saharan Africa,AF,Bamako,XOF,1
MLI,2021,3.92560283104276,19309463508.03768,22388630,862.4674001061111,6.759797351212769,0,1,ML,Mali,Africa,Sub-Saharan Africa,AF,Bamako,XOF,1
MLI,2022,9.62147608489072,18780322203.7584,23072640,813.965034073188,6.701917409395874,0,1,ML,Mali,Africa,Sub-Saharan Africa,AF,Bamako,XOF,1
MLI,2023,2.05880228274214,20904898296.250145,23769127,879.4979426989534,6.779351225003704,0,1,ML,Mali,Africa,Sub-Saharan Africa,AF,Bamako,XOF,1
MLI,2024,3.20639864099652,,24478595,,,0,0,ML,Mali,Africa,Sub-Saharan Africa,AF,Bamako,XOF,1
MLT,2013,1.1802843636655,10551030596.75582,424810,24837.057971224356,10.120092089871283,0,1,MT,Malta,Europe,Southern Europe,EU,Valletta,EUR,0
MLT,2014,0.310306472181665,11625848974.805067,433481,26819.742906390515,10.196893570898245,0,1,MT,Malta,Europe,Southern Europe,EU,Valletta,EUR,0
MLT,2015,1.10054826378929,11091483659.615578,444220,24968.447300021562,10.12536819872212,0,1,MT,Malta,Europe,Southern Europe,EU,Valletta,EUR,0
MLT,2016,0.642702771527304,11668015565.80819,454505,25671.91904557307,10.153153029371394,0,1,MT,Malta,Europe,Southern Europe,EU,Valletta,EUR,0
MLT,2017,1.36435448150708,13484541925.771402,467106,28868.26957001495,10.27049833217042,0,1,MT,Malta,Europe,Southern Europe,EU,Valletta,EUR,0
MLT,2018,1.15782362451517,15404393365.20732,483903,31833.638901199865,10.368278836745214,0,1,MT,Malta,Europe,Southern Europe,EU,Valletta,EUR,0
MLT,2019,1.6420600176894,16004563885.7539,503912,31760.632582184786,10.365982832737808,0,1,MT,Malta,Europe,Southern Europe,EU,Valletta,EUR,0
MLT,2020,0.638544956776712,15249999048.02971,515490,29583.501228015502,10.294972093966647,0,1,MT,Malta,Europe,Southern Europe,EU,Valletta,EUR,0
MLT,2021,1.49789217934724,18123718946.600567,518150,34977.745723440254,10.462467301768678,0,1,MT,Malta,Europe,Southern Europe,EU,Valletta,EUR,0
MLT,2022,6.15375621933037,18357069272.76817,531113,34563.39662702319,10.450550500120551,0,1,MT,Malta,Europe,Southern Europe,EU,Valletta,EUR,0
MLT,2023,5.09396758978883,20956999452.431664,552747,37914.27081907575,10.543082858959481,0,1,MT,Malta,Europe,Southern Europe,EU,Valletta,EUR,0
MLT,2024,,,568847,,,,0,MT,Malta,Europe,Southern Europe,EU,Valletta,EUR,0
MMR,2013,5.64303883425501,60269732854.82703,50262658,1199.0956159705486,7.089322898278753,0,1,MM,Myanmar,Asia,South-eastern Asia,AS,Nay Pyi Taw,MMK,1
MMR,2014,4.953299184844,65531374199.66632,50681634,1293.0004229868816,7.16472070590783,0,1,MM,Myanmar,Asia,South-eastern Asia,AS,Nay Pyi Taw,MMK,1
MMR,2015,9.45417189526018,59607290407.61913,51089056,1166.7330554633684,7.061962861873273,0,1,MM,Myanmar,Asia,South-eastern Asia,AS,Nay Pyi Taw,MMK,1
MMR,2016,6.92882525816076,63298361996.2153,51495696,1229.1971351589325,7.114116499598661,0,1,MM,Myanmar,Asia,South-eastern Asia,AS,Nay Pyi Taw,MMK,1
MMR,2017,4.5725365531752,66053040483.001625,51894938,1272.8224183060327,7.148992090245296,0,1,MM,Myanmar,Asia,South-eastern Asia,AS,Nay Pyi Taw,MMK,1
MMR,2018,6.87232865662935,67860515989.51704,52272247,1298.2131032078464,7.168744061914512,0,1,MM,Myanmar,Asia,South-eastern Asia,AS,Nay Pyi Taw,MMK,1
MMR,2019,8.82506696804558,75065106227.6892,52640713,1425.9895421190286,7.262621267229978,0,1,MM,Myanmar,Asia,South-eastern Asia,AS,Nay Pyi Taw,MMK,1
MMR,2020,,79006113643.19055,53016522,1490.2168354836733,7.306676915521704,,1,MM,Myanmar,Asia,South-eastern Asia,AS,Nay Pyi Taw,MMK,1
MMR,2021,,66345291160.16825,53387102,1242.7213441959868,7.125058886327109,,1,MM,Myanmar,Asia,South-eastern Asia,AS,Nay Pyi Taw,MMK,1
MMR,2022,,62253049891.64494,53756787,1158.0500503433166,7.05449287856621,,1,MM,Myanmar,Asia,South-eastern Asia,AS,Nay Pyi Taw,MMK,1
MMR,2023,,64815031669.095245,54133798,1197.3117361744182,7.087834102875056,,1,MM,Myanmar,Asia,South-eastern Asia,AS,Nay Pyi Taw,MMK,1
MMR,2024,,,54500091,,,,0,MM,Myanmar,Asia,South-eastern Asia,AS,Nay Pyi Taw,MMK,1
MNE,2013,2.20589268141178,4465772400.37453,622587,7172.929085211432,8.878069369727562,0,1,ME,Montenegro,Europe,Southern Europe,EU,Podgorica,EUR,0
MNE,2014,-0.710514051710227,4593853290.963004,623744,7364.965901015487,8.904489699017104,0,1,ME,Montenegro,Europe,Southern Europe,EU,Podgorica,EUR,0
MNE,2015,1.54869158222486,4054730077.577178,624651,6491.192806186459,8.778201584210636,0,1,ME,Montenegro,Europe,Southern Europe,EU,Podgorica,EUR,0
MNE,2016,-0.271385023385176,4376930578.323949,625353,6999.135813410904,8.853541965189212,0,1,ME,Montenegro,Europe,Southern Europe,EU,Podgorica,EUR,0
MNE,2017,2.3802359905313,4856599480.79882,625982,7758.369219560338,8.956527438973701,0,1,ME,Montenegro,Europe,Southern Europe,EU,Podgorica,EUR,0
MNE,2018,2.611223782638,5506942238.356679,626438,8790.881521166786,9.081470272472995,0,1,ME,Montenegro,Europe,Southern Europe,EU,Podgorica,EUR,0
MNE,2019,0.361563704540767,5542054181.126162,626753,8842.485287068688,9.087323257190063,0,1,ME,Montenegro,Europe,Southern Europe,EU,Podgorica,EUR,0
MNE,2020,-0.255655699848551,4769996866.007579,626590,7612.6284588129065,8.937563786596684,0,1,ME,Montenegro,Europe,Southern Europe,EU,Podgorica,EUR,0
MNE,2021,2.41080198403165,5861427505.124932,625053,9377.488797149894,9.146067287303225,0,1,ME,Montenegro,Europe,Southern Europe,EU,Podgorica,EUR,0
MNE,2022,13.0403036347004,6229801580.791574,623591,9990.204446169962,9.209360336515271,1,1,ME,Montenegro,Europe,Southern Europe,EU,Podgorica,EUR,0
MNE,2023,8.58476910455403,7404541964.507791,623529,11875.216653127265,9.382208873210288,0,1,ME,Montenegro,Europe,Southern Europe,EU,Podgorica,EUR,0
MNE,2024,3.33675009282281,,623525,,,0,0,ME,Montenegro,Europe,Southern Europe,EU,Podgorica,EUR,0
MNG,2013,10.4906567588242,12582122604.257748,2899011,4340.143105444494,8.375662600155556,1,1,MN,Mongolia,Asia,Eastern Asia,AS,Ulaanbaatar,MNT,0
MNG,2014,12.253980812976,12226514668.062176,2963113,4126.239758005238,8.32512180100867,1,1,MN,Mongolia,Asia,Eastern Asia,AS,Ulaanbaatar,MNT,0
MNG,2015,5.7356828193832,11619892590.694118,3026864,3838.921269899843,8.252946686819639,0,1,MN,Mongolia,Asia,Eastern Asia,AS,Ulaanbaatar,MNT,0
MNG,2016,0.733272227314397,11181350649.357347,3088856,3619.9002638379216,8.19420175301428,0,1,MN,Mongolia,Asia,Eastern Asia,AS,Ulaanbaatar,MNT,0
MNG,2017,4.30143105302342,11480847740.73598,3148917,3645.9670866955144,8.201376927961306,0,1,MN,Mongolia,Asia,Eastern Asia,AS,Ulaanbaatar,MNT,0
MNG,2018,6.82424790145522,13178094720.498564,3208189,4107.6428852846775,8.320604635742098,0,1,MN,Mongolia,Asia,Eastern Asia,AS,Ulaanbaatar,MNT,0
MNG,2019,7.30106953550723,14206359017.514322,3267673,4347.54610314873,8.377366850691757,0,1,MN,Mongolia,Asia,Eastern Asia,AS,Ulaanbaatar,MNT,0
MNG,2020,3.79604026111247,13312981429.08905,3327204,4001.251930777028,8.294362573827419,0,1,MN,Mongolia,Asia,Eastern Asia,AS,Ulaanbaatar,MNT,0
MNG,2021,7.35281243380219,15286441737.668615,3383741,4517.61578018785,8.415739651399244,0,1,MN,Mongolia,Asia,Eastern Asia,AS,Ulaanbaatar,MNT,0
MNG,2022,15.1479560897226,17146471713.748024,3433748,4993.514874634954,8.515895324478183,1,1,MN,Mongolia,Asia,Eastern Asia,AS,Ulaanbaatar,MNT,0
MNG,2023,10.3475831314339,19872180369.6275,3481145,5708.518424147083,8.64971479860475,1,1,MN,Mongolia,Asia,Eastern Asia,AS,Ulaanbaatar,MNT,0
MNG,2024,6.80284899332961,,3524788,,,0,0,MN,Mongolia,Asia,Eastern Asia,AS,Ulaanbaatar,MNT,0
MNP,2013,,772000000.0,52758,14632.851889760794,9.591024409381992,,1,MP,Northern Mariana Islands,Oceania,Micronesia,OC,Saipan,USD,0
MNP,2014,,832000000.0,52178,15945.417608953965,9.676926769690965,,1,MP,Northern Mariana Islands,Oceania,Micronesia,OC,Saipan,USD,0
MNP,2015,,910000000.0,51514,17665.100749310866,9.779346263106213,,1,MP,Northern Mariana Islands,Oceania,Micronesia,OC,Saipan,USD,0
MNP,2016,,1230000000.0,50773,24225.474169341975,10.095160010121257,,1,MP,Northern Mariana Islands,Oceania,Micronesia,OC,Saipan,USD,0
MNP,2017,,1560000000.0,49959,31225.6049960968,10.348993710181476,,1,MP,Northern Mariana Islands,Oceania,Micronesia,OC,Saipan,USD,0
MNP,2018,,1301000000.0,49077,26509.362837989283,10.185253264214499,,1,MP,Northern Mariana Islands,Oceania,Micronesia,OC,Saipan,USD,0
MNP,2019,,1181000000.0,48129,24538.22019987949,10.10798718914245,,1,MP,Northern Mariana Islands,Oceania,Micronesia,OC,Saipan,USD,0
MNP,2020,,858000000.0,47528,18052.516411378554,9.80104036741666,,1,MP,Northern Mariana Islands,Oceania,Micronesia,OC,Saipan,USD,0
MNP,2021,,,46979,,,,0,MP,Northern Mariana Islands,Oceania,Micronesia,OC,Saipan,USD,0
MNP,2022,,,46078,,,,0,MP,Northern Mariana Islands,Oceania,Micronesia,OC,Saipan,USD,0
MNP,2023,,,45143,,,,0,MP,Northern Mariana Islands,Oceania,Micronesia,OC,Saipan,USD,0
MNP,2024,,,44278,,,,0,MP,Northern Mariana Islands,Oceania,Micronesia,OC,Saipan,USD,0
MOZ,2013,4.26135250941963,17198073057.198067,25051611,686.505672517351,6.531614488127057,0,1,MZ,Mozambique,Africa,Sub-Saharan Africa,AF,Maputo,MZN,1
MOZ,2014,2.55974875844295,17978246586.066242,25788475,697.1426804441226,6.546990096330548,0,1,MZ,Mozambique,Africa,Sub-Saharan Africa,AF,Maputo,MZN,1
MOZ,2015,3.55075967356746,16208985769.614956,26547572,610.5637747065892,6.414382751168729,0,1,MZ,Mozambique,Africa,Sub-Saharan Africa,AF,Maputo,MZN,1
MOZ,2016,17.4180418197597,12069051237.171114,27337105,441.4897348190715,6.090154769080783,1,1,MZ,Mozambique,Africa,Sub-Saharan Africa,AF,Maputo,MZN,1
MOZ,2017,15.1132073899384,13264640645.77679,28166393,470.9385630519602,6.154727646128335,1,1,MZ,Mozambique,Africa,Sub-Saharan Africa,AF,Maputo,MZN,1
MOZ,2018,3.91133439990729,15017359042.446371,29018644,517.5072633458121,6.249023560491873,0,1,MZ,Mozambique,Africa,Sub-Saharan Africa,AF,Maputo,MZN,1
MOZ,2019,2.80270307928111,15512758964.577944,29884380,519.0925481665654,6.25208218743553,0,1,MZ,Mozambique,Africa,Sub-Saharan Africa,AF,Maputo,MZN,1
MOZ,2020,3.48393567493204,14235420174.181255,30783688,462.433876479688,6.13650357695768,0,1,MZ,Mozambique,Africa,Sub-Saharan Africa,AF,Maputo,MZN,1
MOZ,2021,6.40847652975692,16168055475.085009,31707800,509.9078294642015,6.234229982844581,0,1,MZ,Mozambique,Africa,Sub-Saharan Africa,AF,Maputo,MZN,1
MOZ,2022,10.2794018093421,18406835494.94681,32656246,563.6543617091447,6.334441229789607,1,1,MZ,Mozambique,Africa,Sub-Saharan Africa,AF,Maputo,MZN,1
MOZ,2023,7.12697482131851,20624597846.549507,33635160,613.1856618654261,6.418667764247811,0,1,MZ,Mozambique,Africa,Sub-Saharan Africa,AF,Maputo,MZN,1
MOZ,2024,,,34631766,,,,0,MZ,Mozambique,Africa,Sub-Saharan Africa,AF,Maputo,MZN,1
MRT,2013,4.12910173783393,7223071096.85652,3734318,1934.2410305861792,7.567470296265486,0,1,MR,Mauritania,Africa,Sub-Saharan Africa,AF,Nouakchott,MRU,1
MRT,2014,3.53436856147324,6592537781.815179,3848514,1713.008652642339,7.446006549474433,0,1,MR,Mauritania,Africa,Sub-Saharan Africa,AF,Nouakchott,MRU,1
MRT,2015,3.25472688117631,6166863896.686766,3965959,1554.9489787178247,7.349198012961099,0,1,MR,Mauritania,Africa,Sub-Saharan Africa,AF,Nouakchott,MRU,1
MRT,2016,1.47171045650004,6398747592.131846,4086657,1565.7657572269575,7.356130285047655,0,1,MR,Mauritania,Africa,Sub-Saharan Africa,AF,Nouakchott,MRU,1
MRT,2017,2.25427651934813,6800135898.288272,4210600,1615.0040132732322,7.387092720652575,0,1,MR,Mauritania,Africa,Sub-Saharan Africa,AF,Nouakchott,MRU,1
MRT,2018,3.06735996058356,7473550557.073785,4337685,1722.9352885407272,7.451784678388346,0,1,MR,Mauritania,Africa,Sub-Saharan Africa,AF,Nouakchott,MRU,1
MRT,2019,2.30009262117937,7894764885.823116,4467708,1767.0727106209977,7.477079620664375,0,1,MR,Mauritania,Africa,Sub-Saharan Africa,AF,Nouakchott,MRU,1
MRT,2020,2.3856948845632,8260752385.230893,4600131,1795.7645956671436,7.493186168816711,0,1,MR,Mauritania,Africa,Sub-Saharan Africa,AF,Nouakchott,MRU,1
MRT,2021,3.56516484650185,9222536364.012722,4734874,1947.789183833133,7.574450256494499,0,1,MR,Mauritania,Africa,Sub-Saharan Africa,AF,Nouakchott,MRU,1
MRT,2022,9.52526628622843,9744039514.556463,4875637,1998.5161968695502,7.6001602826316965,0,1,MR,Mauritania,Africa,Sub-Saharan Africa,AF,Nouakchott,MRU,1
MRT,2023,4.95305034506872,10452577062.75806,5022441,2081.174684333387,7.640687765366281,0,1,MR,Mauritania,Africa,Sub-Saharan Africa,AF,Nouakchott,MRU,1
MRT,2024,,,5169395,,,,0,MR,Mauritania,Africa,Sub-Saharan Africa,AF,Nouakchott,MRU,1
MUS,2013,3.54329573934839,12292974141.40443,1258927,9764.644130600449,9.186523399287815,0,1,MU,Mauritius,Africa,Sub-Saharan Africa,AF,Port Louis,MUR,0
MUS,2014,3.21769191994684,13074129952.053152,1261208,10366.355075493615,9.246320752021155,0,1,MU,Mauritius,Africa,Sub-Saharan Africa,AF,Port Louis,MUR,0
MUS,2015,1.28654970760232,12007291045.648909,1262879,9507.871336564238,9.159875296264444,0,1,MU,Mauritius,Africa,Sub-Saharan Africa,AF,Port Louis,MUR,0
MUS,2016,0.977675134719049,12594155464.413631,1263747,9965.725310852276,9.206907015833787,0,1,MU,Mauritius,Africa,Sub-Saharan Africa,AF,Port Louis,MUR,0
MUS,2017,3.66699702675908,13713506130.608124,1264887,10841.68477548439,9.291153685009531,0,1,MU,Mauritius,Africa,Sub-Saharan Africa,AF,Port Louis,MUR,0
MUS,2018,3.21605383144587,14735695930.972702,1265577,11643.4605962124,9.362499979180026,0,1,MU,Mauritius,Africa,Sub-Saharan Africa,AF,Port Louis,MUR,0
MUS,2019,0.405655190309553,14436346979.63554,1265985,11403.252787067413,9.341653925881992,0,1,MU,Mauritius,Africa,Sub-Saharan Africa,AF,Port Louis,MUR,0
MUS,2020,2.58080077182822,11408106446.31438,1266014,9011.042884450235,9.106206091345923,0,1,MU,Mauritius,Africa,Sub-Saharan Africa,AF,Port Louis,MUR,0
MUS,2021,4.02852888157383,11484348766.043385,1266334,9068.972929766858,9.112614298523813,0,1,MU,Mauritius,Africa,Sub-Saharan Africa,AF,Port Louis,MUR,0
MUS,2022,10.7737512242899,12927979286.045298,1262523,10239.797046109496,9.234037078681217,1,1,MU,Mauritius,Africa,Sub-Saharan Africa,AF,Port Louis,MUR,0
MUS,2023,7.05298238454735,14397127281.382942,1248647,11530.182094205122,9.352723406217764,0,1,MU,Mauritius,Africa,Sub-Saharan Africa,AF,Port Louis,MUR,0
MUS,2024,4.10263226568006,,1245779,,,0,0,MU,Mauritius,Africa,Sub-Saharan Africa,AF,Port Louis,MUR,0
MWI,2013,27.2833333333334,8031571927.620549,16161816,496.94736826731287,6.208484121630423,1,1,MW,Malawi,Africa,Sub-Saharan Africa,AF,Lilongwe,MWK,1
MWI,2014,23.7920649469687,8801326169.14547,16621538,529.5133440205997,6.271958365895966,1,1,MW,Malawi,Africa,Sub-Saharan Africa,AF,Lilongwe,MWK,1
MWI,2015,21.8673475542553,9219474379.315342,17085587,539.605363240686,6.2908380635738395,1,1,MW,Malawi,Africa,Sub-Saharan Africa,AF,Lilongwe,MWK,1
MWI,2016,21.7111132136499,7909868618.46366,17557739,450.50610551071867,6.110371629699549,1,1,MW,Malawi,Africa,Sub-Saharan Africa,AF,Lilongwe,MWK,1
MWI,2017,11.5433939188771,8943543677.188993,18039715,495.76967691501744,6.20611145781751,1,1,MW,Malawi,Africa,Sub-Saharan Africa,AF,Lilongwe,MWK,1
MWI,2018,12.420178108921,9880675785.93057,18528081,533.2811199352254,6.279048714645781,1,1,MW,Malawi,Africa,Sub-Saharan Africa,AF,Lilongwe,MWK,1
MWI,2019,9.3708360560567,11077305329.641691,19025752,582.2269379755235,6.366860299522348,0,1,MW,Malawi,Africa,Sub-Saharan Africa,AF,Lilongwe,MWK,1
MWI,2020,8.62551469650552,12041250083.882849,19533888,616.4287459763693,6.423942737621986,0,1,MW,Malawi,Africa,Sub-Saharan Africa,AF,Lilongwe,MWK,1
MWI,2021,9.33014410835212,12580922008.209608,20047258,627.5632312513566,6.441844432863725,0,1,MW,Malawi,Africa,Sub-Saharan Africa,AF,Lilongwe,MWK,1
MWI,2022,20.953969729969,13129458325.73793,20568728,638.3213549101301,6.458841847616726,1,1,MW,Malawi,Africa,Sub-Saharan Africa,AF,Lilongwe,MWK,1
MWI,2023,28.7897428247298,14084341062.367504,21104482,667.3625565587207,6.50333346129529,1,1,MW,Malawi,Africa,Sub-Saharan Africa,AF,Lilongwe,MWK,1
MWI,2024,32.1796504225025,,21655286,,,1,0,MW,Malawi,Africa,Sub-Saharan Africa,AF,Lilongwe,MWK,1
MYS,2013,2.10501231233612,323276235524.41534,30174265,10713.640763889869,9.279273046281041,0,1,MY,Malaysia,Asia,South-eastern Asia,AS,Kuala Lumpur,MYR,0
MYS,2014,3.14299050879095,338066095097.2544,30696137,11013.310733440316,9.306859886916302,0,1,MY,Malaysia,Asia,South-eastern Asia,AS,Kuala Lumpur,MYR,0
MYS,2015,2.10438980238359,301355266964.9473,31232798,9648.679793752302,9.17457637603625,0,1,MY,Malaysia,Asia,South-eastern Asia,AS,Kuala Lumpur,MYR,0
MYS,2016,2.09056659525742,301256033870.3336,31789685,9476.53409809923,9.156573926934232,0,1,MY,Malaysia,Asia,South-eastern Asia,AS,Kuala Lumpur,MYR,0
MYS,2017,3.87120115774237,319109094160.3431,32355644,9862.548066122346,9.196499838766826,0,1,MY,Malaysia,Asia,South-eastern Asia,AS,Kuala Lumpur,MYR,0
MYS,2018,0.884709160571235,358788845712.5297,32910967,10901.80199544212,9.29668337523604,0,1,MY,Malaysia,Asia,South-eastern Asia,AS,Kuala Lumpur,MYR,0
MYS,2019,0.662891865764326,365177721021.5161,33440596,10920.191763972032,9.298368809948007,0,1,MY,Malaysia,Asia,South-eastern Asia,AS,Kuala Lumpur,MYR,0
MYS,2020,-1.1387021539305,337456163961.2112,33889558,9957.526266976134,9.206083952961045,0,1,MY,Malaysia,Asia,South-eastern Asia,AS,Kuala Lumpur,MYR,0
MYS,2021,2.47710241465447,373832428055.4486,34282399,10904.500238021517,9.296930848885106,0,1,MY,Malaysia,Asia,South-eastern Asia,AS,Kuala Lumpur,MYR,0
MYS,2022,3.37869862549928,407027451714.616,34695493,11731.421476403752,9.370026117289578,0,1,MY,Malaysia,Asia,South-eastern Asia,AS,Kuala Lumpur,MYR,0
MYS,2023,2.48886560125754,399648828546.5043,35126298,11377.482151592072,9.33939143114354,0,1,MY,Malaysia,Asia,South-eastern Asia,AS,Kuala Lumpur,MYR,0
MYS,2024,1.834100204499,,35557673,,,0,0,MY,Malaysia,Asia,South-eastern Asia,AS,Kuala Lumpur,MYR,0
NAM,2013,5.60092502290401,12043307277.123508,2252508,5346.621311499674,8.584220109829822,0,1,NA,Namibia,Africa,Sub-Saharan Africa,AF,Windhoek,"NAD,ZAR",0
NAM,2014,5.35016966859602,12435430969.630136,2312139,5378.323262412051,8.590131943317665,0,1,NA,Namibia,Africa,Sub-Saharan Africa,AF,Windhoek,"NAD,ZAR",0
NAM,2015,3.39401538410559,11335161083.506102,2374300,4774.106508657753,8.470962116800253,0,1,NA,Namibia,Africa,Sub-Saharan Africa,AF,Windhoek,"NAD,ZAR",0
NAM,2016,6.72858234593338,10722018732.093588,2439213,4395.687761623764,8.388379285162827,0,1,NA,Namibia,Africa,Sub-Saharan Africa,AF,Windhoek,"NAD,ZAR",0
NAM,2017,6.14579981111164,12895153160.46599,2506853,5143.960639281996,8.545578614115628,0,1,NA,Namibia,Africa,Sub-Saharan Africa,AF,Windhoek,"NAD,ZAR",0
NAM,2018,4.29159105337875,13682018827.04337,2577327,5308.608037336112,8.577084940009954,0,1,NA,Namibia,Africa,Sub-Saharan Africa,AF,Windhoek,"NAD,ZAR",0
NAM,2019,3.72239414422695,12541928102.765703,2650494,4731.920956155986,8.462086520849715,0,1,NA,Namibia,Africa,Sub-Saharan Africa,AF,Windhoek,"NAD,ZAR",0
NAM,2020,2.20938236933469,10583748541.525812,2728762,3878.589829939662,8.263226920663014,0,1,NA,Namibia,Africa,Sub-Saharan Africa,AF,Windhoek,"NAD,ZAR",0
NAM,2021,3.61690530108814,12402486183.639605,2810548,4412.835569305204,8.392272748050816,0,1,NA,Namibia,Africa,Sub-Saharan Africa,AF,Windhoek,"NAD,ZAR",0
NAM,2022,6.08128114112413,12567271004.676125,2889662,4349.045322489663,8.377711633902193,0,1,NA,Namibia,Africa,Sub-Saharan Africa,AF,Windhoek,"NAD,ZAR",0
NAM,2023,5.87993463284275,12351024843.746696,2963095,4168.285135558157,8.335259991735853,0,1,NA,Namibia,Africa,Sub-Saharan Africa,AF,Windhoek,"NAD,ZAR",0
NAM,2024,4.23903922877036,,3030131,,,0,0,NA,Namibia,Africa,Sub-Saharan Africa,AF,Windhoek,"NAD,ZAR",0
NCL,2013,1.27761318992718,10151382933.159395,276822,36671.156675262064,10.509745803389343,0,1,NC,New Caledonia,Oceania,Melanesia,OC,Noumea,XPF,0
NCL,2014,0.178851060785511,10635035594.752802,281224,37816.95585992946,10.540512848754256,0,1,NC,New Caledonia,Oceania,Melanesia,OC,Noumea,XPF,0
NCL,2015,0.570508141048402,8738203074.395699,283168,30858.723706053293,10.337174767513405,0,1,NC,New Caledonia,Oceania,Melanesia,OC,Noumea,XPF,0
NCL,2016,0.578317435520754,8724568954.897991,283423,30782.854443351425,10.334713140044054,0,1,NC,New Caledonia,Oceania,Melanesia,OC,Noumea,XPF,0
NCL,2017,,9174048681.98577,283546,32354.710283290082,10.384514893140972,,1,NC,New Caledonia,Oceania,Melanesia,OC,Noumea,XPF,0
NCL,2018,,9896402283.685871,283541,34902.89687800308,10.46032510984616,,1,NC,New Caledonia,Oceania,Melanesia,OC,Noumea,XPF,0
NCL,2019,,9475655324.594954,283606,33411.33588356718,10.41665051909401,,1,NC,New Caledonia,Oceania,Melanesia,OC,Noumea,XPF,0
NCL,2020,,9454629467.914082,284176,33270.33059763696,10.412421305772199,,1,NC,New Caledonia,Oceania,Melanesia,OC,Noumea,XPF,0
NCL,2021,,10071349663.848385,285214,35311.55435514521,10.471965508206903,,1,NC,New Caledonia,Oceania,Melanesia,OC,Noumea,XPF,0
NCL,2022,,9623318718.314594,287123,33516.36308590602,10.419789048885681,,1,NC,New Caledonia,Oceania,Melanesia,OC,Noumea,XPF,0
NCL,2023,,,289870,,,,0,NC,New Caledonia,Oceania,Melanesia,OC,Noumea,XPF,0
NCL,2024,,,292639,,,,0,NC,New Caledonia,Oceania,Melanesia,OC,Noumea,XPF,0
NER,2013,2.29723114955317,10224897437.864824,18519898,552.1033343631171,6.3137352286905575,0,1,NE,Niger,Africa,Sub-Saharan Africa,AF,Niamey,XOF,1
NER,2014,-0.930287259984466,10862943543.541924,19215909,565.3098973117495,6.337374071597589,0,1,NE,Niger,Africa,Sub-Saharan Africa,AF,Niamey,XOF,1
NER,2015,-0.576090369833189,9683867926.442823,19939498,485.6625741752788,6.185514090947897,0,1,NE,Niger,Africa,Sub-Saharan Africa,AF,Niamey,XOF,1
NER,2016,1.65388922387806,10398861981.758308,20685753,502.70647540644563,6.220006451869686,0,1,NE,Niger,Africa,Sub-Saharan Africa,AF,Niamey,XOF,1
NER,2017,2.79637318871284,11185104251.69431,21435446,521.8041300234345,6.257292287626143,0,1,NE,Niger,Africa,Sub-Saharan Africa,AF,Niamey,XOF,1
NER,2018,2.96760366004456,12837307496.882084,22188069,578.5680356808915,6.3605561467728275,0,1,NE,Niger,Africa,Sub-Saharan Africa,AF,Niamey,XOF,1
NER,2019,-2.48979265070855,12889555561.22991,22947757,561.6913043496979,6.330952418467333,0,1,NE,Niger,Africa,Sub-Saharan Africa,AF,Niamey,XOF,1
NER,2020,2.8981937602627,13744653103.057987,23717613,579.5124957582361,6.362187225546873,0,1,NE,Niger,Africa,Sub-Saharan Africa,AF,Niamey,XOF,1
NER,2021,3.8378680284051,14915002436.069023,24502140,608.7224395938078,6.411362399604039,0,1,NE,Niger,Africa,Sub-Saharan Africa,AF,Niamey,XOF,1
NER,2022,4.22621791916392,15433852712.296335,25311973,609.7451475748783,6.413041079007584,0,1,NE,Niger,Africa,Sub-Saharan Africa,AF,Niamey,XOF,1
NER,2023,3.70097316425834,16819170420.565315,26159867,642.9379178634706,6.46604816881964,0,1,NE,Niger,Africa,Sub-Saharan Africa,AF,Niamey,XOF,1
NER,2024,9.07151997725013,,27032412,,,0,0,NE,Niger,Africa,Sub-Saharan Africa,AF,Niamey,XOF,1
NGA,2013,8.49551838265678,520117180313.906,181049443,2872.790833793982,7.963039252219642,0,1,NG,Nigeria,Africa,Sub-Saharan Africa,AF,Abuja,NGN,0
NGA,2014,8.04741087967907,574183763411.5076,185896915,3088.7213131616927,8.03551246973616,0,1,NG,Nigeria,Africa,Sub-Saharan Africa,AF,Abuja,NGN,0
NGA,2015,9.00943498007699,493026682800.6295,190671878,2585.733606717974,7.857764540382058,0,1,NG,Nigeria,Africa,Sub-Saharan Africa,AF,Abuja,NGN,0
NGA,2016,15.6968126387972,404649125252.1596,195443700,2070.412733959496,7.6355032547704225,1,1,NG,Nigeria,Africa,Sub-Saharan Africa,AF,Abuja,NGN,0
NGA,2017,16.5022662139641,375745731053.4268,200254579,1876.3402711177298,7.53707849431141,1,1,NG,Nigeria,Africa,Sub-Saharan Africa,AF,Abuja,NGN,0
NGA,2018,12.0951065173432,421739251509.0796,204938755,2057.8794455401057,7.629431336223451,1,1,NG,Nigeria,Africa,Sub-Saharan Africa,AF,Abuja,NGN,0
NGA,2019,11.3964223378115,474517490844.461,209485641,2265.1552086305574,7.725398560351122,1,1,NG,Nigeria,Africa,Sub-Saharan Africa,AF,Abuja,NGN,0
NGA,2020,13.2460234276597,432198898467.79486,213996181,2019.6570632622404,7.610683005320323,1,1,NG,Nigeria,Africa,Sub-Saharan Africa,AF,Abuja,NGN,0
NGA,2021,16.9528457221608,440838992188.478,218529286,2017.2993755559062,7.60951495309577,1,1,NG,Nigeria,Africa,Sub-Saharan Africa,AF,Abuja,NGN,0
NGA,2022,18.8471877843274,472624596925.9383,223150896,2117.9596649521777,7.658208482048086,1,1,NG,Nigeria,Africa,Sub-Saharan Africa,AF,Abuja,NGN,0
NGA,2023,24.6595502031139,362814951696.0728,227882945,1592.1110361991891,7.372816110328439,1,1,NG,Nigeria,Africa,Sub-Saharan Africa,AF,Abuja,NGN,0
NGA,2024,,,232679478,,,,0,NG,Nigeria,Africa,Sub-Saharan Africa,AF,Abuja,NGN,0
NIC,2013,7.13546785289407,10982938825.699354,5983845,1835.4317041466404,7.515034993934449,0,1,NI,Nicaragua,Americas,Latin America and the Caribbean,NA,Managua,NIO,0
NIC,2014,6.03596861798425,11880434070.78112,6066492,1958.369692201213,7.579867616402306,0,1,NI,Nicaragua,Americas,Latin America and the Caribbean,NA,Managua,NIO,0
NIC,2015,3.99737996694396,12756706583.31132,6149417,2074.457884920037,7.637455138250886,0,1,NI,Nicaragua,Americas,Latin America and the Caribbean,NA,Managua,NIO,0
NIC,2016,3.52317317628473,13286118584.256315,6232666,2131.6910908199343,7.664670883052423,0,1,NI,Nicaragua,Americas,Latin America and the Caribbean,NA,Managua,NIO,0
NIC,2017,3.85067166284727,13785943183.066065,6316231,2182.6217538696833,7.688282072581433,0,1,NI,Nicaragua,Americas,Latin America and the Caribbean,NA,Managua,NIO,0
NIC,2018,4.94723728039886,13025239912.27514,6400080,2035.1682966892822,7.618333795532965,0,1,NI,Nicaragua,Americas,Latin America and the Caribbean,NA,Managua,NIO,0
NIC,2019,5.37628990844126,12699046244.607012,6483657,1958.6240056509794,7.579997467747364,0,1,NI,Nicaragua,Americas,Latin America and the Caribbean,NA,Managua,NIO,0
NIC,2020,3.68181341625572,12681548303.685562,6565267,1931.6119669901561,7.566110149357166,0,1,NI,Nicaragua,Americas,Latin America and the Caribbean,NA,Managua,NIO,0
NIC,2021,4.92841396948968,14144067555.656649,6644741,2128.6108150275004,7.66322484641124,0,1,NI,Nicaragua,Americas,Latin America and the Caribbean,NA,Managua,NIO,0
NIC,2022,10.4674244465991,15649934214.927635,6730654,2325.1728903205594,7.751549676684981,1,1,NI,Nicaragua,Americas,Latin America and the Caribbean,NA,Managua,NIO,0
NIC,2023,8.38765854872536,17829215283.799656,6823613,2612.8702322068466,7.868204601909611,0,1,NI,Nicaragua,Americas,Latin America and the Caribbean,NA,Managua,NIO,0
NIC,2024,4.62473841057141,,6916140,,,0,0,NI,Nicaragua,Americas,Latin America and the Caribbean,NA,Managua,NIO,0
NLD,2013,2.50689852657885,877172824534.5123,16804432,52198.89756074542,10.86281665412176,0,1,NL,Netherlands,Europe,Western Europe,EU,Amsterdam,EUR,0
NLD,2014,0.976035079699679,892167986713.7224,16865008,52900.537415323044,10.876168776874618,0,1,NL,Netherlands,Europe,Western Europe,EU,Amsterdam,EUR,0
NLD,2015,0.600248147278776,765572770634.3746,16939923,45193.40321879707,10.718706408682307,0,1,NL,Netherlands,Europe,Western Europe,EU,Amsterdam,EUR,0
NLD,2016,0.316666666666743,784060430240.0797,17030314,46039.10592840976,10.73724644319482,0,1,NL,Netherlands,Europe,Western Europe,EU,Amsterdam,EUR,0
NLD,2017,1.38145871407206,833869641687.0603,17131296,48675.22233502126,10.792925397975655,0,1,NL,Netherlands,Europe,Western Europe,EU,Amsterdam,EUR,0
NLD,2018,1.7034979474447,914043438179.6072,17231624,53044.53243522532,10.878887074361646,0,1,NL,Netherlands,Europe,Western Europe,EU,Amsterdam,EUR,0
NLD,2019,2.63369910249601,910194347568.626,17344874,52476.273253332714,10.868116408393185,0,1,NL,Netherlands,Europe,Western Europe,EU,Amsterdam,EUR,0
NLD,2020,1.27246037789161,909793466661.4812,17441500,52162.57011504063,10.862120469064553,0,1,NL,Netherlands,Europe,Western Europe,EU,Amsterdam,EUR,0
NLD,2021,2.67572008805385,1029678338329.4408,17533044,58727.870547147475,10.980669689509947,0,1,NL,Netherlands,Europe,Western Europe,EU,Amsterdam,EUR,0
NLD,2022,10.0012078753473,1009398719033.078,17700982,57025.01245598001,10.951245265582727,1,1,NL,Netherlands,Europe,Western Europe,EU,Amsterdam,EUR,0
NLD,2023,3.83839354342808,1118124749886.2942,17877117,62545.026129565194,11.043641994421002,0,1,NL,Netherlands,Europe,Western Europe,EU,Amsterdam,EUR,0
NLD,2024,3.34754304219953,,17993485,,,0,0,NL,Netherlands,Europe,Western Europe,EU,Amsterdam,EUR,0
NOR,2013,2.12048620353112,526014468085.1064,5079623,103553.84013441675,11.547846950968715,0,1,NO,Norway,Europe,Northern Europe,EU,Oslo,NOK,0
NOR,2014,2.04170286707211,501736471832.84814,5137232,97666.69518387492,11.489315891316119,0,1,NO,Norway,Europe,Northern Europe,EU,Oslo,NOK,0
NOR,2015,2.17113665389527,388159512245.53046,5188607,74809.96580498976,11.222706387774911,0,1,NO,Norway,Europe,Northern Europe,EU,Oslo,NOK,0
NOR,2016,3.54999999999998,370956547619.0476,5234519,70867.36099707492,11.16856525387484,0,1,NO,Norway,Europe,Northern Europe,EU,Oslo,NOK,0
NOR,2017,1.87510059552554,401745275035.2608,5276968,76131.83840327643,11.24022183221934,0,1,NO,Norway,Europe,Northern Europe,EU,Oslo,NOK,0
NOR,2018,2.76483134528788,439788625883.7996,5311916,82792.84271133045,11.324096895952724,0,1,NO,Norway,Europe,Northern Europe,EU,Oslo,NOK,0
NOR,2019,2.16773003305402,408742840909.0909,5347896,76430.58894733385,11.244138273916175,0,1,NO,Norway,Europe,Northern Europe,EU,Oslo,NOK,0
NOR,2020,1.28658490708005,367633418886.62726,5379475,68340.01810337017,11.132250790570772,0,1,NO,Norway,Europe,Northern Europe,EU,Oslo,NOK,0
NOR,2021,3.48388055266678,503367986030.26776,5408320,93072.89251195709,11.441138255583216,0,1,NO,Norway,Europe,Northern Europe,EU,Oslo,NOK,0
NOR,2022,5.76412317852272,593726965415.6191,5457127,108798.45116590087,11.597252377695124,0,1,NO,Norway,Europe,Northern Europe,EU,Oslo,NOK,0
NOR,2023,5.51784987104659,485513316503.6304,5519601,87961.66905970746,11.384656419701352,0,1,NO,Norway,Europe,Northern Europe,EU,Oslo,NOK,0
NOR,2024,3.14530134431073,,5572279,,,0,0,NO,Norway,Europe,Northern Europe,EU,Oslo,NOK,0
NPL,2013,9.04016311917636,22162204924.572582,27589996,803.2695954204771,6.688690392868628,0,1,NP,Nepal,Asia,Southern Asia,AS,Kathmandu,NPR,1
NPL,2014,8.36415469659563,22731612922.19064,27672370,821.4552249117311,6.711077431928296,0,1,NP,Nepal,Asia,Southern Asia,AS,Kathmandu,NPR,1
NPL,2015,7.86890895590899,24360801286.76381,27823629,875.5436354748624,6.77484499111767,0,1,NP,Nepal,Asia,Southern Asia,AS,Kathmandu,NPR,1
NPL,2016,8.79034332004633,24524109483.529343,27955462,877.2564546967367,6.776799372312273,0,1,NP,Nepal,Asia,Southern Asia,AS,Kathmandu,NPR,1
NPL,2017,3.62709610696607,28971588940.363995,28011258,1034.2837490684637,6.941464436250716,0,1,NP,Nepal,Asia,Southern Asia,AS,Kathmandu,NPR,1
NPL,2018,4.0611633875107,33111525237.14897,28079689,1179.1984319038922,7.072590191637625,0,1,NP,Nepal,Asia,Southern Asia,AS,Kathmandu,NPR,1
NPL,2019,5.56868547784929,34186180699.02548,28414064,1203.142947064013,7.09269253440511,0,1,NP,Nepal,Asia,Southern Asia,AS,Kathmandu,NPR,1
NPL,2020,5.05236655289212,33433659301.24655,28966574,1154.215175783182,7.0511758905037025,0,1,NP,Nepal,Asia,Southern Asia,AS,Kathmandu,NPR,1
NPL,2021,4.14968003360264,36924841394.26049,29475010,1252.7507673198581,7.133097026348015,0,1,NP,Nepal,Asia,Southern Asia,AS,Kathmandu,NPR,1
NPL,2022,7.6507917679853,41182939600.67002,29715436,1385.910662750162,7.234112720782199,0,1,NP,Nepal,Asia,Southern Asia,AS,Kathmandu,NPR,1
NPL,2023,7.11475951738199,40908073366.84552,29694614,1377.626035712925,7.228117032821912,0,1,NP,Nepal,Asia,Southern Asia,AS,Kathmandu,NPR,1
NPL,2024,,,29651054,,,,0,NP,Nepal,Asia,Southern Asia,AS,Kathmandu,NPR,1
NRU,2013,,94385014.94258416,10517,8974.518868744333,9.102144603980173,,1,NR,Nauru,Oceania,Micronesia,OC,Yaren,AUD,0
NRU,2014,,99149244.4001333,10742,9230.054403289267,9.13022022166038,,1,NR,Nauru,Oceania,Micronesia,OC,Yaren,AUD,0
NRU,2015,,84863440.58019969,10954,7747.2558499360675,8.955093975765678,,1,NR,Nauru,Oceania,Micronesia,OC,Yaren,AUD,0
NRU,2016,,97541943.03550526,11150,8748.156326054284,9.076598251556321,,1,NR,Nauru,Oceania,Micronesia,OC,Yaren,AUD,0
NRU,2017,,109355638.86695492,11324,9656.979765714847,9.175436224667513,,1,NR,Nauru,Oceania,Micronesia,OC,Yaren,AUD,0
NRU,2018,,130995566.30390972,11477,11413.746301638905,9.34257372390368,,1,NR,Nauru,Oceania,Micronesia,OC,Yaren,AUD,0
NRU,2019,,125160115.54781868,11587,10801.770565963465,9.28746534096832,,1,NR,Nauru,Oceania,Micronesia,OC,Yaren,AUD,0
NRU,2020,,124685688.1610939,11643,10709.068810537998,9.278846213867018,,1,NR,Nauru,Oceania,Micronesia,OC,Yaren,AUD,0
NRU,2021,,175390280.69161984,11709,14979.09989679903,9.614411168269855,,1,NR,Nauru,Oceania,Micronesia,OC,Yaren,AUD,0
NRU,2022,,153824609.47051683,11801,13034.879202653743,9.475384059171132,,1,NR,Nauru,Oceania,Micronesia,OC,Yaren,AUD,0
NRU,2023,,154127798.19354144,11875,12979.18300577191,9.471102045732579,,1,NR,Nauru,Oceania,Micronesia,OC,Yaren,AUD,0
NRU,2024,,,11947,,,,0,NR,Nauru,Oceania,Micronesia,OC,Yaren,AUD,0
NZL,2013,1.13442266445817,190909855416.3399,4442100,42977.388040868034,10.668429396848397,0,1,NZ,New Zealand,Oceania,Australia and New Zealand,OC,Wellington,NZD,0
NZL,2014,1.227507505974,201337554959.48956,4516500,44578.22538680163,10.705000798763084,0,1,NZ,New Zealand,Oceania,Australia and New Zealand,OC,Wellington,NZD,0
NZL,2015,0.292704628136101,178104220784.8812,4609400,38639.350194142666,10.562026471263275,0,1,NZ,New Zealand,Oceania,Australia and New Zealand,OC,Wellington,NZD,0
NZL,2016,0.646240284454524,188898209220.16672,4714100,40070.895657743094,10.598405555707386,0,1,NZ,New Zealand,Oceania,Australia and New Zealand,OC,Wellington,NZD,0
NZL,2017,1.85078767452536,206566916732.2921,4813600,42913.186956184996,10.666934445938079,0,1,NZ,New Zealand,Oceania,Australia and New Zealand,OC,Wellington,NZD,0
NZL,2018,1.59829703801696,211846555690.7363,4900600,43228.697647377114,10.674259851077345,0,1,NZ,New Zealand,Oceania,Australia and New Zealand,OC,Wellington,NZD,0
NZL,2019,1.61963190184048,212846907683.439,4970300,42823.754639244915,10.664848242541693,0,1,NZ,New Zealand,Oceania,Australia and New Zealand,OC,Wellington,NZD,0
NZL,2020,1.71456170007245,212697530897.5604,5072400,41932.32609761856,10.643812314362279,0,1,NZ,New Zealand,Oceania,Australia and New Zealand,OC,Wellington,NZD,0
NZL,2021,3.94112060778728,253644079784.97665,5084600,49884.765720996074,10.817470938954823,0,1,NZ,New Zealand,Oceania,Australia and New Zealand,OC,Wellington,NZD,0
NZL,2022,7.17222476016441,246733522841.35272,5081700,48553.34294455649,10.790418327055647,0,1,NZ,New Zealand,Oceania,Australia and New Zealand,OC,Wellington,NZD,0
NZL,2023,5.73316283034957,253465703232.14597,5200000,48743.40446772038,10.794325174303236,0,1,NZ,New Zealand,Oceania,Australia and New Zealand,OC,Wellington,NZD,0
NZL,2024,2.92279782301957,,5287500,,,0,0,NZ,New Zealand,Oceania,Australia and New Zealand,OC,Wellington,NZD,0
OMN,2013,1.05354820265932,89936020806.24187,3833913,23458.02338400529,10.062967863926605,0,1,OM,Oman,Asia,Western Asia,AS,Muscat,OMR,0
OMN,2014,1.01401483924156,92699089726.91808,4002439,23160.65022525467,10.050210006649245,0,1,OM,Oman,Asia,Western Asia,AS,Muscat,OMR,0
OMN,2015,0.0652901330286599,78710793237.97139,4184895,18808.30779218389,9.842053955046863,0,1,OM,Oman,Asia,Western Asia,AS,Muscat,OMR,0
OMN,2016,1.10920805807027,75128738621.58647,4390877,17110.189746054482,9.747429456599995,0,1,OM,Oman,Asia,Western Asia,AS,Muscat,OMR,0
OMN,2017,1.58909413567799,80856697009.10272,4537396,17820.066180933452,9.788080414875001,0,1,OM,Oman,Asia,Western Asia,AS,Muscat,OMR,0
OMN,2018,0.889312370970404,91505851755.52666,4597877,19901.76156420162,9.898563527609,0,1,OM,Oman,Asia,Western Asia,AS,Muscat,OMR,0
OMN,2019,0.490815362820671,88060858257.47723,4591241,19180.186415280146,9.861633067643593,0,1,OM,Oman,Asia,Western Asia,AS,Muscat,OMR,0
OMN,2020,-0.40640291946585,75909397659.29779,4522497,16784.842015218095,9.72823149710997,0,1,OM,Oman,Asia,Western Asia,AS,Muscat,OMR,0
OMN,2021,1.68221185876085,88191977373.21198,4500424,19596.370780444682,9.883099663810563,0,1,OM,Oman,Asia,Western Asia,AS,Muscat,OMR,0
OMN,2022,2.5061425061425,114667360208.06242,4730226,24241.41261074258,10.095817714506003,0,1,OM,Oman,Asia,Western Asia,AS,Muscat,OMR,0
OMN,2023,0.950782997762827,108192457737.3212,5049269,21427.350718949852,9.972423455951423,0,1,OM,Oman,Asia,Western Asia,AS,Muscat,OMR,0
OMN,2024,,,5281538,,,,0,OM,Oman,Asia,Western Asia,AS,Muscat,OMR,0
PAK,2013,7.69215611899565,258657231672.41232,211073978,1225.4340119198034,7.111050355675754,0,1,PK,Pakistan,Asia,Southern Asia,AS,Islamabad,PKR,0
PAK,2014,7.18938402847028,271390474857.63217,214264647,1266.6134084995933,7.144102010241039,0,1,PK,Pakistan,Asia,Southern Asia,AS,Islamabad,PKR,0
PAK,2015,2.52932817254229,299963590534.7735,217290883,1380.4702083831723,7.230179450828167,0,1,PK,Pakistan,Asia,Southern Asia,AS,Islamabad,PKR,0
PAK,2016,3.7651191635658,313630000130.43536,220138869,1424.6916119589737,7.261710656621783,0,1,PK,Pakistan,Asia,Southern Asia,AS,Islamabad,PKR,0
PAK,2017,4.08537368032608,339205534861.1001,223273967,1519.2345951424784,7.325961931186192,0,1,PK,Pakistan,Asia,Southern Asia,AS,Islamabad,PKR,0
PAK,2018,5.07805725868917,356128166704.921,226928892,1569.3381462635487,7.358409246570279,0,1,PK,Pakistan,Asia,Southern Asia,AS,Islamabad,PKR,0
PAK,2019,10.5783618004555,320909472770.6687,230800899,1390.416909817447,7.2373589162736565,1,1,PK,Pakistan,Asia,Southern Asia,AS,Islamabad,PKR,0
PAK,2020,9.73999313898155,300425609817.9812,235001746,1278.3973520689553,7.15336250372463,0,1,PK,Pakistan,Asia,Southern Asia,AS,Islamabad,PKR,0
PAK,2021,9.49621056124947,348516647445.14844,239477801,1455.3192237018598,7.282980553274667,0,1,PK,Pakistan,Asia,Southern Asia,AS,Islamabad,PKR,0
PAK,2022,19.8738599646655,374787958882.3077,243700667,1537.902885109082,7.338175004449764,1,1,PK,Pakistan,Asia,Southern Asia,AS,Islamabad,PKR,0
PAK,2023,30.7681280657005,338368455317.8758,247504495,1367.1204448948524,7.220461941763474,1,1,PK,Pakistan,Asia,Southern Asia,AS,Islamabad,PKR,0
PAK,2024,12.6325318530452,,251269164,,,1,0,PK,Pakistan,Asia,Southern Asia,AS,Islamabad,PKR,0
PAN,2013,4.0271599157106,45599900000.0,3825329,11920.517163360328,9.386016325866134,0,1,PA,Panama,Americas,Latin America and the Caribbean,NA,Panama City,"PAB,USD",0
PAN,2014,2.62652699929151,49921400000.0,3892101,12826.337240477573,9.459255932866771,0,1,PA,Panama,Americas,Latin America and the Caribbean,NA,Panama City,"PAB,USD",0
PAN,2015,0.137492058461504,54091800000.0,3960035,13659.424727306703,9.522185018570823,0,1,PA,Panama,Americas,Latin America and the Caribbean,NA,Panama City,"PAB,USD",0
PAN,2016,0.739734025300033,57907700000.0,4029086,14372.415977221634,9.573066091400806,0,1,PA,Panama,Americas,Latin America and the Caribbean,NA,Panama City,"PAB,USD",0
PAN,2017,0.875585918759878,62202700000.0,4098707,15176.176291693942,9.627482128026948,0,1,PA,Panama,Americas,Latin America and the Caribbean,NA,Panama City,"PAB,USD",0
PAN,2018,0.761578359399944,67294169200.00001,4167860,16145.976400358939,9.689426158313792,0,1,PA,Panama,Americas,Latin America and the Caribbean,NA,Panama City,"PAB,USD",0
PAN,2019,-0.355083821021245,69721787500.0,4234700,16464.39830448438,9.708955650230443,0,1,PA,Panama,Americas,Latin America and the Caribbean,NA,Panama City,"PAB,USD",0
PAN,2020,-1.5502754080376,57086836900.0,4293261,13296.847524527393,9.495282257883192,0,1,PA,Panama,Americas,Latin America and the Caribbean,NA,Panama City,"PAB,USD",0
PAN,2021,1.63070337301898,67406738100.0,4345405,15512.187724734518,9.649381298753239,0,1,PA,Panama,Americas,Latin America and the Caribbean,NA,Panama City,"PAB,USD",0
PAN,2022,2.85965128834711,76522511780.6222,4400773,17388.425120001008,9.763560040855186,0,1,PA,Panama,Americas,Latin America and the Caribbean,NA,Panama City,"PAB,USD",0
PAN,2023,1.48641355277038,83382400000.0,4458759,18700.80890220799,9.836322058709696,0,1,PA,Panama,Americas,Latin America and the Caribbean,NA,Panama City,"PAB,USD",0
PAN,2024,0.685197879812108,,4515577,,,0,0,PA,Panama,Americas,Latin America and the Caribbean,NA,Panama City,"PAB,USD",0
PER,2013,2.76789666082002,201175543571.3918,29817919,6746.800256966015,8.816823635470953,0,1,PE,Peru,Americas,Latin America and the Caribbean,SA,Lima,PEN,0
PER,2014,3.41194579807465,200786250582.94272,30115826,6667.134103608605,8.804945376951329,0,1,PE,Peru,Americas,Latin America and the Caribbean,SA,Lima,PEN,0
PER,2015,3.39809194746308,189802976285.61893,30457600,6231.711503388939,8.737406293698061,0,1,PE,Peru,Americas,Latin America and the Caribbean,SA,Lima,PEN,0
PER,2016,3.55717663556279,191898104390.37863,30866494,6217.03599995447,8.735048544819481,0,1,PE,Peru,Americas,Latin America and the Caribbean,SA,Lima,PEN,0
PER,2017,2.99490045809443,211007984080.91055,31324637,6736.1669372548695,8.815246338461698,0,1,PE,Peru,Americas,Latin America and the Caribbean,SA,Lima,PEN,0
PER,2018,1.50915423024742,222597009739.2353,31897584,6978.491215486267,8.850588014151068,0,1,PE,Peru,Americas,Latin America and the Caribbean,SA,Lima,PEN,0
PER,2019,2.25212191358027,228346006003.64825,32449303,7037.0080369260395,8.858938364061398,0,1,PE,Peru,Americas,Latin America and the Caribbean,SA,Lima,PEN,0
PER,2020,2.00241205759292,201409694755.9344,32838579,6133.325524101831,8.72149238168389,0,1,PE,Peru,Americas,Latin America and the Caribbean,SA,Lima,PEN,0
PER,2021,4.27166381536798,226354278280.88464,33155882,6826.972006984603,8.828636517070722,0,1,PE,Peru,Americas,Latin America and the Caribbean,SA,Lima,PEN,0
PER,2022,8.33370630096231,246488757636.21063,33475438,7363.272069396392,8.904259687575143,0,1,PE,Peru,Americas,Latin America and the Caribbean,SA,Lima,PEN,0
PER,2023,6.45561348369586,267603248655.2527,33845617,7906.585028579999,8.975451239168493,0,1,PE,Peru,Americas,Latin America and the Caribbean,SA,Lima,PEN,0
PER,2024,2.00770739412712,,34217848,,,0,0,PE,Peru,Americas,Latin America and the Caribbean,SA,Lima,PEN,0
PHL,2013,2.58268766141795,283902828581.6499,102076336,2781.279576704731,7.930666380178809,0,1,PH,Philippines,Asia,South-eastern Asia,AS,Manila,PHP,0
PHL,2014,3.59782343864211,297483555344.8018,103767130,2866.838037679194,7.960964972372467,0,1,PH,Philippines,Asia,South-eastern Asia,AS,Manila,PHP,0
PHL,2015,0.674192536845408,306445871246.7178,105312992,2909.858180144742,7.975859623632483,0,1,PH,Philippines,Asia,South-eastern Asia,AS,Manila,PHP,0
PHL,2016,1.25369880080982,318627003012.5201,106735719,2985.1956402010096,8.001420564784844,0,1,PH,Philippines,Asia,South-eastern Asia,AS,Manila,PHP,0
PHL,2017,2.85318772590947,328480736798.7918,108119693,3038.1212495561913,8.01899459333895,0,1,PH,Philippines,Asia,South-eastern Asia,AS,Manila,PHP,0
PHL,2018,5.30934661627707,346841896583.5147,109465287,3168.5103660625737,8.061016840357581,0,1,PH,Philippines,Asia,South-eastern Asia,AS,Manila,PHP,0
PHL,2019,2.39206534422404,376823402244.9279,110804683,3400.7894977230153,8.131762888861447,0,1,PH,Philippines,Asia,South-eastern Asia,AS,Manila,PHP,0
PHL,2020,2.3931623931624,361751145451.5968,112081264,3227.5791023519937,8.079487631282426,0,1,PH,Philippines,Asia,South-eastern Asia,AS,Manila,PHP,0
PHL,2021,3.92718022100332,394087359848.11,113100950,3484.3859388281885,8.156047106472293,0,1,PH,Philippines,Asia,South-eastern Asia,AS,Manila,PHP,0
PHL,2022,5.82115811213955,404353369604.6311,113964338,3548.0693057211556,8.174158876981968,0,1,PH,Philippines,Asia,South-eastern Asia,AS,Manila,PHP,0
PHL,2023,5.97802515541409,437146372729.9424,114891199,3804.8725797521042,8.24403778215349,0,1,PH,Philippines,Asia,South-eastern Asia,AS,Manila,PHP,0
PHL,2024,3.21260487006347,,115843670,,,0,0,PH,Philippines,Asia,South-eastern Asia,AS,Manila,PHP,0
PLW,2013,3.35481004221287,224265167.236328,17648,12707.681733699457,9.449961950513263,0,1,PW,Palau,Oceania,Micronesia,OC,Melekeok,USD,0
PLW,2014,4.19174548581256,245731216.430664,17715,13871.36417898188,9.537581863121394,0,1,PW,Palau,Oceania,Micronesia,OC,Melekeok,USD,0
PLW,2015,0.949040643697081,287215972.90039104,17770,16162.969774923526,9.690478088391574,0,1,PW,Palau,Oceania,Micronesia,OC,Melekeok,USD,0
PLW,2016,-1.04230533415074,305404174.80468804,17797,17160.43011769894,9.750361437861798,0,1,PW,Palau,Oceania,Micronesia,OC,Melekeok,USD,0
PLW,2017,1.4179881966692,292345764.160156,17812,16412.854489117224,9.705820117105432,0,1,PW,Palau,Oceania,Micronesia,OC,Melekeok,USD,0
PLW,2018,2.10970464135017,288160980.22460896,17814,16176.096341338776,9.691289897062173,0,1,PW,Palau,Oceania,Micronesia,OC,Melekeok,USD,0
PLW,2019,0.26737967914444,281828704.833984,17798,15834.852502190359,9.669968644258715,0,1,PW,Palau,Oceania,Micronesia,OC,Melekeok,USD,0
PLW,2020,0.218181818181833,261179138.183594,17792,14679.582856541929,9.594212885997873,0,1,PW,Palau,Oceania,Micronesia,OC,Melekeok,USD,0
PLW,2021,2.6124818577648,229858184.814453,17783,12925.725963811112,9.466974865212151,0,1,PW,Palau,Oceania,Micronesia,OC,Melekeok,USD,0
PLW,2022,12.3526638378124,242333709.716797,17759,13645.684425744523,9.521178591338106,1,1,PW,Palau,Oceania,Micronesia,OC,Melekeok,USD,0
PLW,2023,12.8199748216534,263020733.717011,17727,14837.295296271845,9.604899242446804,1,1,PW,Palau,Oceania,Micronesia,OC,Melekeok,USD,0
PLW,2024,2.23172772921704,,17695,,,0,0,PW,Palau,Oceania,Micronesia,OC,Melekeok,USD,0
PNG,2013,4.9603174603175,21261338064.878304,8302698,2560.7745897632676,7.848065065833565,0,1,PG,Papua New Guinea,Oceania,Melanesia,OC,Port Moresby,PGK,0
PNG,2014,5.22211720226841,23210823987.30796,8523441,2723.1752982519574,7.909553867484491,0,1,PG,Papua New Guinea,Oceania,Melanesia,OC,Port Moresby,PGK,0
PNG,2015,5.99595778127107,21723437010.09821,8743246,2484.5963398603003,7.817865486648128,0,1,PG,Papua New Guinea,Oceania,Melanesia,OC,Port Moresby,PGK,0
PNG,2016,6.6737288135593,20758876952.623165,8961718,2316.3947975849233,7.747767289443796,0,1,PG,Papua New Guinea,Oceania,Melanesia,OC,Port Moresby,PGK,0
PNG,2017,5.42204568023834,22742699138.35601,9178714,2477.7653098632345,7.815112348205568,0,1,PG,Papua New Guinea,Oceania,Melanesia,OC,Port Moresby,PGK,0
PNG,2018,4.37448921453162,24109780708.02678,9394513,2566.3683373504064,7.85024708021704,0,1,PG,Papua New Guinea,Oceania,Melanesia,OC,Port Moresby,PGK,0
PNG,2019,3.92867290939597,24751066910.540928,9609010,2575.818623410833,7.85392267457873,0,1,PG,Papua New Guinea,Oceania,Melanesia,OC,Port Moresby,PGK,0
PNG,2020,4.87167398565555,23848445103.92275,9815746,2429.611066130149,7.795486468433937,0,1,PG,Papua New Guinea,Oceania,Melanesia,OC,Port Moresby,PGK,0
PNG,2021,4.48359014042398,26113333240.233334,10012896,2607.970085800685,7.866327452812311,0,1,PG,Papua New Guinea,Oceania,Melanesia,OC,Port Moresby,PGK,0
PNG,2022,5.25323922215241,31603619036.633846,10203169,3097.431693685937,8.038328561181354,0,1,PG,Papua New Guinea,Oceania,Melanesia,OC,Port Moresby,PGK,0
PNG,2023,2.29869991296791,30932496249.791653,10389635,2977.245711691667,7.998753894288236,0,1,PG,Papua New Guinea,Oceania,Melanesia,OC,Port Moresby,PGK,0
PNG,2024,0.602403921107917,,10576502,,,0,0,PG,Papua New Guinea,Oceania,Melanesia,OC,Port Moresby,PGK,0
POL,2013,0.991982606332428,515761954074.1571,38040196,13558.341131422065,9.514757218569946,0,1,PL,Poland,Europe,Eastern Europe,EU,Warsaw,PLN,0
POL,2014,0.0538213132399802,539080475073.7191,38011735,14181.948681735235,9.559725215308195,0,1,PL,Poland,Europe,Eastern Europe,EU,Warsaw,PLN,0
POL,2015,-0.87412587412577,477111287969.2267,37986412,12560.051419682035,9.438276533937538,0,1,PL,Poland,Europe,Eastern Europe,EU,Warsaw,PLN,0
POL,2016,-0.664767331433961,470024599375.6187,37970087,12378.81281061112,9.423741645889983,0,1,PL,Poland,Europe,Eastern Europe,EU,Warsaw,PLN,0
POL,2017,2.0759355367385,524641252834.8256,37974826,13815.501164767038,9.53354651355563,0,1,PL,Poland,Europe,Eastern Europe,EU,Warsaw,PLN,0
POL,2018,1.81295156542679,588779796423.6954,37974750,15504.507506269178,9.648886067487297,0,1,PL,Poland,Europe,Eastern Europe,EU,Warsaw,PLN,0
POL,2019,2.227478809383,596058473058.7661,37965475,15700.0135796738,9.6614168562834,0,1,PL,Poland,Europe,Eastern Europe,EU,Warsaw,PLN,0
POL,2020,3.37446972618589,599442732365.372,37515748,15978.4294415607,9.678994931734298,0,1,PL,Poland,Europe,Eastern Europe,EU,Warsaw,PLN,0
POL,2021,5.05502704719272,681346077608.6073,36981559,18423.94144629239,9.82140626337413,0,1,PL,Poland,Europe,Eastern Europe,EU,Warsaw,PLN,0
POL,2022,14.4294507575758,689763329458.4408,36821749,18732.49772731982,9.838015140915614,1,1,PL,Poland,Europe,Eastern Europe,EU,Warsaw,PLN,0
POL,2023,11.5289127961105,811229100687.5663,36687353,22111.9550567621,10.00387369403829,1,1,PL,Poland,Europe,Eastern Europe,EU,Warsaw,PLN,0
POL,2024,3.7842600751287,,36559233,,,0,0,PL,Poland,Europe,Eastern Europe,EU,Warsaw,PLN,0
PRI,2013,,102450000000.0,3631427,28212.049973743106,10.247504469691279,,1,PR,Puerto Rico,Americas,Latin America and the Caribbean,NA,San Juan,USD,0
PRI,2014,,102445800000.0,3585017,28576.09880232088,10.260325941198275,,1,PR,Puerto Rico,Americas,Latin America and the Caribbean,NA,San Juan,USD,0
PRI,2015,,103375500000.0,3535167,29242.04146508496,10.283362728973948,,1,PR,Puerto Rico,Americas,Latin America and the Caribbean,NA,San Juan,USD,0
PRI,2016,,104336700000.0,3480432,29978.088926891833,10.308222024691233,,1,PR,Puerto Rico,Americas,Latin America and the Caribbean,NA,San Juan,USD,0
PRI,2017,,103445500000.0,3410837,30328.479490518017,10.319842467230714,,1,PR,Puerto Rico,Americas,Latin America and the Caribbean,NA,San Juan,USD,0
PRI,2018,,100958100000.0,3290690,30679.91819344879,10.331363589032032,,1,PR,Puerto Rico,Americas,Latin America and the Caribbean,NA,San Juan,USD,0
PRI,2019,,105126400000.0,3302691,31830.528499335844,10.368181123950293,,1,PR,Puerto Rico,Americas,Latin America and the Caribbean,NA,San Juan,USD,0
PRI,2020,,103130900000.0,3281590,31427.11307628314,10.35542627308431,,1,PR,Puerto Rico,Americas,Latin America and the Caribbean,NA,San Juan,USD,0
PRI,2021,,106426600000.0,3262711,32619.070460117367,10.39265237975787,,1,PR,Puerto Rico,Americas,Latin America and the Caribbean,NA,San Juan,USD,0
PRI,2022,,113567200000.0,3220137,35267.816245085225,10.470726105948511,,1,PR,Puerto Rico,Americas,Latin America and the Caribbean,NA,San Juan,USD,0
PRI,2023,,117902300000.0,3203792,36800.85973121851,10.513276486145502,,1,PR,Puerto Rico,Americas,Latin America and the Caribbean,NA,San Juan,USD,0
PRI,2024,,,3203295,,,,0,PR,Puerto Rico,Americas,Latin America and the Caribbean,NA,San Juan,USD,0
PRK,2013,,,25329451,,,,0,KP,Democratic People's Republic of Korea,Asia,Eastern Asia,AS,Pyongyang,KPW,0
PRK,2014,,,25451262,,,,0,KP,Democratic People's Republic of Korea,Asia,Eastern Asia,AS,Pyongyang,KPW,0
PRK,2015,,,25575350,,,,0,KP,Democratic People's Republic of Korea,Asia,Eastern Asia,AS,Pyongyang,KPW,0
PRK,2016,,,25698326,,,,0,KP,Democratic People's Republic of Korea,Asia,Eastern Asia,AS,Pyongyang,KPW,0
PRK,2017,,,25817709,,,,0,KP,Democratic People's Republic of Korea,Asia,Eastern Asia,AS,Pyongyang,KPW,0
PRK,2018,,,25931147,,,,0,KP,Democratic People's Republic of Korea,Asia,Eastern Asia,AS,Pyongyang,KPW,0
PRK,2019,,,26037632,,,,0,KP,Democratic People's Republic of Korea,Asia,Eastern Asia,AS,Pyongyang,KPW,0
PRK,2020,,,26136312,,,,0,KP,Democratic People's Republic of Korea,Asia,Eastern Asia,AS,Pyongyang,KPW,0
PRK,2021,,,26232534,,,,0,KP,Democratic People's Republic of Korea,Asia,Eastern Asia,AS,Pyongyang,KPW,0
PRK,2022,,,26328845,,,,0,KP,Democratic People's Republic of Korea,Asia,Eastern Asia,AS,Pyongyang,KPW,0
PRK,2023,,,26418204,,,,0,KP,Democratic People's Republic of Korea,Asia,Eastern Asia,AS,Pyongyang,KPW,0
PRK,2024,,,26498823,,,,0,KP,Democratic People's Republic of Korea,Asia,Eastern Asia,AS,Pyongyang,KPW,0
PRT,2013,0.274416666666663,226433858005.714,10457295,21653.195975222465,9.982908342638515,0,1,PT,Portugal,Europe,Southern Europe,EU,Lisbon,EUR,0
PRT,2014,-0.278153367467428,229901964221.88428,10401062,22103.700970332095,10.003500338206102,0,1,PT,Portugal,Europe,Southern Europe,EU,Lisbon,EUR,0
PRT,2015,0.48793862390472,199394066525.4401,10358076,19250.106537685195,9.86527187412582,0,1,PT,Portugal,Europe,Southern Europe,EU,Lisbon,EUR,0
PRT,2016,0.607397074641719,206426152308.93085,10325452,19991.972487880517,9.903086096357404,0,1,PT,Portugal,Europe,Southern Europe,EU,Lisbon,EUR,0
PRT,2017,1.36861411643472,221357874718.92975,10300300,21490.429863103964,9.975362992372935,0,1,PT,Portugal,Europe,Southern Europe,EU,Lisbon,EUR,0
PRT,2018,0.993715683468326,242313116577.9669,10283822,23562.554522819133,10.067414058153489,0,1,PT,Portugal,Europe,Southern Europe,EU,Lisbon,EUR,0
PRT,2019,0.338178410046034,239986922638.9016,10286263,23330.81728893201,10.05753039607492,0,1,PT,Portugal,Europe,Southern Europe,EU,Lisbon,EUR,0
PRT,2020,-0.0124383299575305,229031860520.77728,10297081,22242.406417971975,10.00975594475802,0,1,PT,Portugal,Europe,Southern Europe,EU,Lisbon,EUR,0
PRT,2021,1.26565719069044,255534839405.899,10361831,24661.166487457573,10.112985078416202,0,1,PT,Portugal,Europe,Southern Europe,EU,Lisbon,EUR,0
PRT,2022,7.83269124233323,255196659934.3784,10434332,24457.40272921912,10.10468821918861,0,1,PT,Portugal,Europe,Southern Europe,EU,Lisbon,EUR,0
PRT,2023,4.31128191898672,287080013574.4972,10578174,27138.90068120426,10.208723427085966,0,1,PT,Portugal,Europe,Southern Europe,EU,Lisbon,EUR,0
PRT,2024,2.41613187791884,,10694681,,,0,0,PT,Portugal,Europe,Southern Europe,EU,Lisbon,EUR,0
PRY,2013,2.68385738718582,38501122141.424126,5982445,6435.683427331823,8.769613319104476,0,1,PY,Paraguay,Americas,Latin America and the Caribbean,SA,Asuncion,PYG,0
PRY,2014,5.02882767456766,40377929295.64187,6069811,6652.254789422911,8.802711142258621,0,1,PY,Paraguay,Americas,Latin America and the Caribbean,SA,Asuncion,PYG,0
PRY,2015,3.12900274473925,36211447840.09714,6159103,5879.337923086712,8.679199436438525,0,1,PY,Paraguay,Americas,Latin America and the Caribbean,SA,Asuncion,PYG,0
PRY,2016,4.08682280577241,36089700222.946144,6249126,5775.159633994601,8.661321177258102,0,1,PY,Paraguay,Americas,Latin America and the Caribbean,SA,Asuncion,PYG,0
PRY,2017,3.60247741348943,38997129473.55579,6338660,6152.267115377034,8.72457592951744,0,1,PY,Paraguay,Americas,Latin America and the Caribbean,SA,Asuncion,PYG,0
PRY,2018,3.97561015740694,40225448340.63216,6427382,6258.449916409536,8.741687816244971,0,1,PY,Paraguay,Americas,Latin America and the Caribbean,SA,Asuncion,PYG,0
PRY,2019,2.75709727562775,37925338329.149445,6515058,5821.181995486371,8.669258612113062,0,1,PY,Paraguay,Americas,Latin America and the Caribbean,SA,Asuncion,PYG,0
PRY,2020,1.76751592356698,35432178068.18139,6603739,5365.472207211913,8.58773966744731,0,1,PY,Paraguay,Americas,Latin America and the Caribbean,SA,Asuncion,PYG,0
PRY,2021,4.787983101236,39950899938.74815,6684182,5976.931797899601,8.69566263800118,0,1,PY,Paraguay,Americas,Latin America and the Caribbean,SA,Asuncion,PYG,0
PRY,2022,9.76556667164402,41952910858.08456,6760464,6205.625953793195,8.733211571486015,0,1,PY,Paraguay,Americas,Latin America and the Caribbean,SA,Asuncion,PYG,0
PRY,2023,4.63202285403356,42956263543.948166,6844146,6276.351139199568,8.744544061809727,0,1,PY,Paraguay,Americas,Latin America and the Caribbean,SA,Asuncion,PYG,0
PRY,2024,3.83540271728533,,6929153,,,0,0,PY,Paraguay,Americas,Latin America and the Caribbean,SA,Asuncion,PYG,0
PSE,2013,1.72439933626931,13515500000.0,4076708,3315.2975390928173,8.106302653974637,0,1,PS,State of Palestine,Asia,Western Asia,AS,East Jerusalem,,0
PSE,2014,1.73298510037447,13989700000.0,4173398,3352.112595060428,8.117346051449651,0,1,PS,State of Palestine,Asia,Western Asia,AS,East Jerusalem,,0
PSE,2015,1.43161145810476,13972400000.0,4270092,3272.1543236070793,8.093203861526996,0,1,PS,State of Palestine,Asia,Western Asia,AS,East Jerusalem,,0
PSE,2016,-0.219106604907316,15405400000.0,4367088,3527.6138241317785,8.168376950855361,0,1,PS,State of Palestine,Asia,Western Asia,AS,East Jerusalem,,0
PSE,2017,0.212570934228881,16128000000.0,4454805,3620.3604871593707,8.194328881950074,0,1,PS,State of Palestine,Asia,Western Asia,AS,East Jerusalem,,0
PSE,2018,-0.195107773730735,16276600000.0,4569087,3562.3309427025574,8.178170368770914,0,1,PS,State of Palestine,Asia,Western Asia,AS,East Jerusalem,,0
PSE,2019,1.58018333639455,17133500000.0,4685306,3656.858271370109,8.20435966196225,0,1,PS,State of Palestine,Asia,Western Asia,AS,East Jerusalem,,0
PSE,2020,-0.735332001092191,15531700000.0,4803269,3233.5686383585844,8.08134164792549,0,1,PS,State of Palestine,Asia,Western Asia,AS,East Jerusalem,,0
PSE,2021,1.23748102831369,18109000000.0,4922749,3678.63565662194,8.210297216936711,0,1,PS,State of Palestine,Asia,Western Asia,AS,East Jerusalem,,0
PSE,2022,3.74122391852077,19165500000.0,5043612,3799.9552701516295,8.24274457463247,0,1,PS,State of Palestine,Asia,Western Asia,AS,East Jerusalem,,0
PSE,2023,5.87110177678988,17396300000.0,5165775,3367.606990238638,8.121957679194411,0,1,PS,State of Palestine,Asia,Western Asia,AS,East Jerusalem,,0
PSE,2024,,,5289152,,,,0,PS,State of Palestine,Asia,Western Asia,AS,East Jerusalem,,0
PYF,2013,,6031827122.606632,274728,21955.63292640951,9.996779010929618,,1,PF,French Polynesia,Oceania,Polynesia,OC,Papeete,XPF,0
PYF,2014,,6151996560.842894,276387,22258.632138425084,10.0104851736344,,1,PF,French Polynesia,Oceania,Polynesia,OC,Papeete,XPF,0
PYF,2015,,5325846361.811863,277866,19166.959476193068,9.86094321501941,,1,PF,French Polynesia,Oceania,Polynesia,OC,Papeete,XPF,0
PYF,2016,,5497036476.8031,279178,19690.077573458868,9.887870111364307,,1,PF,French Polynesia,Oceania,Polynesia,OC,Papeete,XPF,0
PYF,2017,,5833352692.799503,280087,20826.93124921722,9.944002199792477,,1,PF,French Polynesia,Oceania,Polynesia,OC,Papeete,XPF,0
PYF,2018,,6135116253.334518,279815,21925.616043938026,9.995410914630735,,1,PF,French Polynesia,Oceania,Polynesia,OC,Papeete,XPF,0
PYF,2019,,6022276196.13871,279034,21582.58920468011,9.97964221329609,,1,PF,French Polynesia,Oceania,Polynesia,OC,Papeete,XPF,0
PYF,2020,,5792545870.806137,279209,20746.272042828623,9.940121848931376,,1,PF,French Polynesia,Oceania,Polynesia,OC,Papeete,XPF,0
PYF,2021,,6150640646.383186,279792,21982.903894261402,9.998020334529672,,1,PF,French Polynesia,Oceania,Polynesia,OC,Papeete,XPF,0
PYF,2022,,5814661208.905444,280378,20738.649997166125,9.939754387917906,,1,PF,French Polynesia,Oceania,Polynesia,OC,Papeete,XPF,0
PYF,2023,,,281118,,,,0,PF,French Polynesia,Oceania,Polynesia,OC,Papeete,XPF,0
PYF,2024,,,281807,,,,0,PF,French Polynesia,Oceania,Polynesia,OC,Papeete,XPF,0
QAT,2013,3.22197756829293,198727642967.03296,1916426,103697.00837237282,11.549228544933332,0,1,QA,Qatar,Asia,Western Asia,AS,Doha,QAR,0
QAT,2014,3.34972085659523,206224598571.42856,2151745,95840.6310094498,11.470441997316017,0,1,QA,Qatar,Asia,Western Asia,AS,Doha,QAR,0
QAT,2015,1.8140772393776,161739955576.92307,2344557,68985.29469615073,11.141648640520387,0,1,QA,Qatar,Asia,Western Asia,AS,Doha,QAR,0
QAT,2016,2.6765917009819,151732181868.13187,2477113,61253.63754827974,11.022778515186886,0,1,QA,Qatar,Asia,Western Asia,AS,Doha,QAR,0
QAT,2017,0.394878914083005,161099122225.27472,2545820,63279.855694933154,11.055322322017526,0,1,QA,Qatar,Asia,Western Asia,AS,Doha,QAR,0
QAT,2018,0.255815382724408,183334953818.6813,2580734,71039.8490579352,11.170996252916261,0,1,QA,Qatar,Asia,Western Asia,AS,Doha,QAR,0
QAT,2019,-0.666641124861147,176371267692.30768,2638657,66841.30134849194,11.110076452126203,0,1,QA,Qatar,Asia,Western Asia,AS,Doha,QAR,0
QAT,2020,-2.5403150300476,144411363351.64835,2794148,51683.50543766771,10.852893965832388,0,1,QA,Qatar,Asia,Western Asia,AS,Doha,QAR,0
QAT,2021,2.30446565742003,179732009560.43954,2504910,71751.88312571691,11.180969378932048,0,1,QA,Qatar,Asia,Western Asia,AS,Doha,QAR,0
QAT,2022,4.99527553740761,235770403734.9,2657333,88724.44805935124,11.393290756693446,0,1,QA,Qatar,Asia,Western Asia,AS,Doha,QAR,0
QAT,2023,3.02764899198902,,2656032,,,0,0,QA,Qatar,Asia,Western Asia,AS,Doha,QAR,0
QAT,2024,1.26734310292375,,2857822,,,0,0,QA,Qatar,Asia,Western Asia,AS,Doha,QAR,0
ROU,2013,3.9847123554813,189789258566.2443,19983693,9497.206475612105,9.158752979147199,0,1,RO,Romania,Europe,Eastern Europe,EU,Bucharest,RON,0
ROU,2014,1.06830987684298,199713780259.3176,19908979,10031.342152669788,9.213469685829212,0,1,RO,Romania,Europe,Eastern Europe,EU,Bucharest,RON,0
ROU,2015,-0.594156437495203,177883883008.74738,19815616,8976.9544892648,9.10241596003957,0,1,RO,Romania,Europe,Eastern Europe,EU,Bucharest,RON,0
ROU,2016,-1.54479666813897,185287630540.43143,19702267,9404.38125929526,9.148930951085621,0,1,RO,Romania,Europe,Eastern Europe,EU,Bucharest,RON,0
ROU,2017,1.3390212110439,210147163769.8483,19588715,10727.970863318411,9.280609709010625,0,1,RO,Romania,Europe,Eastern Europe,EU,Bucharest,RON,0
ROU,2018,4.62548443137779,243316029944.056,19473970,12494.423578964947,9.433037710069275,0,1,RO,Romania,Europe,Eastern Europe,EU,Bucharest,RON,0
ROU,2019,3.82785432599438,251017797625.017,19371648,12957.999114221826,9.46946856865227,0,1,RO,Romania,Europe,Eastern Europe,EU,Bucharest,RON,0
ROU,2020,2.63107311184743,251362514349.69717,19265250,13047.456656399328,9.476348501526944,0,1,RO,Romania,Europe,Eastern Europe,EU,Bucharest,RON,0
ROU,2021,5.05232876096582,285810244501.93335,19122059,14946.624968677972,9.612240798728946,0,1,RO,Romania,Europe,Eastern Europe,EU,Bucharest,RON,0
ROU,2022,13.7954887432521,298891515898.0265,19048502,15691.077224761637,9.66084750014288,1,1,RO,Romania,Europe,Eastern Europe,EU,Bucharest,RON,0
ROU,2023,10.3971874764996,351002579629.6701,19061062,18414.63920686424,9.820901236336663,1,1,RO,Romania,Europe,Eastern Europe,EU,Bucharest,RON,0
ROU,2024,-4.5191101423114,,19051804,,,0,0,RO,Romania,Europe,Eastern Europe,EU,Bucharest,RON,0
RUS,2013,6.75371026220942,2292470078346.224,143805638,15941.447847449654,9.676677779301475,0,1,RU,Russian Federation,Europe,Eastern Europe,EU,Moscow,RUB,0
RUS,2014,7.82341183865513,2059241589895.015,144237223,14276.76952637264,9.566388986657774,0,1,RU,Russian Federation,Europe,Eastern Europe,EU,Moscow,RUB,0
RUS,2015,15.5344050528403,1363482182197.705,144640716,9426.683024700355,9.151299566634425,1,1,RU,Russian Federation,Europe,Eastern Europe,EU,Moscow,RUB,0
RUS,2016,7.04244762954799,1276786350881.137,145015460,8804.484369329566,9.083016458094534,0,1,RU,Russian Federation,Europe,Eastern Europe,EU,Moscow,RUB,0
RUS,2017,3.68332944412233,1574199360089.0022,145293260,10834.634449588386,9.290503175476854,0,1,RU,Russian Federation,Europe,Eastern Europe,EU,Moscow,RUB,0
RUS,2018,2.87829723647884,1657328773461.3062,145398106,11398.558200347576,9.341242152730398,0,1,RU,Russian Federation,Europe,Eastern Europe,EU,Moscow,RUB,0
RUS,2019,4.47036660760173,1693115002708.3157,145453291,11640.266033639044,9.362225576147884,0,1,RU,Russian Federation,Europe,Eastern Europe,EU,Moscow,RUB,0
RUS,2020,3.38165937237898,1493075894362.1426,145245148,10279.695500479937,9.237925917994577,0,1,RU,Russian Federation,Europe,Eastern Europe,EU,Moscow,RUB,0
RUS,2021,6.69445891957612,1843392293734.3777,144746762,12735.29209402541,9.452132323469755,0,1,RU,Russian Federation,Europe,Eastern Europe,EU,Moscow,RUB,0
RUS,2022,,2266029240645.338,144236933,15710.46467443493,9.66208230907035,,1,RU,Russian Federation,Europe,Eastern Europe,EU,Moscow,RUB,0
RUS,2023,,2021421476035.417,143826130,14054.619115701833,9.550706383414687,,1,RU,Russian Federation,Europe,Eastern Europe,EU,Moscow,RUB,0
RUS,2024,,,143533851,,,,0,RU,Russian Federation,Europe,Eastern Europe,EU,Moscow,RUB,0
RWA,2013,5.92426867984854,7819963627.141081,11093340,704.9241821796754,6.558090254021552,0,1,RW,Rwanda,Africa,Sub-Saharan Africa,AF,Kigali,RWF,1
RWA,2014,2.35449052820358,8238966247.180328,11364757,724.9575373393666,6.586113083952353,0,1,RW,Rwanda,Africa,Sub-Saharan Africa,AF,Kigali,RWF,1
RWA,2015,2.52850284192421,8543759088.577828,11640022,733.9985344166728,6.598507031904992,0,1,RW,Rwanda,Africa,Sub-Saharan Africa,AF,Kigali,RWF,1
RWA,2016,7.17434301982009,8695272095.385021,11919183,729.5191369563687,6.592385600595279,0,1,RW,Rwanda,Africa,Sub-Saharan Africa,AF,Kigali,RWF,1
RWA,2017,8.27953672260832,9252834120.39358,12202060,758.3009852757305,6.631080385027858,0,1,RW,Rwanda,Africa,Sub-Saharan Africa,AF,Kigali,RWF,1
RWA,2018,-0.311210160390699,9637904552.51428,12487996,771.773513741859,6.648691130999576,0,1,RW,Rwanda,Africa,Sub-Saharan Africa,AF,Kigali,RWF,1
RWA,2019,3.34787655037648,10349299855.840408,12776103,810.0513791913237,6.697097676755217,0,1,RW,Rwanda,Africa,Sub-Saharan Africa,AF,Kigali,RWF,1
RWA,2020,9.85039902274207,10174387614.255816,13065837,778.701556911801,6.657627861954,0,1,RW,Rwanda,Africa,Sub-Saharan Africa,AF,Kigali,RWF,1
RWA,2021,-0.391346748300791,11069280277.00701,13355260,828.8330048989693,6.720018693225558,0,1,RW,Rwanda,Africa,Sub-Saharan Africa,AF,Kigali,RWF,1
RWA,2022,17.6892095588153,13316160803.518717,13651030,975.4693091670531,6.8829186979250325,1,1,RW,Rwanda,Africa,Sub-Saharan Africa,AF,Kigali,RWF,1
RWA,2023,19.789546746467,14097768647.66952,13954471,1010.2689415936669,6.917971853195007,1,1,RW,Rwanda,Africa,Sub-Saharan Africa,AF,Kigali,RWF,1
RWA,2024,1.77029240198635,,14256567,,,0,0,RW,Rwanda,Africa,Sub-Saharan Africa,AF,Kigali,RWF,1
SAU,2013,3.53252470694918,753864533333.3334,27624004,27290.197805261443,10.214282861945131,0,1,SA,Saudi Arabia,Asia,Western Asia,AS,Riyadh,SAR,0
SAU,2014,2.23629031536978,766605866666.6666,28309273,27079.673387114766,10.206538665916355,0,1,SA,Saudi Arabia,Asia,Western Asia,AS,Riyadh,SAR,0
SAU,2015,1.20607322150109,669484266666.6666,29816382,22453.571552265013,10.01920496970481,0,1,SA,Saudi Arabia,Asia,Western Asia,AS,Riyadh,SAR,0
SAU,2016,2.06884036053473,666000000000.0,30954198,21515.660008377537,9.97653632146393,0,1,SA,Saudi Arabia,Asia,Western Asia,AS,Riyadh,SAR,0
SAU,2017,-0.838194579675018,714994666666.6666,30977355,23081.204533655848,10.04677390876003,0,1,SA,Saudi Arabia,Asia,Western Asia,AS,Riyadh,SAR,0
SAU,2018,2.45814158007532,846583733333.3334,30196281,28036.026467409458,10.241245621670613,0,1,SA,Saudi Arabia,Asia,Western Asia,AS,Riyadh,SAR,0
SAU,2019,-2.09333333333329,838564800000.0,30063799,27892.8421521179,10.2361253812064,0,1,SA,Saudi Arabia,Asia,Western Asia,AS,Riyadh,SAR,0
SAU,2020,3.44545825956692,734271200000.0,31552510,23271.40376470842,10.054980579561013,0,1,SA,Saudi Arabia,Asia,Western Asia,AS,Riyadh,SAR,0
SAU,2021,3.06328988941547,874156000000.0,30784383,28396.086418233557,10.25400661247883,0,1,SA,Saudi Arabia,Asia,Western Asia,AS,Riyadh,SAR,0
SAU,2022,2.4740737192537,1108571466666.6667,32175224,34454.19577084115,10.44738606208343,0,1,SA,Saudi Arabia,Asia,Western Asia,AS,Riyadh,SAR,0
SAU,2023,2.32708518362692,1067582933333.3334,33702731,31676.451778739633,10.363328837721953,0,1,SA,Saudi Arabia,Asia,Western Asia,AS,Riyadh,SAR,0
SAU,2024,1.68792112375817,,35300280,,,0,0,SA,Saudi Arabia,Asia,Western Asia,AS,Riyadh,SAR,0
SDN,2013,36.5223449139154,43024018082.19178,37785849,1138.6277990522797,7.037579131335993,1,1,SD,Sudan,Africa,Northern Africa,AF,Khartoum,SDG,1
SDN,2014,36.9066427863595,49516748617.97752,38823318,1275.4383491379465,7.151045201751181,1,1,SD,Sudan,Africa,Northern Africa,AF,Khartoum,SDG,1
SDN,2015,16.9095706050977,51726758676.76768,40024431,1292.3796137605973,7.164240459886439,1,1,SD,Sudan,Africa,Northern Africa,AF,Khartoum,SDG,1
SDN,2016,17.750253831196,42630376000.0,41259892,1033.2158891739223,6.940431439707697,1,1,SD,Sudan,Africa,Northern Africa,AF,Khartoum,SDG,1
SDN,2017,32.3516260968437,41283617976.19048,42714306,966.5056474566269,6.873687141835274,1,1,SD,Sudan,Africa,Northern Africa,AF,Khartoum,SDG,1
SDN,2018,63.2925073455888,32333780383.29238,44230596,731.0274630550396,6.594451028202816,1,1,SD,Sudan,Africa,Northern Africa,AF,Khartoum,SDG,1
SDN,2019,50.9940515002965,32338079165.289257,45548175,709.9752990166842,6.565230179312825,1,1,SD,Sudan,Africa,Northern Africa,AF,Khartoum,SDG,1
SDN,2020,163.257782355458,27034593750.0,46789231,577.7952142449188,6.359219505278759,1,1,SD,Sudan,Africa,Northern Africa,AF,Khartoum,SDG,1
SDN,2021,359.093040778999,34229513774.993607,48066924,712.1219942219229,6.568249236934251,1,1,SD,Sudan,Africa,Northern Africa,AF,Khartoum,SDG,1
SDN,2022,138.80846024176,51666875363.0963,49383346,1046.2408797309176,6.9529589046626255,1,1,SD,Sudan,Africa,Northern Africa,AF,Khartoum,SDG,1
SDN,2023,,109327023588.7324,50042791,2184.67078682187,7.689220426531137,,1,SD,Sudan,Africa,Northern Africa,AF,Khartoum,SDG,1
SDN,2024,,,50448963,,,,0,SD,Sudan,Africa,Northern Africa,AF,Khartoum,SDG,1
SEN,2013,0.710245486695272,18918667724.881683,13710849,1379.831965539237,7.229717006635398,0,1,SN,Senegal,Africa,Sub-Saharan Africa,AF,Dakar,XOF,1
SEN,2014,-1.09025507446895,19797253440.267918,14152102,1398.891376013819,7.243435327629455,0,1,SN,Senegal,Africa,Sub-Saharan Africa,AF,Dakar,XOF,1
SEN,2015,0.13521193363526,17774766696.175896,14593331,1218.0061355543774,7.1049704856581215,0,1,SN,Senegal,Africa,Sub-Saharan Africa,AF,Dakar,XOF,1
SEN,2016,0.837284942557434,19040312333.186382,15034521,1266.439571515872,7.143964755327411,0,1,SN,Senegal,Africa,Sub-Saharan Africa,AF,Dakar,XOF,1
SEN,2017,1.3181531484778,20996562943.59792,15475002,1356.8051844903102,7.212888086146427,0,1,SN,Senegal,Africa,Sub-Saharan Africa,AF,Dakar,XOF,1
SEN,2018,0.460985642464282,23116701556.138107,15914498,1452.556125624453,7.281080128684836,0,1,SN,Senegal,Africa,Sub-Saharan Africa,AF,Dakar,XOF,1
SEN,2019,1.76011151192938,23403995992.13541,16352922,1431.181289321591,7.266255458689257,0,1,SN,Senegal,Africa,Sub-Saharan Africa,AF,Dakar,XOF,1
SEN,2020,2.54314685681652,24530513037.751846,16789219,1461.087203505526,7.28693609751603,0,1,SN,Senegal,Africa,Sub-Saharan Africa,AF,Dakar,XOF,1
SEN,2021,2.18032278088147,27520784129.750805,17220867,1598.1067695227428,7.376574938564034,0,1,SN,Senegal,Africa,Sub-Saharan Africa,AF,Dakar,XOF,1
SEN,2022,9.69681899081073,27619479059.613056,17651103,1564.7452207158417,7.3554782914565395,0,1,SN,Senegal,Africa,Sub-Saharan Africa,AF,Dakar,XOF,1
SEN,2023,5.93947798773215,31013986429.186054,18077573,1715.6056528819468,7.447521447625608,0,1,SN,Senegal,Africa,Sub-Saharan Africa,AF,Dakar,XOF,1
SEN,2024,,,18501984,,,,0,SN,Senegal,Africa,Sub-Saharan Africa,AF,Dakar,XOF,1
SGP,2013,2.35860415399832,307576360584.9916,5399162,56967.42579403833,10.950234906163724,0,1,SG,Singapore,Asia,South-eastern Asia,AS,Singapore,SGD,0
SGP,2014,1.02514803039391,314863580758.45465,5469724,57564.80231149774,10.960666588923074,0,1,SG,Singapore,Asia,South-eastern Asia,AS,Singapore,SGD,0
SGP,2015,-0.522618167075298,307998545269.39795,5535002,55645.60686146057,10.92675841129577,0,1,SG,Singapore,Asia,South-eastern Asia,AS,Singapore,SGD,0
SGP,2016,-0.532268739716253,319053943915.0054,5607283,56899.91818051726,10.949049182161144,0,1,SG,Singapore,Asia,South-eastern Asia,AS,Singapore,SGD,0
SGP,2017,0.576260310166349,343257164581.71155,5612253,61162.097393277094,11.02128295300105,0,1,SG,Singapore,Asia,South-eastern Asia,AS,Singapore,SGD,0
SGP,2018,0.43862011844684,376892697588.00507,5638676,66840.63733897905,11.110066517956794,0,1,SG,Singapore,Asia,South-eastern Asia,AS,Singapore,SGD,0
SGP,2019,0.565260568780326,376901649222.4508,5703569,66081.71992351646,11.09864743575439,0,1,SG,Singapore,Asia,South-eastern Asia,AS,Singapore,SGD,0
SGP,2020,-0.181916666666634,349488382610.662,5685807,61466.80367635799,11.02625253044203,0,1,SG,Singapore,Asia,South-eastern Asia,AS,Singapore,SGD,0
SGP,2021,2.30485959040484,434111559282.8491,5453566,79601.41296224325,11.284787122456882,0,1,SG,Singapore,Asia,South-eastern Asia,AS,Singapore,SGD,0
SGP,2022,6.12106004039418,498474540987.7802,5637022,88428.70242262319,11.389951883964704,0,1,SG,Singapore,Asia,South-eastern Asia,AS,Singapore,SGD,0
SGP,2023,4.82146729476466,501427500080.0585,5917648,84734.25592060536,11.347275237136841,0,1,SG,Singapore,Asia,South-eastern Asia,AS,Singapore,SGD,0
SGP,2024,2.36645846996694,,6036860,,,0,0,SG,Singapore,Asia,South-eastern Asia,AS,Singapore,SGD,0
SLB,2013,5.3913638858756,1285911586.1320012,594945,2161.3957359621495,7.678509466054197,0,1,SB,Solomon Islands,Oceania,Melanesia,OC,Honiara,SBD,1
SLB,2014,5.16590237925171,1335571420.7267592,616908,2164.9442392168025,7.680149884546851,0,1,SB,Solomon Islands,Oceania,Melanesia,OC,Honiara,SBD,1
SLB,2015,-0.57446928635949,1307909887.5521195,639415,2045.478894852513,7.623387219473405,0,1,SB,Solomon Islands,Oceania,Melanesia,OC,Honiara,SBD,1
SLB,2016,0.512485626268792,1379490304.2253969,662379,2082.629890478709,7.641386744474653,0,1,SB,Solomon Islands,Oceania,Melanesia,OC,Honiara,SBD,1
SLB,2017,0.488686760261083,1469789119.087556,685672,2143.5746524395863,7.670230112788507,0,1,SB,Solomon Islands,Oceania,Melanesia,OC,Honiara,SBD,1
SLB,2018,3.46147484973729,1615478393.286141,709101,2278.2063391338343,7.7311437189805226,0,1,SB,Solomon Islands,Oceania,Melanesia,OC,Honiara,SBD,1
SLB,2019,1.63485544012247,1619155017.392397,728147,2223.6650255956515,7.706912026038878,0,1,SB,Solomon Islands,Oceania,Melanesia,OC,Honiara,SBD,1
SLB,2020,2.96354992076065,1536145814.1700656,744498,2063.331015221083,7.632076953530619,0,1,SB,Solomon Islands,Oceania,Melanesia,OC,Honiara,SBD,1
SLB,2021,-0.115437894412839,1522794913.091401,762591,1996.8697677934845,7.599336117365151,0,1,SB,Solomon Islands,Oceania,Melanesia,OC,Honiara,SBD,1
SLB,2022,5.51812928576938,1566360686.106321,781066,2005.4139933197978,7.603605798885265,0,1,SB,Solomon Islands,Oceania,Melanesia,OC,Honiara,SBD,1
SLB,2023,5.88585897042164,1631286701.1151562,800005,2039.0956320462449,7.620261670919563,0,1,SB,Solomon Islands,Oceania,Melanesia,OC,Honiara,SBD,1
SLB,2024,,,819198,,,,0,SB,Solomon Islands,Oceania,Melanesia,OC,Honiara,SBD,1
SLE,2013,5.52412877994266,4920343316.870933,6714051,732.8427080567205,6.5969310923067574,0,1,SL,Sierra Leone,Africa,Sub-Saharan Africa,AF,Freetown,SLE,1
SLE,2014,4.63931171409667,5015180725.341599,6876385,729.333905146614,6.592131658895321,0,1,SL,Sierra Leone,Africa,Sub-Saharan Africa,AF,Freetown,SLE,1
SLE,2015,6.68943562498681,4252029353.821908,7037655,604.1826934997393,6.403876624880863,0,1,SL,Sierra Leone,Africa,Sub-Saharan Africa,AF,Freetown,SLE,1
SLE,2016,10.8860609413903,3862721266.021616,7205328,536.0923563815021,6.284306452909617,1,1,SL,Sierra Leone,Africa,Sub-Saharan Africa,AF,Freetown,SLE,1
SLE,2017,18.2215094003386,3719443418.261553,7379299,504.037499803376,6.222650669675279,1,1,SL,Sierra Leone,Africa,Sub-Saharan Africa,AF,Freetown,SLE,1
SLE,2018,16.0295447693699,4085114387.556054,7554563,540.7479410200239,6.292953257188422,1,1,SL,Sierra Leone,Africa,Sub-Saharan Africa,AF,Freetown,SLE,1
SLE,2019,14.8049990906021,4076578698.791073,7731991,527.2353134905451,6.267646964045457,1,1,SL,Sierra Leone,Africa,Sub-Saharan Africa,AF,Freetown,SLE,1
SLE,2020,13.4468711101052,4062906265.733205,7912558,513.4757009974783,6.241202707893523,1,1,SL,Sierra Leone,Africa,Sub-Saharan Africa,AF,Freetown,SLE,1
SLE,2021,11.8739588840234,4249234704.01866,8094602,524.946711897467,6.263296756292352,1,1,SL,Sierra Leone,Africa,Sub-Saharan Africa,AF,Freetown,SLE,1
SLE,2022,27.2082883814653,4094563859.435564,8276807,494.70331486955826,6.203958218978462,1,1,SL,Sierra Leone,Africa,Sub-Saharan Africa,AF,Freetown,SLE,1
SLE,2023,47.6428733253179,3809832236.959593,8460512,450.3075271283337,6.109930742975799,1,1,SL,Sierra Leone,Africa,Sub-Saharan Africa,AF,Freetown,SLE,1
SLE,2024,28.6337500014115,,8642022,,,1,0,SL,Sierra Leone,Africa,Sub-Saharan Africa,AF,Freetown,SLE,1
SLV,2013,0.757669184522973,21990960000.0,6138839,3582.266940051694,8.183751102471481,0,1,SV,El Salvador,Americas,Latin America and the Caribbean,NA,San Salvador,"SVC,USD",0
SLV,2014,1.14134467538233,22593470000.0,6162955,3666.012489138733,8.206859835142001,0,1,SV,El Salvador,Americas,Latin America and the Caribbean,NA,San Salvador,"SVC,USD",0
SLV,2015,-0.731384487387957,23438240000.0,6183676,3790.3408910816156,8.24021123890809,0,1,SV,El Salvador,Americas,Latin America and the Caribbean,NA,San Salvador,"SVC,USD",0
SLV,2016,0.60404908699661,24191430000.0,6200800,3901.3401496581087,8.269075401208582,0,1,SV,El Salvador,Americas,Latin America and the Caribbean,NA,San Salvador,"SVC,USD",0
SLV,2017,1.0123540331558,24979190000.0,6213533,4020.1267137391883,8.29906870194694,0,1,SV,El Salvador,Americas,Latin America and the Caribbean,NA,San Salvador,"SVC,USD",0
SLV,2018,1.09033000581892,26020850000.0,6219807,4183.546209713581,8.338914541381255,0,1,SV,El Salvador,Americas,Latin America and the Caribbean,NA,San Salvador,"SVC,USD",0
SLV,2019,0.0753241350024612,26881140000.0,6222318,4320.116715346275,8.371037698314458,0,1,SV,El Salvador,Americas,Latin America and the Caribbean,NA,San Salvador,"SVC,USD",0
SLV,2020,-0.371590212324095,24921190000.0,6234673,3997.192795837087,8.29334759268367,0,1,SV,El Salvador,Americas,Latin America and the Caribbean,NA,San Salvador,"SVC,USD",0
SLV,2021,3.46692585313082,29043140000.0,6255782,4642.607431013421,8.443031433726683,0,1,SV,El Salvador,Americas,Latin America and the Caribbean,NA,San Salvador,"SVC,USD",0
SLV,2022,7.19861615609867,31988920000.0,6280319,5093.518338797759,8.535724096455123,0,1,SV,El Salvador,Americas,Latin America and the Caribbean,NA,San Salvador,"SVC,USD",0
SLV,2023,4.04554694222477,34015620000.000004,6309624,5391.069261813383,8.592499023043667,0,1,SV,El Salvador,Americas,Latin America and the Caribbean,NA,San Salvador,"SVC,USD",0
SLV,2024,0.853782292567288,,6338193,,,0,0,SV,El Salvador,Americas,Latin America and the Caribbean,NA,San Salvador,"SVC,USD",0
SMR,2013,1.60439298078082,1678741201.5730956,33041,50807.8206341544,10.835805571208795,0,1,SM,San Marino,Europe,Southern Europe,EU,San Marino,EUR,0
SMR,2014,1.11296303373851,1673910988.24105,32655,51260.48042385699,10.84467537216944,0,1,SM,San Marino,Europe,Southern Europe,EU,San Marino,EUR,0
SMR,2015,0.145686073241066,1419400403.8278778,32897,43146.803776267676,10.672363621375673,0,1,SM,San Marino,Europe,Southern Europe,EU,San Marino,EUR,0
SMR,2016,0.644075340346552,1468342430.7393022,33101,44359.458346856656,10.700081230994279,0,1,SM,San Marino,Europe,Southern Europe,EU,San Marino,EUR,0
SMR,2017,1.01413313194508,1528621195.4831986,33825,45192.0530815432,10.718676533582723,0,1,SM,San Marino,Europe,Southern Europe,EU,San Marino,EUR,0
SMR,2018,1.16333522293158,1655354303.8699796,34522,47950.70690776837,10.777928822804965,0,1,SM,San Marino,Europe,Southern Europe,EU,San Marino,EUR,0
SMR,2019,0.472651967352852,1616188702.3396394,34663,46625.75952282374,10.749908446847188,0,1,SM,San Marino,Europe,Southern Europe,EU,San Marino,EUR,0
SMR,2020,-0.133368898372915,1541247883.9935052,34770,44326.94518244191,10.699348014524167,0,1,SM,San Marino,Europe,Southern Europe,EU,San Marino,EUR,0
SMR,2021,1.61551411551421,1855382833.1164992,34252,54168.59842101189,10.899856654605047,0,1,SM,San Marino,Europe,Southern Europe,EU,San Marino,EUR,0
SMR,2022,5.32545321311365,,33755,,,0,0,SM,San Marino,Europe,Southern Europe,EU,San Marino,EUR,0
SMR,2023,5.93190858629403,,33860,,,0,0,SM,San Marino,Europe,Southern Europe,EU,San Marino,EUR,0
SMR,2024,1.24216507945569,,33977,,,0,0,SM,San Marino,Europe,Southern Europe,EU,San Marino,EUR,0
SOM,2013,,5836021227.475967,12869594,453.47360821763044,6.1169370720902645,,1,SO,Somalia,Africa,Sub-Saharan Africa,AF,Mogadishu,SOS,1
SOM,2014,,6537360532.643586,13339491,490.0757107331596,6.194559890869295,,1,SO,Somalia,Africa,Sub-Saharan Africa,AF,Mogadishu,SOS,1
SOM,2015,,6984947145.095078,13806963,505.9003305140369,6.226339674616588,,1,SO,Somalia,Africa,Sub-Saharan Africa,AF,Mogadishu,SOS,1
SOM,2016,,7390796616.528166,14348740,515.0833185720952,6.244328671213312,,1,SO,Somalia,Africa,Sub-Saharan Africa,AF,Mogadishu,SOS,1
SOM,2017,,8252394373.296979,14916629,553.2345393384107,6.315782033377397,,1,SO,Somalia,Africa,Sub-Saharan Africa,AF,Mogadishu,SOS,1
SOM,2018,,8278212314.40466,15452487,535.7203869127773,6.283612358748141,,1,SO,Somalia,Africa,Sub-Saharan Africa,AF,Mogadishu,SOS,1
SOM,2019,,9420431258.247469,16030971,587.6394672691672,6.376113608941961,,1,SO,Somalia,Africa,Sub-Saharan Africa,AF,Mogadishu,SOS,1
SOM,2020,,9204140383.17612,16651191,552.7616843249303,6.314926958048614,,1,SO,Somalia,Africa,Sub-Saharan Africa,AF,Mogadishu,SOS,1
SOM,2021,,9838711529.458475,17271431,569.6523657743516,6.345026290166927,,1,SO,Somalia,Africa,Sub-Saharan Africa,AF,Mogadishu,SOS,1
SOM,2022,,10419541202.0391,17801897,585.3051055198837,6.372133259170259,,1,SO,Somalia,Africa,Sub-Saharan Africa,AF,Mogadishu,SOS,1
SOM,2023,,11679800110.152267,18358615,636.2026825091255,6.455517195761868,,1,SO,Somalia,Africa,Sub-Saharan Africa,AF,Mogadishu,SOS,1
SOM,2024,,,19009151,,,,0,SO,Somalia,Africa,Sub-Saharan Africa,AF,Mogadishu,SOS,1
SRB,2013,7.69426362896655,48394239474.67616,7166553,6752.791680278673,8.817711280628512,0,1,RS,Serbia,Europe,Southern Europe,EU,Belgrade,RSD,0
SRB,2014,2.08244793880154,47062202418.88643,7131787,6598.935500862046,8.794663627258075,0,1,RS,Serbia,Europe,Southern Europe,EU,Belgrade,RSD,0
SRB,2015,1.39235822000187,39655949731.381615,7095383,5588.979443587698,8.628551981250355,0,1,RS,Serbia,Europe,Southern Europe,EU,Belgrade,RSD,0
SRB,2016,1.12231397417769,40692661657.284,7058322,5765.203352480094,8.659595705711604,0,1,RS,Serbia,Europe,Southern Europe,EU,Belgrade,RSD,0
SRB,2017,3.13106248590115,44179075778.92674,7020858,6292.5465490010965,8.747121124519033,0,1,RS,Serbia,Europe,Southern Europe,EU,Belgrade,RSD,0
SRB,2018,1.95984076293801,50640662859.498726,6982604,7252.403667671649,8.88908823326986,0,1,RS,Serbia,Europe,Southern Europe,EU,Belgrade,RSD,0
SRB,2019,1.84922984511086,51514242938.67344,6945235,7417.206608368679,8.911557797404765,0,1,RS,Serbia,Europe,Southern Europe,EU,Belgrade,RSD,0
SRB,2020,1.57553290083415,53356484591.43781,6899126,7733.803468937633,8.953356060535556,0,1,RS,Serbia,Europe,Southern Europe,EU,Belgrade,RSD,0
SRB,2021,4.08510285335102,63101042897.70703,6834326,9232.957704637887,9.130534720871623,0,1,RS,Serbia,Europe,Southern Europe,EU,Belgrade,RSD,0
SRB,2022,11.9815117344703,63563410720.70927,6664449,9537.684318795038,9.163006001098768,1,1,RS,Serbia,Europe,Southern Europe,EU,Belgrade,RSD,0
SRB,2023,12.3719043552519,75187125426.73755,6623183,11352.113542195279,9.337159220745045,1,1,RS,Serbia,Europe,Southern Europe,EU,Belgrade,RSD,0
SRB,2024,4.6705297488997,,6586476,,,0,0,RS,Serbia,Europe,Southern Europe,EU,Belgrade,RSD,0
SSD,2013,-0.0580909784225664,18426469016.94915,11166275,1650.1894335352792,7.408645368507869,0,1,SS,South Sudan,Africa,Sub-Saharan Africa,AF,Juba,SSP,1
SSD,2014,1.67429906295525,13962212847.457626,11235073,1242.7345018103244,7.1250694740141585,0,1,SS,South Sudan,Africa,Sub-Saharan Africa,AF,Juba,SSP,1
SSD,2015,52.7663304192142,11997800760.224182,11107561,1080.1471862476544,6.984852594395147,1,1,SS,South Sudan,Africa,Sub-Saharan Africa,AF,Juba,SSP,1
SSD,2016,379.999585624026,,10830102,,,1,0,SS,South Sudan,Africa,Sub-Saharan Africa,AF,Juba,SSP,1
SSD,2017,187.851630279442,,10259154,,,1,0,SS,South Sudan,Africa,Sub-Saharan Africa,AF,Juba,SSP,1
SSD,2018,83.5015294921999,,10122977,,,1,0,SS,South Sudan,Africa,Sub-Saharan Africa,AF,Juba,SSP,1
SSD,2019,87.2413641500033,,10423384,,,1,0,SS,South Sudan,Africa,Sub-Saharan Africa,AF,Juba,SSP,1
SSD,2020,29.6758435538571,,10698467,,,1,0,SS,South Sudan,Africa,Sub-Saharan Africa,AF,Juba,SSP,1
SSD,2021,10.5167158294359,,10865780,,,1,0,SS,South Sudan,Africa,Sub-Saharan Africa,AF,Juba,SSP,1
SSD,2022,-6.68732094212672,,11021177,,,0,0,SS,South Sudan,Africa,Sub-Saharan Africa,AF,Juba,SSP,1
SSD,2023,2.38280434813759,,11483374,,,0,0,SS,South Sudan,Africa,Sub-Saharan Africa,AF,Juba,SSP,1
SSD,2024,,,11943408,,,,0,SS,South Sudan,Africa,Sub-Saharan Africa,AF,Juba,SSP,1
STP,2013,8.10583270875476,267041747.58435395,193148,1382.5757842916,7.231703548741551,0,1,ST,Sao Tome and Principe,Africa,Sub-Saharan Africa,AF,Sao Tome,STN,1
STP,2014,6.99849943966421,293119143.24682474,196767,1489.67633417608,7.306314149957473,0,1,ST,Sao Tome and Principe,Africa,Sub-Saharan Africa,AF,Sao Tome,STN,1
STP,2015,5.24587835022454,259999643.04738805,200291,1298.1094659639627,7.168664228040886,0,1,ST,Sao Tome and Principe,Africa,Sub-Saharan Africa,AF,Sao Tome,STN,1
STP,2016,5.43051966119156,292267272.1969252,203689,1434.8701805052076,7.268829657554483,0,1,ST,Sao Tome and Principe,Africa,Sub-Saharan Africa,AF,Sao Tome,STN,1
STP,2017,5.6902961992902,322002845.2293353,206970,1555.794778128885,7.349741805377328,0,1,ST,Sao Tome and Principe,Africa,Sub-Saharan Africa,AF,Sao Tome,STN,1
STP,2018,7.86859628873909,383717327.8305078,210187,1825.5997175396567,7.509663824385876,0,1,ST,Sao Tome and Principe,Africa,Sub-Saharan Africa,AF,Sao Tome,STN,1
STP,2019,7.72024525213248,412976064.479214,213392,1935.2930966447384,7.56801406512752,0,1,ST,Sao Tome and Principe,Africa,Sub-Saharan Africa,AF,Sao Tome,STN,1
STP,2020,9.81932791540146,471229484.6071443,217435,2167.220017969252,7.681200527517287,0,1,ST,Sao Tome and Principe,Africa,Sub-Saharan Africa,AF,Sao Tome,STN,1
STP,2021,8.13777038378732,524402450.75561225,221961,2362.5882508891755,7.7675130135439465,0,1,ST,Sao Tome and Principe,Africa,Sub-Saharan Africa,AF,Sao Tome,STN,1
STP,2022,18.0056351122841,542686976.4575872,226305,2398.033523154978,7.7824043151206785,1,1,ST,Sao Tome and Principe,Africa,Sub-Saharan Africa,AF,Sao Tome,STN,1
STP,2023,21.2589138473,603240748.9542067,230871,2612.8909605546246,7.868212535049688,1,1,ST,Sao Tome and Principe,Africa,Sub-Saharan Africa,AF,Sao Tome,STN,1
STP,2024,,,235536,,,,0,ST,Sao Tome and Principe,Africa,Sub-Saharan Africa,AF,Sao Tome,STN,1
SUR,2013,1.92343604108305,5145757575.757576,569020,9043.192815292216,9.109767578562511,0,1,SR,Suriname,Americas,Latin America and the Caribbean,SA,Paramaribo,SRD,0
SUR,2014,3.38341272749477,5240606060.606061,575373,9108.189054067641,9.116929183892632,0,1,SR,Suriname,Americas,Latin America and the Caribbean,SA,Paramaribo,SRD,0
SUR,2015,6.89390359168238,5126237646.220717,581627,8813.61705392067,9.084053196979129,0,1,SR,Suriname,Americas,Latin America and the Caribbean,SA,Paramaribo,SRD,0
SUR,2016,55.4123879763196,3317421648.0991807,587757,5644.2061057531955,8.638384829980152,1,1,SR,Suriname,Americas,Latin America and the Caribbean,SA,Paramaribo,SRD,0
SUR,2017,21.9969430173304,3591679430.999881,593713,6049.521285536751,8.70773442153667,1,1,SR,Suriname,Americas,Latin America and the Caribbean,SA,Paramaribo,SRD,0
SUR,2018,,3996198866.574535,599513,6665.741804722391,8.80473652495258,,1,SR,Suriname,Americas,Latin America and the Caribbean,SA,Paramaribo,SRD,0
SUR,2019,,4016040575.0879593,605768,6629.667752486033,8.799309969177019,,1,SR,Suriname,Americas,Latin America and the Caribbean,SA,Paramaribo,SRD,0
SUR,2020,34.889784309078,2911807496.2022653,612317,4755.392217106932,8.467034456773764,1,1,SR,Suriname,Americas,Latin America and the Caribbean,SA,Paramaribo,SRD,0
SUR,2021,59.1196626251977,3081401725.888325,617896,4986.926158914001,8.514574998721844,1,1,SR,Suriname,Americas,Latin America and the Caribbean,SA,Paramaribo,SRD,0
SUR,2022,52.446027276241,3620987993.326366,623164,5810.650155218154,8.667447746376727,1,1,SR,Suriname,Americas,Latin America and the Caribbean,SA,Paramaribo,SRD,0
SUR,2023,51.5873159600861,3782437296.0432286,628886,6014.503894256238,8.701929146911885,1,1,SR,Suriname,Americas,Latin America and the Caribbean,SA,Paramaribo,SRD,0
SUR,2024,16.2296159130279,,634431,,,1,0,SR,Suriname,Americas,Latin America and the Caribbean,SA,Paramaribo,SRD,0
SVK,2013,1.40047368963025,98935222174.86028,5413393,18276.009551654624,9.813344525316786,0,1,SK,Slovakia,Europe,Eastern Europe,EU,Bratislava,EUR,0
SVK,2014,-0.0761653295419871,101437045019.90082,5418649,18719.988140937126,9.837347116534435,0,1,SK,Slovakia,Europe,Eastern Europe,EU,Bratislava,EUR,0
SVK,2015,-0.325219777427673,88900883130.83745,5423801,16390.882174850707,9.704480494258345,0,1,SK,Slovakia,Europe,Eastern Europe,EU,Bratislava,EUR,0
SVK,2016,-0.520010196278266,89952699524.894,5430798,16563.44049712289,9.714953165848334,0,1,SK,Slovakia,Europe,Eastern Europe,EU,Bratislava,EUR,0
SVK,2017,1.31194588223228,95649966260.98016,5439232,17585.197002256966,9.774812747703276,0,1,SK,Slovakia,Europe,Eastern Europe,EU,Bratislava,EUR,0
SVK,2018,2.51403712883812,106137924015.59286,5446771,19486.39368455051,9.877471741237553,0,1,SK,Slovakia,Europe,Eastern Europe,EU,Bratislava,EUR,0
SVK,2019,2.66456133425431,105711680180.56451,5454147,19381.89054687461,9.872094432125243,0,1,SK,Slovakia,Europe,Eastern Europe,EU,Bratislava,EUR,0
SVK,2020,1.93694126694223,106737868873.94116,5458827,19553.260961364256,9.880897352596557,0,1,SK,Slovakia,Europe,Eastern Europe,EU,Bratislava,EUR,0
SVK,2021,3.14960629921268,118563266602.35857,5447247,21765.722502092995,9.988091649028958,0,1,SK,Slovakia,Europe,Eastern Europe,EU,Bratislava,EUR,0
SVK,2022,12.7741463637611,115584743573.55298,5431752,21279.458924772887,9.965497516664882,1,1,SK,Slovakia,Europe,Eastern Europe,EU,Bratislava,EUR,0
SVK,2023,10.5319476645211,132793622283.07095,5426740,24470.238537882957,10.105212904565867,1,1,SK,Slovakia,Europe,Eastern Europe,EU,Bratislava,EUR,0
SVK,2024,2.75760909424272,,5422069,,,0,0,SK,Slovakia,Europe,Eastern Europe,EU,Bratislava,EUR,0
SVN,2013,1.76920085881907,48415657264.875824,2059953,23503.282485025542,10.06489537059173,0,1,SI,Slovenia,Europe,Southern Europe,EU,Ljubljana,EUR,0
SVN,2014,0.19934382657075,49997186439.09159,2061980,24247.17331840832,10.096055325382148,0,1,SI,Slovenia,Europe,Southern Europe,EU,Ljubljana,EUR,0
SVN,2015,-0.525552285820877,43107506024.32537,2063531,20890.166430417266,9.947033821508692,0,1,SI,Slovenia,Europe,Southern Europe,EU,Ljubljana,EUR,0
SVN,2016,-0.054999541670474,44766722790.5826,2065042,21678.359467062946,9.984069782352012,0,1,SI,Slovenia,Europe,Southern Europe,EU,Ljubljana,EUR,0
SVN,2017,1.42910743319306,48589100043.095375,2066388,23514.025460414683,10.065352350203943,0,1,SI,Slovenia,Europe,Southern Europe,EU,Ljubljana,EUR,0
SVN,2018,1.7386086198818,54177882425.8431,2073894,26123.747127791055,10.170600031286183,0,1,SI,Slovenia,Europe,Southern Europe,EU,Ljubljana,EUR,0
SVN,2019,1.63052260754344,54386654313.96854,2088385,26042.446346803168,10.16748303763965,0,1,SI,Slovenia,Europe,Southern Europe,EU,Ljubljana,EUR,0
SVN,2020,-0.05485681576061,53734526854.22894,2102419,25558.429054450586,10.148722445509177,0,1,SI,Slovenia,Europe,Southern Europe,EU,Ljubljana,EUR,0
SVN,2021,1.91706506089259,61832201543.82846,2108079,29331.064701004307,10.286402462062872,0,1,SI,Slovenia,Europe,Southern Europe,EU,Ljubljana,EUR,0
SVN,2022,8.83369886749452,60063475466.34459,2112076,28438.122239135613,10.255485856390559,0,1,SI,Slovenia,Europe,Southern Europe,EU,Ljubljana,EUR,0
SVN,2023,7.44687717385838,68216781410.52277,2120461,32170.731463829223,10.37881235742653,0,1,SI,Slovenia,Europe,Southern Europe,EU,Ljubljana,EUR,0
SVN,2024,1.96562656432512,,2127400,,,0,0,SI,Slovenia,Europe,Southern Europe,EU,Ljubljana,EUR,0
SWE,2013,-0.0442929701485858,586841821796.8911,9600379,61126.943196397886,11.020708016805981,0,1,SE,Sweden,Europe,Northern Europe,EU,Stockholm,SEK,0
SWE,2014,-0.179638494114635,581964017237.0946,9696110,60020.3604576572,11.00243912460207,0,1,SE,Sweden,Europe,Northern Europe,EU,Stockholm,SEK,0
SWE,2015,-0.0467847449832812,505103781349.7569,9799186,51545.48360953215,10.850219873764717,0,1,SE,Sweden,Europe,Northern Europe,EU,Stockholm,SEK,0
SWE,2016,0.984269244577992,515654671469.5469,9923085,51965.15715319852,10.858328718230371,0,1,SE,Sweden,Europe,Northern Europe,EU,Stockholm,SEK,0
SWE,2017,1.79449904665589,541018749769.0971,10057698,53791.50872984028,10.892870903392996,0,1,SE,Sweden,Europe,Northern Europe,EU,Stockholm,SEK,0
SWE,2018,1.95353530127028,555455371487.0894,10175214,54589.06038606061,10.907588782428745,0,1,SE,Sweden,Europe,Northern Europe,EU,Stockholm,SEK,0
SWE,2019,1.78415097403835,533879529188.45374,10278887,51939.42974452912,10.85783350603689,0,1,SE,Sweden,Europe,Northern Europe,EU,Stockholm,SEK,0
SWE,2020,0.497367318853572,547054174235.8759,10353442,52837.90397781491,10.874984090510637,0,1,SE,Sweden,Europe,Northern Europe,EU,Stockholm,SEK,0
SWE,2021,2.16319736447153,639714956069.4681,10415811,61417.680876646875,11.025453034842462,0,1,SE,Sweden,Europe,Northern Europe,EU,Stockholm,SEK,0
SWE,2022,8.36929098869189,590409594949.1022,10486941,56299.50573280637,10.938441034920618,0,1,SE,Sweden,Europe,Northern Europe,EU,Stockholm,SEK,0
SWE,2023,8.54862489748902,593267701033.4082,10536632,56305.25020076702,10.938543063789968,0,1,SE,Sweden,Europe,Northern Europe,EU,Stockholm,SEK,0
SWE,2024,2.83581658224034,,10569709,,,0,0,SE,Sweden,Europe,Northern Europe,EU,Stockholm,SEK,0
SWZ,2013,5.62130623468948,4597552981.567378,1129990,4068.6669630416004,8.311070697279586,0,1,SZ,Eswatini,Africa,Sub-Saharan Africa,AF,Mbabane,SZL,0
SWZ,2014,5.68134885776447,4422986271.747672,1136299,3892.4493216553674,8.266793884138586,0,1,SZ,Eswatini,Africa,Sub-Saharan Africa,AF,Mbabane,SZL,0
SWZ,2015,4.95124493704919,4063245671.2928457,1142813,3555.4772926916703,8.176244592772921,0,1,SZ,Eswatini,Africa,Sub-Saharan Africa,AF,Mbabane,SZL,0
SWZ,2016,7.8472745908568,3816019193.1656113,1149507,3319.700700531281,8.107629907404354,0,1,SZ,Eswatini,Africa,Sub-Saharan Africa,AF,Mbabane,SZL,0
SWZ,2017,6.22137528933118,4402969225.921647,1158195,3801.578513049743,8.243171657631528,0,1,SZ,Eswatini,Africa,Sub-Saharan Africa,AF,Mbabane,SZL,0
SWZ,2018,4.81506167461513,4666598024.184108,1168929,3992.199718018894,8.29209766574377,0,1,SZ,Eswatini,Africa,Sub-Saharan Africa,AF,Mbabane,SZL,0
SWZ,2019,2.59801620311077,4495267265.76464,1179874,3809.9553560504255,8.245372750480028,0,1,SZ,Eswatini,Africa,Sub-Saharan Africa,AF,Mbabane,SZL,0
SWZ,2020,,3982236693.831596,1192729,3338.7606856474486,8.113354964912482,,1,SZ,Eswatini,Africa,Sub-Saharan Africa,AF,Mbabane,SZL,0
SWZ,2021,,4850842540.992672,1206593,4020.280691991974,8.299107003054093,,1,SZ,Eswatini,Africa,Sub-Saharan Africa,AF,Mbabane,SZL,0
SWZ,2022,,4790922788.708641,1218917,3930.474994366836,8.276515561266452,,1,SZ,Eswatini,Africa,Sub-Saharan Africa,AF,Mbabane,SZL,0
SWZ,2023,,4597855845.042758,1230506,3736.5570302320816,8.225919886262586,,1,SZ,Eswatini,Africa,Sub-Saharan Africa,AF,Mbabane,SZL,0
SWZ,2024,,,1242822,,,,0,SZ,Eswatini,Africa,Sub-Saharan Africa,AF,Mbabane,SZL,0
SXM,2013,2.5286478853837,1022905027.9329607,35854,28529.732468705326,10.258702066971336,0,1,SX,Sint Maarten (Dutch part),Americas,Latin America and the Caribbean,NA,Philipsburg,XCG,0
SXM,2014,1.88675466275266,1361811508.3798883,36672,37134.91242309905,10.522312841762096,0,1,SX,Sint Maarten (Dutch part),Americas,Latin America and the Caribbean,NA,Philipsburg,XCG,0
SXM,2015,0.330027165141066,1417888715.083799,37471,37839.62838151634,10.541112202333139,0,1,SX,Sint Maarten (Dutch part),Americas,Latin America and the Caribbean,NA,Philipsburg,XCG,0
SXM,2016,0.111682655737579,1427017206.7039106,38249,37308.614779573596,10.526979538202825,0,1,SX,Sint Maarten (Dutch part),Americas,Latin America and the Caribbean,NA,Philipsburg,XCG,0
SXM,2017,2.19201010962985,1353212122.905028,38996,34701.30584944682,10.454532597775763,0,1,SX,Sint Maarten (Dutch part),Americas,Latin America and the Caribbean,NA,Philipsburg,XCG,0
SXM,2018,,1259200446.9273744,39712,31708.311012474172,10.364334102552634,,1,SX,Sint Maarten (Dutch part),Americas,Latin America and the Caribbean,NA,Philipsburg,XCG,0
SXM,2019,,1407880446.9273744,40385,34861.46952896804,10.459137473348102,,1,SX,Sint Maarten (Dutch part),Americas,Latin America and the Caribbean,NA,Philipsburg,XCG,0
SXM,2020,,1236428100.558659,41008,30150.899838047677,10.313970047084682,,1,SX,Sint Maarten (Dutch part),Americas,Latin America and the Caribbean,NA,Philipsburg,XCG,0
SXM,2021,,1353071061.452514,41571,32548.43668549022,10.390484618387791,,1,SX,Sint Maarten (Dutch part),Americas,Latin America and the Caribbean,NA,Philipsburg,XCG,0
SXM,2022,,1537088715.083799,42139,36476.63008338591,10.504427062821074,,1,SX,Sint Maarten (Dutch part),Americas,Latin America and the Caribbean,NA,Philipsburg,XCG,0
SXM,2023,,1623165683.1284916,42749,37969.676088996035,10.544543122480903,,1,SX,Sint Maarten (Dutch part),Americas,Latin America and the Caribbean,NA,Philipsburg,XCG,0
SXM,2024,,,43350,,,,0,SX,Sint Maarten (Dutch part),Americas,Latin America and the Caribbean,NA,Philipsburg,XCG,0
SYC,2013,4.33893848329099,1333160407.3851607,89949,14821.292147607652,9.603820084496508,0,1,SC,Seychelles,Africa,Sub-Saharan Africa,AF,Victoria,SCR,0
SYC,2014,1.38583454581263,1387577870.0816104,91359,15188.190217511252,9.628273445470741,0,1,SC,Seychelles,Africa,Sub-Saharan Africa,AF,Victoria,SCR,0
SYC,2015,4.04194410725617,1432403352.1294434,93419,15333.105172710513,9.637769506651795,0,1,SC,Seychelles,Africa,Sub-Saharan Africa,AF,Victoria,SCR,0
SYC,2016,-1.01548191697626,1568513348.1446254,94677,16566.994604229385,9.715167718244597,0,1,SC,Seychelles,Africa,Sub-Saharan Africa,AF,Victoria,SCR,0
SYC,2017,2.85679575568437,1675370641.0141618,95843,17480.365191137193,9.76883354093278,0,1,SC,Seychelles,Africa,Sub-Saharan Africa,AF,Victoria,SCR,0
SYC,2018,3.70291839111568,1784313926.768066,96762,18440.234046093155,9.822290189334439,0,1,SC,Seychelles,Africa,Sub-Saharan Africa,AF,Victoria,SCR,0
SYC,2019,1.80709400809982,1868690096.7345407,97625,19141.51187436149,9.859614652188395,0,1,SC,Seychelles,Africa,Sub-Saharan Africa,AF,Victoria,SCR,0
SYC,2020,1.20266463987123,1382551751.5690813,98462,14041.47540745751,9.549770758059902,0,1,SC,Seychelles,Africa,Sub-Saharan Africa,AF,Victoria,SCR,0
SYC,2021,9.76909936973542,1487173794.8052788,99258,14982.911148776711,9.614665573889855,0,1,SC,Seychelles,Africa,Sub-Saharan Africa,AF,Victoria,SCR,0
SYC,2022,2.6260363285129,2057968519.830909,119878,17167.19097608326,9.750755339813423,0,1,SC,Seychelles,Africa,Sub-Saharan Africa,AF,Victoria,SCR,0
SYC,2023,-1.03530088431952,2141450171.139321,119773,17879.23965450745,9.791395522907605,0,1,SC,Seychelles,Africa,Sub-Saharan Africa,AF,Victoria,SCR,0
SYC,2024,0.311726050919668,,121354,,,0,0,SC,Seychelles,Africa,Sub-Saharan Africa,AF,Victoria,SCR,0
SYR,2013,40.0318378290723,21361254647.99036,21666917,985.8926698242468,6.89354749454397,1,1,SY,Syrian Arab Republic,Asia,Western Asia,AS,Damascus,SYP,0
SYR,2014,10.9271141804297,21502061462.21215,20273659,1060.5910586841849,6.966581634235837,1,1,SY,Syrian Arab Republic,Asia,Western Asia,AS,Damascus,SYP,0
SYR,2015,38.4611429599733,16466863097.212492,19424618,847.7316309238355,6.7425641127365905,1,1,SY,Syrian Arab Republic,Asia,Western Asia,AS,Damascus,SYP,0
SYR,2016,47.7051615298923,12597854884.462015,19193834,656.349058997906,6.486692749558903,1,1,SY,Syrian Arab Republic,Asia,Western Asia,AS,Damascus,SYP,0
SYR,2017,18.0752696281771,16369843341.386547,19224668,851.5020046841146,6.7470018543972285,1,1,SY,Syrian Arab Republic,Asia,Western Asia,AS,Damascus,SYP,0
SYR,2018,0.940983843906769,21497782880.748817,19577845,1098.0668649051424,7.001306517214548,0,1,SY,Syrian Arab Republic,Asia,Western Asia,AS,Damascus,SYP,0
SYR,2019,13.4175653228571,22583045052.559998,20353534,1109.5392599909185,7.011700127047116,1,1,SY,Syrian Arab Republic,Asia,Western Asia,AS,Damascus,SYP,0
SYR,2020,,11155888304.002296,21049429,529.9853171315144,6.272849302636973,,1,SY,Syrian Arab Republic,Asia,Western Asia,AS,Damascus,SYP,0
SYR,2021,,8980060818.721447,21628839,415.1892211468885,6.0287343708858145,,1,SY,Syrian Arab Republic,Asia,Western Asia,AS,Damascus,SYP,0
SYR,2022,,,22462173,,,,0,SY,Syrian Arab Republic,Asia,Western Asia,AS,Damascus,SYP,0
SYR,2023,,,23594623,,,,0,SY,Syrian Arab Republic,Asia,Western Asia,AS,Damascus,SYP,0
SYR,2024,,,24672760,,,,0,SY,Syrian Arab Republic,Asia,Western Asia,AS,Damascus,SYP,0
TCA,2013,,754238000.0,33653,22412.206935488663,10.017361041887625,,1,TC,Turks and Caicos Islands,Americas,Latin America and the Caribbean,NA,Cockburn Town,USD,0
TCA,2014,,841070000.0,35050,23996.291012838803,10.085654556255655,,1,TC,Turks and Caicos Islands,Americas,Latin America and the Caribbean,NA,Cockburn Town,USD,0
TCA,2015,,942070000.0,36605,25736.101625461004,10.155650017677813,,1,TC,Turks and Caicos Islands,Americas,Latin America and the Caribbean,NA,Cockburn Town,USD,0
TCA,2016,,1032452000.0,38315,26946.41785201618,10.201605649210189,,1,TC,Turks and Caicos Islands,Americas,Latin America and the Caribbean,NA,Cockburn Town,USD,0
TCA,2017,,1028941663.2,39913,25779.612236614637,10.157339235131595,,1,TC,Turks and Caicos Islands,Americas,Latin America and the Caribbean,NA,Cockburn Town,USD,0
TCA,2018,,1128749004.5304,41559,27160.157956890205,10.209506397446965,,1,TC,Turks and Caicos Islands,Americas,Latin America and the Caribbean,NA,Cockburn Town,USD,0
TCA,2019,,1177285211.72521,43166,27273.43769923574,10.213668529472676,,1,TC,Turks and Caicos Islands,Americas,Latin America and the Caribbean,NA,Cockburn Town,USD,0
TCA,2020,,774653669.315186,44386,17452.65780460474,9.767247225752095,,1,TC,Turks and Caicos Islands,Americas,Latin America and the Caribbean,NA,Cockburn Town,USD,0
TCA,2021,,1045782453.5755,45243,23114.790212309086,10.048227960556313,,1,TC,Turks and Caicos Islands,Americas,Latin America and the Caribbean,NA,Cockburn Town,USD,0
TCA,2022,,1228794382.95121,45847,26802.067375209066,10.196234304389755,,1,TC,Turks and Caicos Islands,Americas,Latin America and the Caribbean,NA,Cockburn Town,USD,0
TCA,2023,,1402054390.94734,46198,30348.811440913894,10.320512633971672,,1,TC,Turks and Caicos Islands,Americas,Latin America and the Caribbean,NA,Cockburn Town,USD,0
TCA,2024,,,46535,,,,0,TC,Turks and Caicos Islands,Americas,Latin America and the Caribbean,NA,Cockburn Town,USD,0
TCD,2013,0.222671564624642,12953534866.428648,13691079,946.129583097771,6.852379539689758,0,1,TD,Chad,Africa,Sub-Saharan Africa,AF,N'Djamena,XAF,1
TCD,2014,1.68197313925661,13940767218.584888,14188678,982.5275630742264,6.8901283973694785,0,1,TD,Chad,Africa,Sub-Saharan Africa,AF,N'Djamena,XAF,1
TCD,2015,4.37712665065654,10950392256.954294,14647621,747.5884484555065,6.616852623957894,0,1,TD,Chad,Africa,Sub-Saharan Africa,AF,N'Djamena,XAF,1
TCD,2016,-0.792440525236016,10097778098.170738,15114655,668.0786361429182,6.504405885385158,0,1,TD,Chad,Africa,Sub-Saharan Africa,AF,N'Djamena,XAF,1
TCD,2017,-1.53709962980849,10000394381.017702,15622759,640.1170485327017,6.461651047964032,0,1,TD,Chad,Africa,Sub-Saharan Africa,AF,N'Djamena,XAF,1
TCD,2018,4.27462198610545,11239167898.339537,16156531,695.6423936759405,6.544835726103103,0,1,TD,Chad,Africa,Sub-Saharan Africa,AF,N'Djamena,XAF,1
TCD,2019,-0.971939175419317,11314951091.728329,16685223,678.1420357239654,6.519356758218203,0,1,TD,Chad,Africa,Sub-Saharan Africa,AF,N'Djamena,XAF,1
TCD,2020,4.4641443723286,10715396042.334282,17224679,622.0955433964419,6.433093687689563,0,1,TD,Chad,Africa,Sub-Saharan Africa,AF,N'Djamena,XAF,1
TCD,2021,-0.772844370359139,11779981332.159998,17828273,660.7471925160669,6.493371304540172,0,1,TD,Chad,Africa,Sub-Saharan Africa,AF,N'Djamena,XAF,1
TCD,2022,5.78802687843616,12396807590.172993,18455316,671.7201477435008,6.509841806974828,0,1,TD,Chad,Africa,Sub-Saharan Africa,AF,N'Djamena,XAF,1
TCD,2023,10.8363568399842,13149325358.73826,19319064,680.6398777258702,6.5230333523660375,1,1,TD,Chad,Africa,Sub-Saharan Africa,AF,N'Djamena,XAF,1
TCD,2024,8.89950732263761,,20299123,,,0,0,TD,Chad,Africa,Sub-Saharan Africa,AF,N'Djamena,XAF,1
TGO,2013,1.82539475909171,6021732977.268109,7285442,826.5432594574371,6.717252256432724,0,1,TG,Togo,Africa,Sub-Saharan Africa,AF,Lome,XOF,1
TGO,2014,0.19087507624975,6393318261.860072,7472450,855.5852848610659,6.751785778440747,0,1,TG,Togo,Africa,Sub-Saharan Africa,AF,Lome,XOF,1
TGO,2015,2.58500390801595,5755461035.443332,7663195,751.0524050925667,6.621475429745796,0,1,TG,Togo,Africa,Sub-Saharan Africa,AF,Lome,XOF,1
TGO,2016,1.28544847051417,6071170959.120933,7858289,772.5817870939759,6.649737876428532,0,1,TG,Togo,Africa,Sub-Saharan Africa,AF,Lome,XOF,1
TGO,2017,-0.981889868943119,6387422517.692251,8057140,792.7654872190692,6.675527449297096,0,1,TG,Togo,Africa,Sub-Saharan Africa,AF,Lome,XOF,1
TGO,2018,0.927755426457183,7029300383.080308,8258778,851.1308068918074,6.746565826387355,0,1,TG,Togo,Africa,Sub-Saharan Africa,AF,Lome,XOF,1
TGO,2019,0.674652770077436,6992700101.371879,8463068,826.2606540998936,6.716910285606083,0,1,TG,Togo,Africa,Sub-Saharan Africa,AF,Lome,XOF,1
TGO,2020,1.69928463299408,7400284167.784795,8669720,853.5782202637218,6.7494371845070615,0,1,TG,Togo,Africa,Sub-Saharan Africa,AF,Lome,XOF,1
TGO,2021,4.1862150652352,8342243645.944384,8878379,939.6133737864067,6.845468486172614,0,1,TG,Togo,Africa,Sub-Saharan Africa,AF,Lome,XOF,1
TGO,2022,7.96757361617945,8169476148.956921,9089738,898.7581544107125,6.801013982051913,0,1,TG,Togo,Africa,Sub-Saharan Africa,AF,Lome,XOF,1
TGO,2023,5.48928568141124,9171261835.06264,9304337,985.6975123603798,6.893349524939264,0,1,TG,Togo,Africa,Sub-Saharan Africa,AF,Lome,XOF,1
TGO,2024,,,9515236,,,,0,TG,Togo,Africa,Sub-Saharan Africa,AF,Lome,XOF,1
THA,2013,2.18488618530678,420333654592.5471,69845114,6018.08244729255,8.702523957211225,0,1,TH,Thailand,Asia,South-eastern Asia,AS,Bangkok,THB,0
THA,2014,1.8951418189878,407339040197.6513,70216367,5801.197891620501,8.665819708247517,0,1,TH,Thailand,Asia,South-eastern Asia,AS,Bangkok,THB,0
THA,2015,-0.900424963291569,401296238228.0839,70540795,5688.853353978842,8.646263987300964,0,1,TH,Thailand,Asia,South-eastern Asia,AS,Bangkok,THB,0
THA,2016,0.188149704448234,413366349747.5081,70859841,5833.577156170984,8.671385668570716,0,1,TH,Thailand,Asia,South-eastern Asia,AS,Bangkok,THB,0
THA,2017,0.665631893135106,456356813536.7637,71160187,6413.091825303433,8.76609677766532,0,1,TH,Thailand,Asia,South-eastern Asia,AS,Bangkok,THB,0
THA,2018,1.06389754183015,506754208404.4847,71376079,7099.776500814575,8.86781858377543,0,1,TH,Thailand,Asia,South-eastern Asia,AS,Bangkok,THB,0
THA,2019,0.706728601314311,543976691793.88586,71522271,7605.696577977591,8.936652795236208,0,1,TH,Thailand,Asia,South-eastern Asia,AS,Bangkok,THB,0
THA,2020,-0.845937147357041,500461898480.2456,71641484,6985.643938925743,8.851612456264517,0,1,TH,Thailand,Asia,South-eastern Asia,AS,Bangkok,THB,0
THA,2021,1.23039541318384,506256494297.33966,71727332,7058.0694998852,8.861926851152617,0,1,TH,Thailand,Asia,South-eastern Asia,AS,Bangkok,THB,0
THA,2022,6.07741228434321,495645210972.7507,71735329,6909.359974814512,8.840632289434964,0,1,TH,Thailand,Asia,South-eastern Asia,AS,Bangkok,THB,0
THA,2023,1.22802623546169,514944993833.5776,71702435,7181.694650029355,8.879290657874032,0,1,TH,Thailand,Asia,South-eastern Asia,AS,Bangkok,THB,0
THA,2024,,,71668011,,,,0,TH,Thailand,Asia,South-eastern Asia,AS,Bangkok,THB,0
TJK,2013,5.00964645344951,8448411318.254166,8216724,1028.197042793961,6.93556210351725,0,1,TJ,Tajikistan,Asia,Central Asia,AS,Dushanbe,TJS,0
TJK,2014,6.10442765129667,9112605459.328451,8425552,1081.5440293203876,6.986144955910142,0,1,TJ,Tajikistan,Asia,Central Asia,AS,Dushanbe,TJS,0
TJK,2015,5.7145594964971,8271431485.0748415,8643840,956.916310930656,6.863715938235779,0,1,TJ,Tajikistan,Asia,Central Asia,AS,Dushanbe,TJS,0
TJK,2016,6.00458082322139,6992416096.890184,8865631,788.710481734485,6.670399310203407,0,1,TJ,Tajikistan,Asia,Central Asia,AS,Dushanbe,TJS,0
TJK,2017,,7536402852.858016,9085946,829.4571476495696,6.720771447837426,,1,TJ,Tajikistan,Asia,Central Asia,AS,Dushanbe,TJS,0
TJK,2018,,7764999999.453624,9307333,834.2884045788009,6.7265791514281315,,1,TJ,Tajikistan,Asia,Central Asia,AS,Dushanbe,TJS,0
TJK,2019,,8300813599.3084,9529966,871.0223729348457,6.769667663014971,,1,TJ,Tajikistan,Asia,Central Asia,AS,Dushanbe,TJS,0
TJK,2020,,8133963550.657425,9749310,834.3117154606249,6.726607092073161,,1,TJ,Tajikistan,Asia,Central Asia,AS,Dushanbe,TJS,0
TJK,2021,,8937805347.13963,9966908,896.7480533721822,6.798774945651387,,1,TJ,Tajikistan,Asia,Central Asia,AS,Dushanbe,TJS,0
TJK,2022,,10713525200.39978,10182222,1052.1794948489417,6.958619001223278,,1,TJ,Tajikistan,Asia,Central Asia,AS,Dushanbe,TJS,0
TJK,2023,,12060602008.847782,10389799,1160.8118702631093,7.056874927450765,,1,TJ,Tajikistan,Asia,Central Asia,AS,Dushanbe,TJS,0
TJK,2024,,,10590927,,,,0,TJ,Tajikistan,Asia,Central Asia,AS,Dushanbe,TJS,0
TKM,2013,,39197543859.64912,5939341,6599.645290554813,8.794771182714932,,1,TM,Turkmenistan,Asia,Central Asia,AS,Ashgabat,TMT,0
TKM,2014,,43524210526.31579,6075283,7164.145361840064,8.876844053572192,,1,TM,Turkmenistan,Asia,Central Asia,AS,Ashgabat,TMT,0
TKM,2015,,35799714285.71429,6215770,5759.497903834004,8.658605580417195,,1,TM,Turkmenistan,Asia,Central Asia,AS,Ashgabat,TMT,0
TKM,2016,,36169428571.42857,6360041,5686.980409627638,8.645934702536955,,1,TM,Turkmenistan,Asia,Central Asia,AS,Ashgabat,TMT,0
TKM,2017,,37926285714.28571,6507061,5828.481662348902,8.670511810150751,,1,TM,Turkmenistan,Asia,Central Asia,AS,Ashgabat,TMT,0
TKM,2018,,40765428571.42857,6655524,6125.0516971208535,8.72014247572357,,1,TM,Turkmenistan,Asia,Central Asia,AS,Ashgabat,TMT,0
TKM,2019,,45232857142.85714,6803944,6648.034896062804,8.802076585628427,,1,TM,Turkmenistan,Asia,Central Asia,AS,Ashgabat,TMT,0
TKM,2020,,45818000000.0,6949912,6592.601460277483,8.793703308367258,,1,TM,Turkmenistan,Asia,Central Asia,AS,Ashgabat,TMT,0
TKM,2021,,50007428571.42857,7092043,7051.202110792134,8.860953393439864,,1,TM,Turkmenistan,Asia,Central Asia,AS,Ashgabat,TMT,0
TKM,2022,,56542857142.85714,7230193,7820.380056639863,8.964488432951718,,1,TM,Turkmenistan,Asia,Central Asia,AS,Ashgabat,TMT,0
TKM,2023,,59887334844.06514,7364438,8131.962662197053,9.00355758327152,,1,TM,Turkmenistan,Asia,Central Asia,AS,Ashgabat,TMT,0
TKM,2024,,,7494498,,,,0,TM,Turkmenistan,Asia,Central Asia,AS,Ashgabat,TMT,0
TLS,2013,11.0849085109954,1395727400.0,1158695,1204.5684153293143,7.093876620217151,1,1,TL,Timor-Leste,Asia,South-eastern Asia,OC,Dili,USD,1
TLS,2014,0.726275016139465,1447535200.0,1181903,1224.7495775880084,7.110491675622122,0,1,TL,Timor-Leste,Asia,South-eastern Asia,OC,Dili,USD,1
TLS,2015,0.552796026277853,1595205100.0,1205131,1323.6777578537105,7.188169321567078,0,1,TL,Timor-Leste,Asia,South-eastern Asia,OC,Dili,USD,1
TLS,2016,-1.33853876185163,1652603700.0,1228312,1345.4266505578387,7.204466454045412,0,1,TL,Timor-Leste,Asia,South-eastern Asia,OC,Dili,USD,1
TLS,2017,0.557215537430361,1598208400.0,1251703,1276.8271706626892,7.152133506750051,0,1,TL,Timor-Leste,Asia,South-eastern Asia,OC,Dili,USD,1
TLS,2018,2.63647201015892,1566157200.0,1275959,1227.435364302458,7.1126822019095375,0,1,TL,Timor-Leste,Asia,South-eastern Asia,OC,Dili,USD,1
TLS,2019,0.958812739703141,2027034000.0,1300945,1558.1242865762965,7.351237996404502,0,1,TL,Timor-Leste,Asia,South-eastern Asia,OC,Dili,USD,1
TLS,2020,0.495499215459571,2162619200.0,1326053,1630.8693543923207,7.396868497875204,0,1,TL,Timor-Leste,Asia,South-eastern Asia,OC,Dili,USD,1
TLS,2021,3.69792094666786,3621958000.0,1350139,2682.655637678787,7.894562492459724,0,1,TL,Timor-Leste,Asia,South-eastern Asia,OC,Dili,USD,1
TLS,2022,7.00530945399787,3204753000.0,1369295,2340.4401535096526,7.758094290453649,0,1,TL,Timor-Leste,Asia,South-eastern Asia,OC,Dili,USD,1
TLS,2023,8.42035103310377,2243142908.4616103,1384286,1620.4331391501541,7.390448762335256,0,1,TL,Timor-Leste,Asia,South-eastern Asia,OC,Dili,USD,1
TLS,2024,2.06284153005468,,1400638,,,0,0,TL,Timor-Leste,Asia,South-eastern Asia,OC,Dili,USD,1
TON,2013,0.77562932236742,450650633.0413497,107078,4208.620193142847,8.344890127859554,0,1,TO,Tonga,Oceania,Polynesia,OC,Nuku'alofa,TOP,0
TON,2014,2.51087633253706,439877614.4192064,106609,4126.083298963562,8.32508388222129,0,1,TO,Tonga,Oceania,Polynesia,OC,Nuku'alofa,TOP,0
TON,2015,-1.05399831971283,437003078.563584,106095,4118.979014690457,8.323360599664777,0,1,TO,Tonga,Oceania,Polynesia,OC,Nuku'alofa,TOP,0
TON,2016,2.57815515245081,420548712.433288,105524,3985.337102775558,8.290377180563866,0,1,TO,Tonga,Oceania,Polynesia,OC,Nuku'alofa,TOP,0
TON,2017,7.51706283551115,460374354.8472466,105356,4369.7022936258645,8.382450160740614,0,1,TO,Tonga,Oceania,Polynesia,OC,Nuku'alofa,TOP,0
TON,2018,5.03209691984874,488906838.5948662,105567,4631.246872553603,8.4405814137521,0,1,TO,Tonga,Oceania,Polynesia,OC,Nuku'alofa,TOP,0
TON,2019,1.17954334821808,512053692.0786754,105669,4845.826988792128,8.485873198880318,0,1,TO,Tonga,Oceania,Polynesia,OC,Nuku'alofa,TOP,0
TON,2020,-0.349737696727496,484796854.9187562,105704,4586.362435846857,8.43084249122548,0,1,TO,Tonga,Oceania,Polynesia,OC,Nuku'alofa,TOP,0
TON,2021,5.64051140636751,469228219.6657909,105490,4448.082469104094,8.40022837647439,0,1,TO,Tonga,Oceania,Polynesia,OC,Nuku'alofa,TOP,0
TON,2022,10.9713652903022,500274898.0852215,105042,4762.617791790156,8.46855275231338,1,1,TO,Tonga,Oceania,Polynesia,OC,Nuku'alofa,TOP,0
TON,2023,6.35112980255189,,104597,,,0,0,TO,Tonga,Oceania,Polynesia,OC,Nuku'alofa,TOP,0
TON,2024,3.18364611260058,,104175,,,0,0,TO,Tonga,Oceania,Polynesia,OC,Nuku'alofa,TOP,0
TTO,2013,5.19981740465611,28709988700.2142,1340557,21416.46248552967,9.971915180294323,0,1,TT,Trinidad and Tobago,Americas,Latin America and the Caribbean,NA,Port of Spain,TTD,0
TTO,2014,5.68441814595659,29699968760.72777,1345343,22076.13133656456,10.00225227383344,0,1,TT,Trinidad and Tobago,Americas,Latin America and the Caribbean,NA,Port of Spain,TTD,0
TTO,2015,4.66121598098264,27026080986.578026,1349667,20024.258566430108,9.904699745854355,0,1,TT,Trinidad and Tobago,Americas,Latin America and the Caribbean,NA,Port of Spain,TTD,0
TTO,2016,3.07066742464024,23713671528.142097,1353895,17515.1481674296,9.770821395055105,0,1,TT,Trinidad and Tobago,Americas,Latin America and the Caribbean,NA,Port of Spain,TTD,0
TTO,2017,1.88038440183532,24040299977.87448,1356633,17720.562582418737,9.782480972098597,0,1,TT,Trinidad and Tobago,Americas,Latin America and the Caribbean,NA,Port of Spain,TTD,0
TTO,2018,1.01856930188822,24569079488.391327,1359193,18076.225737177374,9.802352858679425,0,1,TT,Trinidad and Tobago,Americas,Latin America and the Caribbean,NA,Port of Spain,TTD,0
TTO,2019,1.00054293027237,23775754304.665176,1363985,17431.09660638876,9.76601105141675,0,1,TT,Trinidad and Tobago,Americas,Latin America and the Caribbean,NA,Port of Spain,TTD,0
TTO,2020,0.598986330824643,20807571314.304337,1366725,15224.402359146381,9.630654837892791,0,1,TT,Trinidad and Tobago,Americas,Latin America and the Caribbean,NA,Port of Spain,TTD,0
TTO,2021,2.05922746915458,24496505940.66731,1367558,17912.59013560471,9.793259104118448,0,1,TT,Trinidad and Tobago,Americas,Latin America and the Caribbean,NA,Port of Spain,TTD,0
TTO,2022,5.82838638517959,30053575132.14196,1365805,22004.29426758722,9.998992907273824,0,1,TT,Trinidad and Tobago,Americas,Latin America and the Caribbean,NA,Port of Spain,TTD,0
TTO,2023,4.62930242419968,28139944790.291103,1367510,20577.50567841632,9.931953800799443,0,1,TT,Trinidad and Tobago,Americas,Latin America and the Caribbean,NA,Port of Spain,TTD,0
TTO,2024,0.526884625776839,,1368333,,,0,0,TT,Trinidad and Tobago,Americas,Latin America and the Caribbean,NA,Port of Spain,TTD,0
TUN,2013,5.31623531326689,48685446413.95297,11141361,4369.79345826358,8.382471023417434,0,1,TN,Tunisia,Africa,Northern Africa,AF,Tunis,TND,0
TUN,2014,4.62555099534031,50271812920.612015,11274288,4458.978954645474,8.402675084868743,0,1,TN,Tunisia,Africa,Northern Africa,AF,Tunis,TND,0
TUN,2015,4.437371273215,45779494041.92953,11402264,4014.9477368643215,8.29777960932586,0,1,TN,Tunisia,Africa,Northern Africa,AF,Tunis,TND,0
TUN,2016,3.62939937384381,44360072680.44765,11528674,3847.8035444880866,8.255257756555089,0,1,TN,Tunisia,Africa,Northern Africa,AF,Tunis,TND,0
TUN,2017,5.30884839565844,42163530590.9462,11650498,3619.0324731995315,8.193961996499317,0,1,TN,Tunisia,Africa,Northern Africa,AF,Tunis,TND,0
TUN,2018,7.30759176031652,42686580020.83218,11765514,3628.1100868888666,8.196467154459581,0,1,TN,Tunisia,Africa,Northern Africa,AF,Tunis,TND,0
TUN,2019,6.72007532863799,41905540184.42405,11875081,3528.8635239139885,8.168731150191272,0,1,TN,Tunisia,Africa,Northern Africa,AF,Tunis,TND,0
TUN,2020,5.63415115897625,42491816475.71184,11974057,3548.6566061704766,8.174324390053194,0,1,TN,Tunisia,Africa,Northern Africa,AF,Tunis,TND,0
TUN,2021,5.706350208307,46812290143.34397,12048622,3885.2816648529574,8.264950760779358,0,1,TN,Tunisia,Africa,Northern Africa,AF,Tunis,TND,0
TUN,2022,8.30646124447623,44579761022.89928,12119334,3678.400234113465,8.210233217654377,0,1,TN,Tunisia,Africa,Northern Africa,AF,Tunis,TND,0
TUN,2023,9.32899597507865,48529595416.65326,12200431,3977.695166396438,8.28845782661255,0,1,TN,Tunisia,Africa,Northern Africa,AF,Tunis,TND,0
TUN,2024,7.20661657168794,,12277109,,,0,0,TN,Tunisia,Africa,Northern Africa,AF,Tunis,TND,0
TUR,2013,7.49309030547693,957799120008.3204,76147624,12578.187863200044,9.43971947084817,0,1,TR,Türkiye,Asia,Western Asia,AS,Ankara,,0
TUR,2014,8.85457271364324,938934609296.9656,77181884,12165.220135037978,9.406336350823562,0,1,TR,Türkiye,Asia,Western Asia,AS,Ankara,,0
TUR,2015,7.67085364845877,864313810469.0094,78218479,11049.995110094245,9.310185264420394,0,1,TR,Türkiye,Asia,Western Asia,AS,Ankara,,0
TUR,2016,7.7751341532833,869682881593.0414,79277962,10970.045894886165,9.302923736932918,0,1,TR,Türkiye,Asia,Western Asia,AS,Ankara,,0
TUR,2017,11.1443110840765,858988492853.742,80312698,10695.550196231012,9.27758306444117,1,1,TR,Türkiye,Asia,Western Asia,AS,Ankara,,0
TUR,2018,16.3324638988928,778972199727.8585,81407204,9568.83618958168,9.166266866767824,1,1,TR,Türkiye,Asia,Western Asia,AS,Ankara,,0
TUR,2019,15.1768215720022,761005946788.2214,82579440,9215.440874728885,9.128635712120506,1,1,TR,Türkiye,Asia,Western Asia,AS,Ankara,,0
TUR,2020,12.2789574462574,720338498174.7438,83384680,8638.739132592988,9.064011917421075,1,1,TR,Türkiye,Asia,Western Asia,AS,Ankara,,0
TUR,2021,19.5964926913324,819865253669.6614,84147318,9743.213130924285,9.184326232473394,1,1,TR,Türkiye,Asia,Western Asia,AS,Ankara,,0
TUR,2022,72.3088359891207,907118435952.688,84979913,10674.504173153107,9.275613389538305,1,1,TR,Türkiye,Asia,Western Asia,AS,Ankara,,0
TUR,2023,53.8594087593315,1108022373259.511,85325965,12985.758476443963,9.471608534130954,1,1,TR,Türkiye,Asia,Western Asia,AS,Ankara,,0
TUR,2024,58.5064507300343,,85518661,,,1,0,TR,Türkiye,Asia,Western Asia,AS,Ankara,,0
TUV,2013,,38615890.63207455,11001,3510.2164014248297,8.16343296738704,,1,TV,Tuvalu,Oceania,Polynesia,OC,Funafuti,AUD,1
TUV,2014,,38760982.65400955,10984,3528.8585810278178,8.168729749488298,,1,TV,Tuvalu,Oceania,Polynesia,OC,Funafuti,AUD,1
TUV,2015,,36811936.082458735,10963,3357.8341770007055,8.11905145494132,,1,TV,Tuvalu,Oceania,Polynesia,OC,Funafuti,AUD,1
TUV,2016,,41629064.22323883,10930,3808.697550159088,8.24504255932465,,1,TV,Tuvalu,Oceania,Polynesia,OC,Funafuti,AUD,1
TUV,2017,,45276595.35331456,10869,4165.663387001064,8.334630818508666,,1,TV,Tuvalu,Oceania,Polynesia,OC,Funafuti,AUD,1
TUV,2018,,48015259.87513561,10751,4466.120349282449,8.404275379928293,,1,TV,Tuvalu,Oceania,Polynesia,OC,Funafuti,AUD,1
TUV,2019,,54123198.5662913,10581,5115.130759502061,8.539958241988996,,1,TV,Tuvalu,Oceania,Polynesia,OC,Funafuti,AUD,1
TUV,2020,,51746594.31485426,10399,4976.112541095707,8.512404250942943,,1,TV,Tuvalu,Oceania,Polynesia,OC,Funafuti,AUD,1
TUV,2021,,60196405.71383929,10194,5905.081980953432,8.683568611846425,,1,TV,Tuvalu,Oceania,Polynesia,OC,Funafuti,AUD,1
TUV,2022,,59065982.08736571,9992,5911.3272705530135,8.684625665651549,,1,TV,Tuvalu,Oceania,Polynesia,OC,Funafuti,AUD,1
TUV,2023,,62280311.58521716,9816,6344.775018868904,8.755386921500753,,1,TV,Tuvalu,Oceania,Polynesia,OC,Funafuti,AUD,1
TUV,2024,,,9646,,,,0,TV,Tuvalu,Oceania,Polynesia,OC,Funafuti,AUD,1
TZA,2013,7.87072364573959,45648857242.315,48824128,934.9651312219033,6.840509235782494,0,1,TZ,United Republic of Tanzania,Africa,Sub-Saharan Africa,AF,Dodoma,TZS,1
TZA,2014,6.13161432988012,49986726460.68049,50351512,992.7552217434998,6.9004841298751405,0,1,TZ,United Republic of Tanzania,Africa,Sub-Saharan Africa,AF,Dodoma,TZS,1
TZA,2015,5.58816952959298,47413919817.12405,52020962,911.4387353529535,6.815024378862515,0,1,TZ,United Republic of Tanzania,Africa,Sub-Saharan Africa,AF,Dodoma,TZS,1
TZA,2016,5.17476629301493,49774409374.453766,53824013,924.7621386843409,6.829536557076092,0,1,TZ,United Republic of Tanzania,Africa,Sub-Saharan Africa,AF,Dodoma,TZS,1
TZA,2017,5.31871605228931,53274884532.78861,55652890,957.2707640661358,6.864086281494451,0,1,TZ,United Republic of Tanzania,Africa,Sub-Saharan Africa,AF,Dodoma,TZS,1
TZA,2018,3.49445848856181,57003712892.08581,57437145,992.453801317698,6.900180463687231,0,1,TZ,United Republic of Tanzania,Africa,Sub-Saharan Africa,AF,Dodoma,TZS,1
TZA,2019,3.4642805799902,61026731925.92128,59174891,1031.2943698691608,6.938569962050999,0,1,TZ,United Republic of Tanzania,Africa,Sub-Saharan Africa,AF,Dodoma,TZS,1
TZA,2020,3.29029062798325,66068737786.06392,60972798,1083.5772664732217,6.988023130361132,0,1,TZ,United Republic of Tanzania,Africa,Sub-Saharan Africa,AF,Dodoma,TZS,1
TZA,2021,3.69091958802199,70655628147.89859,62830412,1124.5450395566177,7.025133823560027,0,1,TZ,United Republic of Tanzania,Africa,Sub-Saharan Africa,AF,Dodoma,TZS,1
TZA,2022,4.35027204269101,75769974505.01057,64711821,1170.8830524953173,7.065513488836973,0,1,TZ,United Republic of Tanzania,Africa,Sub-Saharan Africa,AF,Dodoma,TZS,1
TZA,2023,3.79923291384916,79158286333.52399,66617606,1188.2487391324748,7.080235854380553,0,1,TZ,United Republic of Tanzania,Africa,Sub-Saharan Africa,AF,Dodoma,TZS,1
TZA,2024,3.05694676312373,,68560157,,,0,0,TZ,United Republic of Tanzania,Africa,Sub-Saharan Africa,AF,Dodoma,TZS,1
UGA,2013,4.90520875694557,28915786516.61233,35337042,818.2854274167128,6.707211209011955,0,1,UG,Uganda,Africa,Sub-Saharan Africa,AF,Kampala,UGX,1
UGA,2014,3.07570668958641,32612397257.44579,36395539,896.0547955463935,6.798001566848737,0,1,UG,Uganda,Africa,Sub-Saharan Africa,AF,Kampala,UGX,1
UGA,2015,5.58968606251725,32387183730.10015,37531446,862.9346103558107,6.760338918057233,0,1,UG,Uganda,Africa,Sub-Saharan Africa,AF,Kampala,UGX,1
UGA,2016,5.70637504616212,29203988696.26261,38799152,752.6965717256555,6.623662187394343,0,1,UG,Uganda,Africa,Sub-Saharan Africa,AF,Kampala,UGX,1
UGA,2017,5.20971705914209,30744473841.42399,40177388,765.2183322973606,6.640161194803115,0,1,UG,Uganda,Africa,Sub-Saharan Africa,AF,Kampala,UGX,1
UGA,2018,2.61601190952274,32927025619.679543,41565831,792.1657002281403,6.674770587391278,0,1,UG,Uganda,Africa,Sub-Saharan Africa,AF,Kampala,UGX,1
UGA,2019,2.867588034469,35348155095.421455,42999637,822.0570581891529,6.711809806502567,0,1,UG,Uganda,Africa,Sub-Saharan Africa,AF,Kampala,UGX,1
UGA,2020,3.31332289544502,37600368239.882416,44457152,845.7664638500104,6.740243274039494,0,1,UG,Uganda,Africa,Sub-Saharan Africa,AF,Kampala,UGX,1
UGA,2021,2.20457204757414,40529788744.05949,45910930,882.791717442001,6.783089292193123,0,1,UG,Uganda,Africa,Sub-Saharan Africa,AF,Kampala,UGX,1
UGA,2022,7.1957888597581,45565333216.41416,47312719,963.0673142334974,6.870123309909191,0,1,UG,Uganda,Africa,Sub-Saharan Africa,AF,Kampala,UGX,1
UGA,2023,5.35094804280395,49272882213.623,48656601,1012.6659322878513,6.9203416692943085,0,1,UG,Uganda,Africa,Sub-Saharan Africa,AF,Kampala,UGX,1
UGA,2024,3.3233806708656,,50015092,,,0,0,UG,Uganda,Africa,Sub-Saharan Africa,AF,Kampala,UGX,1
UKR,2013,-0.238948626045407,190498811460.02756,46126770,4129.897052406392,8.326007758866288,0,1,UA,Ukraine,Europe,Eastern Europe,EU,Kyiv,UAH,0
UKR,2014,12.0718562874251,133503871861.7233,45972380,2904.0017476085272,7.973844977738076,1,1,UA,Ukraine,Europe,Eastern Europe,EU,Kyiv,UAH,0
UKR,2015,48.6998646434424,91030967789.07176,45784896,1988.231398168334,7.5950007779118405,1,1,UA,Ukraine,Europe,Eastern Europe,EU,Kyiv,UAH,0
UKR,2016,13.9127101997797,93355869403.92232,45616832,2046.5224197051282,7.623897251017883,1,1,UA,Ukraine,Europe,Eastern Europe,EU,Kyiv,UAH,0
UKR,2017,14.4383227488749,112090505081.73862,45436041,2466.9954207000255,7.810756260305512,1,1,UA,Ukraine,Europe,Eastern Europe,EU,Kyiv,UAH,0
UKR,2018,10.9518559353178,130891088293.55,45208907,2895.2500066756756,7.970826744370221,1,1,UA,Ukraine,Europe,Eastern Europe,EU,Kyiv,UAH,0
UKR,2019,7.88671745611133,153883047509.57697,44957458,3422.859172989206,8.138231496284266,0,1,UA,Ukraine,Europe,Eastern Europe,EU,Kyiv,UAH,0
UKR,2020,2.73249209419427,156617722013.3422,44680014,3505.3194480499087,8.162036935986077,0,1,UA,Ukraine,Europe,Eastern Europe,EU,Kyiv,UAH,0
UKR,2021,9.36313917695223,199765859570.9353,44298640,4509.525790654867,8.413947280772215,0,1,UA,Ukraine,Europe,Eastern Europe,EU,Kyiv,UAH,0
UKR,2022,20.1836366617478,161989520721.1905,41048766,3946.2701685402794,8.280526150670742,1,1,UA,Ukraine,Europe,Eastern Europe,EU,Kyiv,UAH,0
UKR,2023,12.8490222828559,178757021386.80896,37732836,4737.439332331367,8.463252043468342,1,1,UA,Ukraine,Europe,Eastern Europe,EU,Kyiv,UAH,0
UKR,2024,6.50198464669254,,37860221,,,0,0,UA,Ukraine,Europe,Eastern Europe,EU,Kyiv,UAH,0
URY,2013,8.57513504005397,61337621933.78566,3345337,18335.259477232237,9.816581232422317,0,1,UY,Uruguay,Americas,Latin America and the Caribbean,SA,Montevideo,"UYU,UYW",0
URY,2014,8.87735333229828,61496186973.90199,3356334,18322.427676715724,9.815881144553341,0,1,UY,Uruguay,Americas,Latin America and the Caribbean,SA,Montevideo,"UYU,UYW",0
URY,2015,8.66626987079328,57680327998.66888,3368017,17125.901680029787,9.748347314592769,0,1,UY,Uruguay,Americas,Latin America and the Caribbean,SA,Montevideo,"UYU,UYW",0
URY,2016,9.6394134763508,57480788380.31204,3379283,17009.758691507057,9.741542499016916,0,1,UY,Uruguay,Americas,Latin America and the Caribbean,SA,Montevideo,"UYU,UYW",0
URY,2017,6.2180938256186,65006047680.322495,3388438,19184.664934203458,9.861866537540447,0,1,UY,Uruguay,Americas,Latin America and the Caribbean,SA,Montevideo,"UYU,UYW",0
URY,2018,7.60653360377047,65344408987.19647,3394534,19249.89085017162,9.8652606695789,0,1,UY,Uruguay,Americas,Latin America and the Caribbean,SA,Montevideo,"UYU,UYW",0
URY,2019,7.88198870879619,62222387928.99324,3397206,18315.753571903864,9.815516819433576,0,1,UY,Uruguay,Americas,Latin America and the Caribbean,SA,Montevideo,"UYU,UYW",0
URY,2020,9.75640636078194,53668636567.86667,3398968,15789.685742221365,9.667112204722399,0,1,UY,Uruguay,Americas,Latin America and the Caribbean,SA,Montevideo,"UYU,UYW",0
URY,2021,7.74791402314762,60760798595.54362,3396695,17888.211510171983,9.791897200022442,0,1,UY,Uruguay,Americas,Latin America and the Caribbean,SA,Montevideo,"UYU,UYW",0
URY,2022,9.10437983075437,70164683290.37762,3390913,20691.973899176304,9.937501169725756,0,1,UY,Uruguay,Americas,Latin America and the Caribbean,SA,Montevideo,"UYU,UYW",0
URY,2023,5.86910359896119,77240831587.16696,3388081,22797.8113826579,10.034419818346318,0,1,UY,Uruguay,Americas,Latin America and the Caribbean,SA,Montevideo,"UYU,UYW",0
URY,2024,4.84914366613156,,3386588,,,0,0,UY,Uruguay,Americas,Latin America and the Caribbean,SA,Montevideo,"UYU,UYW",0
USA,2013,1.46483265562717,16880683000000.0,316726282,53297.38629015953,10.883642571243472,0,1,US,United States of America,Americas,Northern America,NA,Washington,USD,0
USA,2014,1.62222297740817,17608138000000.0,319257560,55153.3940182967,10.91787356437094,0,1,US,United States of America,Americas,Northern America,NA,Washington,USD,0
USA,2015,0.118627135552451,18295019000000.0,321815121,56849.46979231594,10.948162172702753,0,1,US,United States of America,Americas,Northern America,NA,Washington,USD,0
USA,2016,1.26158320570536,18804913000000.0,324353340,57976.62820429104,10.967795246322572,0,1,US,United States of America,Americas,Northern America,NA,Washington,USD,0
USA,2017,2.13011000365961,19612102000000.0,326608609,60047.71907283069,11.002894842987072,0,1,US,United States of America,Americas,Northern America,NA,Washington,USD,0
USA,2018,2.44258329692817,20656516000000.0,328529577,62875.66613827284,11.048914501990415,0,1,US,United States of America,Americas,Northern America,NA,Washington,USD,0
USA,2019,1.81221007526021,21521395000000.0,330226227,65171.67093454391,11.08478015862554,0,1,US,United States of America,Americas,Northern America,NA,Washington,USD,0
USA,2020,1.23358439630629,21322950000000.0,331577720,64307.547563810986,11.071432283800787,0,1,US,United States of America,Americas,Northern America,NA,Washington,USD,0
USA,2021,4.69785886363742,23594031000000.0,332099760,71045.01069196798,11.171068908567879,0,1,US,United States of America,Americas,Northern America,NA,Washington,USD,0
USA,2022,8.00279982052121,25744108000000.0,334017321,77074.1706535632,11.25252349244428,0,1,US,United States of America,Americas,Northern America,NA,Washington,USD,0
USA,2023,4.11633838374488,27360935000000.0,336806231,81236.42760041455,11.305119041320452,0,1,US,United States of America,Americas,Northern America,NA,Washington,USD,0
USA,2024,2.94952520485207,,340110988,,,0,0,US,United States of America,Americas,Northern America,NA,Washington,USD,0
UZB,2013,11.8414333622049,73180037914.91043,29724065,2461.979474035951,7.808720969599958,1,1,UZ,Uzbekistan,Asia,Central Asia,AS,Tashkent,UZS,0
UZB,2014,9.28309356162695,80845385809.45294,30222994,2674.9628382103024,7.891690766975778,0,1,UZ,Uzbekistan,Asia,Central Asia,AS,Tashkent,UZS,0
UZB,2015,8.75188196737508,86196264755.31053,30749346,2803.190180217509,7.93851339767426,0,1,UZ,Uzbekistan,Asia,Central Asia,AS,Tashkent,UZS,0
UZB,2016,8.130886695236,86138288644.17099,31284568,2753.379514275888,7.92058435044568,0,1,UZ,Uzbekistan,Asia,Central Asia,AS,Tashkent,UZS,0
UZB,2017,13.8757425441635,62081322740.01623,31819178,1951.0662010192793,7.576131271887152,1,1,UZ,Uzbekistan,Asia,Central Asia,AS,Tashkent,UZS,0
UZB,2018,17.5241796514055,52870108214.67422,32373490,1633.129706271218,7.398253518028837,1,1,UZ,Uzbekistan,Asia,Central Asia,AS,Tashkent,UZS,0
UZB,2019,14.5257359560687,60283503705.39067,32964701,1828.728969978847,7.511376452598409,1,1,UZ,Uzbekistan,Asia,Central Asia,AS,Tashkent,UZS,0
UZB,2020,12.8677297362606,60224701296.78847,33586372,1793.1291089370554,7.4917174782280505,1,1,UZ,Uzbekistan,Asia,Central Asia,AS,Tashkent,UZS,0
UZB,2021,10.8492397508122,69600614987.35088,34243696,2032.5088444702603,7.6170261929353815,1,1,UZ,Uzbekistan,Asia,Central Asia,AS,Tashkent,UZS,0
UZB,2022,11.4466436998836,81140823252.41638,34938955,2322.359762975635,7.750339086938402,1,1,UZ,Uzbekistan,Asia,Central Asia,AS,Tashkent,UZS,0
UZB,2023,9.95659071258018,90889149306.73126,35652307,2549.320281201754,7.8435820462285335,0,1,UZ,Uzbekistan,Asia,Central Asia,AS,Tashkent,UZS,0
UZB,2024,9.62825465956682,,36361859,,,0,0,UZ,Uzbekistan,Asia,Central Asia,AS,Tashkent,UZS,0
VCT,2013,0.805127804267928,764781259.2592592,108135,7072.46737188939,8.86396468978783,0,1,VC,Saint Vincent and the Grenadines,Americas,Latin America and the Caribbean,NA,Kingstown,XCD,0
VCT,2014,0.193858560794015,770899999.9999999,107535,7168.828753429115,8.877497566474409,0,1,VC,Saint Vincent and the Grenadines,Americas,Latin America and the Caribbean,NA,Kingstown,XCD,0
VCT,2015,-1.73361194953959,786555555.5555555,106960,7353.7355605418425,8.902963702626419,0,1,VC,Saint Vincent and the Grenadines,Americas,Latin America and the Caribbean,NA,Kingstown,XCD,0
VCT,2016,-0.149641647633284,814303703.7037036,106349,7656.900428811777,8.943362537086006,0,1,VC,Saint Vincent and the Grenadines,Americas,Latin America and the Caribbean,NA,Kingstown,XCD,0
VCT,2017,2.15333648840511,844040740.7407407,105663,7988.044450192978,8.985701259141278,0,1,VC,Saint Vincent and the Grenadines,Americas,Latin America and the Caribbean,NA,Kingstown,XCD,0
VCT,2018,2.32414485367921,884329629.6296296,104926,8428.126771530695,9.039329816520814,0,1,VC,Saint Vincent and the Grenadines,Americas,Latin America and the Caribbean,NA,Kingstown,XCD,0
VCT,2019,0.91306972532459,910766666.6666666,104167,8743.332021337532,9.076046634136093,0,1,VC,Saint Vincent and the Grenadines,Americas,Latin America and the Caribbean,NA,Kingstown,XCD,0
VCT,2020,-0.628131309354654,869111111.111111,103526,8395.09988902412,9.035403468073863,0,1,VC,Saint Vincent and the Grenadines,Americas,Latin America and the Caribbean,NA,Kingstown,XCD,0
VCT,2021,1.57272932500558,872225925.9259259,102841,8481.305373595413,9.045619652504582,0,1,VC,Saint Vincent and the Grenadines,Americas,Latin America and the Caribbean,NA,Kingstown,XCD,0
VCT,2022,5.66009779226552,966492592.5925924,102046,9471.146273176728,9.156005221429163,0,1,VC,Saint Vincent and the Grenadines,Americas,Latin America and the Caribbean,NA,Kingstown,XCD,0
VCT,2023,4.56457719814894,1065962962.9629627,101323,10520.444153479099,9.261075705312928,0,1,VC,Saint Vincent and the Grenadines,Americas,Latin America and the Caribbean,NA,Kingstown,XCD,0
VCT,2024,3.62770736940927,,100616,,,0,0,VC,Saint Vincent and the Grenadines,Americas,Latin America and the Caribbean,NA,Kingstown,XCD,0
VEN,2013,40.6394275161589,371005379786.5662,29912198,12403.14669575824,9.425705485186992,1,1,VE,Venezuela (Bolivarian Republic of),Americas,Latin America and the Caribbean,SA,Caracas,"VES,VED",0
VEN,2014,62.1686499794829,482359318767.7031,30254079,15943.612719716344,9.676813571564779,1,1,VE,Venezuela (Bolivarian Republic of),Americas,Latin America and the Caribbean,SA,Caracas,"VES,VED",0
VEN,2015,121.738085297503,,30573972,,,1,0,VE,Venezuela (Bolivarian Republic of),Americas,Latin America and the Caribbean,SA,Caracas,"VES,VED",0
VEN,2016,254.948534781816,,30765720,,,1,0,VE,Venezuela (Bolivarian Republic of),Americas,Latin America and the Caribbean,SA,Caracas,"VES,VED",0
VEN,2017,,,30565323,,,,0,VE,Venezuela (Bolivarian Republic of),Americas,Latin America and the Caribbean,SA,Caracas,"VES,VED",0
VEN,2018,,,29807592,,,,0,VE,Venezuela (Bolivarian Republic of),Americas,Latin America and the Caribbean,SA,Caracas,"VES,VED",0
VEN,2019,,,28938098,,,,0,VE,Venezuela (Bolivarian Republic of),Americas,Latin America and the Caribbean,SA,Caracas,"VES,VED",0
VEN,2020,,,28444077,,,,0,VE,Venezuela (Bolivarian Republic of),Americas,Latin America and the Caribbean,SA,Caracas,"VES,VED",0
VEN,2021,,,28237826,,,,0,VE,Venezuela (Bolivarian Republic of),Americas,Latin America and the Caribbean,SA,Caracas,"VES,VED",0
VEN,2022,,,28213017,,,,0,VE,Venezuela (Bolivarian Republic of),Americas,Latin America and the Caribbean,SA,Caracas,"VES,VED",0
VEN,2023,,,28300854,,,,0,VE,Venezuela (Bolivarian Republic of),Americas,Latin America and the Caribbean,SA,Caracas,"VES,VED",0
VEN,2024,,,28405543,,,,0,VE,Venezuela (Bolivarian Republic of),Americas,Latin America and the Caribbean,SA,Caracas,"VES,VED",0
VGB,2013,,,31703,,,,0,VG,British Virgin Islands,Americas,Latin America and the Caribbean,NA,Road Town,USD,0
VGB,2014,,,32962,,,,0,VG,British Virgin Islands,Americas,Latin America and the Caribbean,NA,Road Town,USD,0
VGB,2015,,,34498,,,,0,VG,British Virgin Islands,Americas,Latin America and the Caribbean,NA,Road Town,USD,0
VGB,2016,,,33878,,,,0,VG,British Virgin Islands,Americas,Latin America and the Caribbean,NA,Road Town,USD,0
VGB,2017,,,32699,,,,0,VG,British Virgin Islands,Americas,Latin America and the Caribbean,NA,Road Town,USD,0
VGB,2018,,,34657,,,,0,VG,British Virgin Islands,Americas,Latin America and the Caribbean,NA,Road Town,USD,0
VGB,2019,,,36395,,,,0,VG,British Virgin Islands,Americas,Latin America and the Caribbean,NA,Road Town,USD,0
VGB,2020,,,37135,,,,0,VG,British Virgin Islands,Americas,Latin America and the Caribbean,NA,Road Town,USD,0
VGB,2021,,,37809,,,,0,VG,British Virgin Islands,Americas,Latin America and the Caribbean,NA,Road Town,USD,0
VGB,2022,,,38319,,,,0,VG,British Virgin Islands,Americas,Latin America and the Caribbean,NA,Road Town,USD,0
VGB,2023,,,38985,,,,0,VG,British Virgin Islands,Americas,Latin America and the Caribbean,NA,Road Town,USD,0
VGB,2024,,,39471,,,,0,VG,British Virgin Islands,Americas,Latin America and the Caribbean,NA,Road Town,USD,0
VIR,2013,,3738000000.0,108041,34597.97669403282,10.451550482284892,,1,VI,United States Virgin Islands,Americas,Latin America and the Caribbean,NA,Charlotte Amalie,USD,0
VIR,2014,,3565000000.0,107882,33045.36437959993,10.405636574613313,,1,VI,United States Virgin Islands,Americas,Latin America and the Caribbean,NA,Charlotte Amalie,USD,0
VIR,2015,,3663000000.0,107712,34007.35294117647,10.43433204319261,,1,VI,United States Virgin Islands,Americas,Latin America and the Caribbean,NA,Charlotte Amalie,USD,0
VIR,2016,,3798000000.0,107516,35324.97488745861,10.472345496652506,,1,VI,United States Virgin Islands,Americas,Latin America and the Caribbean,NA,Charlotte Amalie,USD,0
VIR,2017,,3794000000.0,107281,35365.069303977405,10.473479869145178,,1,VI,United States Virgin Islands,Americas,Latin America and the Caribbean,NA,Charlotte Amalie,USD,0
VIR,2018,,3923000000.0,107001,36663.20875505837,10.509529044979063,,1,VI,United States Virgin Islands,Americas,Latin America and the Caribbean,NA,Charlotte Amalie,USD,0
VIR,2019,,4121000000.0,106669,38633.529891533624,10.561875828434546,,1,VI,United States Virgin Islands,Americas,Latin America and the Caribbean,NA,Charlotte Amalie,USD,0
VIR,2020,,4189000000.0,106290,39411.0452535516,10.581801392383682,,1,VI,United States Virgin Islands,Americas,Latin America and the Caribbean,NA,Charlotte Amalie,USD,0
VIR,2021,,4444000000.0,105870,41976.008312080856,10.644853503386368,,1,VI,United States Virgin Islands,Americas,Latin America and the Caribbean,NA,Charlotte Amalie,USD,0
VIR,2022,,,105413,,,,0,VI,United States Virgin Islands,Americas,Latin America and the Caribbean,NA,Charlotte Amalie,USD,0
VIR,2023,,,104917,,,,0,VI,United States Virgin Islands,Americas,Latin America and the Caribbean,NA,Charlotte Amalie,USD,0
VIR,2024,,,104377,,,,0,VI,United States Virgin Islands,Americas,Latin America and the Caribbean,NA,Charlotte Amalie,USD,0
VNM,2013,6.59267475899192,213708811665.3404,90573104,2359.5173647282795,7.766212370634288,0,1,VN,Viet Nam,Asia,South-eastern Asia,AS,Hanoi,VND,0
VNM,2014,4.08455446637617,233451469642.51935,91679578,2546.3846445990334,7.842429845710553,0,1,VN,Viet Nam,Asia,South-eastern Asia,AS,Hanoi,VND,0
VNM,2015,0.631200905175754,239258328381.7414,92823254,2577.568853401125,7.854601928784032,0,1,VN,Viet Nam,Asia,South-eastern Asia,AS,Hanoi,VND,0
VNM,2016,2.66824816969082,257096001177.98184,94000117,2735.060438041602,7.9139088126161665,0,1,VN,Viet Nam,Asia,South-eastern Asia,AS,Hanoi,VND,0
VNM,2017,3.52025688811617,281353605986.90344,95176977,2956.1099212775316,7.991629467194556,0,1,VN,Viet Nam,Asia,South-eastern Asia,AS,Hanoi,VND,0
VNM,2018,3.53962805942641,310106478394.6589,96237319,3222.3100312536644,8.077853782339812,0,1,VN,Viet Nam,Asia,South-eastern Asia,AS,Hanoi,VND,0
VNM,2019,2.7958236745225,334365270496.66705,97173776,3440.9002537543365,8.143488417802306,0,1,VN,Viet Nam,Asia,South-eastern Asia,AS,Hanoi,VND,0
VNM,2020,3.22093436652514,346615738537.7963,98079191,3534.0395348264683,8.170196839808145,0,1,VN,Viet Nam,Asia,South-eastern Asia,AS,Hanoi,VND,0
VNM,2021,1.83471554810444,366474752771.0093,98935098,3704.193559003795,8.217220851151218,0,1,VN,Viet Nam,Asia,South-eastern Asia,AS,Hanoi,VND,0
VNM,2022,3.15650749963129,410324028883.32526,99680655,4116.385760941531,8.322730814851283,0,1,VN,Viet Nam,Asia,South-eastern Asia,AS,Hanoi,VND,0
VNM,2023,3.25289282667662,429716969049.5928,100352192,4282.088517305061,8.362196140889507,0,1,VN,Viet Nam,Asia,South-eastern Asia,AS,Hanoi,VND,0
VNM,2024,3.62109273885843,,100987686,,,0,0,VN,Viet Nam,Asia,South-eastern Asia,AS,Hanoi,VND,0
VUT,2013,1.45893371757921,758304466.2453394,254482,2979.7960808439866,7.999610147911078,0,1,VU,Vanuatu,Oceania,Melanesia,OC,Port Vila,VUV,0
VUT,2014,0.798863838097023,772315983.8184297,260240,2967.706670067744,7.995544768563473,0,1,VU,Vanuatu,Oceania,Melanesia,OC,Port Vila,VUV,0
VUT,2015,2.48326875660439,730870802.9670509,266101,2746.5917188099666,7.9181160470220835,0,1,VU,Vanuatu,Oceania,Melanesia,OC,Port Vila,VUV,0
VUT,2016,0.842069084035061,780889605.899977,272087,2869.999690907603,7.962067201055961,0,1,VU,Vanuatu,Oceania,Melanesia,OC,Port Vila,VUV,0
VUT,2017,3.08452624403546,880061833.6903408,278507,3159.927160503473,8.058304255841707,0,1,VU,Vanuatu,Oceania,Melanesia,OC,Port Vila,VUV,0
VUT,2018,2.33096379566866,914736985.4309444,285259,3206.6893084212747,8.07299431580495,0,1,VU,Vanuatu,Oceania,Melanesia,OC,Port Vila,VUV,0
VUT,2019,2.76252019386111,936526267.6225132,291985,3207.4465045208253,8.073230418103108,0,1,VU,Vanuatu,Oceania,Melanesia,OC,Port Vila,VUV,0
VUT,2020,5.32935073101715,909421043.508407,298858,3042.987115982865,8.020594915902752,0,1,VU,Vanuatu,Oceania,Melanesia,OC,Port Vila,VUV,0
VUT,2021,2.34328358208953,950394006.532514,305868,3107.2031285800213,8.041478284977298,0,1,VU,Vanuatu,Oceania,Melanesia,OC,Port Vila,VUV,0
VUT,2022,6.67930581887121,1022219297.5033524,313046,3265.396451330962,8.091136458942824,0,1,VU,Vanuatu,Oceania,Melanesia,OC,Port Vila,VUV,0
VUT,2023,11.1825017088175,1126313359.2192256,320409,3515.236336117979,8.164862038433423,1,1,VU,Vanuatu,Oceania,Melanesia,OC,Port Vila,VUV,0
VUT,2024,,,327777,,,,0,VU,Vanuatu,Oceania,Melanesia,OC,Port Vila,VUV,0
WSM,2013,0.61008572090503,797736334.2813052,198268,4023.5254013824983,8.29991376282151,0,1,WS,Samoa,Oceania,Polynesia,OC,Apia,WST,0
WSM,2014,-0.40681608842489,796683519.593842,200037,3982.6808020208364,8.289710439880082,0,1,WS,Samoa,Oceania,Polynesia,OC,Apia,WST,0
WSM,2015,0.724470134874729,824150498.6535364,201782,4084.3608381993263,8.31492052949501,0,1,WS,Samoa,Oceania,Polynesia,OC,Apia,WST,0
WSM,2016,1.30471869303179,843924796.6974211,203499,4147.070976748883,8.33015757530341,0,1,WS,Samoa,Oceania,Polynesia,OC,Apia,WST,0
WSM,2017,1.74989677484705,884844384.4632136,205415,4307.59381964907,8.368134748698628,0,1,WS,Samoa,Oceania,Polynesia,OC,Apia,WST,0
WSM,2018,4.19745888663752,878448433.4043417,207582,4231.8140946919375,8.350386044097812,0,1,WS,Samoa,Oceania,Polynesia,OC,Apia,WST,0
WSM,2019,0.982326569888117,912950466.0649056,209780,4351.942349437056,8.378377541535595,0,1,WS,Samoa,Oceania,Polynesia,OC,Apia,WST,0
WSM,2020,-1.56891247740895,868898358.2664367,211944,4099.660090714701,8.318659344551882,0,1,WS,Samoa,Oceania,Polynesia,OC,Apia,WST,0
WSM,2021,3.13320473174494,843923638.7330176,213779,3947.645179054152,8.280874522921325,0,1,WS,Samoa,Oceania,Polynesia,OC,Apia,WST,0
WSM,2022,10.9618822286844,832945205.6371847,215261,3869.4663949214428,8.260871894067929,1,1,WS,Samoa,Oceania,Polynesia,OC,Apia,WST,0
WSM,2023,7.92164684826777,934100336.2756538,216663,4311.305281823172,8.368995986859051,0,1,WS,Samoa,Oceania,Polynesia,OC,Apia,WST,0
WSM,2024,2.17245530514377,,218019,,,0,0,WS,Samoa,Oceania,Polynesia,OC,Apia,WST,0
YEM,2013,10.9684421500198,40415233436.17665,29312952,1378.750029549281,7.228932591999647,1,1,YE,Yemen,Asia,Western Asia,AS,Sanaa,YER,1
YEM,2014,8.10472583623915,43228585321.3272,30226309,1430.1642096402575,7.265544548577537,0,1,YE,Yemen,Asia,Western Asia,AS,Sanaa,YER,1
YEM,2015,,42444490073.85545,31159379,1362.1738120601008,7.216837093883102,,1,YE,Yemen,Asia,Western Asia,AS,Sanaa,YER,1
YEM,2016,,31317825274.15073,32109010,975.3594170032253,6.882806035893282,,1,YE,Yemen,Asia,Western Asia,AS,Sanaa,YER,1
YEM,2017,,26842229044.584846,33090921,811.165970405745,6.698472682259946,,1,YE,Yemen,Asia,Western Asia,AS,Sanaa,YER,1
YEM,2018,,21606160663.03177,34085182,633.8872024515454,6.451871024494351,,1,YE,Yemen,Asia,Western Asia,AS,Sanaa,YER,1
YEM,2019,,,35111408,,,,0,YE,Yemen,Asia,Western Asia,AS,Sanaa,YER,1
YEM,2020,,,36134863,,,,0,YE,Yemen,Asia,Western Asia,AS,Sanaa,YER,1
YEM,2021,,,37140230,,,,0,YE,Yemen,Asia,Western Asia,AS,Sanaa,YER,1
YEM,2022,,,38222876,,,,0,YE,Yemen,Asia,Western Asia,AS,Sanaa,YER,1
YEM,2023,,,39390799,,,,0,YE,Yemen,Asia,Western Asia,AS,Sanaa,YER,1
YEM,2024,,,40583164,,,,0,YE,Yemen,Asia,Western Asia,AS,Sanaa,YER,1
ZAF,2013,5.78016910069176,400886013595.5732,54678791,7331.6546738491925,8.89995650935741,0,1,ZA,South Africa,Africa,Sub-Saharan Africa,AF,Pretoria,ZAR,0
ZAF,2014,6.13282953059149,381198869776.10565,55594838,6856.731370925222,8.8329861306274,0,1,ZA,South Africa,Africa,Sub-Saharan Africa,AF,Pretoria,ZAR,0
ZAF,2015,4.51869094892506,346709790458.56305,56723537,6112.273824859742,8.718054131030598,0,1,ZA,South Africa,Africa,Sub-Saharan Africa,AF,Pretoria,ZAR,0
ZAF,2016,6.60290842394872,323585509674.4806,57259551,5651.205851657492,8.639624226440718,0,1,ZA,South Africa,Africa,Sub-Saharan Africa,AF,Pretoria,ZAR,0
ZAF,2017,5.18618655524149,381448814653.4564,57635162,6618.335082557006,8.797599119196931,0,1,ZA,South Africa,Africa,Sub-Saharan Africa,AF,Pretoria,ZAR,0
ZAF,2018,4.50987264867388,405260723892.5169,58613001,6914.1780318076,8.84132936961601,0,1,ZA,South Africa,Africa,Sub-Saharan Africa,AF,Pretoria,ZAR,0
ZAF,2019,4.10285075461156,389330032224.2691,59587885,6533.711210328561,8.784730393193524,0,1,ZA,South Africa,Africa,Sub-Saharan Africa,AF,Pretoria,ZAR,0
ZAF,2020,3.23238831615113,338291396026.6977,60562381,5585.833820283547,8.627988996739928,0,1,ZA,South Africa,Africa,Sub-Saharan Africa,AF,Pretoria,ZAR,0
ZAF,2021,4.61874544887136,420117812466.0407,61502603,6830.894823525448,8.829210957676622,0,1,ZA,South Africa,Africa,Sub-Saharan Africa,AF,Pretoria,ZAR,0
ZAF,2022,7.03987272546482,405270850098.7384,62378410,6496.973072874708,8.779091666324414,0,1,ZA,South Africa,Africa,Sub-Saharan Africa,AF,Pretoria,ZAR,0
ZAF,2023,6.0752438457966,377781600985.8731,63212384,5976.38590858831,8.695571301131354,0,1,ZA,South Africa,Africa,Sub-Saharan Africa,AF,Pretoria,ZAR,0
ZAF,2024,4.36115246518962,,64007187,,,0,0,ZA,South Africa,Africa,Sub-Saharan Africa,AF,Pretoria,ZAR,0
ZMB,2013,6.97767605490307,28037239462.71422,15398997,1820.718548273905,7.506986508899069,0,1,ZM,Zambia,Africa,Sub-Saharan Africa,AF,Lusaka,ZMW,1
ZMB,2014,7.80687553566333,27141023558.08286,15895315,1707.485731366938,7.442777234963141,0,1,ZM,Zambia,Africa,Sub-Saharan Africa,AF,Lusaka,ZMW,1
ZMB,2015,10.1105928909618,21251216798.776245,16399089,1295.877886800678,7.166943649325315,1,1,ZM,Zambia,Africa,Sub-Saharan Africa,AF,Lusaka,ZMW,1
ZMB,2016,17.8697300795268,20958412538.309345,16914423,1239.0852787771328,7.122128707974948,1,1,ZM,Zambia,Africa,Sub-Saharan Africa,AF,Lusaka,ZMW,1
ZMB,2017,6.57731154205644,25873601260.835304,17441320,1483.4657732806522,7.302136367864219,0,1,ZM,Zambia,Africa,Sub-Saharan Africa,AF,Lusaka,ZMW,1
ZMB,2018,7.4945719272852,26311507273.67354,17973569,1463.8999785559306,7.288859371528777,0,1,ZM,Zambia,Africa,Sub-Saharan Africa,AF,Lusaka,ZMW,1
ZMB,2019,9.15031644316296,23308667781.225758,18513839,1258.9861984446206,7.13806207166863,0,1,ZM,Zambia,Africa,Sub-Saharan Africa,AF,Lusaka,ZMW,1
ZMB,2020,15.7330604721369,18137764931.28077,19059395,951.6443166890014,6.858191348055856,1,1,ZM,Zambia,Africa,Sub-Saharan Africa,AF,Lusaka,ZMW,1
ZMB,2021,22.0207676245777,22096416932.008896,19603607,1127.1607787285725,7.027457164670878,1,1,ZM,Zambia,Africa,Sub-Saharan Africa,AF,Lusaka,ZMW,1
ZMB,2022,10.9932039209136,29163782140.485832,20152938,1447.1231013803463,7.277332796530799,1,1,ZM,Zambia,Africa,Sub-Saharan Africa,AF,Lusaka,ZMW,1
ZMB,2023,10.884531691282,28162630953.9285,20723965,1358.9402874367188,7.214460474581488,1,1,ZM,Zambia,Africa,Sub-Saharan Africa,AF,Lusaka,ZMW,1
ZMB,2024,,,21314956,,,,0,ZM,Zambia,Africa,Sub-Saharan Africa,AF,Lusaka,ZMW,1
ZWE,2013,1.63495041543822,19091020000.0,14013808,1362.300668026849,7.2169302171388106,0,1,ZW,Zimbabwe,Africa,Sub-Saharan Africa,AF,Harare,ZWG,0
ZWE,2014,-0.19778481012661,19495519600.0,14207359,1372.2127807145578,7.224179884245304,0,1,ZW,Zimbabwe,Africa,Sub-Saharan Africa,AF,Harare,ZWG,0
ZWE,2015,-2.43096842383404,19963120600.0,14399013,1386.4228471770948,7.234482217764381,0,1,ZW,Zimbabwe,Africa,Sub-Saharan Africa,AF,Harare,ZWG,0
ZWE,2016,-1.54366960054161,20548678100.0,14600294,1407.4153643755392,7.249510226323464,0,1,ZW,Zimbabwe,Africa,Sub-Saharan Africa,AF,Harare,ZWG,0
ZWE,2017,0.893962316050027,17584890936.652306,14812482,1187.1670754875722,7.07932513911714,0,1,ZW,Zimbabwe,Africa,Sub-Saharan Africa,AF,Harare,ZWG,0
ZWE,2018,10.6188658669575,34156069918.06094,15034452,2271.8533351306014,7.728351224557835,1,1,ZW,Zimbabwe,Africa,Sub-Saharan Africa,AF,Harare,ZWG,0
ZWE,2019,255.304990757856,21832234925.50214,15271368,1429.6188085770796,7.265163120289925,1,1,ZW,Zimbabwe,Africa,Sub-Saharan Africa,AF,Harare,ZWG,0
ZWE,2020,557.201817362051,21509698406.111595,15526888,1385.319350929278,7.233685970330638,1,1,ZW,Zimbabwe,Africa,Sub-Saharan Africa,AF,Harare,ZWG,0
ZWE,2021,98.5461050920624,28371238665.511635,15797210,1795.9651524232213,7.493297845791513,1,1,ZW,Zimbabwe,Africa,Sub-Saharan Africa,AF,Harare,ZWG,0
ZWE,2022,104.705170628667,27366627153.095413,16069056,1703.0637738206533,7.440184127889103,1,1,ZW,Zimbabwe,Africa,Sub-Saharan Africa,AF,Harare,ZWG,0
ZWE,2023,,26538273498.84614,16340822,1624.0476457577313,7.3926768588120275,,1,ZW,Zimbabwe,Africa,Sub-Saharan Africa,AF,Harare,ZWG,0
ZWE,2024,,,16634373,,,,0,ZW,Zimbabwe,Africa,Sub-Saharan Africa,AF,Harare,ZWG,0
